Kraken:XBTUSDT,2019-12-19T18:06:00Z,7140.0,7140.0,7140.0,7140.0,0.00429554
Kraken:XBTUSDT,2019-12-20T10:00:00Z,7112.8,7112.8,7112.8,7112.8,0.03279
Kraken:XBTUSDT,2019-12-20T10:08:00Z,7395.9,7396.0,7395.9,7396.0,0.089
Kraken:XBTUSDT,2019-12-20T10:14:00Z,7380.7,7380.7,7380.7,7380.7,0.03146744
Kraken:XBTUSDT,2019-12-20T12:45:00Z,7157.0,7157.0,7157.0,7157.0,0.05376344
Kraken:XBTUSDT,2019-12-20T12:52:00Z,7832.0,7832.0,7832.0,7832.0,0.04900244
Kraken:XBTUSDT,2019-12-20T14:10:00Z,7157.0,7157.0,7157.0,7157.0,0.02487171
Kraken:XBTUSDT,2019-12-20T15:23:00Z,7179.6,7179.6,7179.6,7179.6,0.00317854
Kraken:XBTUSDT,2019-12-20T15:41:00Z,7171.6,7171.6,7171.6,7171.6,0.01
Kraken:XBTUSDT,2019-12-20T16:33:00Z,7163.8,7163.8,7163.8,7163.8,0.023
Kraken:XBTUSDT,2019-12-20T17:48:00Z,7172.9,7172.9,7172.9,7172.9,0.005
Kraken:XBTUSDT,2019-12-20T18:29:00Z,7203.1,7203.1,7203.1,7203.1,0.01549664
Kraken:XBTUSDT,2019-12-20T18:43:00Z,7201.4,7201.4,7201.4,7201.4,0.00561563
Kraken:XBTUSDT,2019-12-20T20:20:00Z,7202.7,7202.7,7202.7,7202.7,0.005
Kraken:XBTUSDT,2019-12-20T20:26:00Z,7200.4,7200.4,7200.4,7200.4,0.00211007
Kraken:XBTUSDT,2019-12-20T21:16:00Z,7199.4,7199.4,7199.4,7199.4,0.03105682
Kraken:XBTUSDT,2019-12-20T21:34:00Z,7198.1,7198.1,7198.1,7198.1,0.02787088
Kraken:XBTUSDT,2019-12-20T22:01:00Z,7200.2,7200.2,7200.2,7200.2,0.01274175
Kraken:XBTUSDT,2019-12-20T22:07:00Z,7177.6,7177.6,7177.6,7177.6,0.02
Kraken:XBTUSDT,2019-12-20T23:02:00Z,7188.4,7192.7,7188.4,7192.7,0.33645994
Kraken:XBTUSDT,2019-12-20T23:55:00Z,7186.9,7186.9,7186.9,7186.9,0.02790093
Kraken:XBTUSDT,2019-12-20T23:56:00Z,7186.9,7186.9,7186.9,7186.9,0.08369927
Kraken:XBTUSDT,2019-12-20T23:57:00Z,7186.9,7186.9,7186.9,7186.9,0.23457849
Kraken:XBTUSDT,2019-12-20T23:58:00Z,7186.9,7186.9,7186.9,7186.9,0.02794327
Kraken:XBTUSDT,2019-12-21T00:06:00Z,7183.0,7183.0,7183.0,7183.0,0.02
Kraken:XBTUSDT,2019-12-21T00:27:00Z,7168.5,7168.5,7168.5,7168.5,0.03143915
Kraken:XBTUSDT,2019-12-21T03:43:00Z,7157.9,7157.9,7157.9,7157.9,0.0024
Kraken:XBTUSDT,2019-12-21T06:36:00Z,7157.0,7157.0,7157.0,7157.0,0.03342354
Kraken:XBTUSDT,2019-12-21T07:00:00Z,7141.0,7141.0,7141.0,7141.0,0.03089861
Kraken:XBTUSDT,2019-12-21T09:38:00Z,7120.0,7120.0,7120.0,7120.0,0.28117316
Kraken:XBTUSDT,2019-12-21T09:47:00Z,7128.1,7129.7,7128.1,7129.7,0.0281
Kraken:XBTUSDT,2019-12-21T10:10:00Z,7123.9,7123.9,7123.9,7123.9,0.05
Kraken:XBTUSDT,2019-12-21T10:39:00Z,7135.1,7135.1,7135.1,7135.1,0.02788874
Kraken:XBTUSDT,2019-12-21T10:45:00Z,7136.6,7136.6,7136.6,7136.6,0.0031
Kraken:XBTUSDT,2019-12-21T11:43:00Z,7135.0,7135.0,7135.0,7135.0,0.01104566
Kraken:XBTUSDT,2019-12-21T11:44:00Z,7135.0,7135.0,7135.0,7135.0,0.03895434
Kraken:XBTUSDT,2019-12-21T11:49:00Z,7146.0,7146.0,7146.0,7146.0,0.05
Kraken:XBTUSDT,2019-12-21T11:53:00Z,7145.2,7145.2,7141.8,7141.8,0.05
Kraken:XBTUSDT,2019-12-21T12:33:00Z,7135.0,7135.0,7131.8,7131.8,0.05634379
Kraken:XBTUSDT,2019-12-21T12:41:00Z,7147.5,7147.5,7147.5,7147.5,0.02816417
Kraken:XBTUSDT,2019-12-21T20:44:00Z,7138.8,7138.8,7054.7,7054.7,1
Kraken:XBTUSDT,2019-12-21T20:49:00Z,7140.1,7154.4,7050.0,7154.4,2.01132824
Kraken:XBTUSDT,2019-12-21T20:50:00Z,7140.2,7140.2,7100.0,7100.0,2
Kraken:XBTUSDT,2019-12-21T21:00:00Z,7154.4,7154.4,7154.4,7154.4,0.27907676
Kraken:XBTUSDT,2019-12-21T21:02:00Z,7154.4,7154.4,7154.4,7154.4,0.08859125
Kraken:XBTUSDT,2019-12-21T21:04:00Z,7155.8,7155.8,7155.8,7155.8,0.01658952
Kraken:XBTUSDT,2019-12-21T21:06:00Z,7155.8,7155.8,7155.8,7155.8,0.00284725
Kraken:XBTUSDT,2019-12-21T21:31:00Z,7166.5,7166.5,7166.5,7166.5,0.19830776
Kraken:XBTUSDT,2019-12-21T22:10:00Z,7134.1,7134.1,7134.1,7134.1,0.0136749
Kraken:XBTUSDT,2019-12-21T22:21:00Z,7133.8,7133.8,7133.8,7133.8,0.00907747
Kraken:XBTUSDT,2019-12-21T22:23:00Z,7133.8,7133.8,7133.8,7133.8,0.03599322
Kraken:XBTUSDT,2019-12-21T22:40:00Z,7133.1,7133.1,7133.1,7133.1,0.04168847
Kraken:XBTUSDT,2019-12-21T23:32:00Z,7132.1,7132.1,7132.1,7132.1,0.14539342
Kraken:XBTUSDT,2019-12-22T00:28:00Z,7123.7,7123.7,7123.7,7123.7,0.00322082
Kraken:XBTUSDT,2019-12-22T08:01:00Z,7198.2,7198.2,7198.2,7198.2,0.03572223
Kraken:XBTUSDT,2019-12-22T08:02:00Z,7198.2,7199.0,7198.2,7199.0,0.11716364
Kraken:XBTUSDT,2019-12-22T13:29:00Z,7180.9,7182.0,7180.9,7182.0,0.3
Kraken:XBTUSDT,2019-12-22T13:30:00Z,7181.0,7181.0,7180.9,7180.9,0.06265188
Kraken:XBTUSDT,2019-12-22T14:02:00Z,7173.4,7173.4,7173.4,7173.4,0.00416117
Kraken:XBTUSDT,2019-12-22T15:25:00Z,7179.2,7179.2,7179.2,7179.2,0.01552553
Kraken:XBTUSDT,2019-12-22T16:07:00Z,7198.0,7250.0,7198.0,7250.0,2.57315321
Kraken:XBTUSDT,2019-12-22T16:10:00Z,7250.2,7250.2,7250.2,7250.2,0.01890531
Kraken:XBTUSDT,2019-12-22T16:14:00Z,7220.6,7220.6,7220.6,7220.6,0.01033656
Kraken:XBTUSDT,2019-12-22T16:15:00Z,7214.9,7214.9,7206.3,7206.3,0.64407267
Kraken:XBTUSDT,2019-12-22T16:20:00Z,7215.6,7215.6,7215.6,7215.6,0.01344305
Kraken:XBTUSDT,2019-12-22T16:22:00Z,7225.3,7225.3,7225.3,7225.3,0.03121653
Kraken:XBTUSDT,2019-12-22T16:47:00Z,7223.3,7223.3,7223.3,7223.3,0.00764496
Kraken:XBTUSDT,2019-12-22T17:22:00Z,7230.0,7230.0,7230.0,7230.0,0.01444331
Kraken:XBTUSDT,2019-12-22T17:23:00Z,7230.0,7230.0,7230.0,7230.0,0.08555669
Kraken:XBTUSDT,2019-12-22T17:32:00Z,7288.3,7290.7,7288.3,7290.7,0.01763481
Kraken:XBTUSDT,2019-12-22T17:47:00Z,7356.1,7361.5,7356.1,7361.5,0.4
Kraken:XBTUSDT,2019-12-22T17:48:00Z,7361.4,7361.4,7361.4,7361.4,0.0313247
Kraken:XBTUSDT,2019-12-22T17:50:00Z,7332.8,7332.8,7332.8,7332.8,0.04517721
Kraken:XBTUSDT,2019-12-22T17:51:00Z,7332.8,7332.8,7332.8,7332.8,0.05327465
Kraken:XBTUSDT,2019-12-22T18:59:00Z,7402.2,7402.2,7402.2,7402.2,0.02534622
Kraken:XBTUSDT,2019-12-22T19:19:00Z,7397.1,7397.1,7397.0,7397.0,0.1
Kraken:XBTUSDT,2019-12-22T19:35:00Z,7398.0,7398.0,7398.0,7398.0,0.03146554
Kraken:XBTUSDT,2019-12-22T19:51:00Z,7403.7,7403.7,7403.7,7403.7,0.02909868
Kraken:XBTUSDT,2019-12-22T19:52:00Z,7410.7,7410.7,7410.7,7410.7,0.011
Kraken:XBTUSDT,2019-12-22T19:58:00Z,7404.2,7404.2,7404.2,7404.2,0.04054
Kraken:XBTUSDT,2019-12-22T20:11:00Z,7424.4,7424.4,7424.4,7424.4,0.0313247
Kraken:XBTUSDT,2019-12-22T20:14:00Z,7439.2,7439.2,7439.2,7439.2,0.0313247
Kraken:XBTUSDT,2019-12-22T20:28:00Z,7418.9,7418.9,7418.9,7418.9,0.00253605
Kraken:XBTUSDT,2019-12-22T20:35:00Z,7422.6,7439.5,7422.6,7439.5,0.28500982
Kraken:XBTUSDT,2019-12-22T22:04:00Z,7387.6,7387.6,7387.6,7387.6,0.038
Kraken:XBTUSDT,2019-12-22T22:37:00Z,7395.0,7395.0,7395.0,7395.0,0.1
Kraken:XBTUSDT,2019-12-22T22:58:00Z,7408.2,7410.9,7408.2,7410.9,0.05
Kraken:XBTUSDT,2019-12-22T23:39:00Z,7459.7,7459.7,7459.7,7459.7,0.02870127
Kraken:XBTUSDT,2019-12-22T23:50:00Z,7489.5,7489.5,7489.5,7489.5,0.05346156
Kraken:XBTUSDT,2019-12-23T00:00:00Z,7526.4,7526.4,7526.4,7526.4,0.02870636
Kraken:XBTUSDT,2019-12-23T00:21:00Z,7588.0,7588.0,7588.0,7588.0,0.5
Kraken:XBTUSDT,2019-12-23T00:38:00Z,7563.1,7563.1,7563.1,7563.1,0.01
Kraken:XBTUSDT,2019-12-23T01:49:00Z,7574.4,7574.4,7574.4,7574.4,0.016
Kraken:XBTUSDT,2019-12-23T01:50:00Z,7582.7,7582.7,7582.7,7582.7,0.01303425
Kraken:XBTUSDT,2019-12-23T02:39:00Z,7556.0,7556.0,7556.0,7556.0,0.00294344
Kraken:XBTUSDT,2019-12-23T03:02:00Z,7574.7,7574.7,7574.7,7574.7,0.00775549
Kraken:XBTUSDT,2019-12-23T03:28:00Z,7596.5,7596.5,7596.5,7596.5,0.078
Kraken:XBTUSDT,2019-12-23T03:29:00Z,7600.0,7600.0,7600.0,7600.0,0.06258034
Kraken:XBTUSDT,2019-12-23T06:08:00Z,7553.0,7553.0,7553.0,7553.0,0.022
Kraken:XBTUSDT,2019-12-23T06:24:00Z,7543.9,7543.9,7511.5,7511.5,0.39267645
Kraken:XBTUSDT,2019-12-23T06:33:00Z,7509.2,7509.2,7509.2,7509.2,0.01000748
Kraken:XBTUSDT,2019-12-23T06:34:00Z,7509.2,7509.2,7509.2,7509.2,0.01000083
Kraken:XBTUSDT,2019-12-23T06:42:00Z,7469.6,7473.0,7467.5,7473.0,0.05313693
Kraken:XBTUSDT,2019-12-23T06:43:00Z,7473.0,7479.0,7473.0,7479.0,0.13518013
Kraken:XBTUSDT,2019-12-23T06:44:00Z,7468.3,7468.3,7468.3,7468.3,0.02782471
Kraken:XBTUSDT,2019-12-23T06:45:00Z,7466.4,7466.4,7466.4,7466.4,0.08850065
Kraken:XBTUSDT,2019-12-23T06:46:00Z,7466.4,7477.5,7466.4,7477.4,0.15161464
Kraken:XBTUSDT,2019-12-23T06:47:00Z,7477.4,7479.0,7477.4,7479.0,0.02956292
Kraken:XBTUSDT,2019-12-23T06:50:00Z,7479.0,7480.0,7479.0,7480.0,0.03306212
Kraken:XBTUSDT,2019-12-23T06:52:00Z,7476.1,7476.1,7476.0,7476.0,0.12296
Kraken:XBTUSDT,2019-12-23T06:55:00Z,7476.0,7476.0,7476.0,7476.0,0.02403355
Kraken:XBTUSDT,2019-12-23T06:56:00Z,7476.0,7476.0,7476.0,7476.0,0.01427073
Kraken:XBTUSDT,2019-12-23T07:00:00Z,7471.3,7471.3,7471.2,7471.2,0.04833
Kraken:XBTUSDT,2019-12-23T07:06:00Z,7475.9,7475.9,7475.9,7475.9,0.01496949
Kraken:XBTUSDT,2019-12-23T07:07:00Z,7466.2,7466.2,7466.2,7466.2,0.002
Kraken:XBTUSDT,2019-12-23T07:18:00Z,7473.4,7473.4,7473.4,7473.4,0.00993
Kraken:XBTUSDT,2019-12-23T07:25:00Z,7480.0,7480.0,7480.0,7480.0,0.02324194
Kraken:XBTUSDT,2019-12-23T07:26:00Z,7480.0,7480.0,7480.0,7480.0,0.13336385
Kraken:XBTUSDT,2019-12-23T07:27:00Z,7480.0,7480.0,7480.0,7480.0,0.40019082
Kraken:XBTUSDT,2019-12-23T07:28:00Z,7480.0,7480.0,7480.0,7480.0,0.41014129
Kraken:XBTUSDT,2019-12-23T08:01:00Z,7495.0,7495.0,7495.0,7495.0,0.00436184
Kraken:XBTUSDT,2019-12-23T08:53:00Z,7515.9,7515.9,7471.0,7471.0,0.7
Kraken:XBTUSDT,2019-12-23T10:25:00Z,7518.0,7518.0,6666.1,6666.1,2.71424
Kraken:XBTUSDT,2019-12-23T11:28:00Z,7527.1,7527.1,7527.0,7527.0,1.53058552
Kraken:XBTUSDT,2019-12-23T11:54:00Z,7549.3,7549.3,7549.3,7549.3,0.07914677
Kraken:XBTUSDT,2019-12-23T11:55:00Z,7549.3,7549.3,7549.3,7549.3,0.05277834
Kraken:XBTUSDT,2019-12-23T12:24:00Z,7545.3,7545.3,7545.3,7545.3,0.00595436
Kraken:XBTUSDT,2019-12-23T13:02:00Z,7548.8,7548.8,7532.4,7532.4,0.1
Kraken:XBTUSDT,2019-12-23T13:07:00Z,7549.3,7549.3,7549.3,7549.3,0.00060583
Kraken:XBTUSDT,2019-12-23T13:28:00Z,7586.8,7586.8,7586.8,7586.8,0.0169696
Kraken:XBTUSDT,2019-12-23T13:30:00Z,7583.1,7583.1,7583.1,7583.1,0.00200811
Kraken:XBTUSDT,2019-12-23T13:38:00Z,7579.7,7579.7,7579.7,7579.7,0.00199859
Kraken:XBTUSDT,2019-12-23T14:02:00Z,7519.0,7519.0,7519.0,7519.0,0.03325026
Kraken:XBTUSDT,2019-12-23T14:21:00Z,7531.0,7531.0,7531.0,7531.0,0.79946758
Kraken:XBTUSDT,2019-12-23T14:33:00Z,7553.4,7553.4,7553.4,7553.4,0.00916027
Kraken:XBTUSDT,2019-12-23T15:04:00Z,7571.8,7571.8,7553.4,7553.4,0.3
Kraken:XBTUSDT,2019-12-23T15:33:00Z,7573.6,7580.0,7573.6,7580.0,0.28271963
Kraken:XBTUSDT,2019-12-23T16:07:00Z,7603.1,7620.7,7603.1,7620.7,0.04831801
Kraken:XBTUSDT,2019-12-23T16:15:00Z,7665.2,7665.2,7665.2,7665.2,0.005
Kraken:XBTUSDT,2019-12-23T16:19:00Z,7667.5,7667.5,7651.6,7651.6,0.04231801
Kraken:XBTUSDT,2019-12-23T16:31:00Z,7601.2,7601.2,7601.2,7601.2,0.02137101
Kraken:XBTUSDT,2019-12-23T16:32:00Z,7593.6,7593.6,7593.6,7593.6,0.00247386
Kraken:XBTUSDT,2019-12-23T16:53:00Z,7536.2,7536.2,7536.2,7536.2,0.05562992
Kraken:XBTUSDT,2019-12-23T16:56:00Z,7506.6,7506.6,7506.6,7506.6,0.00413
Kraken:XBTUSDT,2019-12-23T16:59:00Z,7526.5,7526.5,7526.5,7526.5,0.02565612
Kraken:XBTUSDT,2019-12-23T17:00:00Z,7522.0,7522.0,7522.0,7522.0,0.01659256
Kraken:XBTUSDT,2019-12-23T17:03:00Z,7550.4,7550.4,7550.4,7550.4,0.02644532
Kraken:XBTUSDT,2019-12-23T17:04:00Z,7548.1,7548.1,7548.1,7548.1,0.03951267
Kraken:XBTUSDT,2019-12-23T17:17:00Z,7529.9,7529.9,7529.9,7529.9,0.02695844
Kraken:XBTUSDT,2019-12-23T17:46:00Z,7400.5,7400.5,7400.5,7400.5,0.01659349
Kraken:XBTUSDT,2019-12-23T17:53:00Z,7415.8,7415.8,7415.8,7415.8,0.00901087
Kraken:XBTUSDT,2019-12-23T17:54:00Z,7404.1,7404.1,7404.1,7404.1,0.01618623
Kraken:XBTUSDT,2019-12-23T17:59:00Z,7399.4,7399.4,7399.4,7399.4,0.08820596
Kraken:XBTUSDT,2019-12-23T18:00:00Z,7393.2,7393.2,7382.8,7382.8,0.03504644
Kraken:XBTUSDT,2019-12-23T19:51:00Z,7424.8,7424.8,7382.0,7382.0,2.55148629
Kraken:XBTUSDT,2019-12-23T20:00:00Z,7424.9,7424.9,7424.9,7424.9,0.00539626
Kraken:XBTUSDT,2019-12-23T20:01:00Z,7424.7,7424.7,7424.7,7424.7,0.02671962
Kraken:XBTUSDT,2019-12-23T20:38:00Z,7412.4,7412.4,7412.4,7412.4,0.0909
Kraken:XBTUSDT,2019-12-23T21:09:00Z,7243.7,7243.7,7243.6,7243.6,0.55767
Kraken:XBTUSDT,2019-12-23T21:16:00Z,7229.8,7229.8,7229.7,7229.7,0.3
Kraken:XBTUSDT,2019-12-23T21:27:00Z,7328.8,7328.8,7328.8,7328.8,0.1
Kraken:XBTUSDT,2019-12-23T21:28:00Z,7324.1,7324.1,7324.1,7324.1,0.1
Kraken:XBTUSDT,2019-12-23T21:53:00Z,7317.2,7317.2,7317.2,7317.2,0.09541558
Kraken:XBTUSDT,2019-12-23T22:16:00Z,7310.9,7310.9,7310.9,7310.9,0.10255679
Kraken:XBTUSDT,2019-12-23T22:36:00Z,7298.7,7298.7,7298.7,7298.7,0.01648261
Kraken:XBTUSDT,2019-12-23T22:48:00Z,7298.0,7298.0,7298.0,7298.0,0.0127451
Kraken:XBTUSDT,2019-12-23T23:10:00Z,7307.8,7307.8,7307.8,7307.8,0.02246732
Kraken:XBTUSDT,2019-12-23T23:38:00Z,7324.6,7324.6,7324.6,7324.6,0.02796414
Kraken:XBTUSDT,2019-12-23T23:53:00Z,7325.6,7325.6,7325.6,7325.6,0.02795926
Kraken:XBTUSDT,2019-12-24T02:34:00Z,7308.1,7308.1,7308.1,7308.1,0.002
Kraken:XBTUSDT,2019-12-24T02:36:00Z,7317.4,7317.4,7317.4,7317.4,0.002
Kraken:XBTUSDT,2019-12-24T02:54:00Z,7315.1,7315.1,7315.1,7315.1,0.0144495
Kraken:XBTUSDT,2019-12-24T05:17:00Z,7319.8,7319.8,7319.8,7319.8,0.01504684
Kraken:XBTUSDT,2019-12-24T05:29:00Z,7309.0,7309.0,7305.9,7305.9,0.03915
Kraken:XBTUSDT,2019-12-24T06:57:00Z,7329.6,7329.6,7329.6,7329.6,0.00549303
Kraken:XBTUSDT,2019-12-24T07:04:00Z,7325.0,7325.0,7325.0,7325.0,0.00549648
Kraken:XBTUSDT,2019-12-24T07:07:00Z,7323.5,7323.5,7321.9,7321.9,0.03318644
Kraken:XBTUSDT,2019-12-24T07:08:00Z,7321.9,7321.9,7321.9,7321.9,0.00838979
Kraken:XBTUSDT,2019-12-24T07:10:00Z,7322.2,7322.2,7322.2,7322.2,0.00496082
Kraken:XBTUSDT,2019-12-24T07:16:00Z,7323.9,7400.0,7310.8,7310.8,2.0321402
Kraken:XBTUSDT,2019-12-24T07:21:00Z,7313.8,7313.8,7313.8,7313.8,0.02500083
Kraken:XBTUSDT,2019-12-24T07:33:00Z,7269.1,7269.1,7269.1,7269.1,0.00333163
Kraken:XBTUSDT,2019-12-24T07:41:00Z,7279.9,7279.9,7279.9,7279.9,0.00535719
Kraken:XBTUSDT,2019-12-24T08:28:00Z,7274.8,7274.8,7274.8,7274.8,0.085
Kraken:XBTUSDT,2019-12-24T08:32:00Z,7264.9,7264.9,7264.9,7264.9,0.01587951
Kraken:XBTUSDT,2019-12-24T08:54:00Z,7342.1,7342.1,7342.1,7342.1,0.19800895
Kraken:XBTUSDT,2019-12-24T09:22:00Z,7323.8,7323.8,7242.5,7242.5,1
Kraken:XBTUSDT,2019-12-24T10:11:00Z,7358.7,7365.6,7358.7,7365.6,0.05909727
Kraken:XBTUSDT,2019-12-24T11:37:00Z,7360.0,7360.0,7360.0,7360.0,0.02123928
Kraken:XBTUSDT,2019-12-24T11:39:00Z,7365.0,7365.0,7365.0,7365.0,0.03
Kraken:XBTUSDT,2019-12-24T11:53:00Z,7372.2,7372.2,7372.2,7372.2,0.02120412
Kraken:XBTUSDT,2019-12-24T12:07:00Z,7371.5,7371.5,7371.5,7371.5,0.01840203
Kraken:XBTUSDT,2019-12-24T12:26:00Z,7361.9,7361.9,7361.9,7361.9,0.05866447
Kraken:XBTUSDT,2019-12-24T12:40:00Z,7368.2,7579.9,7368.2,7579.9,1.035
Kraken:XBTUSDT,2019-12-24T14:12:00Z,7380.1,7380.1,7380.1,7380.1,0.014
Kraken:XBTUSDT,2019-12-24T14:39:00Z,7400.4,7400.4,7400.4,7400.4,0.01688141
Kraken:XBTUSDT,2019-12-24T15:03:00Z,7343.3,7343.3,7319.5,7319.5,0.00701214
Kraken:XBTUSDT,2019-12-24T16:10:00Z,7250.0,7250.0,7250.0,7250.0,1
Kraken:XBTUSDT,2019-12-24T16:30:00Z,7275.0,7275.0,7275.0,7275.0,0.03
Kraken:XBTUSDT,2019-12-24T16:34:00Z,7281.9,7281.9,7281.9,7281.9,0.02696732
Kraken:XBTUSDT,2019-12-24T17:00:00Z,7290.2,7290.2,7290.2,7290.2,0.03858192
Kraken:XBTUSDT,2019-12-24T18:24:00Z,7199.7,7199.7,7199.7,7199.7,0.02255143
Kraken:XBTUSDT,2019-12-24T18:46:00Z,7159.8,7159.8,7150.0,7150.0,1.246
Kraken:XBTUSDT,2019-12-24T19:35:00Z,7220.3,7220.3,7220.3,7220.3,0.1
Kraken:XBTUSDT,2019-12-24T20:28:00Z,7254.0,7254.0,7254.0,7254.0,0.00254587
Kraken:XBTUSDT,2019-12-24T22:55:00Z,7238.4,7238.4,7238.4,7238.4,0.01943
Kraken:XBTUSDT,2019-12-24T23:20:00Z,7235.2,7235.2,7235.2,7235.2,0.00968741
Kraken:XBTUSDT,2019-12-24T23:22:00Z,7231.1,7235.2,7231.1,7235.2,0.50875749
Kraken:XBTUSDT,2019-12-25T00:22:00Z,7240.0,7240.0,7240.0,7240.0,0.01
Kraken:XBTUSDT,2019-12-25T00:33:00Z,7253.6,7253.6,7253.6,7253.6,0.01465162
Kraken:XBTUSDT,2019-12-25T01:05:00Z,7217.8,7217.8,7217.8,7217.8,0.00443821
Kraken:XBTUSDT,2019-12-25T01:41:00Z,7240.8,7240.8,7240.8,7240.8,0.00589616
Kraken:XBTUSDT,2019-12-25T12:31:00Z,7242.9,7242.9,7242.9,7242.9,0.02836715
Kraken:XBTUSDT,2019-12-25T12:46:00Z,7239.9,7239.9,7239.9,7239.9,0.0223382
Kraken:XBTUSDT,2019-12-25T13:01:00Z,7225.9,7225.9,7225.9,7225.9,0.06438784
Kraken:XBTUSDT,2019-12-25T13:46:00Z,7198.2,7198.2,7198.2,7198.2,0.01023728
Kraken:XBTUSDT,2019-12-25T15:08:00Z,7194.0,7194.0,7194.0,7194.0,0.02824265
Kraken:XBTUSDT,2019-12-25T15:36:00Z,7190.1,7190.1,7190.1,7190.1,0.14369624
Kraken:XBTUSDT,2019-12-25T16:34:00Z,7169.0,7169.0,7169.0,7169.0,0.01923304
Kraken:XBTUSDT,2019-12-25T16:35:00Z,7152.7,7152.7,7150.0,7150.0,0.94490686
Kraken:XBTUSDT,2019-12-25T16:37:00Z,7147.2,7147.2,7147.2,7147.2,0.01000037
Kraken:XBTUSDT,2019-12-25T18:07:00Z,7158.7,7158.7,7158.0,7158.0,0.04284221
Kraken:XBTUSDT,2019-12-25T18:08:00Z,7156.7,7156.7,7155.8,7155.8,0.08476269
Kraken:XBTUSDT,2019-12-25T18:25:00Z,7145.6,7145.6,7145.6,7145.6,0.02823758
Kraken:XBTUSDT,2019-12-25T19:19:00Z,7181.0,7181.0,7004.7,7004.7,0.7
Kraken:XBTUSDT,2019-12-25T20:39:00Z,7252.1,7252.1,7251.7,7251.7,0.0567538
Kraken:XBTUSDT,2019-12-25T20:40:00Z,7250.8,7250.8,7247.0,7247.0,0.07388558
Kraken:XBTUSDT,2019-12-25T20:41:00Z,7246.6,7246.6,7246.6,7246.6,0.02245631
Kraken:XBTUSDT,2019-12-25T20:45:00Z,7257.6,7262.5,7257.2,7262.5,0.63232779
Kraken:XBTUSDT,2019-12-25T20:46:00Z,7262.2,7262.2,7260.7,7260.7,0.02831032
Kraken:XBTUSDT,2019-12-25T20:47:00Z,7262.1,7262.1,7260.8,7260.8,0.05677503
Kraken:XBTUSDT,2019-12-25T20:48:00Z,7260.8,7265.9,7260.8,7265.9,0.06474735
Kraken:XBTUSDT,2019-12-25T20:50:00Z,7264.4,7264.4,7260.5,7260.5,0.12459238
Kraken:XBTUSDT,2019-12-25T20:51:00Z,7250.2,7250.2,7241.4,7241.4,0.3
Kraken:XBTUSDT,2019-12-25T21:24:00Z,7263.9,7349.9,7263.9,7349.9,0.69
Kraken:XBTUSDT,2019-12-25T21:29:00Z,7232.0,7232.0,7178.5,7178.5,0.69
Kraken:XBTUSDT,2019-12-25T22:15:00Z,7182.1,7182.1,7182.1,7182.1,0.00210542
Kraken:XBTUSDT,2019-12-25T22:49:00Z,7229.2,7237.7,7229.2,7237.7,0.59
Kraken:XBTUSDT,2019-12-25T22:52:00Z,7236.5,7243.1,7236.5,7243.1,0.27
Kraken:XBTUSDT,2019-12-25T23:06:00Z,7197.6,7197.6,7143.3,7143.3,0.86
Kraken:XBTUSDT,2019-12-25T23:23:00Z,7204.9,7204.9,7204.9,7204.9,0.02808539
Kraken:XBTUSDT,2019-12-25T23:26:00Z,7189.0,7189.0,7188.9,7188.9,0.07147
Kraken:XBTUSDT,2019-12-26T00:47:00Z,7199.5,7199.5,7199.5,7199.5,0.11532838
Kraken:XBTUSDT,2019-12-26T00:51:00Z,7199.5,7199.5,7199.5,7199.5,0.02353972
Kraken:XBTUSDT,2019-12-26T00:59:00Z,7190.0,7190.0,7190.0,7190.0,0.02897782
Kraken:XBTUSDT,2019-12-26T01:23:00Z,7201.3,7201.3,7189.1,7189.1,0.026692
Kraken:XBTUSDT,2019-12-26T01:58:00Z,7209.9,7209.9,7209.9,7209.9,0.0138
Kraken:XBTUSDT,2019-12-26T03:03:00Z,7206.1,7206.1,7206.1,7206.1,0.03
Kraken:XBTUSDT,2019-12-26T08:36:00Z,7245.5,7579.9,7245.5,7579.9,0.8
Kraken:XBTUSDT,2019-12-26T08:48:00Z,7248.3,7249.8,7248.3,7249.8,0.03340593
Kraken:XBTUSDT,2019-12-26T09:07:00Z,7214.0,7214.0,7214.0,7214.0,0.09395192
Kraken:XBTUSDT,2019-12-26T10:35:00Z,7215.9,7215.9,7215.9,7215.9,0.018
Kraken:XBTUSDT,2019-12-26T11:47:00Z,7192.0,7192.0,6075.3,6075.3,3.85489552
Kraken:XBTUSDT,2019-12-26T11:59:00Z,7184.4,7184.4,7030.7,7030.7,0.83341
Kraken:XBTUSDT,2019-12-26T12:01:00Z,7180.9,7180.9,7180.9,7180.9,0.41794758
Kraken:XBTUSDT,2019-12-26T12:06:00Z,7195.8,7195.8,7195.8,7195.8,0.41700426
Kraken:XBTUSDT,2019-12-26T12:07:00Z,7195.7,7195.7,7195.7,7195.7,0.97
Kraken:XBTUSDT,2019-12-26T12:09:00Z,7205.5,7205.5,7205.5,7205.5,0.02837414
Kraken:XBTUSDT,2019-12-26T12:29:00Z,7209.3,7209.3,7209.3,7209.3,0.01109228
Kraken:XBTUSDT,2019-12-26T12:34:00Z,7211.8,7211.8,7211.8,7211.8,0.02837389
Kraken:XBTUSDT,2019-12-26T12:42:00Z,7201.7,7201.7,7201.7,7201.7,0.02861
Kraken:XBTUSDT,2019-12-26T12:49:00Z,7216.6,7216.6,7216.6,7216.6,0.05674745
Kraken:XBTUSDT,2019-12-26T12:55:00Z,7219.9,7219.9,7218.2,7218.2,0.03241926
Kraken:XBTUSDT,2019-12-26T13:15:00Z,7194.8,7194.8,7193.2,7193.2,0.06916
Kraken:XBTUSDT,2019-12-26T13:32:00Z,7219.9,7224.3,7219.9,7224.3,0.366
Kraken:XBTUSDT,2019-12-26T14:00:00Z,7216.8,7216.8,7216.8,7216.8,0.02338689
Kraken:XBTUSDT,2019-12-26T15:40:00Z,7212.7,7212.7,7212.7,7212.7,0.01148154
Kraken:XBTUSDT,2019-12-26T16:02:00Z,7239.7,7239.8,7237.6,7237.6,0.47292331
Kraken:XBTUSDT,2019-12-26T16:16:00Z,7206.0,7206.0,7206.0,7206.0,0.2173189
Kraken:XBTUSDT,2019-12-26T16:17:00Z,7206.0,7206.0,7206.0,7206.0,0.27798936
Kraken:XBTUSDT,2019-12-26T16:40:00Z,7316.3,7479.1,7316.3,7479.1,0.7
Kraken:XBTUSDT,2019-12-26T16:48:00Z,7332.1,7332.1,7332.1,7332.1,0.02767631
Kraken:XBTUSDT,2019-12-26T16:49:00Z,7313.8,7313.8,7312.5,7312.5,0.02785498
Kraken:XBTUSDT,2019-12-26T16:50:00Z,7308.3,7308.3,7308.3,7308.3,0.04415281
Kraken:XBTUSDT,2019-12-26T17:00:00Z,7332.2,7332.2,7319.6,7319.6,0.2
Kraken:XBTUSDT,2019-12-26T17:07:00Z,7355.4,7355.4,7355.4,7355.4,0.0108888
Kraken:XBTUSDT,2019-12-26T17:11:00Z,7355.0,7355.0,7355.0,7355.0,0.01758553
Kraken:XBTUSDT,2019-12-26T17:18:00Z,7375.6,7375.6,7375.6,7375.6,0.01
Kraken:XBTUSDT,2019-12-26T17:21:00Z,7340.8,7340.8,7206.1,7206.1,0.85711
Kraken:XBTUSDT,2019-12-26T17:29:00Z,7354.8,7354.8,7354.8,7354.8,0.01344715
Kraken:XBTUSDT,2019-12-26T17:31:00Z,7354.7,7354.7,7354.7,7354.7,0.01229721
Kraken:XBTUSDT,2019-12-26T17:51:00Z,7350.8,7350.8,7350.8,7350.8,0.0068013
Kraken:XBTUSDT,2019-12-26T17:57:00Z,7355.1,7355.1,7355.1,7355.1,0.40774551
Kraken:XBTUSDT,2019-12-26T18:40:00Z,7350.4,7350.4,7350.4,7350.4,0.01
Kraken:XBTUSDT,2019-12-26T18:53:00Z,7363.9,7363.9,7363.9,7363.9,0.09
Kraken:XBTUSDT,2019-12-26T19:02:00Z,7362.0,7362.0,7362.0,7362.0,0.00269986
Kraken:XBTUSDT,2019-12-26T19:31:00Z,7417.3,7417.3,7417.3,7417.3,0.01081016
Kraken:XBTUSDT,2019-12-26T19:36:00Z,7415.9,7415.9,7415.9,7415.9,0.02225455
Kraken:XBTUSDT,2019-12-26T19:40:00Z,7390.9,7390.9,7390.9,7390.9,0.13555829
Kraken:XBTUSDT,2019-12-26T19:47:00Z,7390.5,7390.5,7390.5,7390.5,0.01
Kraken:XBTUSDT,2019-12-26T19:55:00Z,7305.1,7305.1,7305.0,7305.0,4.5329005
Kraken:XBTUSDT,2019-12-26T19:56:00Z,7304.3,7305.0,7304.3,7305.0,0.22567449
Kraken:XBTUSDT,2019-12-26T20:11:00Z,7280.5,7280.5,7274.3,7274.3,0.02
Kraken:XBTUSDT,2019-12-26T20:30:00Z,7260.0,7260.0,7260.0,7260.0,0.1008
Kraken:XBTUSDT,2019-12-26T20:46:00Z,7267.4,7267.4,7267.4,7267.4,0.01719
Kraken:XBTUSDT,2019-12-26T21:07:00Z,7235.7,7235.7,7235.7,7235.7,0.02782058
Kraken:XBTUSDT,2019-12-26T21:11:00Z,7218.7,7218.7,7218.7,7218.7,0.01107999
Kraken:XBTUSDT,2019-12-26T21:17:00Z,7218.4,7226.5,7218.4,7226.5,0.01618987
Kraken:XBTUSDT,2019-12-26T21:46:00Z,7229.6,7229.6,7229.6,7229.6,0.006958
Kraken:XBTUSDT,2019-12-27T01:03:00Z,7209.1,7226.6,7209.1,7226.6,1.3
Kraken:XBTUSDT,2019-12-27T01:06:00Z,7210.9,7211.0,7210.9,7211.0,0.07
Kraken:XBTUSDT,2019-12-27T02:34:00Z,7221.0,7221.0,7211.9,7211.9,0.56642861
Kraken:XBTUSDT,2019-12-27T02:48:00Z,7225.0,7232.1,7225.0,7232.1,0.05764442
Kraken:XBTUSDT,2019-12-27T03:04:00Z,7218.0,7218.0,7218.0,7218.0,0.02627852
Kraken:XBTUSDT,2019-12-27T03:23:00Z,7224.8,7224.8,7224.8,7224.8,0.02864668
Kraken:XBTUSDT,2019-12-27T03:28:00Z,7233.3,7233.3,7233.3,7233.3,0.02022211
Kraken:XBTUSDT,2019-12-27T04:10:00Z,7232.2,7232.2,7232.2,7232.2,0.02920343
Kraken:XBTUSDT,2019-12-27T06:36:00Z,7196.5,7196.5,7196.5,7196.5,0.02864668
Kraken:XBTUSDT,2019-12-27T07:38:00Z,7171.6,7171.6,7169.5,7169.5,0.04165593
Kraken:XBTUSDT,2019-12-27T07:39:00Z,7171.2,7173.1,7171.2,7173.1,0.16023802
Kraken:XBTUSDT,2019-12-27T07:41:00Z,7180.5,7182.0,7180.5,7182.0,0.33052155
Kraken:XBTUSDT,2019-12-27T07:42:00Z,7182.1,7182.1,7182.1,7182.1,0.02864668
Kraken:XBTUSDT,2019-12-27T07:49:00Z,7187.1,7187.1,7186.5,7186.5,1.16922765
Kraken:XBTUSDT,2019-12-27T07:50:00Z,7186.4,7187.1,7186.4,7187.0,0.18908118
Kraken:XBTUSDT,2019-12-27T07:51:00Z,7191.9,7199.5,7191.5,7194.1,1.59172541
Kraken:XBTUSDT,2019-12-27T07:52:00Z,7197.2,7197.2,7192.2,7192.2,0.04910287
Kraken:XBTUSDT,2019-12-27T08:01:00Z,7182.0,7182.0,7171.4,7171.4,0.02866973
Kraken:XBTUSDT,2019-12-27T08:03:00Z,7172.9,7172.9,7172.9,7172.9,0.02946126
Kraken:XBTUSDT,2019-12-27T08:04:00Z,7175.1,7175.1,7175.1,7175.1,0.043303
Kraken:XBTUSDT,2019-12-27T08:05:00Z,7178.3,7181.6,7178.2,7181.6,1.81476167
Kraken:XBTUSDT,2019-12-27T08:06:00Z,7181.6,7182.7,7179.5,7182.7,0.5271658
Kraken:XBTUSDT,2019-12-27T08:07:00Z,7182.6,7182.6,7182.6,7182.6,0.02864668
Kraken:XBTUSDT,2019-12-27T08:09:00Z,7192.0,7192.0,7192.0,7192.0,0.02419321
Kraken:XBTUSDT,2019-12-27T08:10:00Z,7191.2,7191.2,7191.2,7191.2,0.0241959
Kraken:XBTUSDT,2019-12-27T08:11:00Z,7190.8,7190.8,7190.5,7190.6,0.29345216
Kraken:XBTUSDT,2019-12-27T08:12:00Z,7194.1,7194.1,7194.1,7194.1,0.00299914
Kraken:XBTUSDT,2019-12-27T08:13:00Z,7192.5,7192.5,7192.5,7192.5,0.00354977
Kraken:XBTUSDT,2019-12-27T08:14:00Z,7194.2,7194.2,7194.2,7194.2,0.04330818
Kraken:XBTUSDT,2019-12-27T08:21:00Z,7180.3,7180.3,7180.3,7180.3,0.02943089
Kraken:XBTUSDT,2019-12-27T08:23:00Z,7180.3,7180.3,7180.3,7180.3,0.01942818
Kraken:XBTUSDT,2019-12-27T08:25:00Z,7188.9,7188.9,7188.9,7188.9,0.05997626
Kraken:XBTUSDT,2019-12-27T08:26:00Z,7190.1,7190.1,7190.1,7190.1,0.00612424
Kraken:XBTUSDT,2019-12-27T08:27:00Z,7192.8,7192.8,7192.8,7192.8,0.117519
Kraken:XBTUSDT,2019-12-27T08:28:00Z,7192.8,7192.8,7192.8,7192.8,0.09016738
Kraken:XBTUSDT,2019-12-27T08:29:00Z,7192.8,7192.8,7192.8,7192.8,0.02937975
Kraken:XBTUSDT,2019-12-27T10:21:00Z,7197.0,7197.0,7197.0,7197.0,0.004
Kraken:XBTUSDT,2019-12-27T10:22:00Z,7208.8,7208.8,7208.8,7208.8,0.002
Kraken:XBTUSDT,2019-12-27T11:11:00Z,7186.3,7186.3,7121.6,7121.6,0.55886
Kraken:XBTUSDT,2019-12-27T12:22:00Z,7139.5,7139.5,7139.5,7139.5,0.0274824
Kraken:XBTUSDT,2019-12-27T12:52:00Z,7165.3,7180.0,7165.3,7180.0,0.85386893
Kraken:XBTUSDT,2019-12-27T12:59:00Z,7213.0,7213.0,7213.0,7213.0,0.01117995
Kraken:XBTUSDT,2019-12-27T13:23:00Z,7221.2,7221.2,7221.2,7221.2,0.02748239
Kraken:XBTUSDT,2019-12-27T13:25:00Z,7202.4,7202.4,7202.4,7202.4,0.00336496
Kraken:XBTUSDT,2019-12-27T13:31:00Z,7188.9,7188.9,7188.9,7188.9,0.03201093
Kraken:XBTUSDT,2019-12-27T13:33:00Z,7190.4,7190.4,7183.1,7183.1,0.02541331
Kraken:XBTUSDT,2019-12-27T13:40:00Z,7198.3,7198.3,7190.7,7190.7,0.0448664
Kraken:XBTUSDT,2019-12-27T16:05:00Z,7260.5,7260.5,7260.5,7260.5,0.01357941
Kraken:XBTUSDT,2019-12-27T16:54:00Z,7203.4,7203.4,7203.4,7203.4,0.01365972
Kraken:XBTUSDT,2019-12-27T18:19:00Z,7217.8,7217.8,7217.8,7217.8,0.02747333
Kraken:XBTUSDT,2019-12-27T19:31:00Z,7210.0,7210.0,7210.0,7210.0,0.06
Kraken:XBTUSDT,2019-12-27T19:32:00Z,7200.0,7200.0,7200.0,7200.0,0.02820722
Kraken:XBTUSDT,2019-12-27T19:45:00Z,7200.0,7200.0,7200.0,7200.0,0.005
Kraken:XBTUSDT,2019-12-27T20:15:00Z,7225.4,7225.4,7225.4,7225.4,0.12018
Kraken:XBTUSDT,2019-12-27T20:33:00Z,7217.2,7217.2,7217.2,7217.2,0.005
Kraken:XBTUSDT,2019-12-27T20:53:00Z,7236.0,7237.6,7236.0,7237.6,0.015
Kraken:XBTUSDT,2019-12-27T23:44:00Z,7261.1,7263.3,7261.1,7263.3,0.2
Kraken:XBTUSDT,2019-12-28T01:53:00Z,7314.0,7314.0,7314.0,7314.0,0.00628685
Kraken:XBTUSDT,2019-12-28T01:56:00Z,7314.0,7314.0,7314.0,7314.0,0.00544422
Kraken:XBTUSDT,2019-12-28T02:08:00Z,7322.1,7322.1,7322.1,7322.1,0.01
Kraken:XBTUSDT,2019-12-28T02:27:00Z,7290.1,7290.1,7290.1,7290.1,0.01349341
Kraken:XBTUSDT,2019-12-28T02:32:00Z,7287.7,7287.7,7287.7,7287.7,0.04965483
Kraken:XBTUSDT,2019-12-28T05:28:00Z,7312.2,7312.2,7312.2,7312.2,0.005
Kraken:XBTUSDT,2019-12-28T05:49:00Z,7320.0,7320.0,7320.0,7320.0,0.01
Kraken:XBTUSDT,2019-12-28T06:07:00Z,7340.0,7340.0,7340.0,7340.0,0.2
Kraken:XBTUSDT,2019-12-28T06:14:00Z,7331.6,7331.6,7331.6,7331.6,0.01
Kraken:XBTUSDT,2019-12-28T06:28:00Z,7334.3,7334.3,7334.3,7334.3,0.01935509
Kraken:XBTUSDT,2019-12-28T07:13:00Z,7306.6,7306.6,7306.6,7306.6,0.08075
Kraken:XBTUSDT,2019-12-28T07:46:00Z,7302.0,7302.0,7302.0,7302.0,0.01928944
Kraken:XBTUSDT,2019-12-28T08:19:00Z,7278.4,7278.4,7278.4,7278.4,0.01355765
Kraken:XBTUSDT,2019-12-28T09:29:00Z,7304.3,7304.3,7304.3,7304.3,0.15472591
Kraken:XBTUSDT,2019-12-28T09:37:00Z,7312.4,7312.4,7312.4,7312.4,0.06762024
Kraken:XBTUSDT,2019-12-28T10:34:00Z,7301.7,7301.7,7301.7,7301.7,0.00773632
Kraken:XBTUSDT,2019-12-28T12:14:00Z,7310.4,7700.8,7310.4,7700.8,2.53308637
Kraken:XBTUSDT,2019-12-28T12:15:00Z,7308.7,7308.7,7307.1,7307.1,0.2
Kraken:XBTUSDT,2019-12-28T12:32:00Z,7314.1,7314.1,7314.1,7314.1,0.1
Kraken:XBTUSDT,2019-12-28T12:59:00Z,7305.7,7305.7,7305.7,7305.7,0.02885858
Kraken:XBTUSDT,2019-12-28T13:00:00Z,7309.8,7309.8,7309.8,7309.8,0.1
Kraken:XBTUSDT,2019-12-28T13:09:00Z,7308.5,7323.3,7308.5,7323.3,0.24544295
Kraken:XBTUSDT,2019-12-28T14:27:00Z,7310.4,7310.4,7310.4,7310.4,0.1
Kraken:XBTUSDT,2019-12-28T15:22:00Z,7348.7,7348.7,7348.1,7348.1,0.16027374
Kraken:XBTUSDT,2019-12-28T15:23:00Z,7340.9,7340.9,7338.5,7340.9,0.16047656
Kraken:XBTUSDT,2019-12-28T15:24:00Z,7310.4,7310.4,7310.4,7310.4,0.02730595
Kraken:XBTUSDT,2019-12-28T15:27:00Z,7310.4,7310.4,7310.4,7310.4,0.0287706
Kraken:XBTUSDT,2019-12-28T15:28:00Z,7310.4,7310.4,7310.4,7310.4,0.03749092
Kraken:XBTUSDT,2019-12-28T15:44:00Z,7307.5,7307.5,7307.5,7307.5,0.03427028
Kraken:XBTUSDT,2019-12-28T16:01:00Z,7303.3,7303.3,7303.3,7303.3,0.01185015
Kraken:XBTUSDT,2019-12-28T18:21:00Z,7344.0,7344.0,7344.0,7344.0,0.02046
Kraken:XBTUSDT,2019-12-28T18:41:00Z,7345.0,7345.0,7345.0,7345.0,0.02579421
Kraken:XBTUSDT,2019-12-28T20:26:00Z,7341.9,7341.9,7341.9,7341.9,0.05
Kraken:XBTUSDT,2019-12-28T21:12:00Z,7328.1,7328.1,7328.1,7328.1,0.02585113
Kraken:XBTUSDT,2019-12-28T21:27:00Z,7339.3,7339.4,7339.3,7339.4,0.04486885
Kraken:XBTUSDT,2019-12-28T22:00:00Z,7324.9,7324.9,7324.9,7324.9,0.00693017
Kraken:XBTUSDT,2019-12-28T22:04:00Z,7318.0,7318.0,7318.0,7318.0,0.00272644
Kraken:XBTUSDT,2019-12-28T22:21:00Z,7322.4,7322.4,7322.4,7322.4,0.025
Kraken:XBTUSDT,2019-12-28T22:33:00Z,7308.4,7308.4,7308.4,7308.4,0.0259286
Kraken:XBTUSDT,2019-12-28T22:54:00Z,7314.6,7314.6,7314.6,7314.6,0.06912
Kraken:XBTUSDT,2019-12-29T00:02:00Z,7314.6,7314.6,7314.6,7314.6,0.01027426
Kraken:XBTUSDT,2019-12-29T02:50:00Z,7310.0,7310.0,7310.0,7310.0,0.03188911
Kraken:XBTUSDT,2019-12-29T02:51:00Z,7310.0,7310.0,7310.0,7310.0,0.06219996
Kraken:XBTUSDT,2019-12-29T02:52:00Z,7310.0,7310.0,7310.0,7310.0,0.07177809
Kraken:XBTUSDT,2019-12-29T02:53:00Z,7310.0,7310.0,7310.0,7310.0,0.03031568
Kraken:XBTUSDT,2019-12-29T03:03:00Z,7310.0,7310.0,7310.0,7310.0,0.03276285
Kraken:XBTUSDT,2019-12-29T03:12:00Z,7310.0,7310.0,7310.0,7310.0,0.03507732
Kraken:XBTUSDT,2019-12-29T03:14:00Z,7310.0,7310.0,7310.0,7310.0,0.03601912
Kraken:XBTUSDT,2019-12-29T03:24:00Z,7310.0,7310.0,7310.0,7310.0,0.02380301
Kraken:XBTUSDT,2019-12-29T03:26:00Z,7310.0,7310.0,7310.0,7310.0,0.27615486
Kraken:XBTUSDT,2019-12-29T07:55:00Z,7324.4,7333.5,7324.4,7326.1,0.65439488
Kraken:XBTUSDT,2019-12-29T07:56:00Z,7326.1,7326.1,7326.1,7326.1,0.0237898
Kraken:XBTUSDT,2019-12-29T07:57:00Z,7324.8,7324.8,7324.8,7324.8,0.02492239
Kraken:XBTUSDT,2019-12-29T11:33:00Z,7349.2,7349.2,7349.2,7349.2,0.00595296
Kraken:XBTUSDT,2019-12-29T13:00:00Z,7383.5,7536.0,7383.5,7536.0,1.32152278
Kraken:XBTUSDT,2019-12-29T13:02:00Z,7365.8,7365.8,7359.5,7359.6,0.36245161
Kraken:XBTUSDT,2019-12-29T13:03:00Z,7355.6,7355.6,7355.6,7355.6,0.13637173
Kraken:XBTUSDT,2019-12-29T14:02:00Z,7396.2,7396.2,7396.2,7396.2,0.02846366
Kraken:XBTUSDT,2019-12-29T14:03:00Z,7388.2,7388.5,7388.2,7388.5,0.18846128
Kraken:XBTUSDT,2019-12-29T14:04:00Z,7388.6,7388.6,7386.5,7386.5,0.16493151
Kraken:XBTUSDT,2019-12-29T14:05:00Z,7395.6,7395.6,7395.6,7395.6,0.02789069
Kraken:XBTUSDT,2019-12-29T16:10:00Z,7398.4,7398.4,7317.6,7317.6,1.4427
Kraken:XBTUSDT,2019-12-29T17:16:00Z,7389.5,7389.5,7120.0,7120.0,3.01625616
Kraken:XBTUSDT,2019-12-29T17:17:00Z,7384.7,7384.7,7381.6,7381.6,1.25894186
Kraken:XBTUSDT,2019-12-29T17:20:00Z,7380.1,7380.1,7378.0,7378.0,0.19144017
Kraken:XBTUSDT,2019-12-29T17:22:00Z,7379.9,7379.9,7379.9,7379.9,0.13549284
Kraken:XBTUSDT,2019-12-29T17:49:00Z,7398.1,7398.1,7398.1,7398.1,0.13519191
Kraken:XBTUSDT,2019-12-29T17:54:00Z,7398.0,7398.6,7397.9,7398.6,0.12256247
Kraken:XBTUSDT,2019-12-29T18:17:00Z,7413.9,7424.7,7413.9,7424.7,0.82
Kraken:XBTUSDT,2019-12-29T18:19:00Z,7401.4,7401.4,7401.4,7401.4,0.00294
Kraken:XBTUSDT,2019-12-29T19:18:00Z,7414.7,7414.7,7414.7,7414.7,0.093
Kraken:XBTUSDT,2019-12-29T19:40:00Z,7439.9,7439.9,7439.9,7439.9,0.03052394
Kraken:XBTUSDT,2019-12-29T19:56:00Z,7460.1,7460.1,7405.0,7405.0,0.80592
Kraken:XBTUSDT,2019-12-29T20:00:00Z,7464.0,7464.0,7464.0,7464.0,0.01078539
Kraken:XBTUSDT,2019-12-29T20:49:00Z,7399.3,7399.3,7399.3,7399.3,0.03617107
Kraken:XBTUSDT,2019-12-29T21:22:00Z,7388.0,7388.0,7388.0,7388.0,0.02148706
Kraken:XBTUSDT,2019-12-29T21:45:00Z,7392.0,7392.0,7392.0,7392.0,0.07255046
Kraken:XBTUSDT,2019-12-29T22:06:00Z,7403.0,7403.1,7403.0,7403.1,0.1
Kraken:XBTUSDT,2019-12-30T00:10:00Z,7379.0,7379.0,7379.0,7379.0,0.1
Kraken:XBTUSDT,2019-12-30T00:12:00Z,7371.8,7371.8,7371.8,7371.8,0.00832732
Kraken:XBTUSDT,2019-12-30T00:19:00Z,7346.9,7346.9,7346.9,7346.9,0.07402709
Kraken:XBTUSDT,2019-12-30T00:26:00Z,7323.8,7323.8,7323.8,7323.8,0.02
Kraken:XBTUSDT,2019-12-30T00:27:00Z,7319.8,7319.8,7319.8,7319.8,0.02
Kraken:XBTUSDT,2019-12-30T04:41:00Z,7364.7,7364.7,7364.7,7364.7,0.13618995
Kraken:XBTUSDT,2019-12-30T09:58:00Z,7335.7,7335.7,7335.7,7335.7,0.01324183
Kraken:XBTUSDT,2019-12-30T10:21:00Z,7345.6,7435.1,7345.6,7435.1,1
Kraken:XBTUSDT,2019-12-30T10:51:00Z,7308.7,7308.7,7308.7,7308.7,0.02803833
Kraken:XBTUSDT,2019-12-30T12:02:00Z,7332.7,7332.7,7332.7,7332.7,0.0692244
Kraken:XBTUSDT,2019-12-30T12:35:00Z,7336.4,7336.4,7336.4,7336.4,0.01516957
Kraken:XBTUSDT,2019-12-30T12:58:00Z,7314.1,7314.1,7314.1,7314.1,0.00200003
Kraken:XBTUSDT,2019-12-30T13:00:00Z,7300.0,7300.0,7300.0,7300.0,0.5
Kraken:XBTUSDT,2019-12-30T14:42:00Z,7301.4,7301.4,7280.0,7280.0,3.69
Kraken:XBTUSDT,2019-12-30T15:01:00Z,7296.6,7296.6,7296.6,7296.6,0.00979318
Kraken:XBTUSDT,2019-12-30T15:08:00Z,7291.1,7291.1,7285.0,7285.0,0.10009873
Kraken:XBTUSDT,2019-12-30T15:09:00Z,7285.0,7285.0,7283.2,7285.0,0.53611423
Kraken:XBTUSDT,2019-12-30T15:31:00Z,7273.5,7274.6,7273.5,7274.6,0.04512725
Kraken:XBTUSDT,2019-12-30T15:37:00Z,7275.0,7275.0,7275.0,7275.0,0.04162173
Kraken:XBTUSDT,2019-12-30T15:39:00Z,7273.5,7273.5,7273.5,7273.5,0.1
Kraken:XBTUSDT,2019-12-30T15:54:00Z,7261.1,7261.1,7261.0,7261.1,0.27581112
Kraken:XBTUSDT,2019-12-30T15:56:00Z,7256.5,7256.5,7256.5,7256.5,0.02492509
Kraken:XBTUSDT,2019-12-30T16:20:00Z,7241.3,7241.3,7241.3,7241.3,0.01422593
Kraken:XBTUSDT,2019-12-30T16:32:00Z,7223.9,7223.9,7221.3,7221.3,0.08478824
Kraken:XBTUSDT,2019-12-30T16:34:00Z,7211.5,7213.1,7208.1,7211.4,0.63820879
Kraken:XBTUSDT,2019-12-30T17:44:00Z,7251.9,7449.9,7251.9,7449.9,0.72411365
Kraken:XBTUSDT,2019-12-30T18:34:00Z,7260.4,7260.4,7260.4,7260.4,0.02821173
Kraken:XBTUSDT,2019-12-30T18:36:00Z,7260.4,7260.4,7260.4,7260.4,0.04892848
Kraken:XBTUSDT,2019-12-30T18:39:00Z,7260.4,7260.4,7260.4,7260.4,0.03085979
Kraken:XBTUSDT,2019-12-30T19:57:00Z,7243.4,7244.9,7243.4,7244.9,0.07724475
Kraken:XBTUSDT,2019-12-30T20:32:00Z,7270.7,7270.7,7270.7,7270.7,0.0082
Kraken:XBTUSDT,2019-12-30T20:35:00Z,7264.3,7264.3,7264.3,7264.3,0.02
Kraken:XBTUSDT,2019-12-30T20:43:00Z,7264.6,7264.6,7264.6,7264.6,0.07930425
Kraken:XBTUSDT,2019-12-30T21:27:00Z,7271.9,7286.0,7271.9,7286.0,0.5
Kraken:XBTUSDT,2019-12-30T22:01:00Z,7266.1,7266.1,7266.1,7266.1,0.00309046
Kraken:XBTUSDT,2019-12-30T22:22:00Z,7275.3,7275.3,7275.3,7275.3,0.015
Kraken:XBTUSDT,2019-12-30T23:49:00Z,7236.3,7236.3,7236.0,7236.0,0.32970528
Kraken:XBTUSDT,2019-12-30T23:50:00Z,7236.0,7236.0,7236.0,7236.0,0.17029472
Kraken:XBTUSDT,2019-12-31T00:00:00Z,7249.4,7249.4,7249.4,7249.4,0.07052352
Kraken:XBTUSDT,2019-12-31T00:45:00Z,7241.2,7241.2,7241.2,7241.2,0.015
Kraken:XBTUSDT,2019-12-31T00:58:00Z,7241.0,7241.0,7241.0,7241.0,0.00552728
Kraken:XBTUSDT,2019-12-31T05:04:00Z,7235.0,7235.0,7230.0,7230.0,3
Kraken:XBTUSDT,2019-12-31T06:07:00Z,7271.8,7271.8,7271.8,7271.8,0.00670031
Kraken:XBTUSDT,2019-12-31T07:00:00Z,7237.4,7237.4,7235.0,7235.0,1.02035708
Kraken:XBTUSDT,2019-12-31T07:01:00Z,7235.0,7235.0,7235.0,7235.0,2.02964292
Kraken:XBTUSDT,2019-12-31T08:17:00Z,7255.2,7255.2,7255.2,7255.2,0.0619
Kraken:XBTUSDT,2019-12-31T08:33:00Z,7237.6,7240.0,7237.6,7240.0,0.8319195
Kraken:XBTUSDT,2019-12-31T08:34:00Z,7240.0,7240.0,7240.0,7240.0,0.04807591
Kraken:XBTUSDT,2019-12-31T08:38:00Z,7240.0,7240.0,7240.0,7240.0,0.06932192
Kraken:XBTUSDT,2019-12-31T08:42:00Z,7245.2,7250.0,7245.2,7250.0,0.95461764
Kraken:XBTUSDT,2019-12-31T08:43:00Z,7250.0,7250.0,7248.1,7250.0,3.04538236
Kraken:XBTUSDT,2019-12-31T08:44:00Z,7248.1,7255.0,7248.1,7255.0,5.1
Kraken:XBTUSDT,2019-12-31T08:45:00Z,7246.7,7255.0,7246.7,7255.0,2.40571175
Kraken:XBTUSDT,2019-12-31T08:46:00Z,7255.0,7255.0,7255.0,7255.0,1.59428825
Kraken:XBTUSDT,2019-12-31T09:05:00Z,7230.8,7230.8,7228.9,7228.9,0.35522705
Kraken:XBTUSDT,2019-12-31T14:36:00Z,7299.8,7299.8,7299.8,7299.8,0.01667487
Kraken:XBTUSDT,2019-12-31T14:41:00Z,7289.9,7289.9,7289.9,7289.9,0.01
Kraken:XBTUSDT,2019-12-31T15:05:00Z,7226.0,7226.0,7226.0,7226.0,0.02
Kraken:XBTUSDT,2019-12-31T15:17:00Z,7197.1,7197.1,7197.1,7197.1,0.02
Kraken:XBTUSDT,2019-12-31T15:24:00Z,7213.0,7213.0,7213.0,7213.0,0.01
Kraken:XBTUSDT,2019-12-31T15:39:00Z,7209.8,7209.8,7209.8,7209.8,0.01
Kraken:XBTUSDT,2019-12-31T15:42:00Z,7220.3,7220.4,7220.3,7220.4,0.02904386
Kraken:XBTUSDT,2019-12-31T15:47:00Z,7201.2,7201.2,7201.2,7201.2,0.02
Kraken:XBTUSDT,2019-12-31T15:57:00Z,7190.1,7190.1,7190.1,7190.1,0.01
Kraken:XBTUSDT,2019-12-31T16:37:00Z,7211.4,7211.4,7211.4,7211.4,0.02781424
Kraken:XBTUSDT,2019-12-31T17:31:00Z,7208.7,7208.7,7208.7,7208.7,0.00290559
Kraken:XBTUSDT,2019-12-31T17:39:00Z,7177.7,7177.7,7177.7,7177.7,0.02918704
Kraken:XBTUSDT,2019-12-31T17:49:00Z,7152.1,7152.1,7150.1,7150.1,0.1
Kraken:XBTUSDT,2019-12-31T17:50:00Z,7167.9,7167.9,7167.9,7167.9,0.00577287
Kraken:XBTUSDT,2019-12-31T17:53:00Z,7172.4,7172.4,7169.5,7169.5,0.0276197
Kraken:XBTUSDT,2019-12-31T18:01:00Z,7147.8,7147.8,7147.8,7147.8,0.05368163
Kraken:XBTUSDT,2019-12-31T18:02:00Z,7133.1,7146.2,7133.0,7146.2,0.17
Kraken:XBTUSDT,2019-12-31T18:09:00Z,7147.5,7147.5,7143.7,7143.7,0.05
Kraken:XBTUSDT,2019-12-31T22:16:00Z,7180.9,7180.9,7180.9,7180.9,0.04584106
Kraken:XBTUSDT,2019-12-31T22:23:00Z,7184.0,7184.0,7180.9,7180.9,0.82840708
