Kraken:EURUSD,2020-08-05T00:00:00Z,1.17993,1.17999,1.17993,1.17999,86.78514638
Kraken:EURUSD,2020-08-05T00:01:00Z,1.18,1.18,1.18,1.18,20.58381355
Kraken:EURUSD,2020-08-05T00:03:00Z,1.17978,1.18,1.17978,1.18,364.87302739
Kraken:EURUSD,2020-08-05T00:04:00Z,1.18,1.18,1.18,1.18,1080.69927885
Kraken:EURUSD,2020-08-05T00:05:00Z,1.18,1.18,1.18,1.18,1292.35347456
Kraken:EURUSD,2020-08-05T00:06:00Z,1.17999,1.18,1.17999,1.18,20032.88662703
Kraken:EURUSD,2020-08-05T00:07:00Z,1.17988,1.18,1.17988,1.18,84684.0438
Kraken:EURUSD,2020-08-05T00:08:00Z,1.17982,1.18,1.17982,1.18,5E+4
Kraken:EURUSD,2020-08-05T00:16:00Z,1.17918,1.17918,1.179,1.179,486.68631077
Kraken:EURUSD,2020-08-05T00:23:00Z,1.17902,1.17902,1.17902,1.17902,370.4181111
Kraken:EURUSD,2020-08-05T00:25:00Z,1.179,1.179,1.179,1.179,66.0373965
Kraken:EURUSD,2020-08-05T00:31:00Z,1.17926,1.17926,1.17926,1.17926,99.02040262
Kraken:EURUSD,2020-08-05T00:37:00Z,1.1784,1.1784,1.1784,1.1784,423.6031
Kraken:EURUSD,2020-08-05T00:40:00Z,1.1784,1.17879,1.1784,1.17879,494.10329285
Kraken:EURUSD,2020-08-05T00:46:00Z,1.17877,1.17877,1.17877,1.17877,4382.59711202
Kraken:EURUSD,2020-08-05T00:48:00Z,1.17862,1.17862,1.17862,1.17862,91.6221
Kraken:EURUSD,2020-08-05T00:51:00Z,1.17885,1.17885,1.17885,1.17885,368.9697
Kraken:EURUSD,2020-08-05T01:04:00Z,1.17986,1.17986,1.17986,1.17986,263.45396911
Kraken:EURUSD,2020-08-05T01:06:00Z,1.17986,1.17986,1.17986,1.17986,319.78183089
Kraken:EURUSD,2020-08-05T01:09:00Z,1.17921,1.17921,1.17921,1.17921,29.30283834
Kraken:EURUSD,2020-08-05T01:11:00Z,1.17909,1.17921,1.17909,1.17921,76.68780166
Kraken:EURUSD,2020-08-05T01:12:00Z,1.17876,1.17876,1.17876,1.17876,51.7440042
Kraken:EURUSD,2020-08-05T01:14:00Z,1.17947,1.17947,1.17947,1.17947,128.93698016
Kraken:EURUSD,2020-08-05T01:19:00Z,1.17963,1.17963,1.17963,1.17963,314.94680535
Kraken:EURUSD,2020-08-05T01:27:00Z,1.17937,1.17937,1.17937,1.17937,53.31218403
Kraken:EURUSD,2020-08-05T01:28:00Z,1.17926,1.17926,1.17892,1.17926,1179.84703707
Kraken:EURUSD,2020-08-05T01:32:00Z,1.17943,1.17943,1.17943,1.17943,370.9842444
Kraken:EURUSD,2020-08-05T01:34:00Z,1.17984,1.17984,1.17984,1.17984,87.21697254
Kraken:EURUSD,2020-08-05T01:37:00Z,1.17953,1.17953,1.17953,1.17953,52.60872
Kraken:EURUSD,2020-08-05T01:42:00Z,1.17916,1.17916,1.17916,1.17916,28.5007707
Kraken:EURUSD,2020-08-05T01:44:00Z,1.18,1.18,1.18,1.18,508.334858
Kraken:EURUSD,2020-08-05T01:46:00Z,1.18,1.18,1.18,1.18,315.16974576
Kraken:EURUSD,2020-08-05T01:47:00Z,1.18,1.18,1.18,1.18,266.8193528
Kraken:EURUSD,2020-08-05T01:48:00Z,1.17951,1.17951,1.17951,1.17951,157.49325932
Kraken:EURUSD,2020-08-05T01:49:00Z,1.18,1.18,1.18,1.18,123.18474576
Kraken:EURUSD,2020-08-05T01:51:00Z,1.17947,1.17947,1.17947,1.17947,21.2600187
Kraken:EURUSD,2020-08-05T01:52:00Z,1.17999,1.18,1.17999,1.18,130.37866355
Kraken:EURUSD,2020-08-05T01:53:00Z,1.17965,1.17965,1.17965,1.17965,52.83185497
Kraken:EURUSD,2020-08-05T01:54:00Z,1.17918,1.17918,1.17918,1.17918,49.666284
Kraken:EURUSD,2020-08-05T01:57:00Z,1.17934,1.17985,1.17934,1.17984,395.78884931
Kraken:EURUSD,2020-08-05T02:00:00Z,1.17999,1.18,1.17999,1.18,157.02310933
Kraken:EURUSD,2020-08-05T02:01:00Z,1.17958,1.17958,1.17958,1.17958,370.2289005
Kraken:EURUSD,2020-08-05T02:02:00Z,1.17999,1.18,1.17999,1.18,101.10105127
Kraken:EURUSD,2020-08-05T02:04:00Z,1.1793,1.1793,1.17889,1.17926,6750.88505141
Kraken:EURUSD,2020-08-05T02:05:00Z,1.17929,1.17934,1.17928,1.17934,527.70170463
Kraken:EURUSD,2020-08-05T02:06:00Z,1.17967,1.17971,1.1796,1.17971,1100.76395043
Kraken:EURUSD,2020-08-05T02:10:00Z,1.17926,1.17926,1.17926,1.17926,160.13599443
Kraken:EURUSD,2020-08-05T02:12:00Z,1.17999,1.18,1.17999,1.18,315.29053043
Kraken:EURUSD,2020-08-05T02:13:00Z,1.17939,1.17992,1.17939,1.17992,591.64221727
Kraken:EURUSD,2020-08-05T02:15:00Z,1.17939,1.17939,1.17939,1.17939,21.2056731
Kraken:EURUSD,2020-08-05T02:17:00Z,1.17929,1.17929,1.17929,1.17929,230.0920776
Kraken:EURUSD,2020-08-05T02:19:00Z,1.17929,1.1796,1.17907,1.1796,907.98492423
Kraken:EURUSD,2020-08-05T02:26:00Z,1.17995,1.18,1.17995,1.18,6461.58145554
Kraken:EURUSD,2020-08-05T02:27:00Z,1.18,1.18,1.17997,1.18,828.44315419
Kraken:EURUSD,2020-08-05T02:28:00Z,1.18,1.18,1.18,1.18,468.62762711
Kraken:EURUSD,2020-08-05T02:29:00Z,1.18,1.18,1.17992,1.18,1475.76564999
Kraken:EURUSD,2020-08-05T02:30:00Z,1.17992,1.18,1.17992,1.18,26271.6023003
Kraken:EURUSD,2020-08-05T02:31:00Z,1.18,1.18,1.18,1.18,17563.2974
Kraken:EURUSD,2020-08-05T02:32:00Z,1.17999,1.18,1.17999,1.18,607.02664448
Kraken:EURUSD,2020-08-05T02:33:00Z,1.18,1.18,1.17967,1.17967,625.38048924
Kraken:EURUSD,2020-08-05T02:34:00Z,1.18,1.18,1.18,1.18,575.72189619
Kraken:EURUSD,2020-08-05T02:35:00Z,1.17984,1.18,1.17984,1.18,199.93485312
Kraken:EURUSD,2020-08-05T02:37:00Z,1.18,1.18,1.18,1.18,172.32745762
Kraken:EURUSD,2020-08-05T02:40:00Z,1.18,1.18,1.18,1.18,762.52663
Kraken:EURUSD,2020-08-05T02:41:00Z,1.17971,1.17971,1.17971,1.17971,346.8966561
Kraken:EURUSD,2020-08-05T02:42:00Z,1.17986,1.17986,1.17986,1.17986,33.9448212
Kraken:EURUSD,2020-08-05T02:43:00Z,1.18,1.18,1.18,1.18,33078.16259753
Kraken:EURUSD,2020-08-05T02:44:00Z,1.18,1.18,1.18,1.18,456.87974576
Kraken:EURUSD,2020-08-05T02:45:00Z,1.18,1.18,1.17966,1.17966,1083.3489631
Kraken:EURUSD,2020-08-05T02:46:00Z,1.18,1.18,1.18,1.18,1370.07086206
Kraken:EURUSD,2020-08-05T02:49:00Z,1.18,1.18,1.18,1.18,1040.66543855
Kraken:EURUSD,2020-08-05T02:50:00Z,1.18,1.18,1.18,1.18,92.22279661
Kraken:EURUSD,2020-08-05T02:51:00Z,1.18,1.18,1.18,1.18,786.9779352
Kraken:EURUSD,2020-08-05T02:52:00Z,1.17999,1.18,1.17999,1.18,18362.45496454
Kraken:EURUSD,2020-08-05T02:53:00Z,1.18,1.18,1.17984,1.18,18955.28099488
Kraken:EURUSD,2020-08-05T02:54:00Z,1.18,1.18,1.18,1.18,20676.04556329
Kraken:EURUSD,2020-08-05T02:55:00Z,1.18,1.18,1.17969,1.17969,20505.25826398
Kraken:EURUSD,2020-08-05T02:57:00Z,1.18,1.18,1.18,1.18,62.9881
Kraken:EURUSD,2020-08-05T03:01:00Z,1.17999,1.18,1.17999,1.17999,425.40464109
Kraken:EURUSD,2020-08-05T03:02:00Z,1.18,1.18,1.18,1.18,291.8788983
Kraken:EURUSD,2020-08-05T03:03:00Z,1.18,1.18,1.18,1.18,1530.36209887
Kraken:EURUSD,2020-08-05T03:05:00Z,1.18,1.18,1.18,1.18,392.63066894
Kraken:EURUSD,2020-08-05T03:06:00Z,1.18,1.18,1.18,1.18,1879.67426644
Kraken:EURUSD,2020-08-05T03:08:00Z,1.18,1.18,1.17975,1.17975,602.46645505
Kraken:EURUSD,2020-08-05T03:09:00Z,1.18,1.18,1.18,1.18,262.82618644
Kraken:EURUSD,2020-08-05T03:10:00Z,1.18,1.18,1.18,1.18,407.47762711
Kraken:EURUSD,2020-08-05T03:11:00Z,1.18,1.18,1.18,1.18,420.78203356
Kraken:EURUSD,2020-08-05T03:12:00Z,1.18,1.18,1.17986,1.18,1381.70006628
Kraken:EURUSD,2020-08-05T03:14:00Z,1.17999,1.17999,1.17999,1.17999,39.93821981
Kraken:EURUSD,2020-08-05T03:15:00Z,1.17979,1.17987,1.17979,1.17979,244.42327562
Kraken:EURUSD,2020-08-05T03:16:00Z,1.18,1.18,1.17974,1.17974,1460.99604575
Kraken:EURUSD,2020-08-05T03:17:00Z,1.17973,1.17973,1.17973,1.17973,46.07520364
Kraken:EURUSD,2020-08-05T03:20:00Z,1.17998,1.17998,1.17998,1.17998,82.84034577
Kraken:EURUSD,2020-08-05T03:21:00Z,1.17999,1.18,1.17999,1.17999,480.29205757
Kraken:EURUSD,2020-08-05T03:25:00Z,1.17999,1.17999,1.17999,1.17999,307.60108475
Kraken:EURUSD,2020-08-05T03:28:00Z,1.17982,1.17982,1.17982,1.17982,174.825
Kraken:EURUSD,2020-08-05T03:30:00Z,1.17999,1.18,1.17999,1.18,1273.00094819
Kraken:EURUSD,2020-08-05T03:31:00Z,1.17999,1.18,1.17999,1.18,493.17127174
Kraken:EURUSD,2020-08-05T03:32:00Z,1.18,1.18,1.18,1.18,368.26303389
Kraken:EURUSD,2020-08-05T03:34:00Z,1.18,1.18,1.18,1.18,117.1266096
Kraken:EURUSD,2020-08-05T03:35:00Z,1.18,1.18,1.18,1.18,54.3543
Kraken:EURUSD,2020-08-05T03:36:00Z,1.18,1.18,1.18,1.18,36.2362
Kraken:EURUSD,2020-08-05T03:40:00Z,1.18,1.18,1.18,1.18,409.76550847
Kraken:EURUSD,2020-08-05T03:41:00Z,1.18,1.18,1.18,1.18,409.58406778
Kraken:EURUSD,2020-08-05T03:42:00Z,1.17981,1.18,1.17981,1.18,478.95689196
Kraken:EURUSD,2020-08-05T03:43:00Z,1.18,1.18,1.17985,1.18,932.12013481
Kraken:EURUSD,2020-08-05T03:44:00Z,1.18,1.18,1.18,1.18,494.358153
Kraken:EURUSD,2020-08-05T03:45:00Z,1.18,1.18,1.18,1.18,315.58315237
Kraken:EURUSD,2020-08-05T03:49:00Z,1.17975,1.17975,1.17975,1.17975,52.809915
Kraken:EURUSD,2020-08-05T03:50:00Z,1.17985,1.17994,1.17985,1.17994,469.17412543
Kraken:EURUSD,2020-08-05T03:57:00Z,1.18,1.18,1.18,1.18,1434.02029136
Kraken:EURUSD,2020-08-05T04:01:00Z,1.18,1.18,1.18,1.18,28.69813559
Kraken:EURUSD,2020-08-05T04:05:00Z,1.18,1.18,1.18,1.18,105.90762711
Kraken:EURUSD,2020-08-05T04:08:00Z,1.18,1.18,1.18,1.18,84.4479661
Kraken:EURUSD,2020-08-05T04:09:00Z,1.18,1.18,1.18,1.18,164.219
Kraken:EURUSD,2020-08-05T04:10:00Z,1.18,1.18,1.18,1.18,56.18567796
Kraken:EURUSD,2020-08-05T04:11:00Z,1.18,1.18,1.18,1.18,303.66635592
Kraken:EURUSD,2020-08-05T04:15:00Z,1.18,1.18,1.18,1.18,100.7094088
Kraken:EURUSD,2020-08-05T04:28:00Z,1.18,1.18,1.18,1.18,398.36364406
Kraken:EURUSD,2020-08-05T04:30:00Z,1.17999,1.18,1.17999,1.18,27.44943261
Kraken:EURUSD,2020-08-05T04:33:00Z,1.17951,1.17951,1.17951,1.17951,392.84142684
Kraken:EURUSD,2020-08-05T04:35:00Z,1.18,1.18,1.18,1.18,60.4082479
Kraken:EURUSD,2020-08-05T04:36:00Z,1.18,1.18,1.18,1.18,50.1838337
Kraken:EURUSD,2020-08-05T04:39:00Z,1.18,1.18,1.18,1.18,51.43618644
Kraken:EURUSD,2020-08-05T04:40:00Z,1.18,1.18,1.18,1.18,85.6948305
Kraken:EURUSD,2020-08-05T04:48:00Z,1.17973,1.18,1.17973,1.17982,1276.68799687
Kraken:EURUSD,2020-08-05T04:49:00Z,1.17982,1.17982,1.17982,1.17982,59.86590926
Kraken:EURUSD,2020-08-05T04:50:00Z,1.17984,1.17984,1.17984,1.17984,423.1102
Kraken:EURUSD,2020-08-05T04:51:00Z,1.17984,1.18,1.17984,1.17984,307.2024442
Kraken:EURUSD,2020-08-05T04:52:00Z,1.18,1.18,1.18,1.18,398.2242998
Kraken:EURUSD,2020-08-05T04:55:00Z,1.18,1.18,1.18,1.18,303.5159322
Kraken:EURUSD,2020-08-05T04:56:00Z,1.18,1.18,1.17981,1.17981,242.99397403
Kraken:EURUSD,2020-08-05T04:57:00Z,1.18,1.18,1.18,1.18,58.3343761
Kraken:EURUSD,2020-08-05T04:58:00Z,1.18,1.18,1.18,1.18,58.3351769
Kraken:EURUSD,2020-08-05T04:59:00Z,1.17993,1.17993,1.17993,1.17993,423.0852
Kraken:EURUSD,2020-08-05T05:02:00Z,1.18,1.18,1.18,1.18,336.72906779
Kraken:EURUSD,2020-08-05T05:03:00Z,1.18,1.18,1.18,1.18,859.28245761
Kraken:EURUSD,2020-08-05T05:04:00Z,1.17992,1.18,1.17992,1.18,1893.03662354
Kraken:EURUSD,2020-08-05T05:05:00Z,1.18,1.18,1.18,1.18,10905.2129099
Kraken:EURUSD,2020-08-05T05:06:00Z,1.18,1.18,1.18,1.18,425.14517874
Kraken:EURUSD,2020-08-05T05:07:00Z,1.18,1.18,1.18,1.18,307.45940677
Kraken:EURUSD,2020-08-05T05:08:00Z,1.18,1.18,1.18,1.18,435.1
Kraken:EURUSD,2020-08-05T05:09:00Z,1.18,1.18,1.18,1.18,198.17508474
Kraken:EURUSD,2020-08-05T05:10:00Z,1.18,1.18,1.18,1.18,39193.32280796
Kraken:EURUSD,2020-08-05T05:11:00Z,1.18,1.18,1.18,1.18,49515.20115758
Kraken:EURUSD,2020-08-05T05:12:00Z,1.18,1.18,1.18,1.18,340.97986408
Kraken:EURUSD,2020-08-05T05:14:00Z,1.18,1.18,1.18,1.18,549.88271185
Kraken:EURUSD,2020-08-05T05:18:00Z,1.18,1.18,1.18,1.18,68.61855
Kraken:EURUSD,2020-08-05T05:19:00Z,1.18,1.18,1.18,1.18,410.1802
Kraken:EURUSD,2020-08-05T05:21:00Z,1.18,1.18,1.18,1.18,8263.5897
Kraken:EURUSD,2020-08-05T05:30:00Z,1.17958,1.17958,1.17958,1.17958,417.0745
Kraken:EURUSD,2020-08-05T05:32:00Z,1.17958,1.18,1.17958,1.18,1250.47753022
Kraken:EURUSD,2020-08-05T05:33:00Z,1.17958,1.17958,1.17956,1.17958,364.71429428
Kraken:EURUSD,2020-08-05T05:34:00Z,1.17983,1.17983,1.17983,1.17983,873.809452
Kraken:EURUSD,2020-08-05T05:35:00Z,1.17946,1.17946,1.17946,1.17946,210.9999
Kraken:EURUSD,2020-08-05T05:38:00Z,1.17999,1.17999,1.17999,1.17999,25.80937126
Kraken:EURUSD,2020-08-05T05:39:00Z,1.17999,1.18,1.17966,1.17966,282.24002307
Kraken:EURUSD,2020-08-05T05:41:00Z,1.17999,1.18,1.17999,1.18,372.55064713
Kraken:EURUSD,2020-08-05T05:42:00Z,1.17955,1.17955,1.17955,1.17955,26.6445
Kraken:EURUSD,2020-08-05T05:45:00Z,1.17999,1.17999,1.17999,1.17999,30.79017618
Kraken:EURUSD,2020-08-05T05:46:00Z,1.17999,1.18,1.17999,1.18,407.43735412
Kraken:EURUSD,2020-08-05T05:47:00Z,1.17999,1.18,1.17999,1.18,511.50415094
Kraken:EURUSD,2020-08-05T05:48:00Z,1.18,1.18,1.18,1.18,18458.99535649
Kraken:EURUSD,2020-08-05T05:49:00Z,1.18,1.18,1.18,1.18,14.75724591
Kraken:EURUSD,2020-08-05T05:50:00Z,1.18,1.18,1.18,1.18,102.1721
Kraken:EURUSD,2020-08-05T05:51:00Z,1.18,1.18,1.18,1.18,184.2921113
Kraken:EURUSD,2020-08-05T05:52:00Z,1.18,1.18,1.18,1.18,407.4368644
Kraken:EURUSD,2020-08-05T05:53:00Z,1.18,1.18,1.18,1.18,494.65734937
Kraken:EURUSD,2020-08-05T05:54:00Z,1.18,1.18,1.18,1.18,407.4368644
Kraken:EURUSD,2020-08-05T05:55:00Z,1.17943,1.17943,1.1793,1.1793,41.29828857
Kraken:EURUSD,2020-08-05T05:56:00Z,1.17929,1.17929,1.17929,1.17929,277.78138374
Kraken:EURUSD,2020-08-05T05:57:00Z,1.17907,1.17907,1.17894,1.17894,39.9160774
Kraken:EURUSD,2020-08-05T06:00:00Z,1.17896,1.17896,1.17896,1.17896,21.2564223
Kraken:EURUSD,2020-08-05T06:02:00Z,1.17911,1.17911,1.17911,1.17911,81.5021163
Kraken:EURUSD,2020-08-05T06:07:00Z,1.179,1.179,1.179,1.179,37.75803468
Kraken:EURUSD,2020-08-05T06:09:00Z,1.17873,1.17873,1.17873,1.17873,54.14055999
Kraken:EURUSD,2020-08-05T06:10:00Z,1.17921,1.17923,1.17921,1.17923,148.68335
Kraken:EURUSD,2020-08-05T06:11:00Z,1.17937,1.17971,1.17937,1.17971,124.79123848
Kraken:EURUSD,2020-08-05T06:13:00Z,1.1787,1.1787,1.1787,1.1787,423.5044
Kraken:EURUSD,2020-08-05T06:16:00Z,1.17907,1.17907,1.17907,1.17907,423.5744
Kraken:EURUSD,2020-08-05T06:17:00Z,1.17907,1.17907,1.17907,1.17907,423.5744
Kraken:EURUSD,2020-08-05T06:18:00Z,1.1788,1.1788,1.1788,1.1788,254.49
Kraken:EURUSD,2020-08-05T06:19:00Z,1.17835,1.17835,1.17811,1.17811,511.8819
Kraken:EURUSD,2020-08-05T06:21:00Z,1.17839,1.17839,1.17839,1.17839,319.7696103
Kraken:EURUSD,2020-08-05T06:22:00Z,1.1786,1.17863,1.1786,1.17863,408.25134
Kraken:EURUSD,2020-08-05T06:23:00Z,1.1789,1.1789,1.1789,1.1789,96.28848552
Kraken:EURUSD,2020-08-05T06:24:00Z,1.17887,1.17893,1.17887,1.17893,507.78161854
Kraken:EURUSD,2020-08-05T06:26:00Z,1.17893,1.17893,1.17886,1.17886,473.31915614
Kraken:EURUSD,2020-08-05T06:27:00Z,1.17892,1.17893,1.17892,1.17893,1465.0320639
Kraken:EURUSD,2020-08-05T06:31:00Z,1.17883,1.17933,1.17882,1.17907,9280.87822907
Kraken:EURUSD,2020-08-05T06:33:00Z,1.17933,1.17933,1.17911,1.17911,355.1186407
Kraken:EURUSD,2020-08-05T06:34:00Z,1.17911,1.17911,1.17844,1.17844,16699.99999999
Kraken:EURUSD,2020-08-05T06:35:00Z,1.17931,1.17931,1.17931,1.17931,423.2910732
Kraken:EURUSD,2020-08-05T06:36:00Z,1.17931,1.17931,1.17931,1.17931,491.93966778
Kraken:EURUSD,2020-08-05T06:37:00Z,1.17931,1.17933,1.17931,1.17933,211.9847
Kraken:EURUSD,2020-08-05T06:38:00Z,1.17895,1.17895,1.17894,1.17894,1481.44225766
Kraken:EURUSD,2020-08-05T06:39:00Z,1.17931,1.17946,1.17899,1.17899,474.09903005
Kraken:EURUSD,2020-08-05T06:40:00Z,1.1791,1.1791,1.1791,1.1791,738.7854518
Kraken:EURUSD,2020-08-05T06:41:00Z,1.1796,1.1796,1.1789,1.1789,761.17126715
Kraken:EURUSD,2020-08-05T06:42:00Z,1.17904,1.17904,1.17904,1.17904,174.4181073
Kraken:EURUSD,2020-08-05T06:43:00Z,1.17904,1.17941,1.17904,1.1794,359.89590619
Kraken:EURUSD,2020-08-05T06:44:00Z,1.17934,1.1795,1.17934,1.1795,1192.81634773
Kraken:EURUSD,2020-08-05T06:45:00Z,1.1795,1.1795,1.1795,1.1795,92.5745839
Kraken:EURUSD,2020-08-05T06:46:00Z,1.17951,1.17951,1.17951,1.17951,92.57458391
Kraken:EURUSD,2020-08-05T06:48:00Z,1.17929,1.1794,1.17929,1.1794,226.14717
Kraken:EURUSD,2020-08-05T06:51:00Z,1.17984,1.17984,1.17984,1.17984,328.07783164
Kraken:EURUSD,2020-08-05T06:52:00Z,1.18,1.18,1.17999,1.18,27634.99786746
Kraken:EURUSD,2020-08-05T06:53:00Z,1.17999,1.18,1.17941,1.17995,17940.7388523
Kraken:EURUSD,2020-08-05T06:54:00Z,1.17988,1.17989,1.17988,1.17989,504.86485791
Kraken:EURUSD,2020-08-05T06:55:00Z,1.17999,1.18027,1.17999,1.18027,7702.60689298
Kraken:EURUSD,2020-08-05T06:56:00Z,1.18,1.18031,1.18,1.18031,116.6181231
Kraken:EURUSD,2020-08-05T06:57:00Z,1.17999,1.17999,1.17999,1.17999,27.5724
Kraken:EURUSD,2020-08-05T07:00:00Z,1.17999,1.17999,1.17999,1.17999,20.50379999
Kraken:EURUSD,2020-08-05T07:03:00Z,1.18014,1.18014,1.17948,1.17948,615.0587
Kraken:EURUSD,2020-08-05T07:05:00Z,1.1798,1.1798,1.1798,1.1798,54.08858
Kraken:EURUSD,2020-08-05T07:06:00Z,1.17973,1.17978,1.17973,1.17978,754.3116233
Kraken:EURUSD,2020-08-05T07:09:00Z,1.17999,1.18086,1.17948,1.17948,28794.73669147
Kraken:EURUSD,2020-08-05T07:10:00Z,1.17934,1.17978,1.17931,1.17931,356.47413934
Kraken:EURUSD,2020-08-05T07:13:00Z,1.17978,1.17978,1.17978,1.17978,550.67392301
Kraken:EURUSD,2020-08-05T07:14:00Z,1.17931,1.18,1.17931,1.18,2991.03962695
Kraken:EURUSD,2020-08-05T07:17:00Z,1.18,1.18,1.18,1.18,510.0357321
Kraken:EURUSD,2020-08-05T07:18:00Z,1.18,1.18,1.18,1.18,208.96935265
Kraken:EURUSD,2020-08-05T07:19:00Z,1.18021,1.18022,1.18016,1.18016,691.31259185
Kraken:EURUSD,2020-08-05T07:23:00Z,1.18019,1.18022,1.18004,1.18022,27.07020815
Kraken:EURUSD,2020-08-05T07:25:00Z,1.18022,1.18022,1.18001,1.18022,3573.17258596
Kraken:EURUSD,2020-08-05T07:26:00Z,1.18019,1.18019,1.18019,1.18019,365.35618164
Kraken:EURUSD,2020-08-05T07:27:00Z,1.18018,1.18018,1.18011,1.18018,602.85932854
Kraken:EURUSD,2020-08-05T07:28:00Z,1.18009,1.18009,1.17995,1.17995,589.57820244
Kraken:EURUSD,2020-08-05T07:29:00Z,1.18,1.18005,1.17999,1.18005,606.98384805
Kraken:EURUSD,2020-08-05T07:31:00Z,1.18002,1.18002,1.18002,1.18002,143.97794195
Kraken:EURUSD,2020-08-05T07:32:00Z,1.17964,1.17964,1.17964,1.17964,12.8491
Kraken:EURUSD,2020-08-05T07:33:00Z,1.17968,1.17968,1.17948,1.17948,407.75301691
Kraken:EURUSD,2020-08-05T07:35:00Z,1.17966,1.17966,1.17965,1.17965,380.29961404
Kraken:EURUSD,2020-08-05T07:37:00Z,1.1796,1.1796,1.1796,1.1796,91.08805838
Kraken:EURUSD,2020-08-05T07:38:00Z,1.1796,1.1796,1.1796,1.1796,110.74075189
Kraken:EURUSD,2020-08-05T07:39:00Z,1.1796,1.1796,1.1796,1.1796,33.96857353
Kraken:EURUSD,2020-08-05T07:41:00Z,1.18004,1.18029,1.18004,1.18029,438.42064783
Kraken:EURUSD,2020-08-05T07:50:00Z,1.1806,1.1806,1.1806,1.1806,76.25359985
Kraken:EURUSD,2020-08-05T07:51:00Z,1.1806,1.1806,1.1806,1.1806,303.5127
Kraken:EURUSD,2020-08-05T07:53:00Z,1.18012,1.18012,1.18012,1.18012,1E+4
Kraken:EURUSD,2020-08-05T07:54:00Z,1.18012,1.18012,1.18012,1.18012,358.4989
Kraken:EURUSD,2020-08-05T07:57:00Z,1.18014,1.18014,1.18014,1.18014,20.498481
Kraken:EURUSD,2020-08-05T07:59:00Z,1.18012,1.18012,1.18012,1.18012,168.81525554
Kraken:EURUSD,2020-08-05T08:00:00Z,1.18012,1.18012,1.18012,1.18012,0.00004446
Kraken:EURUSD,2020-08-05T08:01:00Z,1.18086,1.181,1.18086,1.181,313.89159058
Kraken:EURUSD,2020-08-05T08:03:00Z,1.181,1.181,1.181,1.181,643.48717553
Kraken:EURUSD,2020-08-05T08:05:00Z,1.181,1.181,1.181,1.181,211.5369
Kraken:EURUSD,2020-08-05T08:10:00Z,1.18036,1.18036,1.18036,1.18036,341.37423011
Kraken:EURUSD,2020-08-05T08:15:00Z,1.1805,1.18068,1.1805,1.1805,1093.90579999
Kraken:EURUSD,2020-08-05T08:17:00Z,1.17989,1.17989,1.17966,1.17966,455.512171
Kraken:EURUSD,2020-08-05T08:20:00Z,1.17963,1.17963,1.17963,1.17963,5726.71080065
Kraken:EURUSD,2020-08-05T08:22:00Z,1.1795,1.1795,1.17947,1.17947,288.32866635
Kraken:EURUSD,2020-08-05T08:23:00Z,1.17948,1.17948,1.17948,1.17948,12.8443
Kraken:EURUSD,2020-08-05T08:24:00Z,1.1793,1.1793,1.1793,1.1793,199.48723819
Kraken:EURUSD,2020-08-05T08:29:00Z,1.179,1.17924,1.179,1.17923,702.66864189
Kraken:EURUSD,2020-08-05T08:30:00Z,1.179,1.17924,1.179,1.179,3766.46527941
Kraken:EURUSD,2020-08-05T08:31:00Z,1.17944,1.17985,1.17944,1.17985,4306.17974334
Kraken:EURUSD,2020-08-05T08:33:00Z,1.17949,1.17949,1.17949,1.17949,983.41274618
Kraken:EURUSD,2020-08-05T08:34:00Z,1.17924,1.17924,1.17924,1.17924,1261.7796
Kraken:EURUSD,2020-08-05T08:35:00Z,1.17968,1.17968,1.17956,1.17956,4752.99472856
Kraken:EURUSD,2020-08-05T08:39:00Z,1.17937,1.17937,1.17937,1.17937,75.7677
Kraken:EURUSD,2020-08-05T08:40:00Z,1.17955,1.17955,1.17955,1.17955,89.0204739
Kraken:EURUSD,2020-08-05T08:41:00Z,1.17966,1.17966,1.17953,1.17953,205.78269
Kraken:EURUSD,2020-08-05T08:42:00Z,1.17975,1.17975,1.17975,1.17975,30.23038779
Kraken:EURUSD,2020-08-05T08:44:00Z,1.17951,1.17951,1.17951,1.17951,37.08601803
Kraken:EURUSD,2020-08-05T08:45:00Z,1.17951,1.17951,1.17951,1.17951,259.00008988
Kraken:EURUSD,2020-08-05T08:46:00Z,1.17977,1.18017,1.17977,1.18017,777.0048
Kraken:EURUSD,2020-08-05T08:49:00Z,1.18044,1.18044,1.18044,1.18044,85.01397783
Kraken:EURUSD,2020-08-05T08:51:00Z,1.18097,1.18097,1.18097,1.18097,335.80390947
Kraken:EURUSD,2020-08-05T08:52:00Z,1.18097,1.181,1.18097,1.181,12791.17051163
Kraken:EURUSD,2020-08-05T08:54:00Z,1.1812,1.1812,1.1812,1.1812,13.82140965
Kraken:EURUSD,2020-08-05T08:55:00Z,1.18185,1.18185,1.18141,1.18141,538.60690358
Kraken:EURUSD,2020-08-05T08:56:00Z,1.18141,1.18165,1.18141,1.18165,704.157466
Kraken:EURUSD,2020-08-05T08:59:00Z,1.18144,1.18144,1.18144,1.18144,167.8228
Kraken:EURUSD,2020-08-05T09:00:00Z,1.18144,1.18144,1.18144,1.18144,10.85682846
Kraken:EURUSD,2020-08-05T09:01:00Z,1.18194,1.18194,1.18144,1.18144,650.28942342
Kraken:EURUSD,2020-08-05T09:02:00Z,1.18146,1.18146,1.18146,1.18146,162.77310326
Kraken:EURUSD,2020-08-05T09:03:00Z,1.18143,1.18143,1.18143,1.18143,16.05401927
Kraken:EURUSD,2020-08-05T09:04:00Z,1.18143,1.18143,1.18143,1.18143,477.32854073
Kraken:EURUSD,2020-08-05T09:05:00Z,1.18144,1.18199,1.18144,1.18163,9473.45447798
Kraken:EURUSD,2020-08-05T09:07:00Z,1.18146,1.18146,1.18146,1.18146,147.3332
Kraken:EURUSD,2020-08-05T09:08:00Z,1.18197,1.18198,1.18197,1.18198,1354.82181986
Kraken:EURUSD,2020-08-05T09:09:00Z,1.18199,1.182,1.18198,1.182,15842.39115982
Kraken:EURUSD,2020-08-05T09:10:00Z,1.182,1.182,1.18181,1.182,14515.00933164
Kraken:EURUSD,2020-08-05T09:11:00Z,1.18198,1.18198,1.18198,1.18198,43.67349701
Kraken:EURUSD,2020-08-05T09:12:00Z,1.18197,1.182,1.18197,1.182,39130.44295286
Kraken:EURUSD,2020-08-05T09:13:00Z,1.182,1.182,1.182,1.182,55.85953879
Kraken:EURUSD,2020-08-05T09:14:00Z,1.18199,1.182,1.18199,1.182,598.54221843
Kraken:EURUSD,2020-08-05T09:15:00Z,1.182,1.182,1.182,1.182,50603.90626654
Kraken:EURUSD,2020-08-05T09:16:00Z,1.182,1.182,1.18199,1.182,658.03006004
Kraken:EURUSD,2020-08-05T09:17:00Z,1.182,1.182,1.182,1.182,54255.65559468
Kraken:EURUSD,2020-08-05T09:20:00Z,1.18202,1.18202,1.18201,1.18201,285.94762091
Kraken:EURUSD,2020-08-05T09:21:00Z,1.1821,1.1821,1.18201,1.18202,2745.1526678
Kraken:EURUSD,2020-08-05T09:22:00Z,1.18201,1.18204,1.18201,1.18202,550.07106612
Kraken:EURUSD,2020-08-05T09:23:00Z,1.182,1.182,1.182,1.182,13025.01505915
Kraken:EURUSD,2020-08-05T09:24:00Z,1.18199,1.18199,1.18199,1.18199,2327.77390036
Kraken:EURUSD,2020-08-05T09:27:00Z,1.18148,1.18148,1.18148,1.18148,388.77084
Kraken:EURUSD,2020-08-05T09:28:00Z,1.1816,1.18232,1.1816,1.18232,689.41784599
Kraken:EURUSD,2020-08-05T09:30:00Z,1.18161,1.18163,1.18161,1.18163,204.00363866
Kraken:EURUSD,2020-08-05T09:31:00Z,1.18183,1.18183,1.18183,1.18183,597.95213296
Kraken:EURUSD,2020-08-05T09:32:00Z,1.18175,1.18175,1.1814,1.18154,5292.34668235
Kraken:EURUSD,2020-08-05T09:37:00Z,1.18197,1.18197,1.18174,1.18191,7110.45011166
Kraken:EURUSD,2020-08-05T09:38:00Z,1.1818,1.18204,1.18178,1.18204,524.26607524
Kraken:EURUSD,2020-08-05T09:39:00Z,1.18191,1.18201,1.18175,1.18175,762.36457694
Kraken:EURUSD,2020-08-05T09:40:00Z,1.18199,1.18199,1.18175,1.18175,889.3335898
Kraken:EURUSD,2020-08-05T09:42:00Z,1.18245,1.18278,1.18245,1.18278,3922.20932855
Kraken:EURUSD,2020-08-05T09:43:00Z,1.18295,1.18295,1.18295,1.18295,59.7132
Kraken:EURUSD,2020-08-05T09:44:00Z,1.18324,1.18324,1.18324,1.18324,10.24302656
Kraken:EURUSD,2020-08-05T09:45:00Z,1.1834,1.1834,1.1831,1.1834,647.48649395
Kraken:EURUSD,2020-08-05T09:46:00Z,1.18347,1.18368,1.18347,1.18368,12699.54002049
Kraken:EURUSD,2020-08-05T09:47:00Z,1.18368,1.18417,1.18367,1.18417,430.12349485
Kraken:EURUSD,2020-08-05T09:48:00Z,1.18432,1.18432,1.18351,1.1839,1024.01430778
Kraken:EURUSD,2020-08-05T09:49:00Z,1.18371,1.18371,1.18371,1.18371,9999.99999999
Kraken:EURUSD,2020-08-05T09:51:00Z,1.1839,1.1839,1.1839,1.1839,85.74575555
Kraken:EURUSD,2020-08-05T09:52:00Z,1.18385,1.18428,1.18384,1.18428,969.37885292
Kraken:EURUSD,2020-08-05T09:53:00Z,1.18433,1.18433,1.18433,1.18433,18.01584018
Kraken:EURUSD,2020-08-05T09:55:00Z,1.18378,1.18378,1.18378,1.18378,16.6735
Kraken:EURUSD,2020-08-05T09:56:00Z,1.18367,1.18367,1.18367,1.18367,115.67474497
Kraken:EURUSD,2020-08-05T09:57:00Z,1.1838,1.1838,1.18378,1.18378,942.28723295
Kraken:EURUSD,2020-08-05T09:59:00Z,1.18339,1.1834,1.18339,1.18339,507.84328461
Kraken:EURUSD,2020-08-05T10:00:00Z,1.18307,1.18307,1.18307,1.18307,236.90905862
Kraken:EURUSD,2020-08-05T10:01:00Z,1.18307,1.18307,1.18305,1.18305,355.36560593
Kraken:EURUSD,2020-08-05T10:03:00Z,1.18322,1.18322,1.18311,1.18316,1439.67909999
Kraken:EURUSD,2020-08-05T10:04:00Z,1.18353,1.18377,1.18353,1.18377,1615.46475177
Kraken:EURUSD,2020-08-05T10:05:00Z,1.18355,1.18355,1.18355,1.18355,19.4829975
Kraken:EURUSD,2020-08-05T10:06:00Z,1.18341,1.18341,1.18341,1.18341,12.0688
Kraken:EURUSD,2020-08-05T10:09:00Z,1.18334,1.1834,1.18334,1.1834,119.13664539
Kraken:EURUSD,2020-08-05T10:10:00Z,1.1834,1.1834,1.1834,1.1834,27.36859895
Kraken:EURUSD,2020-08-05T10:15:00Z,1.18225,1.18225,1.18216,1.18216,1044.6127
Kraken:EURUSD,2020-08-05T10:18:00Z,1.1825,1.1825,1.1825,1.1825,323.52769556
Kraken:EURUSD,2020-08-05T10:19:00Z,1.18267,1.18307,1.18183,1.18194,16358.3538
Kraken:EURUSD,2020-08-05T10:20:00Z,1.18194,1.18194,1.18194,1.18194,12.128
Kraken:EURUSD,2020-08-05T10:21:00Z,1.18209,1.1821,1.18175,1.18175,2196.05980158
Kraken:EURUSD,2020-08-05T10:23:00Z,1.18195,1.18195,1.18195,1.18195,50.5872
Kraken:EURUSD,2020-08-05T10:24:00Z,1.18216,1.18216,1.18216,1.18216,318.4657781
Kraken:EURUSD,2020-08-05T10:26:00Z,1.183,1.18302,1.183,1.183,808.8564
Kraken:EURUSD,2020-08-05T10:27:00Z,1.18302,1.18302,1.183,1.18302,2004.849
Kraken:EURUSD,2020-08-05T10:28:00Z,1.18302,1.18324,1.18302,1.18324,9292.47135042
Kraken:EURUSD,2020-08-05T10:31:00Z,1.18348,1.18349,1.183,1.183,701.77343818
Kraken:EURUSD,2020-08-05T10:32:00Z,1.18299,1.18299,1.18297,1.18297,318.46605791
Kraken:EURUSD,2020-08-05T10:33:00Z,1.18249,1.18249,1.18249,1.18249,145.19059999
Kraken:EURUSD,2020-08-05T10:35:00Z,1.18258,1.18258,1.18258,1.18258,82.01949999
Kraken:EURUSD,2020-08-05T10:36:00Z,1.18216,1.18283,1.18216,1.18283,812.18759247
Kraken:EURUSD,2020-08-05T10:38:00Z,1.18182,1.18182,1.18181,1.18181,391.04415791
Kraken:EURUSD,2020-08-05T10:43:00Z,1.18243,1.18243,1.18243,1.18243,232.3562241
Kraken:EURUSD,2020-08-05T10:47:00Z,1.18175,1.18175,1.18175,1.18175,87.60736
Kraken:EURUSD,2020-08-05T10:52:00Z,1.1808,1.1808,1.18045,1.18045,2E+4
Kraken:EURUSD,2020-08-05T10:53:00Z,1.18129,1.18129,1.18129,1.18129,320.94811604
Kraken:EURUSD,2020-08-05T10:54:00Z,1.18077,1.18077,1.18077,1.18077,381.178
Kraken:EURUSD,2020-08-05T11:08:00Z,1.18167,1.18167,1.18107,1.18107,203.32402446
Kraken:EURUSD,2020-08-05T11:10:00Z,1.18109,1.18109,1.18109,1.18109,11.20590083
Kraken:EURUSD,2020-08-05T11:15:00Z,1.181,1.181,1.18092,1.18092,266.56088962
Kraken:EURUSD,2020-08-05T11:16:00Z,1.18146,1.18146,1.1809,1.1809,547.6374901
Kraken:EURUSD,2020-08-05T11:17:00Z,1.18146,1.18146,1.18146,1.18146,163.4283651
Kraken:EURUSD,2020-08-05T11:24:00Z,1.18144,1.18144,1.18077,1.18077,4999.99998816
Kraken:EURUSD,2020-08-05T11:28:00Z,1.18228,1.18228,1.18228,1.18228,59.77213519
Kraken:EURUSD,2020-08-05T11:30:00Z,1.18178,1.18178,1.18178,1.18178,18.6054
Kraken:EURUSD,2020-08-05T11:34:00Z,1.18236,1.18236,1.18236,1.18236,1039
Kraken:EURUSD,2020-08-05T11:35:00Z,1.18239,1.18242,1.18239,1.18242,6633.08326308
Kraken:EURUSD,2020-08-05T11:37:00Z,1.18205,1.18205,1.18204,1.18204,325.37664961
Kraken:EURUSD,2020-08-05T11:38:00Z,1.18192,1.18243,1.18191,1.18243,168.76540333
Kraken:EURUSD,2020-08-05T11:39:00Z,1.18218,1.18242,1.18217,1.18242,704.37047846
Kraken:EURUSD,2020-08-05T11:40:00Z,1.18198,1.18198,1.18198,1.18198,44.74548741
Kraken:EURUSD,2020-08-05T11:41:00Z,1.18192,1.18242,1.18192,1.18242,459.51646362
Kraken:EURUSD,2020-08-05T11:42:00Z,1.18243,1.18244,1.18243,1.18244,583.36654091
Kraken:EURUSD,2020-08-05T11:43:00Z,1.18206,1.18245,1.18206,1.18245,14814.84081861
Kraken:EURUSD,2020-08-05T11:44:00Z,1.18243,1.18245,1.18242,1.18245,16472.77980375
Kraken:EURUSD,2020-08-05T11:48:00Z,1.18272,1.18273,1.18272,1.18272,7308.89973041
Kraken:EURUSD,2020-08-05T12:00:00Z,1.18262,1.18263,1.18261,1.18263,267.15219937
Kraken:EURUSD,2020-08-05T12:02:00Z,1.18177,1.18277,1.18177,1.18277,2475.52316244
Kraken:EURUSD,2020-08-05T12:03:00Z,1.18241,1.18241,1.18241,1.18241,3088.93334016
Kraken:EURUSD,2020-08-05T12:06:00Z,1.18255,1.18275,1.18255,1.18275,1315.91019999
Kraken:EURUSD,2020-08-05T12:07:00Z,1.18255,1.18255,1.18255,1.18255,91.05926047
Kraken:EURUSD,2020-08-05T12:14:00Z,1.18215,1.18288,1.18215,1.18288,321.5354918
Kraken:EURUSD,2020-08-05T12:15:00Z,1.18322,1.18343,1.18322,1.18322,13856.7037338
Kraken:EURUSD,2020-08-05T12:17:00Z,1.1828,1.1831,1.1828,1.1831,5160.55725609
Kraken:EURUSD,2020-08-05T12:19:00Z,1.18314,1.18314,1.18229,1.18299,9731.38799721
Kraken:EURUSD,2020-08-05T12:21:00Z,1.18344,1.18344,1.18344,1.18344,257.4401744
Kraken:EURUSD,2020-08-05T12:22:00Z,1.18368,1.18368,1.18368,1.18368,377.98712489
Kraken:EURUSD,2020-08-05T12:23:00Z,1.18368,1.18429,1.18368,1.18416,5818.13976901
Kraken:EURUSD,2020-08-05T12:24:00Z,1.18404,1.18404,1.18401,1.18401,1043.24203164
Kraken:EURUSD,2020-08-05T12:25:00Z,1.18378,1.18392,1.18377,1.18391,1085.71159122
Kraken:EURUSD,2020-08-05T12:26:00Z,1.18433,1.18452,1.18433,1.18439,1133.44791203
Kraken:EURUSD,2020-08-05T12:28:00Z,1.18534,1.18534,1.18534,1.18534,421.0207
Kraken:EURUSD,2020-08-05T12:30:00Z,1.18485,1.18504,1.18485,1.18489,17233.54021093
Kraken:EURUSD,2020-08-05T12:31:00Z,1.18486,1.18486,1.18486,1.18486,89.4825
Kraken:EURUSD,2020-08-05T12:32:00Z,1.18555,1.18555,1.18555,1.18555,134.20581164
Kraken:EURUSD,2020-08-05T12:38:00Z,1.18473,1.18527,1.18473,1.18523,654.17120197
Kraken:EURUSD,2020-08-05T12:39:00Z,1.18541,1.18541,1.18466,1.18466,890.48550224
Kraken:EURUSD,2020-08-05T12:40:00Z,1.18467,1.18467,1.18467,1.18467,146.0439
Kraken:EURUSD,2020-08-05T12:42:00Z,1.18445,1.18496,1.18445,1.18495,19416.22568875
Kraken:EURUSD,2020-08-05T12:43:00Z,1.18505,1.1856,1.18505,1.1856,6303.52201968
Kraken:EURUSD,2020-08-05T12:44:00Z,1.18513,1.18513,1.18513,1.18513,332.900766
Kraken:EURUSD,2020-08-05T12:45:00Z,1.18513,1.18513,1.18513,1.18513,1E+1
Kraken:EURUSD,2020-08-05T12:46:00Z,1.18561,1.186,1.18554,1.186,968.64109261
Kraken:EURUSD,2020-08-05T12:47:00Z,1.18601,1.18601,1.18601,1.18601,4247.4572727
Kraken:EURUSD,2020-08-05T12:48:00Z,1.1855,1.1855,1.18539,1.18539,532.92535
Kraken:EURUSD,2020-08-05T12:49:00Z,1.18582,1.18657,1.18578,1.18641,7601.01130757
Kraken:EURUSD,2020-08-05T12:50:00Z,1.18671,1.18673,1.18671,1.18673,2989.32442654
Kraken:EURUSD,2020-08-05T12:52:00Z,1.18582,1.18582,1.18578,1.18578,208.38831582
Kraken:EURUSD,2020-08-05T12:53:00Z,1.18579,1.18579,1.18579,1.18579,82.01945791
Kraken:EURUSD,2020-08-05T12:54:00Z,1.1858,1.18581,1.18529,1.18529,373.535417
Kraken:EURUSD,2020-08-05T12:55:00Z,1.18581,1.18581,1.18581,1.18581,338.5844804
Kraken:EURUSD,2020-08-05T12:56:00Z,1.18615,1.18621,1.18614,1.18614,885.1579
Kraken:EURUSD,2020-08-05T12:59:00Z,1.18666,1.18666,1.1862,1.1862,489.5661
Kraken:EURUSD,2020-08-05T13:00:00Z,1.1868,1.18724,1.18633,1.18633,2096.3946304
Kraken:EURUSD,2020-08-05T13:01:00Z,1.1868,1.18698,1.18663,1.18697,1486.75730168
Kraken:EURUSD,2020-08-05T13:02:00Z,1.18592,1.18592,1.18592,1.18592,421.1093
Kraken:EURUSD,2020-08-05T13:04:00Z,1.18612,1.18612,1.18592,1.18592,752.40087348
Kraken:EURUSD,2020-08-05T13:05:00Z,1.1854,1.18577,1.1854,1.18577,3852.55762675
Kraken:EURUSD,2020-08-05T13:06:00Z,1.18606,1.18606,1.18606,1.18606,53.8363826
Kraken:EURUSD,2020-08-05T13:07:00Z,1.18561,1.18562,1.18508,1.18508,405.50709601
Kraken:EURUSD,2020-08-05T13:08:00Z,1.1851,1.1851,1.18508,1.18508,374.47042266
Kraken:EURUSD,2020-08-05T13:09:00Z,1.1851,1.18585,1.18509,1.18585,1618.56899918
Kraken:EURUSD,2020-08-05T13:10:00Z,1.1852,1.1852,1.18519,1.18519,374.4261
Kraken:EURUSD,2020-08-05T13:11:00Z,1.18592,1.18592,1.18503,1.18503,1603.08191511
Kraken:EURUSD,2020-08-05T13:12:00Z,1.18593,1.18609,1.18573,1.18583,8123.76628122
Kraken:EURUSD,2020-08-05T13:13:00Z,1.1854,1.1854,1.1854,1.1854,374.3818
Kraken:EURUSD,2020-08-05T13:15:00Z,1.18548,1.18548,1.18548,1.18548,34.5006648
Kraken:EURUSD,2020-08-05T13:17:00Z,1.1861,1.1861,1.1861,1.1861,314.69767616
Kraken:EURUSD,2020-08-05T13:18:00Z,1.18611,1.18696,1.18611,1.18696,19903.53015241
Kraken:EURUSD,2020-08-05T13:19:00Z,1.18695,1.18695,1.18641,1.18641,5060.77023121
Kraken:EURUSD,2020-08-05T13:20:00Z,1.18694,1.18737,1.1869,1.18737,41204.09247024
Kraken:EURUSD,2020-08-05T13:22:00Z,1.18715,1.18715,1.18715,1.18715,186.1771
Kraken:EURUSD,2020-08-05T13:23:00Z,1.18726,1.18748,1.18726,1.18748,264.71925254
Kraken:EURUSD,2020-08-05T13:25:00Z,1.18789,1.18789,1.18789,1.18789,41731.80027194
Kraken:EURUSD,2020-08-05T13:26:00Z,1.18752,1.18763,1.18752,1.18763,29519.36490862
Kraken:EURUSD,2020-08-05T13:27:00Z,1.1877,1.18785,1.18769,1.18785,3285.71533823
Kraken:EURUSD,2020-08-05T13:28:00Z,1.18731,1.18731,1.18731,1.18731,52.96872762
Kraken:EURUSD,2020-08-05T13:29:00Z,1.1873,1.18765,1.1873,1.18732,31041.19245953
Kraken:EURUSD,2020-08-05T13:30:00Z,1.18719,1.18719,1.18688,1.18688,2955.9093
Kraken:EURUSD,2020-08-05T13:31:00Z,1.18688,1.18732,1.18678,1.18732,1007.06923112
Kraken:EURUSD,2020-08-05T13:33:00Z,1.18756,1.18756,1.18741,1.18741,1131.5617
Kraken:EURUSD,2020-08-05T13:34:00Z,1.18741,1.18741,1.1874,1.1874,293.21618686
Kraken:EURUSD,2020-08-05T13:35:00Z,1.18754,1.18799,1.18754,1.18799,803.01364649
Kraken:EURUSD,2020-08-05T13:36:00Z,1.1883,1.18838,1.18775,1.18834,7046.19484641
Kraken:EURUSD,2020-08-05T13:37:00Z,1.1879,1.1879,1.18778,1.18778,1222.80538777
Kraken:EURUSD,2020-08-05T13:38:00Z,1.1878,1.1878,1.1878,1.1878,31.264
Kraken:EURUSD,2020-08-05T13:39:00Z,1.18833,1.18848,1.18833,1.18848,1132.0590623
Kraken:EURUSD,2020-08-05T13:40:00Z,1.18862,1.18867,1.18848,1.18848,6593.62985997
Kraken:EURUSD,2020-08-05T13:42:00Z,1.18849,1.18849,1.18849,1.18849,117.6893114
Kraken:EURUSD,2020-08-05T13:43:00Z,1.18899,1.18899,1.18856,1.18856,25022.19459
Kraken:EURUSD,2020-08-05T13:44:00Z,1.18829,1.18846,1.18829,1.18846,507.57501028
Kraken:EURUSD,2020-08-05T13:45:00Z,1.18791,1.18791,1.18553,1.18734,188523.49323447
Kraken:EURUSD,2020-08-05T13:46:00Z,1.18717,1.18772,1.18717,1.18772,674.48459399
Kraken:EURUSD,2020-08-05T13:47:00Z,1.1879,1.18791,1.1879,1.18791,378.73750891
Kraken:EURUSD,2020-08-05T13:48:00Z,1.18803,1.18803,1.18803,1.18803,82.01945791
Kraken:EURUSD,2020-08-05T13:49:00Z,1.18796,1.18797,1.18796,1.18796,531.85943567
Kraken:EURUSD,2020-08-05T13:51:00Z,1.18825,1.18825,1.18825,1.18825,420.38
Kraken:EURUSD,2020-08-05T13:52:00Z,1.18832,1.18835,1.18831,1.18835,11251.21723193
Kraken:EURUSD,2020-08-05T13:53:00Z,1.18822,1.18847,1.18822,1.18846,11380.45468788
Kraken:EURUSD,2020-08-05T13:54:00Z,1.18894,1.18894,1.18894,1.18894,2.8E+3
Kraken:EURUSD,2020-08-05T13:55:00Z,1.18889,1.18889,1.18889,1.18889,257.57727712
Kraken:EURUSD,2020-08-05T14:00:00Z,1.18804,1.1882,1.18754,1.18754,4116.26390508
Kraken:EURUSD,2020-08-05T14:01:00Z,1.18755,1.18803,1.18735,1.18803,2605.08053057
Kraken:EURUSD,2020-08-05T14:02:00Z,1.18744,1.18771,1.18743,1.18771,902.74657456
Kraken:EURUSD,2020-08-05T14:03:00Z,1.18771,1.18771,1.18758,1.18758,726.98253547
Kraken:EURUSD,2020-08-05T14:06:00Z,1.18815,1.18815,1.18815,1.18815,40.2
Kraken:EURUSD,2020-08-05T14:07:00Z,1.18869,1.18869,1.18869,1.18869,148.24058417
Kraken:EURUSD,2020-08-05T14:08:00Z,1.18846,1.18846,1.18845,1.18845,422.5635159
Kraken:EURUSD,2020-08-05T14:09:00Z,1.18846,1.18892,1.18845,1.18879,1373.18161443
Kraken:EURUSD,2020-08-05T14:10:00Z,1.18892,1.189,1.18892,1.189,394.22722337
Kraken:EURUSD,2020-08-05T14:12:00Z,1.18885,1.18885,1.18752,1.18752,4053.0757676
Kraken:EURUSD,2020-08-05T14:15:00Z,1.18885,1.18885,1.18885,1.18885,12.17226731
Kraken:EURUSD,2020-08-05T14:16:00Z,1.18885,1.18885,1.18759,1.18868,661.22494021
Kraken:EURUSD,2020-08-05T14:18:00Z,1.189,1.18907,1.1886,1.1886,13235.4723
Kraken:EURUSD,2020-08-05T14:19:00Z,1.18909,1.18915,1.18838,1.18839,4919.83528434
Kraken:EURUSD,2020-08-05T14:20:00Z,1.1887,1.1887,1.1887,1.1887,209.9186
Kraken:EURUSD,2020-08-05T14:21:00Z,1.18856,1.18857,1.18856,1.18857,344.23071421
Kraken:EURUSD,2020-08-05T14:22:00Z,1.18808,1.18808,1.18808,1.18808,210.3079
Kraken:EURUSD,2020-08-05T14:24:00Z,1.18755,1.18769,1.18713,1.18713,299.01207256
Kraken:EURUSD,2020-08-05T14:25:00Z,1.18712,1.18785,1.18703,1.1877,7546.66387798
Kraken:EURUSD,2020-08-05T14:26:00Z,1.18723,1.18794,1.18722,1.18793,3418.2580766
Kraken:EURUSD,2020-08-05T14:27:00Z,1.18764,1.18764,1.18763,1.18763,223.01561071
Kraken:EURUSD,2020-08-05T14:31:00Z,1.18801,1.18801,1.18801,1.18801,366.54144325
Kraken:EURUSD,2020-08-05T14:32:00Z,1.18746,1.18746,1.18729,1.18729,1.75E+3
Kraken:EURUSD,2020-08-05T14:34:00Z,1.18841,1.18861,1.18841,1.18861,1579.3294085
Kraken:EURUSD,2020-08-05T14:35:00Z,1.18862,1.18883,1.18859,1.18859,14513.25205922
Kraken:EURUSD,2020-08-05T14:37:00Z,1.18854,1.18854,1.18854,1.18854,197.3259
Kraken:EURUSD,2020-08-05T14:38:00Z,1.18843,1.18843,1.18818,1.18818,1337.33229719
Kraken:EURUSD,2020-08-05T14:41:00Z,1.1879,1.1879,1.1879,1.1879,242.3360552
Kraken:EURUSD,2020-08-05T14:42:00Z,1.18759,1.1876,1.18759,1.1876,405.21062045
Kraken:EURUSD,2020-08-05T14:43:00Z,1.1876,1.18791,1.18759,1.18791,7944.40827698
Kraken:EURUSD,2020-08-05T14:44:00Z,1.18794,1.18794,1.18793,1.18793,113.20174704
Kraken:EURUSD,2020-08-05T14:45:00Z,1.18795,1.18795,1.18795,1.18795,329.0578728
Kraken:EURUSD,2020-08-05T14:46:00Z,1.18798,1.18798,1.18794,1.18797,10500.050746
Kraken:EURUSD,2020-08-05T14:47:00Z,1.18798,1.18798,1.18793,1.18793,819.88183138
Kraken:EURUSD,2020-08-05T14:49:00Z,1.18794,1.18795,1.18794,1.18795,888.38210498
Kraken:EURUSD,2020-08-05T14:50:00Z,1.18793,1.18793,1.18793,1.18793,23.2421944
Kraken:EURUSD,2020-08-05T14:54:00Z,1.18697,1.18697,1.18697,1.18697,12.7143
Kraken:EURUSD,2020-08-05T14:55:00Z,1.18664,1.18679,1.18663,1.18679,1329.07531273
Kraken:EURUSD,2020-08-05T14:57:00Z,1.18659,1.18659,1.18628,1.18628,1216.03
Kraken:EURUSD,2020-08-05T14:58:00Z,1.18704,1.18705,1.18703,1.18703,40023.58145773
Kraken:EURUSD,2020-08-05T14:59:00Z,1.18698,1.18698,1.18698,1.18698,259.7891
Kraken:EURUSD,2020-08-05T15:00:00Z,1.18746,1.18746,1.18746,1.18746,213.69140855
Kraken:EURUSD,2020-08-05T15:01:00Z,1.1874,1.1874,1.1874,1.1874,272.1773502
Kraken:EURUSD,2020-08-05T15:03:00Z,1.18723,1.18776,1.18708,1.18776,1251.82733164
Kraken:EURUSD,2020-08-05T15:05:00Z,1.18781,1.18796,1.1878,1.18795,594.19968729
Kraken:EURUSD,2020-08-05T15:06:00Z,1.18795,1.18798,1.18795,1.18798,38017.17649507
Kraken:EURUSD,2020-08-05T15:07:00Z,1.18798,1.18798,1.18798,1.18798,335.0996649
Kraken:EURUSD,2020-08-05T15:09:00Z,1.18755,1.1876,1.18755,1.1876,149.52689265
Kraken:EURUSD,2020-08-05T15:10:00Z,1.1877,1.18797,1.18769,1.18797,558.5706694
Kraken:EURUSD,2020-08-05T15:11:00Z,1.18755,1.18755,1.18753,1.18753,162.7067694
Kraken:EURUSD,2020-08-05T15:13:00Z,1.18753,1.18753,1.18718,1.18718,2E+4
Kraken:EURUSD,2020-08-05T15:15:00Z,1.18732,1.18732,1.18732,1.18732,17.65781999
Kraken:EURUSD,2020-08-05T15:17:00Z,1.18793,1.18796,1.18793,1.18796,433.30214794
Kraken:EURUSD,2020-08-05T15:18:00Z,1.1878,1.18796,1.1878,1.18781,26224.71252262
Kraken:EURUSD,2020-08-05T15:19:00Z,1.18779,1.18799,1.18779,1.18799,3410.96473864
Kraken:EURUSD,2020-08-05T15:20:00Z,1.18799,1.18799,1.18784,1.18784,718.73428312
Kraken:EURUSD,2020-08-05T15:21:00Z,1.18799,1.188,1.18799,1.188,47974.948949
Kraken:EURUSD,2020-08-05T15:22:00Z,1.18855,1.18967,1.18853,1.18967,18449.04867005
Kraken:EURUSD,2020-08-05T15:23:00Z,1.18841,1.18842,1.18841,1.18842,267.90405618
Kraken:EURUSD,2020-08-05T15:24:00Z,1.18821,1.18821,1.1882,1.1882,462.1814
Kraken:EURUSD,2020-08-05T15:25:00Z,1.18822,1.18822,1.18822,1.18822,15.7456386
Kraken:EURUSD,2020-08-05T15:26:00Z,1.18864,1.18864,1.18864,1.18864,209.8058
Kraken:EURUSD,2020-08-05T15:28:00Z,1.18861,1.18861,1.18861,1.18861,209.8063
Kraken:EURUSD,2020-08-05T15:29:00Z,1.18822,1.18834,1.1882,1.18834,963.53767042
Kraken:EURUSD,2020-08-05T15:30:00Z,1.18821,1.18821,1.18821,1.18821,422.81676
Kraken:EURUSD,2020-08-05T15:31:00Z,1.18821,1.18821,1.18821,1.18821,165.78265526
Kraken:EURUSD,2020-08-05T15:32:00Z,1.18847,1.18847,1.18847,1.18847,210.2799
Kraken:EURUSD,2020-08-05T15:33:00Z,1.18821,1.18821,1.1882,1.1882,172.13203671
Kraken:EURUSD,2020-08-05T15:34:00Z,1.1882,1.18821,1.1882,1.18821,2867.90158412
Kraken:EURUSD,2020-08-05T15:35:00Z,1.1882,1.1882,1.1882,1.1882,11451.47829281
Kraken:EURUSD,2020-08-05T15:36:00Z,1.18799,1.18799,1.18771,1.18798,2973.09117001
Kraken:EURUSD,2020-08-05T15:38:00Z,1.18817,1.18817,1.18817,1.18817,210.123
Kraken:EURUSD,2020-08-05T15:39:00Z,1.18778,1.18778,1.18777,1.18778,3462.80641919
Kraken:EURUSD,2020-08-05T15:40:00Z,1.18806,1.1883,1.18805,1.1883,7579.60866168
Kraken:EURUSD,2020-08-05T15:41:00Z,1.18829,1.18829,1.18829,1.18829,321.3025
Kraken:EURUSD,2020-08-05T15:42:00Z,1.18806,1.18806,1.18805,1.18805,557.17502488
Kraken:EURUSD,2020-08-05T15:53:00Z,1.1876,1.1876,1.1876,1.1876,173.9221038
Kraken:EURUSD,2020-08-05T15:54:00Z,1.1876,1.18832,1.1876,1.18832,66.0839599
Kraken:EURUSD,2020-08-05T15:55:00Z,1.18761,1.18761,1.18761,1.18761,335.7673965
Kraken:EURUSD,2020-08-05T16:00:00Z,1.18839,1.18839,1.18839,1.18839,158.7753
Kraken:EURUSD,2020-08-05T16:03:00Z,1.18761,1.18761,1.18761,1.18761,90.3941154
Kraken:EURUSD,2020-08-05T16:05:00Z,1.18772,1.18772,1.18772,1.18772,203.9102
Kraken:EURUSD,2020-08-05T16:07:00Z,1.1876,1.1876,1.18721,1.18721,12259.17032211
Kraken:EURUSD,2020-08-05T16:08:00Z,1.18738,1.18857,1.18738,1.18847,5438.96919473
Kraken:EURUSD,2020-08-05T16:11:00Z,1.18747,1.18747,1.18747,1.18747,271.3714569
Kraken:EURUSD,2020-08-05T16:12:00Z,1.18747,1.18747,1.18747,1.18747,48.8596
Kraken:EURUSD,2020-08-05T16:14:00Z,1.18795,1.18795,1.18795,1.18795,297.5406
Kraken:EURUSD,2020-08-05T16:17:00Z,1.18839,1.18839,1.18777,1.18777,456.36800266
Kraken:EURUSD,2020-08-05T16:18:00Z,1.18852,1.18852,1.18822,1.18838,1188.534701
Kraken:EURUSD,2020-08-05T16:21:00Z,1.18837,1.18837,1.18837,1.18837,75.38515243
Kraken:EURUSD,2020-08-05T16:22:00Z,1.1878,1.1878,1.18779,1.18779,82.01946406
Kraken:EURUSD,2020-08-05T16:23:00Z,1.18761,1.18813,1.18761,1.18813,436.66381071
Kraken:EURUSD,2020-08-05T16:24:00Z,1.18793,1.18793,1.18793,1.18793,322.77179631
Kraken:EURUSD,2020-08-05T16:27:00Z,1.18767,1.18767,1.18767,1.18767,66.7797
Kraken:EURUSD,2020-08-05T16:31:00Z,1.18749,1.18749,1.18712,1.18712,1767.90479945
Kraken:EURUSD,2020-08-05T16:32:00Z,1.18689,1.18689,1.18689,1.18689,799.07498618
Kraken:EURUSD,2020-08-05T16:34:00Z,1.18676,1.18676,1.18676,1.18676,161.6625756
Kraken:EURUSD,2020-08-05T16:36:00Z,1.18691,1.18691,1.18691,1.18691,200.71100588
Kraken:EURUSD,2020-08-05T16:38:00Z,1.18602,1.18602,1.18602,1.18602,53.1
Kraken:EURUSD,2020-08-05T16:39:00Z,1.186,1.186,1.186,1.186,292.8816798
Kraken:EURUSD,2020-08-05T16:40:00Z,1.18602,1.18653,1.18602,1.18653,444.31702905
Kraken:EURUSD,2020-08-05T16:42:00Z,1.18639,1.1864,1.18639,1.1864,263.98503923
Kraken:EURUSD,2020-08-05T16:44:00Z,1.1866,1.18661,1.1866,1.18661,594.0982
Kraken:EURUSD,2020-08-05T16:45:00Z,1.18612,1.18612,1.18612,1.18612,82.1208766
Kraken:EURUSD,2020-08-05T16:48:00Z,1.1866,1.1866,1.1866,1.1866,1E+2
Kraken:EURUSD,2020-08-05T16:49:00Z,1.18588,1.18588,1.18588,1.18588,74.4167
Kraken:EURUSD,2020-08-05T16:50:00Z,1.18648,1.18648,1.18648,1.18648,1E+2
Kraken:EURUSD,2020-08-05T16:53:00Z,1.18595,1.18605,1.18583,1.18605,237.42247661
Kraken:EURUSD,2020-08-05T16:55:00Z,1.18559,1.18559,1.18559,1.18559,33.5129535
Kraken:EURUSD,2020-08-05T16:59:00Z,1.18604,1.18605,1.1857,1.1857,386.26597686
Kraken:EURUSD,2020-08-05T17:01:00Z,1.18577,1.18577,1.18577,1.18577,162.1514
Kraken:EURUSD,2020-08-05T17:02:00Z,1.18602,1.18602,1.18601,1.18601,258.46414913
Kraken:EURUSD,2020-08-05T17:03:00Z,1.18601,1.18601,1.18601,1.18601,79.9555
Kraken:EURUSD,2020-08-05T17:05:00Z,1.18598,1.18778,1.18593,1.18778,29887.22038048
Kraken:EURUSD,2020-08-05T17:11:00Z,1.18623,1.18623,1.18623,1.18623,223.9034
Kraken:EURUSD,2020-08-05T17:14:00Z,1.18643,1.18643,1.18642,1.18642,115.3785
Kraken:EURUSD,2020-08-05T17:15:00Z,1.18643,1.18655,1.18643,1.18655,1881.27349607
Kraken:EURUSD,2020-08-05T17:21:00Z,1.18693,1.18693,1.18693,1.18693,12.24090721
Kraken:EURUSD,2020-08-05T17:22:00Z,1.18596,1.18596,1.18596,1.18596,405.3987
Kraken:EURUSD,2020-08-05T17:23:00Z,1.18596,1.18596,1.18584,1.18584,247.3236832
Kraken:EURUSD,2020-08-05T17:25:00Z,1.18585,1.18585,1.18583,1.18583,664.02
Kraken:EURUSD,2020-08-05T17:31:00Z,1.18599,1.18599,1.1859,1.1859,1035.78374418
Kraken:EURUSD,2020-08-05T17:35:00Z,1.18636,1.18636,1.18636,1.18636,421.1767
Kraken:EURUSD,2020-08-05T17:45:00Z,1.1852,1.1852,1.1852,1.1852,29.9999
Kraken:EURUSD,2020-08-05T17:46:00Z,1.1852,1.1852,1.1852,1.1852,258.6502
Kraken:EURUSD,2020-08-05T17:47:00Z,1.185,1.185,1.18498,1.18498,269.9644
Kraken:EURUSD,2020-08-05T17:48:00Z,1.18499,1.185,1.18498,1.185,310.0758
Kraken:EURUSD,2020-08-05T17:50:00Z,1.185,1.185,1.185,1.185,20.4012
Kraken:EURUSD,2020-08-05T17:51:00Z,1.185,1.185,1.185,1.185,553.1874105
Kraken:EURUSD,2020-08-05T17:52:00Z,1.185,1.185,1.185,1.185,1045.54800927
Kraken:EURUSD,2020-08-05T17:58:00Z,1.18555,1.18578,1.18555,1.18578,6639.65044092
Kraken:EURUSD,2020-08-05T18:01:00Z,1.18522,1.18578,1.18522,1.18578,6275.37106637
Kraken:EURUSD,2020-08-05T18:04:00Z,1.18521,1.18521,1.18521,1.18521,312.3897
Kraken:EURUSD,2020-08-05T18:05:00Z,1.18578,1.18578,1.18578,1.18578,762.61397559
Kraken:EURUSD,2020-08-05T18:06:00Z,1.18505,1.18505,1.18505,1.18505,98.92872
Kraken:EURUSD,2020-08-05T18:07:00Z,1.18537,1.1859,1.18537,1.1859,758.88424408
Kraken:EURUSD,2020-08-05T18:09:00Z,1.18585,1.18585,1.18584,1.18584,55.40478355
Kraken:EURUSD,2020-08-05T18:10:00Z,1.18605,1.18605,1.18605,1.18605,382.30555203
Kraken:EURUSD,2020-08-05T18:11:00Z,1.18557,1.18557,1.18557,1.18557,352.45637119
Kraken:EURUSD,2020-08-05T18:12:00Z,1.18568,1.1857,1.18499,1.18542,13722.5664287
Kraken:EURUSD,2020-08-05T18:16:00Z,1.18587,1.18587,1.18587,1.18587,53.84647091
Kraken:EURUSD,2020-08-05T18:17:00Z,1.18604,1.18604,1.1856,1.1856,1274.05738901
Kraken:EURUSD,2020-08-05T18:19:00Z,1.18596,1.18596,1.18561,1.18561,84.54307919
Kraken:EURUSD,2020-08-05T18:20:00Z,1.18577,1.18578,1.18548,1.18548,3486.4094072
Kraken:EURUSD,2020-08-05T18:22:00Z,1.18579,1.18579,1.18542,1.18542,1095.29112312
Kraken:EURUSD,2020-08-05T18:23:00Z,1.18542,1.18542,1.18542,1.18542,85.2006
Kraken:EURUSD,2020-08-05T18:24:00Z,1.18593,1.18593,1.18593,1.18593,121.4805592
Kraken:EURUSD,2020-08-05T18:25:00Z,1.18564,1.18585,1.18564,1.18585,344.30912174
Kraken:EURUSD,2020-08-05T18:28:00Z,1.18504,1.18504,1.18504,1.18504,12.79914602
Kraken:EURUSD,2020-08-05T18:29:00Z,1.18504,1.18505,1.18504,1.18505,254.21774791
Kraken:EURUSD,2020-08-05T18:31:00Z,1.18504,1.18504,1.18503,1.18503,290.53448408
Kraken:EURUSD,2020-08-05T18:34:00Z,1.18525,1.18589,1.18468,1.18468,14818.32046734
Kraken:EURUSD,2020-08-05T18:35:00Z,1.18475,1.18475,1.18475,1.18475,59.16023367
Kraken:EURUSD,2020-08-05T18:36:00Z,1.18523,1.18523,1.18458,1.18458,212.22223367
Kraken:EURUSD,2020-08-05T18:39:00Z,1.18458,1.18458,1.18423,1.18423,1686.34064
Kraken:EURUSD,2020-08-05T18:41:00Z,1.18419,1.18419,1.18419,1.18419,6625.25746043
Kraken:EURUSD,2020-08-05T18:43:00Z,1.18379,1.18379,1.18379,1.18379,356.1123172
Kraken:EURUSD,2020-08-05T18:44:00Z,1.1841,1.1841,1.1841,1.1841,272.89823494
Kraken:EURUSD,2020-08-05T18:45:00Z,1.18423,1.18423,1.18423,1.18423,37.82060917
Kraken:EURUSD,2020-08-05T18:52:00Z,1.18441,1.18441,1.18441,1.18441,421.5549
Kraken:EURUSD,2020-08-05T18:54:00Z,1.18457,1.18457,1.18457,1.18457,32.75323535
Kraken:EURUSD,2020-08-05T19:02:00Z,1.18443,1.18443,1.18443,1.18443,54.17019585
Kraken:EURUSD,2020-08-05T19:03:00Z,1.1846,1.1846,1.1846,1.1846,21.26667229
Kraken:EURUSD,2020-08-05T19:07:00Z,1.18403,1.18415,1.18403,1.18415,147.23252037
Kraken:EURUSD,2020-08-05T19:09:00Z,1.18454,1.18454,1.18454,1.18454,40.73733263
Kraken:EURUSD,2020-08-05T19:10:00Z,1.18404,1.18404,1.18404,1.18404,118.719162
Kraken:EURUSD,2020-08-05T19:11:00Z,1.18462,1.18462,1.18462,1.18462,421.5585
Kraken:EURUSD,2020-08-05T19:14:00Z,1.18454,1.18454,1.1841,1.1841,170.83067528
Kraken:EURUSD,2020-08-05T19:15:00Z,1.18405,1.18405,1.18405,1.18405,1.5E+2
Kraken:EURUSD,2020-08-05T19:16:00Z,1.18475,1.18489,1.18475,1.18489,445.02223073
Kraken:EURUSD,2020-08-05T19:17:00Z,1.18477,1.18477,1.18477,1.18477,378.59377538
Kraken:EURUSD,2020-08-05T19:23:00Z,1.18513,1.18513,1.18513,1.18513,15.08349295
Kraken:EURUSD,2020-08-05T19:24:00Z,1.18513,1.18513,1.18513,1.18513,45.48108646
Kraken:EURUSD,2020-08-05T19:25:00Z,1.18485,1.18485,1.18485,1.18485,53.22375
Kraken:EURUSD,2020-08-05T19:28:00Z,1.18484,1.18484,1.18484,1.18484,190.7242031
Kraken:EURUSD,2020-08-05T19:29:00Z,1.18482,1.18482,1.18482,1.18482,421.404
Kraken:EURUSD,2020-08-05T19:37:00Z,1.18443,1.18443,1.18443,1.18443,30.8591
Kraken:EURUSD,2020-08-05T19:38:00Z,1.18543,1.18543,1.18543,1.18543,42.06912259
Kraken:EURUSD,2020-08-05T19:39:00Z,1.18489,1.18489,1.18484,1.18484,108.26196182
Kraken:EURUSD,2020-08-05T19:40:00Z,1.1845,1.1845,1.1845,1.1845,1E+1
Kraken:EURUSD,2020-08-05T19:45:00Z,1.18527,1.18527,1.18527,1.18527,21.09122815
Kraken:EURUSD,2020-08-05T19:46:00Z,1.18527,1.18527,1.18527,1.18527,32.15169185
Kraken:EURUSD,2020-08-05T19:47:00Z,1.18495,1.18495,1.18495,1.18495,25.0825
Kraken:EURUSD,2020-08-05T19:48:00Z,1.18515,1.18515,1.18515,1.18515,497.33476774
Kraken:EURUSD,2020-08-05T19:49:00Z,1.18517,1.18517,1.18516,1.18516,136.05895088
Kraken:EURUSD,2020-08-05T19:51:00Z,1.1856,1.1856,1.18534,1.18534,199.33067726
Kraken:EURUSD,2020-08-05T19:52:00Z,1.18593,1.18593,1.18593,1.18593,211.32731274
Kraken:EURUSD,2020-08-05T19:54:00Z,1.18589,1.18589,1.18531,1.18531,574.65514171
Kraken:EURUSD,2020-08-05T19:56:00Z,1.18517,1.18517,1.185,1.185,214.17305637
Kraken:EURUSD,2020-08-05T19:57:00Z,1.18492,1.18492,1.18492,1.18492,29.88553338
Kraken:EURUSD,2020-08-05T19:59:00Z,1.18492,1.18492,1.18458,1.18458,136.13946662
Kraken:EURUSD,2020-08-05T20:01:00Z,1.1846,1.1846,1.18407,1.18407,895.9366147
Kraken:EURUSD,2020-08-05T20:02:00Z,1.18434,1.18448,1.18434,1.18448,472.4905201
Kraken:EURUSD,2020-08-05T20:04:00Z,1.18448,1.18486,1.18448,1.18486,813.52397541
Kraken:EURUSD,2020-08-05T20:05:00Z,1.185,1.185,1.18499,1.18499,372.45932488
Kraken:EURUSD,2020-08-05T20:06:00Z,1.18499,1.18499,1.18499,1.18499,285.6594
Kraken:EURUSD,2020-08-05T20:10:00Z,1.18525,1.18525,1.18525,1.18525,318.04073405
Kraken:EURUSD,2020-08-05T20:12:00Z,1.18499,1.18499,1.1848,1.1848,201.9369
Kraken:EURUSD,2020-08-05T20:13:00Z,1.1848,1.1848,1.1848,1.1848,136.0539
Kraken:EURUSD,2020-08-05T20:14:00Z,1.1848,1.1848,1.1848,1.1848,13.688
Kraken:EURUSD,2020-08-05T20:19:00Z,1.185,1.18503,1.185,1.18503,657.09056843
Kraken:EURUSD,2020-08-05T20:20:00Z,1.18512,1.18512,1.18512,1.18512,656.15566328
Kraken:EURUSD,2020-08-05T20:22:00Z,1.18464,1.18464,1.18464,1.18464,310.45577628
Kraken:EURUSD,2020-08-05T20:23:00Z,1.18482,1.18482,1.18482,1.18482,338.85404863
Kraken:EURUSD,2020-08-05T20:25:00Z,1.1845,1.1845,1.18447,1.18447,608.6777987
Kraken:EURUSD,2020-08-05T20:26:00Z,1.1845,1.1845,1.1845,1.1845,599.75613524
Kraken:EURUSD,2020-08-05T20:27:00Z,1.1845,1.1845,1.18436,1.18436,624.4719887
Kraken:EURUSD,2020-08-05T20:31:00Z,1.18452,1.18452,1.18452,1.18452,156.2661
Kraken:EURUSD,2020-08-05T20:32:00Z,1.18457,1.18457,1.18457,1.18457,136.072791
Kraken:EURUSD,2020-08-05T20:33:00Z,1.18457,1.18457,1.18457,1.18457,49.5059
Kraken:EURUSD,2020-08-05T20:34:00Z,1.18457,1.18457,1.18457,1.18457,136.07
Kraken:EURUSD,2020-08-05T20:35:00Z,1.18474,1.18475,1.18474,1.18475,616.24162624
Kraken:EURUSD,2020-08-05T20:36:00Z,1.18498,1.18498,1.18498,1.18498,723.3932467
Kraken:EURUSD,2020-08-05T20:37:00Z,1.18515,1.18563,1.18515,1.18563,10632.79735482
Kraken:EURUSD,2020-08-05T20:41:00Z,1.18579,1.18579,1.18579,1.18579,34.09516018
Kraken:EURUSD,2020-08-05T20:44:00Z,1.18566,1.18566,1.18566,1.18566,435.9678053
Kraken:EURUSD,2020-08-05T20:45:00Z,1.18543,1.18543,1.18543,1.18543,135.9734
Kraken:EURUSD,2020-08-05T20:46:00Z,1.18561,1.18575,1.18561,1.18575,20967.35266767
Kraken:EURUSD,2020-08-05T20:48:00Z,1.18577,1.18577,1.18577,1.18577,67.25857459
Kraken:EURUSD,2020-08-05T20:50:00Z,1.18526,1.18526,1.18526,1.18526,58.3951464
Kraken:EURUSD,2020-08-05T20:53:00Z,1.18569,1.18569,1.18569,1.18569,323.64611755
Kraken:EURUSD,2020-08-05T20:55:00Z,1.18597,1.18597,1.18583,1.18583,768.63458031
Kraken:EURUSD,2020-08-05T20:59:00Z,1.18574,1.18574,1.18573,1.18573,502.33554672
Kraken:EURUSD,2020-08-05T21:01:00Z,1.18571,1.18571,1.1857,1.1857,203.73296219
Kraken:EURUSD,2020-08-05T21:02:00Z,1.18552,1.18552,1.18552,1.18552,46.68716519
Kraken:EURUSD,2020-08-05T21:04:00Z,1.18605,1.18605,1.18574,1.18574,814.56729283
Kraken:EURUSD,2020-08-05T21:08:00Z,1.18608,1.18608,1.18545,1.18584,271.74120209
Kraken:EURUSD,2020-08-05T21:10:00Z,1.18612,1.18621,1.18612,1.18621,561.87925125
Kraken:EURUSD,2020-08-05T21:12:00Z,1.18634,1.18653,1.18634,1.18653,60190.13057593
Kraken:EURUSD,2020-08-05T21:13:00Z,1.18662,1.18662,1.18652,1.18652,737.53881538
Kraken:EURUSD,2020-08-05T21:14:00Z,1.18653,1.18653,1.18653,1.18653,39.39057588
Kraken:EURUSD,2020-08-05T21:15:00Z,1.18648,1.18648,1.18647,1.18647,18075.95542588
Kraken:EURUSD,2020-08-05T21:16:00Z,1.18647,1.18647,1.18642,1.18642,328.32047539
Kraken:EURUSD,2020-08-05T21:17:00Z,1.18642,1.18643,1.1859,1.18642,1192.56509973
Kraken:EURUSD,2020-08-05T21:18:00Z,1.18641,1.18642,1.18641,1.18642,1298.37727768
Kraken:EURUSD,2020-08-05T21:19:00Z,1.18637,1.18637,1.18572,1.18572,470.84816847
Kraken:EURUSD,2020-08-05T21:20:00Z,1.18573,1.18635,1.18572,1.18635,572.87090042
Kraken:EURUSD,2020-08-05T21:21:00Z,1.18643,1.18643,1.18643,1.18643,1203.72929573
Kraken:EURUSD,2020-08-05T21:22:00Z,1.18629,1.18636,1.18629,1.18632,3107.72100772
Kraken:EURUSD,2020-08-05T21:23:00Z,1.18632,1.18667,1.18632,1.18632,510.744099
Kraken:EURUSD,2020-08-05T21:24:00Z,1.18649,1.18651,1.18649,1.18651,2913.8482334
Kraken:EURUSD,2020-08-05T21:25:00Z,1.18637,1.18658,1.18629,1.18655,1241.50669955
Kraken:EURUSD,2020-08-05T21:26:00Z,1.18654,1.18656,1.18653,1.18656,1120.09898541
Kraken:EURUSD,2020-08-05T21:28:00Z,1.1866,1.18662,1.18613,1.18613,398.42328401
Kraken:EURUSD,2020-08-05T21:29:00Z,1.18632,1.18636,1.18632,1.18636,384.5833274
Kraken:EURUSD,2020-08-05T21:30:00Z,1.18653,1.18653,1.18652,1.18652,190.53582124
Kraken:EURUSD,2020-08-05T21:31:00Z,1.18603,1.18632,1.18603,1.18632,105.16435231
Kraken:EURUSD,2020-08-05T21:32:00Z,1.18608,1.18608,1.18602,1.18602,116.3274015
Kraken:EURUSD,2020-08-05T21:33:00Z,1.18602,1.18636,1.18602,1.18636,594.58801425
Kraken:EURUSD,2020-08-05T21:34:00Z,1.18636,1.18636,1.18636,1.18636,774.87865955
Kraken:EURUSD,2020-08-05T21:35:00Z,1.18665,1.18665,1.18613,1.18613,78.74777943
Kraken:EURUSD,2020-08-05T21:38:00Z,1.18654,1.18654,1.18654,1.18654,54.81479392
Kraken:EURUSD,2020-08-05T21:39:00Z,1.18674,1.18674,1.18611,1.18612,1074.4793859
Kraken:EURUSD,2020-08-05T21:40:00Z,1.18624,1.18624,1.18592,1.18624,666.45555689
Kraken:EURUSD,2020-08-05T21:41:00Z,1.18684,1.18684,1.18684,1.18684,32.5213097
Kraken:EURUSD,2020-08-05T21:44:00Z,1.18611,1.18611,1.18611,1.18611,415.7803035
Kraken:EURUSD,2020-08-05T21:46:00Z,1.18624,1.18624,1.18623,1.18623,89.56177243
Kraken:EURUSD,2020-08-05T21:47:00Z,1.18608,1.18608,1.18608,1.18608,54.24912316
Kraken:EURUSD,2020-08-05T21:48:00Z,1.1861,1.18652,1.1861,1.18652,470.00877241
Kraken:EURUSD,2020-08-05T21:49:00Z,1.1866,1.18662,1.18597,1.18661,2557.21317644
Kraken:EURUSD,2020-08-05T21:50:00Z,1.18661,1.18661,1.18661,1.18661,125.67497998
Kraken:EURUSD,2020-08-05T21:52:00Z,1.18596,1.18596,1.18596,1.18596,417.173409
Kraken:EURUSD,2020-08-05T21:53:00Z,1.18654,1.18654,1.18602,1.18651,881.37953996
Kraken:EURUSD,2020-08-05T21:54:00Z,1.18646,1.18653,1.18623,1.18653,30776.63322427
Kraken:EURUSD,2020-08-05T21:55:00Z,1.18637,1.18655,1.18637,1.18637,882.5603787
Kraken:EURUSD,2020-08-05T21:56:00Z,1.18654,1.18655,1.18654,1.18655,336.47956934
Kraken:EURUSD,2020-08-05T21:57:00Z,1.18658,1.18658,1.186,1.18644,1218.38657423
Kraken:EURUSD,2020-08-05T21:58:00Z,1.18644,1.18644,1.18644,1.18644,69.10572806
Kraken:EURUSD,2020-08-05T22:01:00Z,1.18674,1.18675,1.18674,1.18674,136.88866279
Kraken:EURUSD,2020-08-05T22:02:00Z,1.1865,1.18673,1.18566,1.18617,44938.59995791
Kraken:EURUSD,2020-08-05T22:03:00Z,1.18636,1.18653,1.18261,1.18579,71873.56986367
Kraken:EURUSD,2020-08-05T22:04:00Z,1.18519,1.18637,1.18443,1.18628,37213.3307878
Kraken:EURUSD,2020-08-05T22:05:00Z,1.18637,1.18637,1.1859,1.18591,630.67529557
Kraken:EURUSD,2020-08-05T22:06:00Z,1.18668,1.18683,1.18602,1.18683,544.83893428
Kraken:EURUSD,2020-08-05T22:07:00Z,1.18664,1.18664,1.18601,1.18601,116.75697548
Kraken:EURUSD,2020-08-05T22:08:00Z,1.18638,1.18638,1.18638,1.18638,198.79561582
Kraken:EURUSD,2020-08-05T22:09:00Z,1.18631,1.18666,1.18631,1.18666,1158.34113252
Kraken:EURUSD,2020-08-05T22:10:00Z,1.18601,1.18601,1.18601,1.18601,1
Kraken:EURUSD,2020-08-05T22:11:00Z,1.18664,1.18664,1.18664,1.18664,50.2588
Kraken:EURUSD,2020-08-05T22:12:00Z,1.18664,1.18664,1.18664,1.18664,69.68677615
Kraken:EURUSD,2020-08-05T22:13:00Z,1.18668,1.18668,1.18635,1.18635,493.03349377
Kraken:EURUSD,2020-08-05T22:16:00Z,1.18623,1.18623,1.18623,1.18623,496.17072574
Kraken:EURUSD,2020-08-05T22:17:00Z,1.18621,1.18678,1.18621,1.18678,706.97363774
Kraken:EURUSD,2020-08-05T22:21:00Z,1.18684,1.18705,1.18682,1.18705,451.14121838
Kraken:EURUSD,2020-08-05T22:22:00Z,1.18692,1.18692,1.1866,1.1866,520.48038021
Kraken:EURUSD,2020-08-05T22:23:00Z,1.1866,1.1866,1.18658,1.18658,102.9768
Kraken:EURUSD,2020-08-05T22:25:00Z,1.18701,1.18701,1.18701,1.18701,53.45696567
Kraken:EURUSD,2020-08-05T22:26:00Z,1.18695,1.18695,1.1861,1.1861,587.80181022
Kraken:EURUSD,2020-08-05T22:27:00Z,1.18663,1.18663,1.18663,1.18663,265.4158415
Kraken:EURUSD,2020-08-05T22:29:00Z,1.18663,1.18663,1.18656,1.18656,812.02226697
Kraken:EURUSD,2020-08-05T22:38:00Z,1.18663,1.18663,1.18663,1.18663,53.24190354
Kraken:EURUSD,2020-08-05T22:39:00Z,1.18663,1.18663,1.18663,1.18663,0.00006096
Kraken:EURUSD,2020-08-05T22:41:00Z,1.18695,1.18695,1.18689,1.18689,404.48042958
Kraken:EURUSD,2020-08-05T22:43:00Z,1.1869,1.1869,1.1869,1.1869,210.1408
Kraken:EURUSD,2020-08-05T22:45:00Z,1.1869,1.1869,1.18656,1.18656,315.5629092
Kraken:EURUSD,2020-08-05T22:47:00Z,1.18673,1.18673,1.18673,1.18673,153.79864573
Kraken:EURUSD,2020-08-05T22:48:00Z,1.18656,1.18656,1.18594,1.18594,1021.29644689
Kraken:EURUSD,2020-08-05T22:49:00Z,1.18668,1.18668,1.18668,1.18668,62.1491
Kraken:EURUSD,2020-08-05T22:51:00Z,1.18594,1.18615,1.1858,1.18615,2546.9308407
Kraken:EURUSD,2020-08-05T22:52:00Z,1.18668,1.18669,1.18668,1.18669,286.30165146
Kraken:EURUSD,2020-08-05T22:54:00Z,1.18668,1.18668,1.18668,1.18668,168.72282333
Kraken:EURUSD,2020-08-05T22:59:00Z,1.1867,1.18671,1.1867,1.18671,276.10015314
Kraken:EURUSD,2020-08-05T23:01:00Z,1.18594,1.18637,1.18594,1.18637,27115.76142142
Kraken:EURUSD,2020-08-05T23:03:00Z,1.18647,1.18647,1.18637,1.18637,845.48330495
Kraken:EURUSD,2020-08-05T23:05:00Z,1.18696,1.18696,1.18688,1.18688,169.30734089
Kraken:EURUSD,2020-08-05T23:06:00Z,1.1867,1.18682,1.1867,1.18682,2681.73991905
Kraken:EURUSD,2020-08-05T23:07:00Z,1.18673,1.18673,1.18673,1.18673,396.70337819
Kraken:EURUSD,2020-08-05T23:09:00Z,1.1869,1.18692,1.1869,1.18692,426.27006582
Kraken:EURUSD,2020-08-05T23:10:00Z,1.18657,1.18657,1.18656,1.18656,393.14620954
Kraken:EURUSD,2020-08-05T23:12:00Z,1.18676,1.18682,1.18637,1.18682,476.23256378
Kraken:EURUSD,2020-08-05T23:15:00Z,1.18669,1.18669,1.18669,1.18669,0.82
Kraken:EURUSD,2020-08-05T23:17:00Z,1.18637,1.18638,1.18637,1.18638,1933.47196542
Kraken:EURUSD,2020-08-05T23:22:00Z,1.18643,1.18643,1.18643,1.18643,73.4396868
Kraken:EURUSD,2020-08-05T23:23:00Z,1.18646,1.18646,1.18645,1.18645,303.9350607
Kraken:EURUSD,2020-08-05T23:24:00Z,1.18683,1.18687,1.18683,1.18687,169.47086728
Kraken:EURUSD,2020-08-05T23:25:00Z,1.18673,1.18724,1.18673,1.18698,349.1050972
Kraken:EURUSD,2020-08-05T23:28:00Z,1.18655,1.18655,1.18655,1.18655,174.0591666
Kraken:EURUSD,2020-08-05T23:32:00Z,1.18705,1.18705,1.18704,1.18704,937.3526081
Kraken:EURUSD,2020-08-05T23:36:00Z,1.18686,1.18689,1.18685,1.18689,362.97698091
Kraken:EURUSD,2020-08-05T23:37:00Z,1.18672,1.18672,1.18672,1.18672,17.57
Kraken:EURUSD,2020-08-05T23:38:00Z,1.18673,1.18673,1.18672,1.18672,114.5259594
Kraken:EURUSD,2020-08-05T23:41:00Z,1.1872,1.1872,1.18711,1.18711,602.04767941
Kraken:EURUSD,2020-08-05T23:42:00Z,1.18727,1.18727,1.18727,1.18727,438.49524288
Kraken:EURUSD,2020-08-05T23:43:00Z,1.18725,1.18725,1.18725,1.18725,249.63239938
Kraken:EURUSD,2020-08-05T23:44:00Z,1.18726,1.18726,1.18726,1.18726,294.78151373
Kraken:EURUSD,2020-08-05T23:45:00Z,1.18717,1.18717,1.18717,1.18717,78.73590134
Kraken:EURUSD,2020-08-05T23:50:00Z,1.18637,1.18637,1.18636,1.18636,139.2371
Kraken:EURUSD,2020-08-05T23:51:00Z,1.18696,1.187,1.18691,1.18692,6285.40499845
Kraken:EURUSD,2020-08-05T23:56:00Z,1.18684,1.18684,1.18656,1.18656,7531.31105172
Kraken:EURUSD,2020-08-05T23:58:00Z,1.1867,1.1867,1.1867,1.1867,142.1854
