Kraken:ADAUSD,2018-09-28T13:25:00Z,0.3,0.3,0.3,0.3,1
Kraken:ADAUSD,2018-09-28T13:45:00Z,0.3,0.3,0.3,0.3,124.99999949
Kraken:ADAUSD,2018-09-28T13:47:00Z,0.3,0.3,0.28,0.28,48.99999958
Kraken:ADAUSD,2018-09-28T14:00:00Z,0.301,0.301,0.301,0.301,181.71917936
Kraken:ADAUSD,2018-09-28T14:02:00Z,0.302,0.302,0.28,0.28,10549.11570354
Kraken:ADAUSD,2018-09-28T14:03:00Z,0.28,0.28,0.28,0.28,6548.78356597
Kraken:ADAUSD,2018-09-28T14:06:00Z,0.282,0.282,0.28,0.28,12097.68518309
Kraken:ADAUSD,2018-09-28T14:09:00Z,0.15,0.15,0.11,0.11,1.2E+3
Kraken:ADAUSD,2018-09-28T14:12:00Z,0.27,0.27,0.12,0.12,1874.3353442
Kraken:ADAUSD,2018-09-28T14:13:00Z,0.12,0.12,0.12,0.12,1237
Kraken:ADAUSD,2018-09-28T14:14:00Z,0.12,0.12,0.12,0.12,5983.44976196
Kraken:ADAUSD,2018-09-28T14:15:00Z,0.12,0.12,0.11,0.11,11859.065
Kraken:ADAUSD,2018-09-28T14:16:00Z,0.11,0.2,0.1,0.15,18064.74223905
Kraken:ADAUSD,2018-09-28T14:17:00Z,0.1,0.1,0.095,0.095,20878.5825179
Kraken:ADAUSD,2018-09-28T14:18:00Z,0.26,0.26,0.26,0.26,2
Kraken:ADAUSD,2018-09-28T14:19:00Z,0.095,0.095,0.095,0.095,962.70699999
Kraken:ADAUSD,2018-09-28T14:20:00Z,0.09,0.098,0.09,0.098,216
Kraken:ADAUSD,2018-09-28T14:22:00Z,0.097,0.097,0.0843,0.097,11200.94843378
Kraken:ADAUSD,2018-09-28T14:23:00Z,0.097,0.097,0.0843,0.097,10221.40282754
Kraken:ADAUSD,2018-09-28T14:24:00Z,0.097,0.1,0.097,0.1,271.07507414
Kraken:ADAUSD,2018-09-28T14:25:00Z,0.12,0.12,0.12,0.12,2
Kraken:ADAUSD,2018-09-28T14:26:00Z,0.12,0.12,0.09,0.09,1245
Kraken:ADAUSD,2018-09-28T14:27:00Z,0.1,0.12,0.1,0.12,3951.05599588
Kraken:ADAUSD,2018-09-28T14:29:00Z,0.09,0.09,0.09,0.09,3E+3
Kraken:ADAUSD,2018-09-28T14:32:00Z,0.09,0.09,0.09,0.09,16956.46710399
Kraken:ADAUSD,2018-09-28T14:34:00Z,0.1,0.119,0.09,0.091,4264.960043
Kraken:ADAUSD,2018-09-28T14:35:00Z,0.091,0.0951,0.09,0.09,6585.680137
Kraken:ADAUSD,2018-09-28T14:36:00Z,0.119,0.119,0.09,0.09,6030.57400544
Kraken:ADAUSD,2018-09-28T14:37:00Z,0.119,0.119,0.09,0.09,951
Kraken:ADAUSD,2018-09-28T14:38:00Z,0.119,0.119,0.092,0.092,2.5E+3
Kraken:ADAUSD,2018-09-28T14:39:00Z,0.092,0.12,0.092,0.12,34045.44997505
Kraken:ADAUSD,2018-09-28T14:40:00Z,0.119,0.119,0.119,0.119,1E+2
Kraken:ADAUSD,2018-09-28T14:41:00Z,0.119,0.119,0.119,0.119,3E+2
Kraken:ADAUSD,2018-09-28T14:42:00Z,0.09,0.09,0.09,0.09,2028.72531418
Kraken:ADAUSD,2018-09-28T14:43:00Z,0.1,0.1,0.1,0.1,2E+3
Kraken:ADAUSD,2018-09-28T14:46:00Z,0.1,0.1,0.1,0.1,2445
Kraken:ADAUSD,2018-09-28T14:47:00Z,0.109998,0.109998,0.109998,0.109998,1425.737898
Kraken:ADAUSD,2018-09-28T14:48:00Z,0.1098,0.109998,0.1098,0.109998,1.5E+3
Kraken:ADAUSD,2018-09-28T14:50:00Z,0.095008,0.1,0.095008,0.1,16050.16361494
Kraken:ADAUSD,2018-09-28T14:51:00Z,0.1,0.1,0.09,0.09,21925.01538506
Kraken:ADAUSD,2018-09-28T14:53:00Z,0.0991,0.11,0.0991,0.11,3.75E+4
Kraken:ADAUSD,2018-09-28T14:54:00Z,0.11,0.114,0.091,0.091,16118.19796951
Kraken:ADAUSD,2018-09-28T14:55:00Z,0.1,0.1,0.095,0.1,7712.846
Kraken:ADAUSD,2018-09-28T14:56:00Z,0.1,0.1,0.091,0.091,3082.8788822
Kraken:ADAUSD,2018-09-28T14:57:00Z,0.096,0.096,0.096,0.096,5E+2
Kraken:ADAUSD,2018-09-28T15:00:00Z,0.0959,0.0959,0.0959,0.0959,798.29186652
Kraken:ADAUSD,2018-09-28T15:01:00Z,0.096,0.096,0.096,0.096,1581.85912603
Kraken:ADAUSD,2018-09-28T15:02:00Z,0.096,0.099999,0.096,0.099999,1518.59387397
Kraken:ADAUSD,2018-09-28T15:03:00Z,0.096,0.099999,0.086,0.086,66980.4284
Kraken:ADAUSD,2018-09-28T15:06:00Z,0.09,0.099999,0.09,0.099999,26620.53
Kraken:ADAUSD,2018-09-28T15:07:00Z,0.092,0.098,0.092,0.098,20537.5082333
Kraken:ADAUSD,2018-09-28T15:08:00Z,0.09,0.098,0.09,0.098,49.79998769
Kraken:ADAUSD,2018-09-28T15:09:00Z,0.098,0.1,0.09799,0.1,50014
Kraken:ADAUSD,2018-09-28T15:10:00Z,0.1,0.1,0.1,0.1,5.8E+3
Kraken:ADAUSD,2018-09-28T15:11:00Z,0.099998,0.1,0.099998,0.1,25230.042
Kraken:ADAUSD,2018-09-28T15:12:00Z,0.099999,0.099999,0.099999,0.099999,2E+1
Kraken:ADAUSD,2018-09-28T15:13:00Z,0.099999,0.099999,0.099999,0.099999,2E+3
Kraken:ADAUSD,2018-09-28T15:14:00Z,0.0906,0.1,0.09,0.1,4.5E+4
Kraken:ADAUSD,2018-09-28T15:16:00Z,0.09999,0.09999,0.09999,0.09999,792.05020502
Kraken:ADAUSD,2018-09-28T15:17:00Z,0.098,0.098,0.098,0.098,41.681
Kraken:ADAUSD,2018-09-28T15:18:00Z,0.098,0.098,0.09,0.09,12099.9449995
Kraken:ADAUSD,2018-09-28T15:19:00Z,0.09,0.097999,0.0861,0.097999,27362.77277832
Kraken:ADAUSD,2018-09-28T15:20:00Z,0.097999,0.097999,0.097999,0.097999,8243
Kraken:ADAUSD,2018-09-28T15:21:00Z,0.097999,0.097999,0.09,0.09,1083.855
Kraken:ADAUSD,2018-09-28T15:22:00Z,0.093,0.097,0.093,0.097,11138.51173008
Kraken:ADAUSD,2018-09-28T15:23:00Z,0.088,0.088,0.088,0.088,8424.521894
Kraken:ADAUSD,2018-09-28T15:26:00Z,0.093,0.093,0.093,0.093,6526
Kraken:ADAUSD,2018-09-28T15:27:00Z,0.091,0.092,0.091,0.092,21955.65823006
Kraken:ADAUSD,2018-09-28T15:28:00Z,0.091999,0.0944,0.091999,0.0944,23540.00376985
Kraken:ADAUSD,2018-09-28T15:29:00Z,0.092,0.097,0.092,0.097,47739.22686666
Kraken:ADAUSD,2018-09-28T15:30:00Z,0.0944,0.095,0.0944,0.095,38557.5720339
Kraken:ADAUSD,2018-09-28T15:31:00Z,0.095,0.095,0.095,0.095,4.23E+3
Kraken:ADAUSD,2018-09-28T15:32:00Z,0.095,0.095,0.095,0.095,2E+2
Kraken:ADAUSD,2018-09-28T15:33:00Z,0.095,0.095,0.095,0.095,2.2E+3
Kraken:ADAUSD,2018-09-28T15:34:00Z,0.092,0.095,0.092,0.092,13044.28869289
Kraken:ADAUSD,2018-09-28T15:35:00Z,0.092,0.095,0.092,0.092,40642.60555847
Kraken:ADAUSD,2018-09-28T15:36:00Z,0.092,0.092,0.092,0.092,2379.55
Kraken:ADAUSD,2018-09-28T15:40:00Z,0.092,0.092,0.092,0.092,1097.82608695
Kraken:ADAUSD,2018-09-28T15:41:00Z,0.0919,0.0919,0.0919,0.0919,3549.77958918
Kraken:ADAUSD,2018-09-28T15:42:00Z,0.0919,0.0919,0.09,0.09,1834.85015762
Kraken:ADAUSD,2018-09-28T15:44:00Z,0.09,0.09,0.088,0.088,138.77777777
Kraken:ADAUSD,2018-09-28T15:45:00Z,0.088,0.09,0.088,0.09,18658.75777143
Kraken:ADAUSD,2018-09-28T15:48:00Z,0.09,0.097,0.09,0.097,5E+4
Kraken:ADAUSD,2018-09-28T15:54:00Z,0.087001,0.087001,0.087,0.087,13913.204261
Kraken:ADAUSD,2018-09-28T15:55:00Z,0.087,0.087,0.087,0.087,2765.13908046
Kraken:ADAUSD,2018-09-28T15:56:00Z,0.088,0.088,0.088,0.088,1.25E+4
Kraken:ADAUSD,2018-09-28T15:57:00Z,0.0865,0.0865,0.0865,0.0865,3.5E+4
Kraken:ADAUSD,2018-09-28T15:58:00Z,0.089,0.09,0.088,0.09,10738.04723309
Kraken:ADAUSD,2018-09-28T16:00:00Z,0.09,0.091,0.09,0.091,6E+3
Kraken:ADAUSD,2018-09-28T16:04:00Z,0.088,0.088,0.088,0.088,1E+4
Kraken:ADAUSD,2018-09-28T16:05:00Z,0.0888,0.0888,0.0888,0.0888,5634.10698198
Kraken:ADAUSD,2018-09-28T16:07:00Z,0.0887,0.0887,0.0887,0.0887,1388
Kraken:ADAUSD,2018-09-28T16:09:00Z,0.0886,0.0887,0.0886,0.0887,2175.04577207
Kraken:ADAUSD,2018-09-28T16:10:00Z,0.0861,0.0861,0.0858,0.0858,59000.875
Kraken:ADAUSD,2018-09-28T16:12:00Z,0.0887,0.091,0.0887,0.091,56873.75422049
Kraken:ADAUSD,2018-09-28T16:13:00Z,0.09,0.09,0.09,0.09,878.52775577
Kraken:ADAUSD,2018-09-28T16:14:00Z,0.09,0.09,0.09,0.09,371.47224423
Kraken:ADAUSD,2018-09-28T16:16:00Z,0.085814,0.085814,0.085814,0.085814,5999
Kraken:ADAUSD,2018-09-28T16:18:00Z,0.0915,0.0915,0.0915,0.0915,58.548009
Kraken:ADAUSD,2018-09-28T16:20:00Z,0.09149,0.09149,0.09149,0.09149,1923.84304296
Kraken:ADAUSD,2018-09-28T16:22:00Z,0.090994,0.090994,0.090994,0.090994,4E+3
Kraken:ADAUSD,2018-09-28T16:26:00Z,0.089998,0.089998,0.089998,0.089998,6E+1
Kraken:ADAUSD,2018-09-28T16:28:00Z,0.089998,0.089998,0.089998,0.089998,632.875175
Kraken:ADAUSD,2018-09-28T16:33:00Z,0.0889,0.0889,0.0889,0.0889,2
Kraken:ADAUSD,2018-09-28T16:34:00Z,0.086001,0.086001,0.086001,0.086001,298.99999479
Kraken:ADAUSD,2018-09-28T16:35:00Z,0.0888,0.0888,0.0888,0.0888,5.1E+3
Kraken:ADAUSD,2018-09-28T16:42:00Z,0.086001,0.086001,0.0858,0.0858,11863
Kraken:ADAUSD,2018-09-28T16:44:00Z,0.085801,0.085801,0.0856,0.0856,43947.88709656
Kraken:ADAUSD,2018-09-28T16:45:00Z,0.0856,0.0856,0.0851,0.0851,42504.71390191
Kraken:ADAUSD,2018-09-28T16:47:00Z,0.0851,0.0851,0.085,0.085,5E+4
Kraken:ADAUSD,2018-09-28T16:48:00Z,0.085,0.085,0.085,0.085,82034.8
Kraken:ADAUSD,2018-09-28T16:49:00Z,0.085,0.085594,0.085,0.085594,7142.13745623
Kraken:ADAUSD,2018-09-28T16:51:00Z,0.085593,0.085593,0.0848,0.0848,83435.1
Kraken:ADAUSD,2018-09-28T16:52:00Z,0.0848,0.0848,0.0848,0.0848,10918.7
Kraken:ADAUSD,2018-09-28T16:57:00Z,0.084801,0.087,0.084574,0.086997,52222.5178705
Kraken:ADAUSD,2018-09-28T16:58:00Z,0.086985,0.086985,0.086985,0.086985,199
Kraken:ADAUSD,2018-09-28T17:00:00Z,0.086954,0.086954,0.086954,0.086954,1.75E+3
Kraken:ADAUSD,2018-09-28T17:02:00Z,0.084575,0.084575,0.084575,0.084575,3286.03925913
Kraken:ADAUSD,2018-09-28T17:07:00Z,0.086947,0.086948,0.086942,0.086942,13652.14625843
Kraken:ADAUSD,2018-09-28T17:08:00Z,0.08499,0.08499,0.08499,0.08499,930.29788401
Kraken:ADAUSD,2018-09-28T17:10:00Z,0.085499,0.085499,0.085499,0.085499,1505
Kraken:ADAUSD,2018-09-28T17:12:00Z,0.085498,0.085498,0.084745,0.084745,843.49217195
Kraken:ADAUSD,2018-09-28T17:14:00Z,0.085495,0.085495,0.085495,0.085495,920.3343
Kraken:ADAUSD,2018-09-28T17:17:00Z,0.085495,0.085495,0.085495,0.085495,25.9
Kraken:ADAUSD,2018-09-28T17:18:00Z,0.085494,0.085494,0.085494,0.085494,4E+2
Kraken:ADAUSD,2018-09-28T17:21:00Z,0.084944,0.085495,0.084943,0.085495,12533.40223635
Kraken:ADAUSD,2018-09-28T17:22:00Z,0.085495,0.085496,0.085495,0.085496,5005.005005
Kraken:ADAUSD,2018-09-28T17:23:00Z,0.085496,0.085496,0.085496,0.085496,10100.88667737
Kraken:ADAUSD,2018-09-28T17:24:00Z,0.0855,0.0855,0.0855,0.0855,4E+3
Kraken:ADAUSD,2018-09-28T17:25:00Z,0.086996,0.086996,0.086996,0.086996,1E+2
Kraken:ADAUSD,2018-09-28T17:26:00Z,0.086991,0.086991,0.086991,0.086991,1
Kraken:ADAUSD,2018-09-28T17:27:00Z,0.086799,0.0868,0.086799,0.0868,10555
Kraken:ADAUSD,2018-09-28T17:29:00Z,0.086786,0.0878,0.086786,0.0878,1.5E+4
Kraken:ADAUSD,2018-09-28T17:32:00Z,0.086784,0.086784,0.086784,0.086784,6.1E+2
Kraken:ADAUSD,2018-09-28T17:35:00Z,0.087699,0.087699,0.087699,0.087699,233
Kraken:ADAUSD,2018-09-28T17:37:00Z,0.086995,0.087,0.086995,0.087,1.005E+4
Kraken:ADAUSD,2018-09-28T17:38:00Z,0.085501,0.085501,0.085001,0.085001,17983.16725146
Kraken:ADAUSD,2018-09-28T17:39:00Z,0.087697,0.087697,0.085013,0.085013,12239.88634617
Kraken:ADAUSD,2018-09-28T17:40:00Z,0.085694,0.085694,0.085694,0.085694,5E+2
Kraken:ADAUSD,2018-09-28T17:43:00Z,0.085646,0.085647,0.085646,0.085647,13333
Kraken:ADAUSD,2018-09-28T17:45:00Z,0.085609,0.08561,0.085609,0.08561,1.17E+4
Kraken:ADAUSD,2018-09-28T17:48:00Z,0.08515,0.085676,0.0851,0.085676,21730.87931844
Kraken:ADAUSD,2018-09-28T17:50:00Z,0.085656,0.085656,0.085,0.085,15843.72140201
Kraken:ADAUSD,2018-09-28T17:51:00Z,0.085,0.085,0.085,0.085,21072.51741536
Kraken:ADAUSD,2018-09-28T17:52:00Z,0.085,0.085,0.085,0.085,8473.95983244
Kraken:ADAUSD,2018-09-28T17:53:00Z,0.085,0.085,0.085,0.085,8060.99940281
Kraken:ADAUSD,2018-09-28T17:54:00Z,0.085,0.085643,0.085,0.085643,17435.9760065
Kraken:ADAUSD,2018-09-28T17:55:00Z,0.085643,0.085643,0.085643,0.085643,2527.7265065
Kraken:ADAUSD,2018-09-28T18:00:00Z,0.085643,0.085643,0.085,0.085,43779.59815205
Kraken:ADAUSD,2018-09-28T18:01:00Z,0.085,0.085,0.085,0.085,1445.08061823
Kraken:ADAUSD,2018-09-28T18:02:00Z,0.085,0.085,0.084902,0.085,18839.30324027
Kraken:ADAUSD,2018-09-28T18:03:00Z,0.085,0.085,0.085,0.085,2084.79505144
Kraken:ADAUSD,2018-09-28T18:04:00Z,0.085,0.085,0.085,0.085,31.1751155
Kraken:ADAUSD,2018-09-28T18:05:00Z,0.085,0.085,0.085,0.085,5844.65882353
Kraken:ADAUSD,2018-09-28T18:06:00Z,0.084903,0.084904,0.084903,0.084904,12935.31827615
Kraken:ADAUSD,2018-09-28T18:12:00Z,0.084902,0.084902,0.084601,0.084601,214.957
Kraken:ADAUSD,2018-09-28T18:19:00Z,0.084601,0.085149,0.084601,0.084601,3044.87808979
Kraken:ADAUSD,2018-09-28T18:22:00Z,0.085113,0.085113,0.085105,0.085105,10013.62894035
Kraken:ADAUSD,2018-09-28T18:23:00Z,0.0847,0.0847,0.0847,0.0847,2E+4
Kraken:ADAUSD,2018-09-28T18:24:00Z,0.084601,0.084601,0.084601,0.084601,4586.92062651
Kraken:ADAUSD,2018-09-28T18:26:00Z,0.084601,0.084989,0.084601,0.084601,58788.63280489
Kraken:ADAUSD,2018-09-28T18:27:00Z,0.084601,0.084601,0.0846,0.0846,60003.22957541
Kraken:ADAUSD,2018-09-28T18:28:00Z,0.0846,0.0846,0.0846,0.0846,21.1424882
Kraken:ADAUSD,2018-09-28T18:29:00Z,0.084987,0.085,0.084987,0.085,134333.99235486
Kraken:ADAUSD,2018-09-28T18:30:00Z,0.085,0.085,0.085,0.085,32249.98474774
Kraken:ADAUSD,2018-09-28T18:31:00Z,0.085,0.085,0.085,0.085,11733.93517647
Kraken:ADAUSD,2018-09-28T18:32:00Z,0.085,0.085,0.085,0.085,51713.30546422
Kraken:ADAUSD,2018-09-28T18:35:00Z,0.085236,0.085236,0.085236,0.085236,7
Kraken:ADAUSD,2018-09-28T18:40:00Z,0.085001,0.085212,0.085001,0.085212,16144.29952194
Kraken:ADAUSD,2018-09-28T18:41:00Z,0.085037,0.085037,0.085037,0.085037,4.42513258
Kraken:ADAUSD,2018-09-28T18:42:00Z,0.085037,0.085037,0.085037,0.085037,6235.11883061
Kraken:ADAUSD,2018-09-28T18:43:00Z,0.085037,0.085037,0.085037,0.085037,367.337546
Kraken:ADAUSD,2018-09-28T18:44:00Z,0.085037,0.0852,0.085037,0.0852,2421.21157417
Kraken:ADAUSD,2018-09-28T18:45:00Z,0.085,0.085,0.085,0.085,1E+4
Kraken:ADAUSD,2018-09-28T18:46:00Z,0.0852,0.0852,0.0852,0.0852,57.98585046
Kraken:ADAUSD,2018-09-28T18:48:00Z,0.087751,0.088,0.085001,0.085001,30588.00261173
Kraken:ADAUSD,2018-09-28T18:49:00Z,0.085,0.085,0.084601,0.084603,38383.63247229
Kraken:ADAUSD,2018-09-28T18:50:00Z,0.0846,0.085,0.0845,0.085,99140.91364255
Kraken:ADAUSD,2018-09-28T18:51:00Z,0.085,0.085428,0.085,0.085,94649.1582745
Kraken:ADAUSD,2018-09-28T18:52:00Z,0.085,0.085,0.085,0.085,22023.29999999
Kraken:ADAUSD,2018-09-28T18:53:00Z,0.085,0.085,0.085,0.085,94202.70564697
Kraken:ADAUSD,2018-09-28T18:54:00Z,0.085,0.085406,0.085,0.085,59857.92243599
Kraken:ADAUSD,2018-09-28T18:55:00Z,0.085511,0.085511,0.085511,0.085511,1.5E+3
Kraken:ADAUSD,2018-09-28T19:02:00Z,0.0847,0.0847,0.0847,0.0847,236.6
Kraken:ADAUSD,2018-09-28T19:03:00Z,0.085443,0.085444,0.085443,0.085444,1.5E+4
Kraken:ADAUSD,2018-09-28T19:06:00Z,0.085082,0.085082,0.084505,0.084505,1.104E+4
Kraken:ADAUSD,2018-09-28T19:09:00Z,0.084506,0.084507,0.084506,0.084507,1888.8
Kraken:ADAUSD,2018-09-28T19:10:00Z,0.084508,0.084508,0.084508,0.084508,11820.81211246
Kraken:ADAUSD,2018-09-28T19:11:00Z,0.084509,0.08451,0.084509,0.08451,12766.93236303
Kraken:ADAUSD,2018-09-28T19:12:00Z,0.084511,0.084511,0.084511,0.084511,11820.39249328
Kraken:ADAUSD,2018-09-28T19:13:00Z,0.084512,0.084515,0.084501,0.084501,40741.06904804
Kraken:ADAUSD,2018-09-28T19:14:00Z,0.084502,0.084502,0.0845,0.084502,20344.26763521
Kraken:ADAUSD,2018-09-28T19:15:00Z,0.08451,0.08451,0.084502,0.084502,822.466
Kraken:ADAUSD,2018-09-28T19:16:00Z,0.084502,0.084502,0.084301,0.084303,35376.54986417
Kraken:ADAUSD,2018-09-28T19:17:00Z,0.084304,0.084512,0.084,0.084133,47181.43385057
Kraken:ADAUSD,2018-09-28T19:18:00Z,0.084001,0.084005,0.084001,0.084005,34576.48501287
Kraken:ADAUSD,2018-09-28T19:19:00Z,0.084001,0.084001,0.083557,0.083558,53470.76338184
Kraken:ADAUSD,2018-09-28T19:20:00Z,0.083559,0.083559,0.083,0.083,2.5E+4
Kraken:ADAUSD,2018-09-28T19:21:00Z,0.083155,0.083616,0.083001,0.083614,30563.39093795
Kraken:ADAUSD,2018-09-28T19:22:00Z,0.083001,0.083002,0.083,0.083,61720.26731425
Kraken:ADAUSD,2018-09-28T19:23:00Z,0.083,0.083276,0.0824,0.083276,55907.98331685
Kraken:ADAUSD,2018-09-28T19:25:00Z,0.083305,0.083305,0.083305,0.083305,6.5
Kraken:ADAUSD,2018-09-28T19:27:00Z,0.083012,0.083012,0.08215,0.082841,872.29998766
Kraken:ADAUSD,2018-09-28T19:30:00Z,0.084,0.084,0.084,0.084,4E+3
Kraken:ADAUSD,2018-09-28T19:31:00Z,0.083819,0.083819,0.083819,0.083819,2274.00350756
Kraken:ADAUSD,2018-09-28T19:32:00Z,0.083819,0.083819,0.083819,0.083819,776
Kraken:ADAUSD,2018-09-28T19:33:00Z,0.083636,0.083636,0.083636,0.083636,1E+3
Kraken:ADAUSD,2018-09-28T19:37:00Z,0.083636,0.083636,0.083636,0.083636,999.67041948
Kraken:ADAUSD,2018-09-28T19:38:00Z,0.083687,0.083687,0.083636,0.083636,9350.32958052
Kraken:ADAUSD,2018-09-28T19:42:00Z,0.084069,0.084678,0.084069,0.084678,2703
Kraken:ADAUSD,2018-09-28T19:43:00Z,0.08492,0.085,0.08492,0.085,55
Kraken:ADAUSD,2018-09-28T19:46:00Z,0.084885,0.084885,0.084885,0.084885,6132
Kraken:ADAUSD,2018-09-28T19:47:00Z,0.085,0.085,0.085,0.085,5.06E+3
Kraken:ADAUSD,2018-09-28T19:49:00Z,0.084999,0.085,0.084999,0.085,26761.01601601
Kraken:ADAUSD,2018-09-28T19:50:00Z,0.085,0.085,0.085,0.085,2899.96796796
Kraken:ADAUSD,2018-09-28T19:51:00Z,0.085,0.085,0.085,0.085,33.411764
Kraken:ADAUSD,2018-09-28T19:52:00Z,0.085,0.085,0.085,0.085,6363.60425203
Kraken:ADAUSD,2018-09-28T19:55:00Z,0.085029,0.085554,0.085029,0.085554,5800.58470588
Kraken:ADAUSD,2018-09-28T20:02:00Z,0.08556,0.08556,0.08556,0.08556,292.19261337
Kraken:ADAUSD,2018-09-28T20:03:00Z,0.085434,0.085435,0.085434,0.085435,2301.001001
Kraken:ADAUSD,2018-09-28T20:04:00Z,0.085531,0.085531,0.085531,0.085531,6416
Kraken:ADAUSD,2018-09-28T20:05:00Z,0.085531,0.085531,0.085531,0.085531,7E+2
Kraken:ADAUSD,2018-09-28T20:06:00Z,0.0849,0.0849,0.0849,0.0849,588.92815
Kraken:ADAUSD,2018-09-28T20:17:00Z,0.085655,0.085655,0.085655,0.085655,487.01184986
Kraken:ADAUSD,2018-09-28T20:23:00Z,0.085711,0.085711,0.085711,0.085711,7.45
Kraken:ADAUSD,2018-09-28T20:24:00Z,0.08571,0.08571,0.08571,0.08571,75.666666
Kraken:ADAUSD,2018-09-28T20:41:00Z,0.084739,0.084739,0.084739,0.084739,5269.44028133
Kraken:ADAUSD,2018-09-28T20:46:00Z,0.085227,0.085227,0.085227,0.085227,587
Kraken:ADAUSD,2018-09-28T20:47:00Z,0.085363,0.085363,0.085363,0.085363,75
Kraken:ADAUSD,2018-09-28T20:56:00Z,0.085484,0.085484,0.085484,0.085484,175
Kraken:ADAUSD,2018-09-28T21:00:00Z,0.085469,0.085469,0.085467,0.085467,5342
Kraken:ADAUSD,2018-09-28T21:06:00Z,0.085,0.085405,0.085,0.085405,1.8E+3
Kraken:ADAUSD,2018-09-28T21:11:00Z,0.085,0.085087,0.085,0.085087,6468.62035329
Kraken:ADAUSD,2018-09-28T21:14:00Z,0.08508,0.08508,0.08508,0.08508,2954.78725905
Kraken:ADAUSD,2018-09-28T21:17:00Z,0.084919,0.085046,0.0849,0.0849,30948.32615354
Kraken:ADAUSD,2018-09-28T21:19:00Z,0.084921,0.084921,0.084921,0.084921,5E+2
Kraken:ADAUSD,2018-09-28T21:20:00Z,0.084788,0.084789,0.084788,0.084789,1.05E+4
Kraken:ADAUSD,2018-09-28T21:21:00Z,0.0841,0.0841,0.0841,0.0841,594.530321
Kraken:ADAUSD,2018-09-28T21:24:00Z,0.08465,0.08465,0.08465,0.08465,2E+2
Kraken:ADAUSD,2018-09-28T21:25:00Z,0.084,0.084,0.084,0.084,245
Kraken:ADAUSD,2018-09-28T21:26:00Z,0.084,0.084,0.084,0.084,64.762
Kraken:ADAUSD,2018-09-28T21:31:00Z,0.083637,0.083637,0.083637,0.083637,1761.35904248
Kraken:ADAUSD,2018-09-28T21:35:00Z,0.084,0.084,0.084,0.084,879.35714286
Kraken:ADAUSD,2018-09-28T21:42:00Z,0.084,0.084,0.084,0.084,132.3
Kraken:ADAUSD,2018-09-28T21:47:00Z,0.084,0.084,0.084,0.084,50295.765857
Kraken:ADAUSD,2018-09-28T21:51:00Z,0.0844,0.084524,0.0844,0.084524,1.3E+2
Kraken:ADAUSD,2018-09-28T21:55:00Z,0.0844,0.0844,0.0844,0.0844,7.2E+2
Kraken:ADAUSD,2018-09-28T21:56:00Z,0.0844,0.084402,0.0844,0.084402,5253.26129618
Kraken:ADAUSD,2018-09-28T21:58:00Z,0.0844,0.0844,0.0844,0.0844,333
Kraken:ADAUSD,2018-09-28T22:28:00Z,0.0844,0.0844,0.0844,0.0844,1.5E+4
Kraken:ADAUSD,2018-09-28T22:29:00Z,0.0844,0.084648,0.0844,0.084648,2.5E+4
Kraken:ADAUSD,2018-09-28T22:33:00Z,0.084647,0.084988,0.084647,0.084988,4309.26994391
Kraken:ADAUSD,2018-09-28T22:44:00Z,0.0845,0.0845,0.0845,0.0845,101.83905325
Kraken:ADAUSD,2018-09-28T22:45:00Z,0.084103,0.084103,0.084101,0.084101,11873.87825827
Kraken:ADAUSD,2018-09-28T22:48:00Z,0.084101,0.084101,0.084101,0.084101,1558.645794
Kraken:ADAUSD,2018-09-28T22:55:00Z,0.084101,0.084101,0.084101,0.084101,18624.85126455
Kraken:ADAUSD,2018-09-28T23:07:00Z,0.084399,0.084399,0.084399,0.084399,3E+3
Kraken:ADAUSD,2018-09-28T23:10:00Z,0.084101,0.084101,0.084101,0.084101,2318.6
Kraken:ADAUSD,2018-09-28T23:21:00Z,0.0839,0.0839,0.0839,0.0839,9E+3
Kraken:ADAUSD,2018-09-28T23:23:00Z,0.083701,0.083701,0.0837,0.0837,1E+4
Kraken:ADAUSD,2018-09-28T23:24:00Z,0.084499,0.084499,0.084499,0.084499,4E+2
Kraken:ADAUSD,2018-09-28T23:29:00Z,0.084299,0.084299,0.084199,0.084199,6112.55175032
Kraken:ADAUSD,2018-09-28T23:37:00Z,0.084699,0.084699,0.084699,0.084699,2E+3
Kraken:ADAUSD,2018-09-28T23:49:00Z,0.084599,0.084599,0.084599,0.084599,5E+3
Kraken:ADAUSD,2018-09-28T23:53:00Z,0.084199,0.084199,0.084199,0.084199,1E+1
Kraken:ADAUSD,2018-09-28T23:56:00Z,0.084199,0.084499,0.084199,0.084499,3569.7
Kraken:ADAUSD,2018-09-28T23:58:00Z,0.084199,0.084199,0.084,0.084,23584.92680676
Kraken:ADAUSD,2018-09-29T00:01:00Z,0.083999,0.083999,0.083999,0.083999,1E+3
Kraken:ADAUSD,2018-09-29T00:03:00Z,0.083636,0.083636,0.0835,0.0835,1031.52145093
Kraken:ADAUSD,2018-09-29T00:07:00Z,0.083,0.083,0.083,0.083,1.5E+3
Kraken:ADAUSD,2018-09-29T00:09:00Z,0.082801,0.082801,0.0828,0.082801,1858.492
Kraken:ADAUSD,2018-09-29T00:13:00Z,0.083494,0.083494,0.083494,0.083494,4E+1
Kraken:ADAUSD,2018-09-29T00:14:00Z,0.083752,0.083752,0.083752,0.083752,24
Kraken:ADAUSD,2018-09-29T00:16:00Z,0.083407,0.083407,0.0828,0.0828,32034.1
Kraken:ADAUSD,2018-09-29T00:21:00Z,0.0828,0.083099,0.0826,0.083099,5434.7
Kraken:ADAUSD,2018-09-29T00:23:00Z,0.083199,0.084747,0.083199,0.084747,14877.19177954
Kraken:ADAUSD,2018-09-29T00:26:00Z,0.0832,0.0832,0.0832,0.0832,125
Kraken:ADAUSD,2018-09-29T00:30:00Z,0.08276,0.08276,0.08276,0.08276,19887.6
Kraken:ADAUSD,2018-09-29T00:31:00Z,0.08276,0.08276,0.0825,0.0825,1512.4
Kraken:ADAUSD,2018-09-29T00:33:00Z,0.083499,0.084746,0.083499,0.084746,1.8E+4
Kraken:ADAUSD,2018-09-29T00:34:00Z,0.0834,0.0834,0.0833,0.0833,12459.31294964
Kraken:ADAUSD,2018-09-29T00:37:00Z,0.0834,0.0834,0.0834,0.0834,5
Kraken:ADAUSD,2018-09-29T00:48:00Z,0.0836,0.0836,0.0836,0.0836,663.28110048
Kraken:ADAUSD,2018-09-29T00:49:00Z,0.083,0.083,0.083,0.083,241.1
Kraken:ADAUSD,2018-09-29T00:54:00Z,0.083879,0.083879,0.083,0.083,13499.99999984
Kraken:ADAUSD,2018-09-29T01:02:00Z,0.083,0.083,0.083,0.083,18789
Kraken:ADAUSD,2018-09-29T01:07:00Z,0.0831,0.0831,0.083,0.083,117.17451244
Kraken:ADAUSD,2018-09-29T01:08:00Z,0.083,0.083,0.083,0.083,1E+3
Kraken:ADAUSD,2018-09-29T01:11:00Z,0.083,0.083,0.083,0.083,1E+3
Kraken:ADAUSD,2018-09-29T01:16:00Z,0.0829,0.0829,0.0829,0.0829,3994.578313
Kraken:ADAUSD,2018-09-29T01:19:00Z,0.0829,0.0829,0.0829,0.0829,1200.22557298
Kraken:ADAUSD,2018-09-29T01:20:00Z,0.0829,0.0829,0.0829,0.0829,759
Kraken:ADAUSD,2018-09-29T01:23:00Z,0.0825,0.0825,0.0825,0.0825,3386.0566
Kraken:ADAUSD,2018-09-29T01:24:00Z,0.0825,0.0825,0.0825,0.0825,9184.62280072
Kraken:ADAUSD,2018-09-29T01:27:00Z,0.0822,0.0822,0.082173,0.082173,26999.99999966
Kraken:ADAUSD,2018-09-29T01:28:00Z,0.0823,0.0823,0.0823,0.0823,592.379
Kraken:ADAUSD,2018-09-29T01:29:00Z,0.08215,0.08215,0.08215,0.08215,11500.00000872
Kraken:ADAUSD,2018-09-29T01:32:00Z,0.082,0.082,0.0818,0.0818,7495.38566
Kraken:ADAUSD,2018-09-29T01:51:00Z,0.082599,0.082599,0.082599,0.082599,7.5E+3
Kraken:ADAUSD,2018-09-29T01:53:00Z,0.08104,0.08104,0.080924,0.08104,52849.144
Kraken:ADAUSD,2018-09-29T02:20:00Z,0.0825,0.082599,0.0825,0.082599,2.7E+4
Kraken:ADAUSD,2018-09-29T02:30:00Z,0.0822,0.0822,0.0822,0.0822,5E+2
Kraken:ADAUSD,2018-09-29T02:38:00Z,0.0822,0.0822,0.0822,0.0822,1E+3
Kraken:ADAUSD,2018-09-29T02:44:00Z,0.082299,0.082299,0.082299,0.082299,1100.437
Kraken:ADAUSD,2018-09-29T02:54:00Z,0.0825,0.0825,0.0825,0.0825,1E+3
Kraken:ADAUSD,2018-09-29T02:56:00Z,0.0825,0.0825,0.0824,0.0824,2106.7961165
Kraken:ADAUSD,2018-09-29T03:03:00Z,0.082495,0.082495,0.082495,0.082495,286.987951
Kraken:ADAUSD,2018-09-29T03:09:00Z,0.082697,0.082697,0.082697,0.082697,3.4E+3
Kraken:ADAUSD,2018-09-29T03:11:00Z,0.081999,0.081999,0.081999,0.081999,445.903614
Kraken:ADAUSD,2018-09-29T03:20:00Z,0.081899,0.081899,0.081899,0.081899,1.2E+2
Kraken:ADAUSD,2018-09-29T03:30:00Z,0.082099,0.082099,0.082099,0.082099,5E+2
Kraken:ADAUSD,2018-09-29T03:31:00Z,0.081301,0.081301,0.081301,0.081301,119.99999791
Kraken:ADAUSD,2018-09-29T03:43:00Z,0.082099,0.082099,0.082099,0.082099,6988
Kraken:ADAUSD,2018-09-29T03:50:00Z,0.082037,0.082037,0.082037,0.082037,35
Kraken:ADAUSD,2018-09-29T03:51:00Z,0.0821,0.0821,0.0821,0.0821,1E+3
Kraken:ADAUSD,2018-09-29T03:52:00Z,0.082037,0.082037,0.082037,0.082037,1E+4
Kraken:ADAUSD,2018-09-29T03:56:00Z,0.081799,0.081799,0.081799,0.081799,587
Kraken:ADAUSD,2018-09-29T03:59:00Z,0.082195,0.082195,0.082195,0.082195,2
Kraken:ADAUSD,2018-09-29T04:00:00Z,0.081798,0.081798,0.081798,0.081798,1E+3
Kraken:ADAUSD,2018-09-29T04:01:00Z,0.082099,0.082099,0.082099,0.082099,6.9E+3
Kraken:ADAUSD,2018-09-29T04:08:00Z,0.081101,0.081101,0.081101,0.081101,5497.99999975
Kraken:ADAUSD,2018-09-29T04:19:00Z,0.081799,0.081799,0.081799,0.081799,612
Kraken:ADAUSD,2018-09-29T04:42:00Z,0.082199,0.082199,0.082199,0.082199,1.5
Kraken:ADAUSD,2018-09-29T04:45:00Z,0.082499,0.082661,0.082499,0.082661,1.1E+4
Kraken:ADAUSD,2018-09-29T05:00:00Z,0.0822,0.0822,0.0822,0.0822,5E+1
Kraken:ADAUSD,2018-09-29T05:06:00Z,0.082099,0.082603,0.082099,0.082603,7493.98455029
Kraken:ADAUSD,2018-09-29T05:17:00Z,0.0824,0.0824,0.0824,0.0824,29.89065014
Kraken:ADAUSD,2018-09-29T05:23:00Z,0.0825,0.0825,0.081679,0.081679,393.6
Kraken:ADAUSD,2018-09-29T05:24:00Z,0.0826,0.0826,0.0826,0.0826,2.7E+3
Kraken:ADAUSD,2018-09-29T05:35:00Z,0.0826,0.0826,0.0826,0.0826,6E+1
Kraken:ADAUSD,2018-09-29T05:46:00Z,0.082407,0.082407,0.082407,0.082407,1E+2
Kraken:ADAUSD,2018-09-29T05:54:00Z,0.0821,0.082407,0.081555,0.081555,60613.69997471
Kraken:ADAUSD,2018-09-29T06:27:00Z,0.0823,0.0823,0.0823,0.0823,12956.86512758
Kraken:ADAUSD,2018-09-29T06:45:00Z,0.082,0.082,0.082,0.082,2.4E+2
Kraken:ADAUSD,2018-09-29T06:48:00Z,0.0821,0.0821,0.0821,0.0821,46
Kraken:ADAUSD,2018-09-29T07:01:00Z,0.082499,0.082499,0.082499,0.082499,1E+3
Kraken:ADAUSD,2018-09-29T07:04:00Z,0.0824,0.0824,0.0824,0.0824,2.5E+2
Kraken:ADAUSD,2018-09-29T07:10:00Z,0.082599,0.083703,0.082599,0.083703,33333
Kraken:ADAUSD,2018-09-29T07:14:00Z,0.0826,0.0826,0.0826,0.0826,1597.350154
Kraken:ADAUSD,2018-09-29T07:17:00Z,0.0827,0.0827,0.0827,0.0827,560.41596131
Kraken:ADAUSD,2018-09-29T07:27:00Z,0.08255,0.08255,0.08255,0.08255,1E+3
Kraken:ADAUSD,2018-09-29T07:39:00Z,0.083433,0.083433,0.083433,0.083433,4.6E+3
Kraken:ADAUSD,2018-09-29T07:49:00Z,0.0833,0.0833,0.0833,0.0833,1.28E+3
Kraken:ADAUSD,2018-09-29T08:06:00Z,0.0839,0.0839,0.0839,0.0839,2.5E+4
Kraken:ADAUSD,2018-09-29T08:07:00Z,0.0839,0.0839,0.0839,0.0839,7936.68533969
Kraken:ADAUSD,2018-09-29T08:17:00Z,0.084377,0.084377,0.084377,0.084377,5E+2
Kraken:ADAUSD,2018-09-29T08:19:00Z,0.083251,0.083251,0.083251,0.083251,2694.07304417
Kraken:ADAUSD,2018-09-29T08:28:00Z,0.0839,0.084,0.0839,0.084,3.75E+3
Kraken:ADAUSD,2018-09-29T08:30:00Z,0.083024,0.083024,0.083024,0.083024,166.79391975
Kraken:ADAUSD,2018-09-29T08:31:00Z,0.083699,0.083699,0.083699,0.083699,1.2E+4
Kraken:ADAUSD,2018-09-29T08:42:00Z,0.08369,0.08369,0.08369,0.08369,5.85494085
Kraken:ADAUSD,2018-09-29T08:43:00Z,0.083799,0.083799,0.083799,0.083799,582.30289144
Kraken:ADAUSD,2018-09-29T08:46:00Z,0.083,0.083,0.083,0.083,1.2E+4
Kraken:ADAUSD,2018-09-29T08:56:00Z,0.08399,0.08399,0.083899,0.083899,3085.15478033
Kraken:ADAUSD,2018-09-29T08:57:00Z,0.0838,0.0838,0.0838,0.0838,2.2E+3
Kraken:ADAUSD,2018-09-29T09:11:00Z,0.084417,0.084417,0.084417,0.084417,1.8E+3
Kraken:ADAUSD,2018-09-29T09:13:00Z,0.083328,0.083328,0.083328,0.083328,5290.31209507
Kraken:ADAUSD,2018-09-29T09:14:00Z,0.0843,0.0843,0.0843,0.0843,9.3E+3
Kraken:ADAUSD,2018-09-29T09:24:00Z,0.084397,0.084397,0.084397,0.084397,6.6E+2
Kraken:ADAUSD,2018-09-29T09:28:00Z,0.084725,0.084725,0.084725,0.084725,1E+3
Kraken:ADAUSD,2018-09-29T09:48:00Z,0.0837,0.083783,0.0837,0.083783,4.75E+4
Kraken:ADAUSD,2018-09-29T09:50:00Z,0.083699,0.084085,0.083699,0.084085,16117.3233116
Kraken:ADAUSD,2018-09-29T09:51:00Z,0.0838,0.0838,0.0838,0.0838,1.1E+3
Kraken:ADAUSD,2018-09-29T09:56:00Z,0.0838,0.0838,0.0838,0.0838,9E+2
Kraken:ADAUSD,2018-09-29T10:12:00Z,0.084,0.084,0.084,0.084,2E+3
Kraken:ADAUSD,2018-09-29T10:28:00Z,0.0841,0.0841,0.0841,0.0841,3.3E+3
Kraken:ADAUSD,2018-09-29T10:33:00Z,0.084545,0.084545,0.084545,0.084545,1E+3
Kraken:ADAUSD,2018-09-29T10:42:00Z,0.084747,0.084747,0.084747,0.084747,84.20947054
Kraken:ADAUSD,2018-09-29T10:46:00Z,0.084731,0.084731,0.084731,0.084731,2375
Kraken:ADAUSD,2018-09-29T10:51:00Z,0.083886,0.084699,0.083886,0.084699,10733.76619559
Kraken:ADAUSD,2018-09-29T11:06:00Z,0.085067,0.085067,0.085067,0.085067,2E+3
Kraken:ADAUSD,2018-09-29T11:11:00Z,0.085498,0.085498,0.085498,0.085498,4682.81
Kraken:ADAUSD,2018-09-29T11:13:00Z,0.086302,0.086302,0.086302,0.086302,7052.02102102
Kraken:ADAUSD,2018-09-29T11:14:00Z,0.086353,0.086795,0.086353,0.086795,2E+4
Kraken:ADAUSD,2018-09-29T11:15:00Z,0.0863,0.0865,0.0863,0.0865,1E+5
Kraken:ADAUSD,2018-09-29T11:17:00Z,0.0862,0.0862,0.0862,0.0862,2E+2
Kraken:ADAUSD,2018-09-29T11:20:00Z,0.085275,0.085275,0.08513,0.08513,19952.11492418
Kraken:ADAUSD,2018-09-29T11:21:00Z,0.086499,0.086499,0.086499,0.086499,2E+4
Kraken:ADAUSD,2018-09-29T11:25:00Z,0.0862,0.0862,0.0862,0.0862,1E+2
Kraken:ADAUSD,2018-09-29T11:26:00Z,0.086399,0.086399,0.086399,0.086399,4E+2
Kraken:ADAUSD,2018-09-29T11:28:00Z,0.085732,0.085732,0.085732,0.085732,10000.7
Kraken:ADAUSD,2018-09-29T11:31:00Z,0.086399,0.086399,0.085866,0.085866,5355
Kraken:ADAUSD,2018-09-29T11:35:00Z,0.086295,0.086295,0.086295,0.086295,774.01619064
Kraken:ADAUSD,2018-09-29T11:45:00Z,0.086295,0.086295,0.086295,0.086295,25073.820412
Kraken:ADAUSD,2018-09-29T12:00:00Z,0.0859,0.0859,0.0859,0.0859,8
Kraken:ADAUSD,2018-09-29T12:02:00Z,0.086,0.086,0.086,0.086,17731.88997699
Kraken:ADAUSD,2018-09-29T12:03:00Z,0.086,0.086,0.086,0.086,22268.11002301
Kraken:ADAUSD,2018-09-29T12:05:00Z,0.0861,0.0861,0.0861,0.0861,5.8E+3
Kraken:ADAUSD,2018-09-29T12:12:00Z,0.085032,0.085032,0.085032,0.085032,78.91999862
Kraken:ADAUSD,2018-09-29T12:13:00Z,0.086,0.086,0.086,0.086,3418
Kraken:ADAUSD,2018-09-29T12:19:00Z,0.085999,0.085999,0.085999,0.085999,98
Kraken:ADAUSD,2018-09-29T12:28:00Z,0.0851,0.0851,0.0851,0.0851,6.39952996
Kraken:ADAUSD,2018-09-29T12:36:00Z,0.0851,0.0851,0.0851,0.0851,23.60047004
Kraken:ADAUSD,2018-09-29T12:39:00Z,0.085,0.085,0.084414,0.084414,8E+2
Kraken:ADAUSD,2018-09-29T12:42:00Z,0.085,0.085,0.085,0.085,5E+4
Kraken:ADAUSD,2018-09-29T12:45:00Z,0.085,0.085,0.085,0.085,2.6E+3
Kraken:ADAUSD,2018-09-29T12:49:00Z,0.085299,0.085299,0.085299,0.085299,2E+2
Kraken:ADAUSD,2018-09-29T13:05:00Z,0.085499,0.085499,0.085499,0.085499,3.5E+2
Kraken:ADAUSD,2018-09-29T13:19:00Z,0.085866,0.0859,0.085866,0.0859,2E+4
Kraken:ADAUSD,2018-09-29T13:28:00Z,0.0855,0.0855,0.0855,0.0855,2E+3
Kraken:ADAUSD,2018-09-29T13:29:00Z,0.085344,0.085344,0.0852,0.0852,2425
Kraken:ADAUSD,2018-09-29T13:40:00Z,0.084755,0.084755,0.084755,0.084755,7777
Kraken:ADAUSD,2018-09-29T13:49:00Z,0.0845,0.0845,0.0845,0.0845,1E+4
Kraken:ADAUSD,2018-09-29T13:53:00Z,0.0845,0.0845,0.0845,0.0845,46.90414201
Kraken:ADAUSD,2018-09-29T13:59:00Z,0.0845,0.0845,0.0845,0.0845,28
Kraken:ADAUSD,2018-09-29T14:16:00Z,0.085143,0.085143,0.085143,0.085143,1.3E+3
Kraken:ADAUSD,2018-09-29T14:17:00Z,0.085,0.085,0.085,0.085,9.5E+2
Kraken:ADAUSD,2018-09-29T14:18:00Z,0.0845,0.0845,0.0845,0.0845,118343.195266
Kraken:ADAUSD,2018-09-29T14:19:00Z,0.083539,0.0844,0.083539,0.0844,1014
Kraken:ADAUSD,2018-09-29T14:24:00Z,0.0843,0.0843,0.0843,0.0843,486.54092527
Kraken:ADAUSD,2018-09-29T14:27:00Z,0.084,0.084,0.084,0.084,2E+4
Kraken:ADAUSD,2018-09-29T14:31:00Z,0.0846,0.0846,0.0846,0.0846,8E+3
Kraken:ADAUSD,2018-09-29T14:43:00Z,0.084486,0.084486,0.084486,0.084486,2E+3
Kraken:ADAUSD,2018-09-29T14:56:00Z,0.0845,0.0845,0.0845,0.0845,2E+1
Kraken:ADAUSD,2018-09-29T15:11:00Z,0.0851,0.086,0.0851,0.086,1E+5
Kraken:ADAUSD,2018-09-29T15:16:00Z,0.084508,0.084508,0.084258,0.084258,17178.18973008
Kraken:ADAUSD,2018-09-29T15:25:00Z,0.08423,0.08423,0.08423,0.08423,286.821
Kraken:ADAUSD,2018-09-29T15:27:00Z,0.0849,0.0849,0.0849,0.0849,6E+2
Kraken:ADAUSD,2018-09-29T15:31:00Z,0.0849,0.085999,0.0849,0.085999,4.5E+4
Kraken:ADAUSD,2018-09-29T15:36:00Z,0.0843,0.0843,0.0843,0.0843,2111.49940688
Kraken:ADAUSD,2018-09-29T15:40:00Z,0.0846,0.0846,0.0846,0.0846,3E+3
Kraken:ADAUSD,2018-09-29T15:44:00Z,0.083986,0.083986,0.083986,0.083986,999.99998256
Kraken:ADAUSD,2018-09-29T15:50:00Z,0.08422,0.08422,0.08422,0.08422,26999.99999971
Kraken:ADAUSD,2018-09-29T16:05:00Z,0.0843,0.0843,0.0843,0.0843,1726.8
Kraken:ADAUSD,2018-09-29T16:06:00Z,0.0843,0.0847,0.0843,0.0847,8278.15266904
Kraken:ADAUSD,2018-09-29T16:10:00Z,0.0846,0.0846,0.0846,0.0846,17006.21513002
Kraken:ADAUSD,2018-09-29T16:27:00Z,0.0846,0.085499,0.0846,0.085499,2.54E+4
Kraken:ADAUSD,2018-09-29T16:29:00Z,0.085274,0.085274,0.085274,0.085274,5E+2
Kraken:ADAUSD,2018-09-29T16:36:00Z,0.084101,0.084101,0.084,0.084,4007.0269
Kraken:ADAUSD,2018-09-29T16:37:00Z,0.084,0.084,0.084,0.084,13623.7
Kraken:ADAUSD,2018-09-29T16:42:00Z,0.0843,0.0843,0.084,0.084,1E+4
Kraken:ADAUSD,2018-09-29T16:48:00Z,0.0842,0.0842,0.0842,0.0842,702.4914
Kraken:ADAUSD,2018-09-29T16:50:00Z,0.0842,0.0842,0.084,0.084,75500.65705605
Kraken:ADAUSD,2018-09-29T16:51:00Z,0.084,0.084,0.084,0.084,0.01831639
Kraken:ADAUSD,2018-09-29T16:57:00Z,0.0841,0.0841,0.0841,0.0841,4.5E+3
Kraken:ADAUSD,2018-09-29T16:58:00Z,0.0841,0.0841,0.0841,0.0841,5E+2
Kraken:ADAUSD,2018-09-29T17:06:00Z,0.0844,0.0844,0.0844,0.0844,28
Kraken:ADAUSD,2018-09-29T17:07:00Z,0.084,0.084,0.084,0.084,4419.62806909
Kraken:ADAUSD,2018-09-29T17:08:00Z,0.084,0.084,0.084,0.084,5580.37193091
Kraken:ADAUSD,2018-09-29T17:11:00Z,0.084399,0.084399,0.084399,0.084399,3E+3
Kraken:ADAUSD,2018-09-29T17:16:00Z,0.08338,0.08338,0.083144,0.083144,10999.99999964
Kraken:ADAUSD,2018-09-29T17:34:00Z,0.0836,0.0836,0.0836,0.0836,499.99999796
Kraken:ADAUSD,2018-09-29T18:04:00Z,0.085499,0.094,0.0849,0.0849,254999.99999984
Kraken:ADAUSD,2018-09-29T18:05:00Z,0.084942,0.084943,0.084942,0.084942,8622.2
Kraken:ADAUSD,2018-09-29T18:06:00Z,0.084945,0.084992,0.084945,0.084992,35063.0378138
Kraken:ADAUSD,2018-09-29T18:07:00Z,0.084992,0.084992,0.084992,0.084992,26966.4621862
Kraken:ADAUSD,2018-09-29T18:10:00Z,0.085322,0.085322,0.085322,0.085322,11788.7
Kraken:ADAUSD,2018-09-29T18:12:00Z,0.084467,0.085,0.084467,0.085,9299.7
Kraken:ADAUSD,2018-09-29T18:13:00Z,0.084999,0.085122,0.084999,0.085,41270.90392357
Kraken:ADAUSD,2018-09-29T18:20:00Z,0.085403,0.085403,0.084636,0.084636,10826.97558051
Kraken:ADAUSD,2018-09-29T18:21:00Z,0.093,0.093,0.093,0.093,12
Kraken:ADAUSD,2018-09-29T18:28:00Z,0.085403,0.093899,0.085403,0.093899,44444
Kraken:ADAUSD,2018-09-29T18:30:00Z,0.084849,0.084849,0.084849,0.084849,9E+3
Kraken:ADAUSD,2018-09-29T18:31:00Z,0.085699,0.085699,0.085699,0.085699,8.45E+3
Kraken:ADAUSD,2018-09-29T18:32:00Z,0.085599,0.0857,0.0855,0.0855,3.55E+4
Kraken:ADAUSD,2018-09-29T18:33:00Z,0.085757,0.085757,0.085756,0.085757,12178.86
Kraken:ADAUSD,2018-09-29T18:34:00Z,0.085698,0.0857,0.085698,0.0857,5270.47607935
Kraken:ADAUSD,2018-09-29T18:35:00Z,0.0857,0.0857,0.0857,0.0857,5660.48891482
Kraken:ADAUSD,2018-09-29T18:39:00Z,0.085001,0.085001,0.084585,0.084585,1.7E+3
Kraken:ADAUSD,2018-09-29T18:44:00Z,0.0854,0.085603,0.0854,0.085603,10038
Kraken:ADAUSD,2018-09-29T18:46:00Z,0.0855,0.0855,0.0855,0.0855,707.03040936
Kraken:ADAUSD,2018-09-29T18:49:00Z,0.0855,0.0855,0.0855,0.0855,979.27251462
Kraken:ADAUSD,2018-09-29T19:05:00Z,0.0854,0.0854,0.0854,0.0854,1E+4
Kraken:ADAUSD,2018-09-29T19:23:00Z,0.0855,0.0855,0.0855,0.0855,6E+3
Kraken:ADAUSD,2018-09-29T19:27:00Z,0.0854,0.0854,0.0854,0.0854,1E+3
Kraken:ADAUSD,2018-09-29T19:30:00Z,0.0854,0.0854,0.0854,0.0854,1E+2
Kraken:ADAUSD,2018-09-29T19:35:00Z,0.085671,0.085671,0.085671,0.085671,1E+2
Kraken:ADAUSD,2018-09-29T19:39:00Z,0.085598,0.085807,0.085598,0.085807,314.31978743
Kraken:ADAUSD,2018-09-29T19:40:00Z,0.085001,0.085001,0.085001,0.085001,976.18284
Kraken:ADAUSD,2018-09-29T19:59:00Z,0.085101,0.085101,0.085101,0.085101,1232.9408585
Kraken:ADAUSD,2018-09-29T20:04:00Z,0.085101,0.0858,0.0851,0.0858,15432.0591415
Kraken:ADAUSD,2018-09-29T20:12:00Z,0.085001,0.085001,0.084862,0.084864,25408.09
Kraken:ADAUSD,2018-09-29T20:23:00Z,0.085795,0.086183,0.085795,0.086183,85664.643
Kraken:ADAUSD,2018-09-29T20:26:00Z,0.0861,0.0861,0.0861,0.0861,7
Kraken:ADAUSD,2018-09-29T20:30:00Z,0.086,0.086078,0.086,0.086078,6436.98018939
Kraken:ADAUSD,2018-09-29T20:33:00Z,0.085829,0.086,0.084794,0.084794,29369.25772424
Kraken:ADAUSD,2018-09-29T20:35:00Z,0.085799,0.0858,0.085799,0.0858,1.17E+4
Kraken:ADAUSD,2018-09-29T20:44:00Z,0.085698,0.0857,0.085698,0.0857,834.60210035
Kraken:ADAUSD,2018-09-29T20:49:00Z,0.0856,0.0856,0.0856,0.0856,243
Kraken:ADAUSD,2018-09-29T20:50:00Z,0.084858,0.084858,0.084858,0.084858,2E+2
Kraken:ADAUSD,2018-09-29T20:59:00Z,0.085539,0.085539,0.085539,0.085539,6E+1
Kraken:ADAUSD,2018-09-29T21:34:00Z,0.085413,0.085413,0.085413,0.085413,125
Kraken:ADAUSD,2018-09-29T21:36:00Z,0.085413,0.085413,0.085413,0.085413,6.5E+2
Kraken:ADAUSD,2018-09-29T21:39:00Z,0.085413,0.085413,0.085413,0.085413,57.795687
Kraken:ADAUSD,2018-09-29T21:41:00Z,0.08476,0.08476,0.08444,0.08444,395.9
Kraken:ADAUSD,2018-09-29T21:59:00Z,0.084501,0.084501,0.084501,0.084501,22530.12
Kraken:ADAUSD,2018-09-29T22:00:00Z,0.085299,0.085299,0.085299,0.085299,2672.8625189
Kraken:ADAUSD,2018-09-29T22:03:00Z,0.0853,0.0853,0.0853,0.0853,11711
Kraken:ADAUSD,2018-09-29T22:18:00Z,0.0853,0.0853,0.0853,0.0853,1E+3
Kraken:ADAUSD,2018-09-29T22:22:00Z,0.085099,0.0851,0.085099,0.0851,6044.66588511
Kraken:ADAUSD,2018-09-29T22:35:00Z,0.085,0.085,0.085,0.085,35
Kraken:ADAUSD,2018-09-29T23:00:00Z,0.0853,0.0853,0.0853,0.0853,1E+4
Kraken:ADAUSD,2018-09-29T23:01:00Z,0.0853,0.0853,0.0853,0.0853,235
Kraken:ADAUSD,2018-09-29T23:05:00Z,0.0853,0.0853,0.0853,0.0853,1.2E+4
Kraken:ADAUSD,2018-09-29T23:24:00Z,0.08465,0.08465,0.08465,0.08465,3E+3
Kraken:ADAUSD,2018-09-29T23:26:00Z,0.08441,0.08441,0.084336,0.084336,1E+4
Kraken:ADAUSD,2018-09-29T23:27:00Z,0.084336,0.085409,0.08378,0.085409,57100.78514315
Kraken:ADAUSD,2018-09-29T23:33:00Z,0.084219,0.084219,0.084219,0.084219,1E+2
Kraken:ADAUSD,2018-09-29T23:59:00Z,0.084942,0.084969,0.084942,0.084969,2.2E+4
Kraken:ADAUSD,2018-09-30T00:02:00Z,0.0845,0.0845,0.0845,0.0845,1E+4
Kraken:ADAUSD,2018-09-30T00:04:00Z,0.0842,0.0842,0.0842,0.0842,9737.3714
Kraken:ADAUSD,2018-09-30T00:05:00Z,0.0842,0.0842,0.0842,0.0842,5262.6286
Kraken:ADAUSD,2018-09-30T00:11:00Z,0.0846,0.0846,0.084,0.084,3881.46613492
Kraken:ADAUSD,2018-09-30T00:12:00Z,0.084,0.084,0.084,0.084,9989.12186508
Kraken:ADAUSD,2018-09-30T00:15:00Z,0.084296,0.084296,0.083941,0.083941,30972.81840182
Kraken:ADAUSD,2018-09-30T00:16:00Z,0.083669,0.083669,0.083669,0.083669,593.50846825
Kraken:ADAUSD,2018-09-30T00:22:00Z,0.0846,0.0846,0.0846,0.0846,12336.43026005
Kraken:ADAUSD,2018-09-30T00:36:00Z,0.083654,0.083654,0.083654,0.083654,19238.6999998
Kraken:ADAUSD,2018-09-30T00:45:00Z,0.0843,0.0843,0.0843,0.0843,1.2E+4
Kraken:ADAUSD,2018-09-30T01:24:00Z,0.0845,0.0845,0.0845,0.0845,4641.56568047
Kraken:ADAUSD,2018-09-30T01:30:00Z,0.0848,0.0848,0.0848,0.0848,2E+2
Kraken:ADAUSD,2018-09-30T01:32:00Z,0.0847,0.084804,0.0847,0.084804,2.8E+4
Kraken:ADAUSD,2018-09-30T01:35:00Z,0.0851,0.0851,0.0851,0.0851,4716
Kraken:ADAUSD,2018-09-30T01:49:00Z,0.0851,0.0851,0.0851,0.0851,605.40893067
Kraken:ADAUSD,2018-09-30T02:14:00Z,0.0851,0.0851,0.0851,0.0851,1175.088131
Kraken:ADAUSD,2018-09-30T02:16:00Z,0.085103,0.085103,0.085103,0.085103,8E+2
Kraken:ADAUSD,2018-09-30T03:00:00Z,0.084979,0.084979,0.0849,0.0849,107.6705874
Kraken:ADAUSD,2018-09-30T03:19:00Z,0.0853,0.0853,0.0853,0.0853,4904.92848769
Kraken:ADAUSD,2018-09-30T03:32:00Z,0.08541,0.08541,0.08541,0.08541,3E+3
Kraken:ADAUSD,2018-09-30T03:33:00Z,0.08541,0.08541,0.08541,0.08541,840.549313
Kraken:ADAUSD,2018-09-30T03:34:00Z,0.0857,0.0859,0.0857,0.0859,4.6E+3
Kraken:ADAUSD,2018-09-30T03:57:00Z,0.085457,0.085457,0.085457,0.085457,1E+4
Kraken:ADAUSD,2018-09-30T04:00:00Z,0.085,0.085,0.085,0.085,11728.80364705
Kraken:ADAUSD,2018-09-30T04:06:00Z,0.085,0.085,0.08451,0.08451,352.1
Kraken:ADAUSD,2018-09-30T04:14:00Z,0.08455,0.08455,0.08455,0.08455,518.077404
Kraken:ADAUSD,2018-09-30T04:15:00Z,0.08455,0.08455,0.08455,0.08455,706.158135
Kraken:ADAUSD,2018-09-30T04:17:00Z,0.08455,0.08455,0.0845,0.0845,16642.10937869
Kraken:ADAUSD,2018-09-30T04:40:00Z,0.0852,0.0852,0.0852,0.0852,749.75049784
Kraken:ADAUSD,2018-09-30T04:43:00Z,0.0845,0.0845,0.0845,0.0845,907.7
Kraken:ADAUSD,2018-09-30T04:47:00Z,0.0847,0.0847,0.0847,0.0847,399.20070838
Kraken:ADAUSD,2018-09-30T04:51:00Z,0.0845,0.0845,0.0845,0.0845,2175.95508231
Kraken:ADAUSD,2018-09-30T04:58:00Z,0.084898,0.084898,0.084898,0.084898,3E+3
Kraken:ADAUSD,2018-09-30T05:03:00Z,0.084591,0.084591,0.084591,0.084591,1E+4
Kraken:ADAUSD,2018-09-30T05:13:00Z,0.0845,0.0845,0.0845,0.0845,1.1E+4
Kraken:ADAUSD,2018-09-30T05:45:00Z,0.084001,0.084001,0.084001,0.084001,749.75048476
Kraken:ADAUSD,2018-09-30T06:30:00Z,0.08525,0.08525,0.08525,0.08525,1
Kraken:ADAUSD,2018-09-30T06:36:00Z,0.085,0.08526,0.084406,0.084406,117209.22988972
Kraken:ADAUSD,2018-09-30T07:12:00Z,0.0855,0.0855,0.0855,0.0855,11
Kraken:ADAUSD,2018-09-30T07:18:00Z,0.0855,0.0855,0.0855,0.0855,2.5E+4
Kraken:ADAUSD,2018-09-30T07:20:00Z,0.0856,0.0856,0.0856,0.0856,75
Kraken:ADAUSD,2018-09-30T07:21:00Z,0.0855,0.0855,0.0855,0.0855,2E+4
Kraken:ADAUSD,2018-09-30T07:32:00Z,0.0852,0.0852,0.0852,0.0852,5E+2
Kraken:ADAUSD,2018-09-30T07:44:00Z,0.0852,0.0852,0.0852,0.0852,2325
Kraken:ADAUSD,2018-09-30T07:58:00Z,0.085315,0.085315,0.085315,0.085315,61
Kraken:ADAUSD,2018-09-30T08:15:00Z,0.085314,0.085314,0.085314,0.085314,666.51311625
Kraken:ADAUSD,2018-09-30T08:16:00Z,0.0852,0.0852,0.0852,0.0852,3E+3
Kraken:ADAUSD,2018-09-30T08:20:00Z,0.0852,0.0852,0.0852,0.0852,5E+2
Kraken:ADAUSD,2018-09-30T08:22:00Z,0.085313,0.085734,0.085313,0.085734,1.35E+4
Kraken:ADAUSD,2018-09-30T08:31:00Z,0.085399,0.085399,0.085399,0.085399,12
Kraken:ADAUSD,2018-09-30T08:35:00Z,0.085399,0.085399,0.085399,0.085399,236
Kraken:ADAUSD,2018-09-30T08:39:00Z,0.085399,0.085399,0.085399,0.085399,1E+4
Kraken:ADAUSD,2018-09-30T08:55:00Z,0.084771,0.084771,0.084771,0.084771,4488.33034111
Kraken:ADAUSD,2018-09-30T09:05:00Z,0.085694,0.085694,0.085694,0.085694,3E+3
Kraken:ADAUSD,2018-09-30T09:06:00Z,0.085599,0.085599,0.085599,0.085599,7E+1
Kraken:ADAUSD,2018-09-30T09:29:00Z,0.085,0.085,0.085,0.085,5E+3
Kraken:ADAUSD,2018-09-30T09:39:00Z,0.085899,0.085899,0.085899,0.085899,3.7E+2
Kraken:ADAUSD,2018-09-30T09:55:00Z,0.0859,0.0859,0.0859,0.0859,1.2E+4
Kraken:ADAUSD,2018-09-30T10:11:00Z,0.085107,0.085107,0.085107,0.085107,4E+3
Kraken:ADAUSD,2018-09-30T10:24:00Z,0.086329,0.0865,0.086329,0.086499,5719.62159708
Kraken:ADAUSD,2018-09-30T10:27:00Z,0.086643,0.086643,0.086643,0.086643,2.5E+3
Kraken:ADAUSD,2018-09-30T10:30:00Z,0.086497,0.086497,0.086497,0.086497,2.5E+3
Kraken:ADAUSD,2018-09-30T10:33:00Z,0.086508,0.086509,0.086508,0.086509,1.27E+4
Kraken:ADAUSD,2018-09-30T10:34:00Z,0.0865,0.086501,0.086499,0.086499,7055.56
Kraken:ADAUSD,2018-09-30T10:38:00Z,0.086643,0.086643,0.086643,0.086643,208
Kraken:ADAUSD,2018-09-30T10:39:00Z,0.086645,0.087,0.086645,0.087,57471.264367
Kraken:ADAUSD,2018-09-30T10:44:00Z,0.086907,0.086907,0.086907,0.086907,5E+3
Kraken:ADAUSD,2018-09-30T10:50:00Z,0.08675,0.08675,0.08675,0.08675,1843.2
Kraken:ADAUSD,2018-09-30T10:53:00Z,0.08675,0.08675,0.08675,0.08675,204.8
Kraken:ADAUSD,2018-09-30T10:56:00Z,0.086201,0.086201,0.086201,0.086201,2999.99999986
Kraken:ADAUSD,2018-09-30T11:15:00Z,0.086172,0.086172,0.086172,0.086172,1279.99997768
Kraken:ADAUSD,2018-09-30T11:56:00Z,0.0863,0.0863,0.0863,0.0863,2E+1
Kraken:ADAUSD,2018-09-30T11:57:00Z,0.085404,0.085404,0.085404,0.085404,170.57991559
Kraken:ADAUSD,2018-09-30T12:05:00Z,0.0865,0.0865,0.0865,0.0865,213.407494
Kraken:ADAUSD,2018-09-30T12:08:00Z,0.086499,0.086499,0.0855,0.0855,12324.99999947
Kraken:ADAUSD,2018-09-30T12:09:00Z,0.086489,0.086489,0.086489,0.086489,1E+2
Kraken:ADAUSD,2018-09-30T12:18:00Z,0.086,0.086,0.085201,0.085201,1904.187
Kraken:ADAUSD,2018-09-30T12:46:00Z,0.086,0.086,0.086,0.086,1E+4
Kraken:ADAUSD,2018-09-30T12:54:00Z,0.085101,0.085101,0.085101,0.085101,9999.99999977
Kraken:ADAUSD,2018-09-30T12:57:00Z,0.08611,0.08611,0.08611,0.08611,1.2E+4
Kraken:ADAUSD,2018-09-30T12:59:00Z,0.0862,0.0862,0.0862,0.0862,195
Kraken:ADAUSD,2018-09-30T13:12:00Z,0.086199,0.086199,0.086199,0.086199,1E+3
Kraken:ADAUSD,2018-09-30T13:37:00Z,0.0867,0.0867,0.0867,0.0867,5E+1
Kraken:ADAUSD,2018-09-30T13:39:00Z,0.086697,0.086697,0.086697,0.086697,1.05E+3
Kraken:ADAUSD,2018-09-30T13:57:00Z,0.086999,0.086999,0.086999,0.086999,25
Kraken:ADAUSD,2018-09-30T14:03:00Z,0.086894,0.087029,0.086894,0.087004,1.79E+5
Kraken:ADAUSD,2018-09-30T14:04:00Z,0.0869,0.0869,0.086899,0.086899,5E+4
Kraken:ADAUSD,2018-09-30T14:05:00Z,0.0868,0.0868,0.0868,0.0868,263.2
Kraken:ADAUSD,2018-09-30T14:06:00Z,0.086887,0.086887,0.086887,0.086887,1.1E+4
Kraken:ADAUSD,2018-09-30T14:07:00Z,0.0868,0.0868,0.0868,0.0868,24736.8
Kraken:ADAUSD,2018-09-30T14:09:00Z,0.0868,0.0868,0.0868,0.0868,2067.88133641
Kraken:ADAUSD,2018-09-30T14:11:00Z,0.086799,0.0868,0.086799,0.0868,5E+4
Kraken:ADAUSD,2018-09-30T14:12:00Z,0.0868,0.086933,0.0868,0.086933,1E+4
Kraken:ADAUSD,2018-09-30T14:13:00Z,0.0868,0.08689,0.0868,0.08689,29694.98032
Kraken:ADAUSD,2018-09-30T14:14:00Z,0.08689,0.08689,0.08689,0.08689,6689.807496
Kraken:ADAUSD,2018-09-30T14:15:00Z,0.08689,0.08689,0.08689,0.08689,1615.212184
Kraken:ADAUSD,2018-09-30T14:34:00Z,0.08689,0.08689,0.08689,0.08689,6.675106
Kraken:ADAUSD,2018-09-30T14:41:00Z,0.0872,0.09,0.0866,0.0866,77026.24122729
Kraken:ADAUSD,2018-09-30T14:55:00Z,0.087582,0.087582,0.087582,0.087582,8.4E+2
Kraken:ADAUSD,2018-09-30T14:56:00Z,0.087,0.087,0.087,0.087,1E+3
Kraken:ADAUSD,2018-09-30T14:58:00Z,0.0874,0.0874,0.0874,0.0874,1.2E+2
Kraken:ADAUSD,2018-09-30T15:05:00Z,0.087059,0.087059,0.087059,0.087059,1E+3
Kraken:ADAUSD,2018-09-30T15:06:00Z,0.087045,0.087045,0.087045,0.087045,6E+2
Kraken:ADAUSD,2018-09-30T15:07:00Z,0.087,0.087,0.087,0.087,1E+4
Kraken:ADAUSD,2018-09-30T15:09:00Z,0.086988,0.0871,0.086988,0.0871,8.3E+3
Kraken:ADAUSD,2018-09-30T15:20:00Z,0.0869,0.091849,0.0869,0.091849,1E+5
Kraken:ADAUSD,2018-09-30T15:22:00Z,0.0866,0.0866,0.0866,0.0866,1493.7
Kraken:ADAUSD,2018-09-30T15:23:00Z,0.0867,0.0867,0.0867,0.0867,9.2260669
Kraken:ADAUSD,2018-09-30T15:25:00Z,0.0867,0.0867,0.0865,0.0865,15989.58011066
Kraken:ADAUSD,2018-09-30T15:30:00Z,0.0868,0.0868,0.0868,0.0868,451
Kraken:ADAUSD,2018-09-30T15:33:00Z,0.0867,0.0867,0.0867,0.0867,1.5E+4
Kraken:ADAUSD,2018-09-30T15:42:00Z,0.086555,0.086728,0.086145,0.086728,2184.0638711
Kraken:ADAUSD,2018-09-30T15:43:00Z,0.086146,0.086146,0.086145,0.086145,19038.851967
Kraken:ADAUSD,2018-09-30T15:44:00Z,0.086146,0.086146,0.086145,0.086145,9312.390288
Kraken:ADAUSD,2018-09-30T15:45:00Z,0.086,0.086375,0.0858,0.086375,2109.46627906
Kraken:ADAUSD,2018-09-30T15:46:00Z,0.086101,0.086101,0.086101,0.086101,1E+3
Kraken:ADAUSD,2018-09-30T15:48:00Z,0.086,0.086,0.086,0.086,8E+2
Kraken:ADAUSD,2018-09-30T15:49:00Z,0.0855,0.0855,0.0854,0.0854,10500.50819672
Kraken:ADAUSD,2018-09-30T15:53:00Z,0.0854,0.0854,0.0854,0.0854,11750.53241999
Kraken:ADAUSD,2018-09-30T15:54:00Z,0.0853,0.0853,0.0853,0.0853,18976.60875411
Kraken:ADAUSD,2018-09-30T15:55:00Z,0.0853,0.0853,0.0853,0.0853,6023.39124589
Kraken:ADAUSD,2018-09-30T16:05:00Z,0.085567,0.085567,0.085567,0.085567,3E+2
Kraken:ADAUSD,2018-09-30T16:07:00Z,0.0855,0.0855,0.08475,0.08475,21664.00087213
Kraken:ADAUSD,2018-09-30T16:15:00Z,0.085799,0.085799,0.085799,0.085799,69
Kraken:ADAUSD,2018-09-30T16:18:00Z,0.0856,0.0856,0.0856,0.0856,12613
Kraken:ADAUSD,2018-09-30T16:32:00Z,0.0859,0.0859,0.08522,0.08522,4534.27840925
Kraken:ADAUSD,2018-09-30T16:41:00Z,0.08522,0.08522,0.08522,0.08522,4989.02414926
Kraken:ADAUSD,2018-09-30T16:42:00Z,0.08522,0.08522,0.08522,0.08522,25018
Kraken:ADAUSD,2018-09-30T16:55:00Z,0.0856,0.0856,0.0856,0.0856,7.45E+3
Kraken:ADAUSD,2018-09-30T17:12:00Z,0.08522,0.08522,0.08522,0.08522,1793.726478
Kraken:ADAUSD,2018-09-30T17:14:00Z,0.08522,0.08522,0.08522,0.08522,2793.201003
Kraken:ADAUSD,2018-09-30T17:23:00Z,0.08522,0.08522,0.0849,0.0849,1895
Kraken:ADAUSD,2018-09-30T17:45:00Z,0.085022,0.085022,0.085022,0.085022,719.62159761
Kraken:ADAUSD,2018-09-30T17:58:00Z,0.0854,0.0854,0.0854,0.0854,2E+4
Kraken:ADAUSD,2018-09-30T18:01:00Z,0.0854,0.0854,0.0854,0.0854,3E+3
Kraken:ADAUSD,2018-09-30T18:16:00Z,0.0856,0.0856,0.0856,0.0856,5E+2
Kraken:ADAUSD,2018-09-30T18:26:00Z,0.0856,0.0856,0.0856,0.0856,67.67406542
Kraken:ADAUSD,2018-09-30T18:27:00Z,0.0856,0.0856,0.0856,0.0856,1E+1
Kraken:ADAUSD,2018-09-30T18:30:00Z,0.0855,0.0855,0.0855,0.0855,5.9E+2
Kraken:ADAUSD,2018-09-30T18:41:00Z,0.08544,0.085599,0.08544,0.085599,423
Kraken:ADAUSD,2018-09-30T18:45:00Z,0.085498,0.085498,0.085498,0.085498,1E+4
Kraken:ADAUSD,2018-09-30T18:47:00Z,0.08549,0.08549,0.08549,0.08549,3
Kraken:ADAUSD,2018-09-30T19:07:00Z,0.0855,0.0855,0.0855,0.0855,5.6
Kraken:ADAUSD,2018-09-30T19:17:00Z,0.0855,0.0855,0.0855,0.0855,195
Kraken:ADAUSD,2018-09-30T19:33:00Z,0.0854,0.0854,0.0854,0.0854,71.2880562
Kraken:ADAUSD,2018-09-30T19:34:00Z,0.0854,0.0854,0.0854,0.0854,28.7119438
Kraken:ADAUSD,2018-09-30T19:36:00Z,0.085,0.085,0.085,0.085,2.2E+2
Kraken:ADAUSD,2018-09-30T19:38:00Z,0.0851,0.0851,0.0851,0.0851,470.03525264
Kraken:ADAUSD,2018-09-30T19:50:00Z,0.085499,0.085499,0.085499,0.085499,6
Kraken:ADAUSD,2018-09-30T19:52:00Z,0.085499,0.085499,0.085499,0.085499,1426.82955356
Kraken:ADAUSD,2018-09-30T20:00:00Z,0.085499,0.085499,0.085499,0.085499,1.2E+3
Kraken:ADAUSD,2018-09-30T20:01:00Z,0.084901,0.084901,0.0849,0.0849,11291.35179535
Kraken:ADAUSD,2018-09-30T20:02:00Z,0.084255,0.084255,0.084001,0.084001,15154.2
Kraken:ADAUSD,2018-09-30T20:04:00Z,0.0845,0.0845,0.084001,0.084001,49426.575147
Kraken:ADAUSD,2018-09-30T20:15:00Z,0.084015,0.084015,0.084015,0.084015,54.66220908
Kraken:ADAUSD,2018-09-30T20:17:00Z,0.084001,0.084001,0.084,0.084,11533.2
Kraken:ADAUSD,2018-09-30T20:19:00Z,0.083635,0.083635,0.083609,0.083609,502.64133168
Kraken:ADAUSD,2018-09-30T20:21:00Z,0.084086,0.084086,0.084086,0.084086,356.77758485
Kraken:ADAUSD,2018-09-30T20:26:00Z,0.083985,0.083985,0.083985,0.083985,5E+2
Kraken:ADAUSD,2018-09-30T20:29:00Z,0.083609,0.083609,0.0836,0.0836,11017.35866832
Kraken:ADAUSD,2018-09-30T20:30:00Z,0.0835,0.0835,0.0835,0.0835,499.99999796
Kraken:ADAUSD,2018-09-30T21:01:00Z,0.0835,0.0835,0.083372,0.083372,605.408
Kraken:ADAUSD,2018-09-30T21:16:00Z,0.083371,0.083371,0.0832,0.0832,1.05E+4
Kraken:ADAUSD,2018-09-30T21:21:00Z,0.0838,0.0838,0.083259,0.083259,986.95525805
Kraken:ADAUSD,2018-09-30T21:27:00Z,0.084063,0.084063,0.084062,0.084062,756.3327532
Kraken:ADAUSD,2018-09-30T21:28:00Z,0.084062,0.084062,0.084062,0.084062,264.12314553
Kraken:ADAUSD,2018-09-30T21:48:00Z,0.084211,0.084211,0.084211,0.084211,1999.66440839
Kraken:ADAUSD,2018-09-30T22:05:00Z,0.0844,0.0844,0.0844,0.0844,1E+1
Kraken:ADAUSD,2018-09-30T22:13:00Z,0.0844,0.084709,0.0844,0.084709,1.8E+4
Kraken:ADAUSD,2018-09-30T22:28:00Z,0.084839,0.084839,0.084839,0.084839,1.5E+2
Kraken:ADAUSD,2018-09-30T22:33:00Z,0.085,0.085318,0.085,0.085318,1.99E+3
Kraken:ADAUSD,2018-09-30T22:35:00Z,0.085137,0.085137,0.085137,0.085137,1E+4
Kraken:ADAUSD,2018-09-30T22:40:00Z,0.085137,0.085479,0.085137,0.085479,1.25E+3
Kraken:ADAUSD,2018-09-30T22:42:00Z,0.085318,0.085318,0.085318,0.085318,7249.9413318
Kraken:ADAUSD,2018-09-30T22:45:00Z,0.085335,0.085335,0.085335,0.085335,1.25E+3
Kraken:ADAUSD,2018-09-30T22:48:00Z,0.084696,0.084696,0.084696,0.084696,2.5E+3
Kraken:ADAUSD,2018-09-30T22:52:00Z,0.0856,0.0856,0.0856,0.0856,381.885
Kraken:ADAUSD,2018-09-30T23:02:00Z,0.0856,0.0856,0.0856,0.0856,972.616
Kraken:ADAUSD,2018-09-30T23:08:00Z,0.085001,0.085574,0.085001,0.085574,319.04433378
Kraken:ADAUSD,2018-09-30T23:46:00Z,0.085545,0.085545,0.085545,0.085545,1608.99175872
Kraken:ADAUSD,2018-09-30T23:52:00Z,0.08551,0.08551,0.08551,0.08551,3E+3
Kraken:ADAUSD,2018-09-30T23:58:00Z,0.08525,0.085512,0.08525,0.085512,5E+3
