Kraken:ETHXBT,2019-10-13T00:02:00Z,0.02163,0.02163,0.02163,0.02163,0.423352
Kraken:ETHXBT,2019-10-13T00:04:00Z,0.02159,0.02159,0.02159,0.02159,1E+1
Kraken:ETHXBT,2019-10-13T00:10:00Z,0.02162,0.02163,0.02162,0.02163,1.12005165
Kraken:ETHXBT,2019-10-13T00:11:00Z,0.02164,0.02164,0.02164,0.02164,0.30800634
Kraken:ETHXBT,2019-10-13T00:12:00Z,0.02164,0.02165,0.02164,0.02165,0.50749883
Kraken:ETHXBT,2019-10-13T00:15:00Z,0.02165,0.02165,0.02165,0.02165,2.70614319
Kraken:ETHXBT,2019-10-13T00:16:00Z,0.02164,0.02164,0.02164,0.02164,1.61837934
Kraken:ETHXBT,2019-10-13T00:18:00Z,0.02164,0.02164,0.02164,0.02164,0.02756191
Kraken:ETHXBT,2019-10-13T00:23:00Z,0.02163,0.02163,0.02163,0.02163,2
Kraken:ETHXBT,2019-10-13T00:27:00Z,0.02165,0.02165,0.02165,0.02165,0.04401304
Kraken:ETHXBT,2019-10-13T00:39:00Z,0.02172,0.02172,0.02172,0.02172,0.242333
Kraken:ETHXBT,2019-10-13T00:43:00Z,0.02174,0.02174,0.02174,0.02174,0.06982706
Kraken:ETHXBT,2019-10-13T00:46:00Z,0.0217,0.0217,0.0217,0.0217,0.564473
Kraken:ETHXBT,2019-10-13T00:53:00Z,0.02171,0.02171,0.02171,0.02171,1.21824882
Kraken:ETHXBT,2019-10-13T00:54:00Z,0.02171,0.02171,0.02171,0.02171,0.96846846
Kraken:ETHXBT,2019-10-13T00:56:00Z,0.02171,0.02171,0.02171,0.02171,0.64314313
Kraken:ETHXBT,2019-10-13T00:59:00Z,0.02169,0.02169,0.02169,0.02169,0.27081386
Kraken:ETHXBT,2019-10-13T01:07:00Z,0.02172,0.02172,0.02172,0.02172,0.02367202
Kraken:ETHXBT,2019-10-13T01:12:00Z,0.02173,0.02173,0.02173,0.02173,0.28613545
Kraken:ETHXBT,2019-10-13T01:15:00Z,0.02175,0.02175,0.02175,0.02175,0.295931
Kraken:ETHXBT,2019-10-13T01:16:00Z,0.02176,0.02176,0.02176,0.02176,0.20715181
Kraken:ETHXBT,2019-10-13T01:17:00Z,0.02176,0.02176,0.02176,0.02176,0.162
Kraken:ETHXBT,2019-10-13T01:19:00Z,0.02176,0.02189,0.02176,0.02189,124.19777554
Kraken:ETHXBT,2019-10-13T01:20:00Z,0.02189,0.02196,0.02188,0.02188,103.90076001
Kraken:ETHXBT,2019-10-13T01:21:00Z,0.02185,0.02185,0.02184,0.02184,9.72168916
Kraken:ETHXBT,2019-10-13T01:22:00Z,0.02183,0.02183,0.02183,0.02183,0.22022022
Kraken:ETHXBT,2019-10-13T01:26:00Z,0.02187,0.02188,0.02187,0.02188,10.49750915
Kraken:ETHXBT,2019-10-13T01:33:00Z,0.02182,0.02182,0.02182,0.02182,0.02082213
Kraken:ETHXBT,2019-10-13T01:43:00Z,0.02185,0.02185,0.02185,0.02185,8
Kraken:ETHXBT,2019-10-13T01:45:00Z,0.02184,0.02184,0.02184,0.02184,0.3
Kraken:ETHXBT,2019-10-13T01:54:00Z,0.02185,0.02185,0.02185,0.02185,0.02037208
Kraken:ETHXBT,2019-10-13T02:15:00Z,0.02187,0.02187,0.02186,0.02186,9.08921129
Kraken:ETHXBT,2019-10-13T02:30:00Z,0.02184,0.02186,0.02184,0.02186,0.18
Kraken:ETHXBT,2019-10-13T02:41:00Z,0.02185,0.02185,0.02185,0.02185,0.06933374
Kraken:ETHXBT,2019-10-13T02:55:00Z,0.02185,0.02185,0.02185,0.02185,0.21704818
Kraken:ETHXBT,2019-10-13T03:14:00Z,0.0218,0.0218,0.02178,0.02178,1
Kraken:ETHXBT,2019-10-13T03:19:00Z,0.02181,0.02181,0.02181,0.02181,0.08636312
Kraken:ETHXBT,2019-10-13T03:40:00Z,0.02183,0.02183,0.02183,0.02183,9.10603069
Kraken:ETHXBT,2019-10-13T03:47:00Z,0.02181,0.02181,0.02179,0.02179,75.89396931
Kraken:ETHXBT,2019-10-13T03:53:00Z,0.02181,0.02181,0.02181,0.02181,0.31909378
Kraken:ETHXBT,2019-10-13T04:08:00Z,0.02181,0.02181,0.02181,0.02181,1.64
Kraken:ETHXBT,2019-10-13T04:14:00Z,0.02181,0.02181,0.02181,0.02181,0.04955039
Kraken:ETHXBT,2019-10-13T04:15:00Z,0.02181,0.02181,0.02181,0.02181,9.10603077
Kraken:ETHXBT,2019-10-13T04:28:00Z,0.02182,0.02182,0.02182,0.02182,0.36609787
Kraken:ETHXBT,2019-10-13T04:37:00Z,0.02178,0.02178,0.02178,0.02178,1.23513744
Kraken:ETHXBT,2019-10-13T04:38:00Z,0.02178,0.02178,0.02178,0.02178,0.62331856
Kraken:ETHXBT,2019-10-13T04:40:00Z,0.02177,0.02177,0.02177,0.02177,1
Kraken:ETHXBT,2019-10-13T04:41:00Z,0.02177,0.02177,0.02177,0.02177,9.37668144
Kraken:ETHXBT,2019-10-13T04:45:00Z,0.02177,0.02177,0.02177,0.02177,0.72
Kraken:ETHXBT,2019-10-13T04:46:00Z,0.02178,0.02178,0.02178,0.02178,0.72
Kraken:ETHXBT,2019-10-13T04:48:00Z,0.02178,0.02178,0.02178,0.02178,1.28
Kraken:ETHXBT,2019-10-13T04:51:00Z,0.02181,0.02181,0.02181,0.02181,2.019208
Kraken:ETHXBT,2019-10-13T04:52:00Z,0.0218,0.0218,0.0218,0.0218,0.03543325
Kraken:ETHXBT,2019-10-13T05:00:00Z,0.02174,0.02174,0.02174,0.02174,0.07954635
Kraken:ETHXBT,2019-10-13T05:06:00Z,0.02174,0.02174,0.02171,0.02171,0.14299728
Kraken:ETHXBT,2019-10-13T05:13:00Z,0.02171,0.02171,0.02171,0.02171,0.393782
Kraken:ETHXBT,2019-10-13T05:14:00Z,0.0217,0.0217,0.0217,0.0217,2
Kraken:ETHXBT,2019-10-13T05:16:00Z,0.02169,0.0217,0.02168,0.0217,25.83150618
Kraken:ETHXBT,2019-10-13T05:19:00Z,0.02173,0.02173,0.02173,0.02173,1
Kraken:ETHXBT,2019-10-13T05:23:00Z,0.02174,0.02174,0.02174,0.02174,1
Kraken:ETHXBT,2019-10-13T05:36:00Z,0.02176,0.02177,0.02176,0.02177,1.52330059
Kraken:ETHXBT,2019-10-13T05:38:00Z,0.02177,0.02177,0.02177,0.02177,0.19061004
Kraken:ETHXBT,2019-10-13T05:51:00Z,0.02175,0.02175,0.02175,0.02175,53.05871766
Kraken:ETHXBT,2019-10-13T05:53:00Z,0.02176,0.02177,0.02176,0.02177,0.14771913
Kraken:ETHXBT,2019-10-13T05:58:00Z,0.02176,0.02176,0.02176,0.02176,0.22282823
Kraken:ETHXBT,2019-10-13T06:10:00Z,0.0218,0.0218,0.0218,0.0218,0.32682682
Kraken:ETHXBT,2019-10-13T06:11:00Z,0.0218,0.02181,0.0218,0.02181,8.50012988
Kraken:ETHXBT,2019-10-13T06:13:00Z,0.0218,0.0218,0.0218,0.0218,0.28240956
Kraken:ETHXBT,2019-10-13T06:45:00Z,0.02174,0.02174,0.02174,0.02174,0.20540736
Kraken:ETHXBT,2019-10-13T06:53:00Z,0.02173,0.02173,0.02173,0.02173,2
Kraken:ETHXBT,2019-10-13T06:56:00Z,0.02172,0.02172,0.02172,0.02172,2E+1
Kraken:ETHXBT,2019-10-13T06:58:00Z,0.02175,0.02175,0.02175,0.02175,0.1
Kraken:ETHXBT,2019-10-13T06:59:00Z,0.02173,0.02173,0.02173,0.02173,0.08302664
Kraken:ETHXBT,2019-10-13T07:03:00Z,0.02172,0.02172,0.02172,0.02172,0.22760392
Kraken:ETHXBT,2019-10-13T07:12:00Z,0.02176,0.02176,0.02176,0.02176,1.16478901
Kraken:ETHXBT,2019-10-13T07:15:00Z,0.02175,0.02175,0.02174,0.02174,0.0652
Kraken:ETHXBT,2019-10-13T07:23:00Z,0.02177,0.02177,0.02177,0.02177,0.22382533
Kraken:ETHXBT,2019-10-13T07:38:00Z,0.02177,0.02177,0.02177,0.02177,0.161
Kraken:ETHXBT,2019-10-13T07:41:00Z,0.02176,0.02177,0.02176,0.02177,1.91019448
Kraken:ETHXBT,2019-10-13T07:46:00Z,0.0218,0.0218,0.0218,0.0218,28.649
Kraken:ETHXBT,2019-10-13T07:58:00Z,0.02178,0.02178,0.02178,0.02178,0.6
Kraken:ETHXBT,2019-10-13T07:59:00Z,0.0218,0.0218,0.0218,0.0218,0.04996343
Kraken:ETHXBT,2019-10-13T08:04:00Z,0.02179,0.02179,0.02179,0.02179,0.73403908
Kraken:ETHXBT,2019-10-13T08:08:00Z,0.02179,0.02179,0.02179,0.02179,0.03373662
Kraken:ETHXBT,2019-10-13T08:17:00Z,0.02179,0.02179,0.02179,0.02179,1.37517049
Kraken:ETHXBT,2019-10-13T08:18:00Z,0.02178,0.02178,0.02178,0.02178,1E+1
Kraken:ETHXBT,2019-10-13T08:23:00Z,0.02179,0.02179,0.02179,0.02179,0.4812031
Kraken:ETHXBT,2019-10-13T08:25:00Z,0.02181,0.02181,0.02181,0.02181,0.33308308
Kraken:ETHXBT,2019-10-13T08:30:00Z,0.0218,0.02182,0.0218,0.02182,0.1740722
Kraken:ETHXBT,2019-10-13T08:33:00Z,0.02182,0.02182,0.02182,0.02182,25
Kraken:ETHXBT,2019-10-13T08:37:00Z,0.0218,0.0218,0.0218,0.0218,0.2
Kraken:ETHXBT,2019-10-13T08:45:00Z,0.02177,0.02177,0.02177,0.02177,25
Kraken:ETHXBT,2019-10-13T09:00:00Z,0.0218,0.0218,0.0218,0.0218,0.05
Kraken:ETHXBT,2019-10-13T09:01:00Z,0.02183,0.02183,0.02183,0.02183,1.27828479
Kraken:ETHXBT,2019-10-13T09:03:00Z,0.02181,0.02182,0.02181,0.02182,30.49694801
Kraken:ETHXBT,2019-10-13T09:13:00Z,0.02183,0.02183,0.02183,0.02183,0.23090578
Kraken:ETHXBT,2019-10-13T09:19:00Z,0.02183,0.02183,0.02183,0.02183,0.02204368
Kraken:ETHXBT,2019-10-13T09:23:00Z,0.0218,0.02181,0.0218,0.02181,22.94547141
Kraken:ETHXBT,2019-10-13T09:26:00Z,0.02181,0.02181,0.02181,0.02181,2
Kraken:ETHXBT,2019-10-13T09:28:00Z,0.02181,0.02181,0.02181,0.02181,0.0497
Kraken:ETHXBT,2019-10-13T09:31:00Z,0.02182,0.02183,0.02182,0.02183,4
Kraken:ETHXBT,2019-10-13T09:34:00Z,0.02182,0.02182,0.02182,0.02182,0.82033985
Kraken:ETHXBT,2019-10-13T09:44:00Z,0.02181,0.02181,0.02181,0.02181,0.06414097
Kraken:ETHXBT,2019-10-13T09:51:00Z,0.02179,0.02179,0.02179,0.02179,0.08
Kraken:ETHXBT,2019-10-13T09:54:00Z,0.02182,0.02182,0.02182,0.02182,1.45
Kraken:ETHXBT,2019-10-13T10:14:00Z,0.02181,0.02181,0.02181,0.02181,0.02035668
Kraken:ETHXBT,2019-10-13T10:18:00Z,0.02181,0.02181,0.02181,0.02181,0.10093426
Kraken:ETHXBT,2019-10-13T10:21:00Z,0.02183,0.02183,0.02183,0.02183,0.10466465
Kraken:ETHXBT,2019-10-13T10:22:00Z,0.02181,0.02181,0.02181,0.02181,1.02699354
Kraken:ETHXBT,2019-10-13T10:35:00Z,0.02181,0.02182,0.02181,0.02182,9.10654057
Kraken:ETHXBT,2019-10-13T11:03:00Z,0.02182,0.02184,0.02182,0.02184,67.59139941
Kraken:ETHXBT,2019-10-13T11:13:00Z,0.02183,0.02183,0.02183,0.02183,2
Kraken:ETHXBT,2019-10-13T11:15:00Z,0.02184,0.02184,0.02184,0.02184,0.48147544
Kraken:ETHXBT,2019-10-13T11:20:00Z,0.02185,0.02185,0.02185,0.02185,0.359997
Kraken:ETHXBT,2019-10-13T11:21:00Z,0.02186,0.02186,0.02186,0.02186,0.1
Kraken:ETHXBT,2019-10-13T11:24:00Z,0.02187,0.02187,0.02187,0.02187,0.08737866
Kraken:ETHXBT,2019-10-13T11:33:00Z,0.02185,0.02185,0.02185,0.02185,0.2480093
Kraken:ETHXBT,2019-10-13T11:35:00Z,0.02187,0.02187,0.02187,0.02187,7
Kraken:ETHXBT,2019-10-13T11:41:00Z,0.02188,0.02188,0.02188,0.02188,0.21211494
Kraken:ETHXBT,2019-10-13T11:44:00Z,0.02187,0.02187,0.02187,0.02187,0.02998806
Kraken:ETHXBT,2019-10-13T11:46:00Z,0.02187,0.02187,0.02187,0.02187,0.52043896
Kraken:ETHXBT,2019-10-13T11:49:00Z,0.02184,0.02186,0.02184,0.02186,1.3833278
Kraken:ETHXBT,2019-10-13T11:50:00Z,0.02186,0.02186,0.02186,0.02186,0.68942839
Kraken:ETHXBT,2019-10-13T11:53:00Z,0.02186,0.02187,0.02186,0.02187,1.16478901
Kraken:ETHXBT,2019-10-13T11:56:00Z,0.02187,0.02187,0.02187,0.02187,1E+1
Kraken:ETHXBT,2019-10-13T11:58:00Z,0.02186,0.02186,0.02186,0.02186,1.37067945
Kraken:ETHXBT,2019-10-13T12:06:00Z,0.0219,0.0219,0.0219,0.0219,1
Kraken:ETHXBT,2019-10-13T12:09:00Z,0.0219,0.0219,0.0219,0.0219,0.02
Kraken:ETHXBT,2019-10-13T12:11:00Z,0.0219,0.0219,0.0219,0.0219,1.25
Kraken:ETHXBT,2019-10-13T12:12:00Z,0.0219,0.0219,0.0219,0.0219,15.54740092
Kraken:ETHXBT,2019-10-13T12:16:00Z,0.02189,0.02189,0.02189,0.02189,5.07209355
Kraken:ETHXBT,2019-10-13T12:18:00Z,0.02189,0.02189,0.02189,0.02189,29.70064608
Kraken:ETHXBT,2019-10-13T12:19:00Z,0.0219,0.02192,0.0219,0.02191,0.49264354
Kraken:ETHXBT,2019-10-13T12:21:00Z,0.02191,0.02191,0.02191,0.02191,14.26316107
Kraken:ETHXBT,2019-10-13T12:22:00Z,0.02191,0.02191,0.02189,0.02189,20.78577893
Kraken:ETHXBT,2019-10-13T12:24:00Z,0.0219,0.0219,0.0219,0.0219,0.3321675
Kraken:ETHXBT,2019-10-13T12:27:00Z,0.02189,0.02189,0.02189,0.02189,16.07241656
Kraken:ETHXBT,2019-10-13T12:29:00Z,0.02189,0.02189,0.02189,0.02189,3.5
Kraken:ETHXBT,2019-10-13T12:32:00Z,0.02189,0.02189,0.02189,0.02189,8.07496574
Kraken:ETHXBT,2019-10-13T12:38:00Z,0.02184,0.02186,0.02184,0.02186,30.25955348
Kraken:ETHXBT,2019-10-13T12:40:00Z,0.02187,0.02187,0.02187,0.02187,33
Kraken:ETHXBT,2019-10-13T12:41:00Z,0.02186,0.02186,0.02186,0.02186,18
Kraken:ETHXBT,2019-10-13T12:47:00Z,0.02188,0.02188,0.02188,0.02188,0.405
Kraken:ETHXBT,2019-10-13T12:48:00Z,0.02187,0.02187,0.02187,0.02187,0.33217119
Kraken:ETHXBT,2019-10-13T12:49:00Z,0.02188,0.02188,0.02188,0.02188,1.38244973
Kraken:ETHXBT,2019-10-13T12:50:00Z,0.02186,0.02186,0.02184,0.02184,0.72018769
Kraken:ETHXBT,2019-10-13T12:53:00Z,0.02188,0.02188,0.02188,0.02188,0.07840904
Kraken:ETHXBT,2019-10-13T12:54:00Z,0.02186,0.02186,0.02186,0.02186,0.07840904
Kraken:ETHXBT,2019-10-13T13:05:00Z,0.02186,0.02186,0.02184,0.02184,0.052436
Kraken:ETHXBT,2019-10-13T13:08:00Z,0.02184,0.02184,0.02184,0.02184,0.03731492
Kraken:ETHXBT,2019-10-13T13:17:00Z,0.02185,0.02185,0.02185,0.02185,2
Kraken:ETHXBT,2019-10-13T13:21:00Z,0.02186,0.02186,0.02186,0.02186,8.86
Kraken:ETHXBT,2019-10-13T13:22:00Z,0.02186,0.02186,0.02186,0.02186,0.06
Kraken:ETHXBT,2019-10-13T13:23:00Z,0.02185,0.02185,0.02185,0.02185,0.06607465
Kraken:ETHXBT,2019-10-13T13:28:00Z,0.02186,0.02186,0.02186,0.02186,1.0434211
Kraken:ETHXBT,2019-10-13T13:30:00Z,0.02186,0.02186,0.02186,0.02186,0.48
Kraken:ETHXBT,2019-10-13T13:32:00Z,0.02187,0.02187,0.02187,0.02187,0.12122598
Kraken:ETHXBT,2019-10-13T13:35:00Z,0.02186,0.02186,0.02185,0.02185,0.15833902
Kraken:ETHXBT,2019-10-13T13:36:00Z,0.02183,0.02183,0.02183,0.02183,2.5
Kraken:ETHXBT,2019-10-13T13:46:00Z,0.0218,0.0218,0.0218,0.0218,0.024
Kraken:ETHXBT,2019-10-13T13:47:00Z,0.0218,0.0218,0.0218,0.0218,0.250943
Kraken:ETHXBT,2019-10-13T13:51:00Z,0.02179,0.02179,0.02179,0.02179,1.50389881
Kraken:ETHXBT,2019-10-13T13:57:00Z,0.02178,0.02178,0.02178,0.02178,52.78103278
Kraken:ETHXBT,2019-10-13T13:59:00Z,0.02178,0.02178,0.02178,0.02178,0.4564483
Kraken:ETHXBT,2019-10-13T14:00:00Z,0.02179,0.02179,0.02179,0.02179,37.21664287
Kraken:ETHXBT,2019-10-13T14:03:00Z,0.02179,0.02179,0.02178,0.02178,2.02129822
Kraken:ETHXBT,2019-10-13T14:06:00Z,0.0218,0.0218,0.0218,0.0218,0.08426788
Kraken:ETHXBT,2019-10-13T14:09:00Z,0.0218,0.0218,0.0218,0.0218,0.26142155
Kraken:ETHXBT,2019-10-13T14:11:00Z,0.0218,0.0218,0.0218,0.0218,0.28058072
Kraken:ETHXBT,2019-10-13T14:12:00Z,0.0218,0.0218,0.0218,0.0218,0.74442862
Kraken:ETHXBT,2019-10-13T14:14:00Z,0.0218,0.0218,0.0218,0.0218,0.2912005
Kraken:ETHXBT,2019-10-13T14:23:00Z,0.02179,0.02179,0.02179,0.02179,0.38208123
Kraken:ETHXBT,2019-10-13T14:24:00Z,0.0218,0.0218,0.0218,0.0218,0.06
Kraken:ETHXBT,2019-10-13T14:25:00Z,0.02177,0.02177,0.02177,0.02177,0.31800648
Kraken:ETHXBT,2019-10-13T14:30:00Z,0.02178,0.02178,0.02178,0.02178,0.882202
Kraken:ETHXBT,2019-10-13T14:31:00Z,0.0218,0.02181,0.0218,0.02181,0.72531502
Kraken:ETHXBT,2019-10-13T14:33:00Z,0.02179,0.02179,0.02179,0.02179,0.24245719
Kraken:ETHXBT,2019-10-13T14:39:00Z,0.02181,0.02181,0.02177,0.02177,1.43588904
Kraken:ETHXBT,2019-10-13T14:41:00Z,0.02179,0.02179,0.02179,0.02179,0.069
Kraken:ETHXBT,2019-10-13T14:43:00Z,0.0218,0.0218,0.0218,0.0218,0.12633028
Kraken:ETHXBT,2019-10-13T14:46:00Z,0.0218,0.0218,0.0218,0.0218,0.61729358
Kraken:ETHXBT,2019-10-13T15:01:00Z,0.02179,0.02181,0.02179,0.02181,1.02
Kraken:ETHXBT,2019-10-13T15:10:00Z,0.0218,0.0218,0.0218,0.0218,0.03989439
Kraken:ETHXBT,2019-10-13T15:18:00Z,0.02183,0.02183,0.02183,0.02183,2.9
Kraken:ETHXBT,2019-10-13T15:20:00Z,0.02184,0.02184,0.02184,0.02184,0.22
Kraken:ETHXBT,2019-10-13T15:24:00Z,0.02184,0.02184,0.02184,0.02184,0.08942169
Kraken:ETHXBT,2019-10-13T15:26:00Z,0.02183,0.02185,0.02183,0.02185,0.31304693
Kraken:ETHXBT,2019-10-13T15:31:00Z,0.02184,0.02184,0.02184,0.02184,1.26319892
Kraken:ETHXBT,2019-10-13T15:33:00Z,0.02186,0.02186,0.02184,0.02184,7.5183169
Kraken:ETHXBT,2019-10-13T15:35:00Z,0.02184,0.02184,0.02184,0.02184,0.28201951
Kraken:ETHXBT,2019-10-13T15:36:00Z,0.02185,0.02185,0.02185,0.02185,0.05602738
Kraken:ETHXBT,2019-10-13T15:37:00Z,0.02187,0.02187,0.02187,0.02187,2.276
Kraken:ETHXBT,2019-10-13T15:38:00Z,0.02187,0.02187,0.02185,0.02185,1.97442183
Kraken:ETHXBT,2019-10-13T15:45:00Z,0.02186,0.02186,0.02186,0.02186,1.10337347
Kraken:ETHXBT,2019-10-13T15:49:00Z,0.02183,0.02183,0.02183,0.02183,0.28193853
Kraken:ETHXBT,2019-10-13T15:51:00Z,0.02182,0.02182,0.02182,0.02182,0.5
Kraken:ETHXBT,2019-10-13T16:02:00Z,0.02187,0.02187,0.02187,0.02187,0.0288305
Kraken:ETHXBT,2019-10-13T16:03:00Z,0.02187,0.02188,0.02187,0.02188,1.69080806
Kraken:ETHXBT,2019-10-13T16:05:00Z,0.02185,0.02185,0.02185,0.02185,0.21919728
Kraken:ETHXBT,2019-10-13T16:15:00Z,0.02185,0.02185,0.02185,0.02185,1.05232341
Kraken:ETHXBT,2019-10-13T16:22:00Z,0.02181,0.02181,0.02181,0.02181,3
Kraken:ETHXBT,2019-10-13T16:28:00Z,0.02183,0.02183,0.02181,0.02181,0.11123
Kraken:ETHXBT,2019-10-13T16:30:00Z,0.02182,0.02182,0.02181,0.02181,18.76532389
Kraken:ETHXBT,2019-10-13T16:33:00Z,0.02179,0.02179,0.02179,0.02179,1.71573
Kraken:ETHXBT,2019-10-13T16:41:00Z,0.0218,0.0218,0.02178,0.02178,141.14915897
Kraken:ETHXBT,2019-10-13T16:52:00Z,0.02181,0.02181,0.02181,0.02181,0.37857568
Kraken:ETHXBT,2019-10-13T16:54:00Z,0.02182,0.02182,0.02179,0.02179,17.30494007
Kraken:ETHXBT,2019-10-13T16:55:00Z,0.02181,0.02181,0.02181,0.02181,0.2
Kraken:ETHXBT,2019-10-13T16:57:00Z,0.02182,0.02182,0.02182,0.02182,33.01442213
Kraken:ETHXBT,2019-10-13T16:59:00Z,0.02181,0.02181,0.02181,0.02181,2
Kraken:ETHXBT,2019-10-13T17:00:00Z,0.02179,0.02179,0.02179,0.02179,0.18377635
Kraken:ETHXBT,2019-10-13T17:03:00Z,0.02181,0.02181,0.02179,0.02181,1.5632469
Kraken:ETHXBT,2019-10-13T17:10:00Z,0.0218,0.0218,0.0218,0.0218,0.7
Kraken:ETHXBT,2019-10-13T17:12:00Z,0.02179,0.02179,0.02179,0.02179,1.83
Kraken:ETHXBT,2019-10-13T17:18:00Z,0.02179,0.02179,0.02179,0.02179,0.31306306
Kraken:ETHXBT,2019-10-13T17:21:00Z,0.02179,0.02179,0.02179,0.02179,15.83295079
Kraken:ETHXBT,2019-10-13T17:30:00Z,0.02177,0.02177,0.02177,0.02177,1.9436476
Kraken:ETHXBT,2019-10-13T17:31:00Z,0.0218,0.0218,0.0218,0.0218,0.23560338
Kraken:ETHXBT,2019-10-13T17:32:00Z,0.02178,0.02178,0.02178,0.02178,0.06
Kraken:ETHXBT,2019-10-13T17:36:00Z,0.02178,0.02178,0.02178,0.02178,0.45913682
Kraken:ETHXBT,2019-10-13T17:40:00Z,0.02177,0.02177,0.02177,0.02177,0.38567517
Kraken:ETHXBT,2019-10-13T17:50:00Z,0.02179,0.02179,0.02177,0.02177,0.76762
Kraken:ETHXBT,2019-10-13T17:51:00Z,0.02177,0.02177,0.02177,0.02177,0.58609819
Kraken:ETHXBT,2019-10-13T17:53:00Z,0.02177,0.02177,0.02177,0.02177,2.49034193
Kraken:ETHXBT,2019-10-13T18:02:00Z,0.02178,0.02178,0.02176,0.02176,1E+1
Kraken:ETHXBT,2019-10-13T18:06:00Z,0.02179,0.02179,0.02179,0.02179,10.73340976
Kraken:ETHXBT,2019-10-13T18:08:00Z,0.02177,0.02177,0.02177,0.02177,1.05399998
Kraken:ETHXBT,2019-10-13T18:10:00Z,0.02177,0.02177,0.02177,0.02177,1.56
Kraken:ETHXBT,2019-10-13T18:20:00Z,0.0218,0.0218,0.0218,0.0218,0.7277
Kraken:ETHXBT,2019-10-13T18:22:00Z,0.0218,0.0218,0.0218,0.0218,8
Kraken:ETHXBT,2019-10-13T18:25:00Z,0.0218,0.0218,0.0218,0.0218,1E+1
Kraken:ETHXBT,2019-10-13T18:26:00Z,0.02179,0.02179,0.02179,0.02179,0.55076105
Kraken:ETHXBT,2019-10-13T18:27:00Z,0.0218,0.02183,0.0218,0.02183,0.98425112
Kraken:ETHXBT,2019-10-13T18:28:00Z,0.02181,0.02181,0.02181,0.02181,0.95616299
Kraken:ETHXBT,2019-10-13T18:35:00Z,0.02183,0.02183,0.02183,0.02183,0.06
Kraken:ETHXBT,2019-10-13T18:37:00Z,0.02182,0.02182,0.0218,0.0218,5.5
Kraken:ETHXBT,2019-10-13T18:38:00Z,0.02181,0.02181,0.02181,0.02181,1.10044686
Kraken:ETHXBT,2019-10-13T18:39:00Z,0.02182,0.02182,0.02182,0.02182,7
Kraken:ETHXBT,2019-10-13T18:40:00Z,0.02182,0.02182,0.02182,0.02182,0.07466519
Kraken:ETHXBT,2019-10-13T18:41:00Z,0.02183,0.02183,0.02183,0.02183,0.2560958
Kraken:ETHXBT,2019-10-13T18:42:00Z,0.02182,0.02182,0.02182,0.02182,6.12276397
Kraken:ETHXBT,2019-10-13T18:49:00Z,0.02181,0.02181,0.0218,0.0218,19.60742606
Kraken:ETHXBT,2019-10-13T18:55:00Z,0.02179,0.02179,0.02179,0.02179,0.0761375
Kraken:ETHXBT,2019-10-13T18:57:00Z,0.0218,0.0218,0.0218,0.0218,0.24744744
Kraken:ETHXBT,2019-10-13T19:02:00Z,0.02176,0.02176,0.02176,0.02176,0.38
Kraken:ETHXBT,2019-10-13T19:09:00Z,0.02176,0.02176,0.02176,0.02176,12.91140376
Kraken:ETHXBT,2019-10-13T19:15:00Z,0.02175,0.02175,0.02175,0.02175,0.40088
Kraken:ETHXBT,2019-10-13T19:20:00Z,0.02175,0.02175,0.02175,0.02175,0.37
Kraken:ETHXBT,2019-10-13T19:21:00Z,0.02175,0.02175,0.02175,0.02175,1.00001626
Kraken:ETHXBT,2019-10-13T19:29:00Z,0.02175,0.02175,0.02175,0.02175,8.32910374
Kraken:ETHXBT,2019-10-13T19:30:00Z,0.02173,0.02173,0.02173,0.02173,0.242
Kraken:ETHXBT,2019-10-13T19:32:00Z,0.02172,0.02172,0.02172,0.02172,0.197
Kraken:ETHXBT,2019-10-13T19:34:00Z,0.02172,0.02172,0.02172,0.02172,0.3
Kraken:ETHXBT,2019-10-13T19:37:00Z,0.02172,0.02173,0.02172,0.02173,0.16
Kraken:ETHXBT,2019-10-13T19:38:00Z,0.02173,0.02173,0.02173,0.02173,1.33860425
Kraken:ETHXBT,2019-10-13T19:41:00Z,0.02173,0.02173,0.02173,0.02173,0.23852253
Kraken:ETHXBT,2019-10-13T19:42:00Z,0.0217,0.0217,0.0217,0.0217,4.60829
Kraken:ETHXBT,2019-10-13T19:43:00Z,0.0217,0.0217,0.0217,0.0217,0.5
Kraken:ETHXBT,2019-10-13T19:45:00Z,0.0217,0.0217,0.0217,0.0217,15
Kraken:ETHXBT,2019-10-13T19:46:00Z,0.02172,0.02172,0.02172,0.02172,0.56836106
Kraken:ETHXBT,2019-10-13T19:59:00Z,0.0217,0.0217,0.0217,0.0217,3
Kraken:ETHXBT,2019-10-13T20:01:00Z,0.02169,0.02169,0.02169,0.02169,0.32741724
Kraken:ETHXBT,2019-10-13T20:04:00Z,0.02167,0.02167,0.02165,0.02165,0.43162753
Kraken:ETHXBT,2019-10-13T20:05:00Z,0.02164,0.02164,0.0216,0.0216,18.84252181
Kraken:ETHXBT,2019-10-13T20:07:00Z,0.02163,0.02163,0.02159,0.02159,14.57746852
Kraken:ETHXBT,2019-10-13T20:08:00Z,0.02164,0.02164,0.02164,0.02164,0.02349348
Kraken:ETHXBT,2019-10-13T20:09:00Z,0.02162,0.02163,0.02162,0.02163,20.04962
Kraken:ETHXBT,2019-10-13T20:11:00Z,0.02164,0.02176,0.02163,0.02176,100.30782949
Kraken:ETHXBT,2019-10-13T20:12:00Z,0.02177,0.02177,0.02177,0.02177,0.85892752
Kraken:ETHXBT,2019-10-13T20:14:00Z,0.02178,0.02178,0.02178,0.02178,0.10896373
Kraken:ETHXBT,2019-10-13T20:15:00Z,0.02174,0.02174,0.02171,0.02171,4.50704022
Kraken:ETHXBT,2019-10-13T20:16:00Z,0.02171,0.02193,0.02171,0.02193,224.03395757
Kraken:ETHXBT,2019-10-13T20:17:00Z,0.02191,0.02191,0.02185,0.02185,6.96105292
Kraken:ETHXBT,2019-10-13T20:18:00Z,0.02186,0.02187,0.02186,0.02187,1.64401893
Kraken:ETHXBT,2019-10-13T20:19:00Z,0.02186,0.02186,0.02186,0.02186,0.02
Kraken:ETHXBT,2019-10-13T20:20:00Z,0.02184,0.02184,0.02184,0.02184,1E+1
Kraken:ETHXBT,2019-10-13T20:26:00Z,0.02185,0.02185,0.02185,0.02185,2.46897
Kraken:ETHXBT,2019-10-13T20:27:00Z,0.02185,0.02185,0.02185,0.02185,1.18789
Kraken:ETHXBT,2019-10-13T20:30:00Z,0.02185,0.02186,0.02185,0.02186,1.69053486
Kraken:ETHXBT,2019-10-13T20:31:00Z,0.02185,0.02185,0.02185,0.02185,0.05231121
Kraken:ETHXBT,2019-10-13T20:32:00Z,0.02186,0.02186,0.02182,0.02185,250.95602975
Kraken:ETHXBT,2019-10-13T20:33:00Z,0.02185,0.02185,0.02185,0.02185,1.37185879
Kraken:ETHXBT,2019-10-13T20:36:00Z,0.02185,0.02186,0.02185,0.02186,22.8519195
Kraken:ETHXBT,2019-10-13T20:39:00Z,0.02185,0.02185,0.02185,0.02185,0.06
Kraken:ETHXBT,2019-10-13T20:40:00Z,0.02184,0.02184,0.02184,0.02184,0.1
Kraken:ETHXBT,2019-10-13T20:41:00Z,0.02183,0.02183,0.02183,0.02183,1.04336296
Kraken:ETHXBT,2019-10-13T20:44:00Z,0.02184,0.02184,0.02184,0.02184,0.27036402
Kraken:ETHXBT,2019-10-13T20:47:00Z,0.02185,0.02185,0.02185,0.02185,0.1
Kraken:ETHXBT,2019-10-13T20:52:00Z,0.02186,0.02186,0.02186,0.02186,0.08
Kraken:ETHXBT,2019-10-13T20:54:00Z,0.02185,0.02185,0.02185,0.02185,59
Kraken:ETHXBT,2019-10-13T20:55:00Z,0.02185,0.02185,0.02185,0.02185,0.5
Kraken:ETHXBT,2019-10-13T20:59:00Z,0.02188,0.02188,0.02188,0.02188,39.1996
Kraken:ETHXBT,2019-10-13T21:00:00Z,0.02186,0.02186,0.02186,0.02186,0.02916766
Kraken:ETHXBT,2019-10-13T21:02:00Z,0.02188,0.02188,0.02188,0.02188,0.5
Kraken:ETHXBT,2019-10-13T21:04:00Z,0.02186,0.02186,0.02186,0.02186,3.836996
Kraken:ETHXBT,2019-10-13T21:05:00Z,0.02185,0.02185,0.02184,0.02184,13.45591888
Kraken:ETHXBT,2019-10-13T21:06:00Z,0.02184,0.02184,0.02184,0.02184,4.06563923
Kraken:ETHXBT,2019-10-13T21:08:00Z,0.02186,0.02186,0.02186,0.02186,0.03096924
Kraken:ETHXBT,2019-10-13T21:10:00Z,0.02188,0.02189,0.02188,0.02189,8
Kraken:ETHXBT,2019-10-13T21:11:00Z,0.02188,0.02188,0.02188,0.02188,5.62111288
Kraken:ETHXBT,2019-10-13T21:13:00Z,0.02189,0.02189,0.02189,0.02189,0.06212883
Kraken:ETHXBT,2019-10-13T21:16:00Z,0.0219,0.02191,0.0219,0.02191,5
Kraken:ETHXBT,2019-10-13T21:17:00Z,0.0219,0.0219,0.0219,0.0219,3.77733584
Kraken:ETHXBT,2019-10-13T21:18:00Z,0.02191,0.02193,0.02191,0.02193,7.28626501
Kraken:ETHXBT,2019-10-13T21:19:00Z,0.02192,0.02193,0.02192,0.02192,1.25856527
Kraken:ETHXBT,2019-10-13T21:20:00Z,0.02193,0.02193,0.02192,0.02192,3.17923586
Kraken:ETHXBT,2019-10-13T21:21:00Z,0.02192,0.02192,0.02192,0.02192,2.72999999
Kraken:ETHXBT,2019-10-13T21:23:00Z,0.02192,0.02192,0.02192,0.02192,5
Kraken:ETHXBT,2019-10-13T21:26:00Z,0.02193,0.02194,0.02193,0.02193,9.59229858
Kraken:ETHXBT,2019-10-13T21:28:00Z,0.02194,0.02194,0.02194,0.02194,0.02049875
Kraken:ETHXBT,2019-10-13T21:31:00Z,0.02193,0.02193,0.02193,0.02193,0.21288
Kraken:ETHXBT,2019-10-13T21:32:00Z,0.02191,0.02191,0.02191,0.02191,1.04716472
Kraken:ETHXBT,2019-10-13T21:33:00Z,0.02192,0.02192,0.02192,0.02192,0.84920785
Kraken:ETHXBT,2019-10-13T21:34:00Z,0.02192,0.02192,0.02192,0.02192,1E+1
Kraken:ETHXBT,2019-10-13T21:35:00Z,0.02192,0.02192,0.02192,0.02192,1.34820617
Kraken:ETHXBT,2019-10-13T21:36:00Z,0.02193,0.02194,0.02193,0.02193,12.02795614
Kraken:ETHXBT,2019-10-13T21:38:00Z,0.02192,0.02192,0.02192,0.02192,0.50891735
Kraken:ETHXBT,2019-10-13T21:41:00Z,0.02192,0.02195,0.02192,0.02195,1.58108881
Kraken:ETHXBT,2019-10-13T21:43:00Z,0.02192,0.02192,0.02192,0.02192,1.70498946
Kraken:ETHXBT,2019-10-13T21:45:00Z,0.02191,0.02191,0.02191,0.02191,0.77138625
Kraken:ETHXBT,2019-10-13T21:47:00Z,0.02191,0.02191,0.02191,0.02191,0.61726327
Kraken:ETHXBT,2019-10-13T21:48:00Z,0.02191,0.02191,0.02191,0.02191,0.8263127
Kraken:ETHXBT,2019-10-13T21:49:00Z,0.02191,0.02191,0.02189,0.02189,0.52636517
Kraken:ETHXBT,2019-10-13T21:50:00Z,0.02188,0.02188,0.02188,0.02188,0.31627588
Kraken:ETHXBT,2019-10-13T21:54:00Z,0.0219,0.0219,0.0219,0.0219,0.24680365
Kraken:ETHXBT,2019-10-13T22:09:00Z,0.02194,0.02195,0.02194,0.02195,30.86750698
Kraken:ETHXBT,2019-10-13T22:11:00Z,0.02195,0.02195,0.02195,0.02195,0.12418
Kraken:ETHXBT,2019-10-13T22:12:00Z,0.02196,0.02197,0.02196,0.02197,15.31
Kraken:ETHXBT,2019-10-13T22:13:00Z,0.02197,0.02198,0.02197,0.02198,5
Kraken:ETHXBT,2019-10-13T22:14:00Z,0.02197,0.02197,0.02197,0.02197,4.9978962
Kraken:ETHXBT,2019-10-13T22:23:00Z,0.02195,0.02195,0.02195,0.02195,14.995
Kraken:ETHXBT,2019-10-13T22:24:00Z,0.02194,0.02194,0.02194,0.02194,0.26967461
Kraken:ETHXBT,2019-10-13T22:25:00Z,0.02195,0.02195,0.02195,0.02195,0.02521634
Kraken:ETHXBT,2019-10-13T22:29:00Z,0.02191,0.02191,0.0219,0.0219,1.41477212
Kraken:ETHXBT,2019-10-13T22:33:00Z,0.02191,0.02191,0.02191,0.02191,0.024973
Kraken:ETHXBT,2019-10-13T22:38:00Z,0.02191,0.02191,0.02191,0.02191,0.49
Kraken:ETHXBT,2019-10-13T22:43:00Z,0.02191,0.02193,0.02191,0.02193,0.06
Kraken:ETHXBT,2019-10-13T23:05:00Z,0.02192,0.02192,0.02192,0.02192,9.10654055
Kraken:ETHXBT,2019-10-13T23:13:00Z,0.02194,0.02194,0.02194,0.02194,14.83628077
Kraken:ETHXBT,2019-10-13T23:16:00Z,0.02191,0.02191,0.02191,0.02191,0.02
Kraken:ETHXBT,2019-10-13T23:19:00Z,0.02191,0.02191,0.02191,0.02191,0.74626061
Kraken:ETHXBT,2019-10-13T23:25:00Z,0.02189,0.02189,0.02189,0.02189,0.5
Kraken:ETHXBT,2019-10-13T23:27:00Z,0.02191,0.02191,0.02191,0.02191,0.02990095
Kraken:ETHXBT,2019-10-13T23:31:00Z,0.02189,0.02189,0.02189,0.02189,1.9
Kraken:ETHXBT,2019-10-13T23:46:00Z,0.02189,0.02189,0.02189,0.02189,0.17781855
Kraken:ETHXBT,2019-10-13T23:49:00Z,0.02188,0.02188,0.02188,0.02188,0.25614581
Kraken:ETHXBT,2019-10-13T23:53:00Z,0.02188,0.02188,0.02188,0.02188,0.05639206
Kraken:ETHXBT,2019-10-13T23:56:00Z,0.02188,0.02188,0.02185,0.02185,1.07401897
