Kraken:ETHUSD,2018-09-03T00:01:00Z,295.19,295.68,295.19,295.41,21.91737
Kraken:ETHUSD,2018-09-03T00:02:00Z,295.2,295.2,295.2,295.2,1
Kraken:ETHUSD,2018-09-03T00:03:00Z,295.09,295.09,294.43,294.43,19.99054555
Kraken:ETHUSD,2018-09-03T00:04:00Z,294.88,295.09,294.88,295.09,60.82658517
Kraken:ETHUSD,2018-09-03T00:07:00Z,295.39,295.39,295.39,295.39,1.73
Kraken:ETHUSD,2018-09-03T00:09:00Z,295.4,295.4,295.4,295.4,0.19819462
Kraken:ETHUSD,2018-09-03T00:10:00Z,295.5,295.5,295.5,295.5,0.028
Kraken:ETHUSD,2018-09-03T00:11:00Z,295.59,295.8,295.59,295.8,21.20116951
Kraken:ETHUSD,2018-09-03T00:12:00Z,295.78,295.8,295.78,295.8,12.74242516
Kraken:ETHUSD,2018-09-03T00:13:00Z,295.8,296.0,295.8,295.98,21.83871992
Kraken:ETHUSD,2018-09-03T00:14:00Z,295.94,295.94,295.94,295.94,0.27057372
Kraken:ETHUSD,2018-09-03T00:15:00Z,295.57,295.57,295.2,295.53,26.82285132
Kraken:ETHUSD,2018-09-03T00:16:00Z,295.4,295.58,294.6,294.6,135.08927623
Kraken:ETHUSD,2018-09-03T00:17:00Z,294.56,294.56,294.45,294.48,21.81141039
Kraken:ETHUSD,2018-09-03T00:18:00Z,294.65,294.65,294.01,294.01,1E+1
Kraken:ETHUSD,2018-09-03T00:20:00Z,294.3,294.3,294.1,294.15,51.28080093
Kraken:ETHUSD,2018-09-03T00:21:00Z,294.04,294.04,294.0,294.04,19.20972
Kraken:ETHUSD,2018-09-03T00:22:00Z,294.05,294.49,294.05,294.49,3.2924357
Kraken:ETHUSD,2018-09-03T00:23:00Z,294.49,294.5,293.66,293.66,149.06274773
Kraken:ETHUSD,2018-09-03T00:24:00Z,293.7,293.7,293.39,293.39,25.937
Kraken:ETHUSD,2018-09-03T00:25:00Z,294.1,294.1,293.98,293.98,0.32041336
Kraken:ETHUSD,2018-09-03T00:26:00Z,293.98,293.98,293.98,293.98,0.02204113
Kraken:ETHUSD,2018-09-03T00:33:00Z,294.44,294.44,293.8,293.8,30.12037221
Kraken:ETHUSD,2018-09-03T00:34:00Z,293.77,293.79,293.61,293.61,7.83722875
Kraken:ETHUSD,2018-09-03T00:35:00Z,293.95,294.85,293.95,294.74,9.485
Kraken:ETHUSD,2018-09-03T00:36:00Z,294.83,294.83,294.8,294.8,5.13938104
Kraken:ETHUSD,2018-09-03T00:40:00Z,294.64,294.64,294.64,294.64,0.11282053
Kraken:ETHUSD,2018-09-03T00:41:00Z,294.52,294.52,294.52,294.52,2.6748728
Kraken:ETHUSD,2018-09-03T00:43:00Z,294.19,294.19,294.19,294.19,0.37975496
Kraken:ETHUSD,2018-09-03T00:44:00Z,294.09,294.09,293.93,293.93,1.67080882
Kraken:ETHUSD,2018-09-03T00:45:00Z,293.72,293.72,293.72,293.72,0.02
Kraken:ETHUSD,2018-09-03T00:46:00Z,293.7,293.7,293.58,293.58,0.7
Kraken:ETHUSD,2018-09-03T00:47:00Z,293.4,293.4,293.4,293.4,4
Kraken:ETHUSD,2018-09-03T00:50:00Z,293.0,293.0,292.87,293.0,11.92358498
Kraken:ETHUSD,2018-09-03T00:51:00Z,293.0,293.0,293.0,293.0,15.55
Kraken:ETHUSD,2018-09-03T00:52:00Z,293.0,293.36,292.7,292.7,22.08
Kraken:ETHUSD,2018-09-03T00:53:00Z,293.03,293.03,292.72,292.72,2.84967
Kraken:ETHUSD,2018-09-03T00:54:00Z,293.55,293.55,293.55,293.55,0.58895768
Kraken:ETHUSD,2018-09-03T00:56:00Z,293.55,293.55,293.55,293.55,2.82349833
Kraken:ETHUSD,2018-09-03T00:57:00Z,293.64,293.64,293.46,293.5,5.84614664
Kraken:ETHUSD,2018-09-03T00:58:00Z,293.37,293.5,293.37,293.5,3.21313495
Kraken:ETHUSD,2018-09-03T00:59:00Z,293.41,293.5,293.39,293.5,4.2897232
Kraken:ETHUSD,2018-09-03T01:00:00Z,293.45,293.5,293.44,293.5,11.74886114
Kraken:ETHUSD,2018-09-03T01:01:00Z,293.49,293.49,293.48,293.48,1.54883267
Kraken:ETHUSD,2018-09-03T01:04:00Z,293.45,293.45,293.45,293.45,3.955
Kraken:ETHUSD,2018-09-03T01:08:00Z,293.44,293.44,293.0,293.14,24.11817768
Kraken:ETHUSD,2018-09-03T01:11:00Z,292.77,292.77,292.36,292.64,3.83940761
Kraken:ETHUSD,2018-09-03T01:12:00Z,292.37,292.76,292.37,292.71,12.43461701
Kraken:ETHUSD,2018-09-03T01:13:00Z,293.08,293.4,293.08,293.4,100.73
Kraken:ETHUSD,2018-09-03T01:14:00Z,293.08,293.31,293.08,293.31,4.86
Kraken:ETHUSD,2018-09-03T01:15:00Z,292.73,292.73,292.73,292.73,0.03763422
Kraken:ETHUSD,2018-09-03T01:16:00Z,292.55,292.55,292.55,292.55,0.02094476
Kraken:ETHUSD,2018-09-03T01:17:00Z,292.4,292.4,291.68,291.68,39.462
Kraken:ETHUSD,2018-09-03T01:19:00Z,292.22,292.22,291.68,291.69,15.97744493
Kraken:ETHUSD,2018-09-03T01:20:00Z,291.9,292.2,291.82,292.19,6.17
Kraken:ETHUSD,2018-09-03T01:22:00Z,291.81,291.81,291.44,291.44,3E+1
Kraken:ETHUSD,2018-09-03T01:23:00Z,291.86,291.86,291.86,291.86,0.40031554
Kraken:ETHUSD,2018-09-03T01:26:00Z,291.85,291.85,291.85,291.85,1.49184218
Kraken:ETHUSD,2018-09-03T01:28:00Z,291.91,291.91,291.44,291.44,3E+1
Kraken:ETHUSD,2018-09-03T01:29:00Z,291.62,291.62,291.16,291.16,41.98541502
Kraken:ETHUSD,2018-09-03T01:30:00Z,291.07,291.07,290.72,290.91,5.80955788
Kraken:ETHUSD,2018-09-03T01:32:00Z,291.2,291.24,291.2,291.24,1.99
Kraken:ETHUSD,2018-09-03T01:33:00Z,291.37,291.91,291.37,291.8,42.68916602
Kraken:ETHUSD,2018-09-03T01:35:00Z,291.9,291.93,291.9,291.93,5.12165318
Kraken:ETHUSD,2018-09-03T01:36:00Z,291.9,291.9,291.9,291.9,0.02225893
Kraken:ETHUSD,2018-09-03T01:37:00Z,291.88,291.9,291.88,291.9,1E+1
Kraken:ETHUSD,2018-09-03T01:39:00Z,291.9,291.9,291.9,291.9,5
Kraken:ETHUSD,2018-09-03T01:40:00Z,291.91,291.93,291.91,291.93,0.322
Kraken:ETHUSD,2018-09-03T01:41:00Z,291.94,292.0,291.94,292.0,1.395
Kraken:ETHUSD,2018-09-03T01:42:00Z,292.0,292.0,292.0,292.0,0.15
Kraken:ETHUSD,2018-09-03T01:45:00Z,292.0,292.0,292.0,292.0,0.885
Kraken:ETHUSD,2018-09-03T01:49:00Z,292.07,292.44,292.07,292.44,2E+1
Kraken:ETHUSD,2018-09-03T01:50:00Z,291.99,291.99,291.99,291.99,2
Kraken:ETHUSD,2018-09-03T01:53:00Z,291.98,291.98,291.98,291.98,2.30986255
Kraken:ETHUSD,2018-09-03T01:56:00Z,291.64,291.64,291.64,291.64,0.65
Kraken:ETHUSD,2018-09-03T01:57:00Z,291.39,291.39,291.39,291.39,0.5
Kraken:ETHUSD,2018-09-03T01:58:00Z,291.59,291.59,291.58,291.58,5
Kraken:ETHUSD,2018-09-03T02:02:00Z,291.81,291.93,291.81,291.93,0.60712731
Kraken:ETHUSD,2018-09-03T02:03:00Z,292.01,292.07,292.01,292.07,0.809
Kraken:ETHUSD,2018-09-03T02:04:00Z,292.07,292.07,292.05,292.05,0.54
Kraken:ETHUSD,2018-09-03T02:06:00Z,292.05,292.05,292.05,292.05,0.02
Kraken:ETHUSD,2018-09-03T02:10:00Z,292.05,292.05,292.05,292.05,2.66452652
Kraken:ETHUSD,2018-09-03T02:11:00Z,291.43,291.43,291.32,291.32,9.63952066
Kraken:ETHUSD,2018-09-03T02:12:00Z,291.3,291.3,291.3,291.3,20.36047934
Kraken:ETHUSD,2018-09-03T02:13:00Z,291.47,291.48,291.47,291.47,1.1
Kraken:ETHUSD,2018-09-03T02:14:00Z,291.44,291.44,291.27,291.27,3E+1
Kraken:ETHUSD,2018-09-03T02:15:00Z,291.41,291.41,291.12,291.12,3E+1
Kraken:ETHUSD,2018-09-03T02:16:00Z,291.51,291.51,291.51,291.51,0.3079857
Kraken:ETHUSD,2018-09-03T02:17:00Z,291.31,291.55,291.3,291.55,30.10810866
Kraken:ETHUSD,2018-09-03T02:18:00Z,291.55,291.55,291.55,291.55,0.04382373
Kraken:ETHUSD,2018-09-03T02:19:00Z,291.55,291.55,291.55,291.55,0.04382373
Kraken:ETHUSD,2018-09-03T02:20:00Z,291.54,291.54,291.04,291.04,23.45868353
Kraken:ETHUSD,2018-09-03T02:21:00Z,291.41,291.41,291.41,291.41,1
Kraken:ETHUSD,2018-09-03T02:25:00Z,291.3,291.3,291.3,291.3,0.24094399
Kraken:ETHUSD,2018-09-03T02:28:00Z,291.38,291.39,291.38,291.39,2E+1
Kraken:ETHUSD,2018-09-03T02:29:00Z,291.4,291.5,291.4,291.5,12.24241218
Kraken:ETHUSD,2018-09-03T02:30:00Z,291.5,291.5,291.5,291.5,7.75758782
Kraken:ETHUSD,2018-09-03T02:32:00Z,291.22,291.22,290.63,290.63,2E+2
Kraken:ETHUSD,2018-09-03T02:35:00Z,291.44,291.44,291.44,291.44,2.50853
Kraken:ETHUSD,2018-09-03T02:38:00Z,291.44,291.52,290.7,291.52,158.06514929
Kraken:ETHUSD,2018-09-03T02:39:00Z,291.52,291.52,291.52,291.52,19.98864502
Kraken:ETHUSD,2018-09-03T02:40:00Z,291.52,291.52,291.52,291.52,98.45368196
Kraken:ETHUSD,2018-09-03T02:41:00Z,291.52,291.52,291.52,291.52,1
Kraken:ETHUSD,2018-09-03T02:43:00Z,291.52,291.52,291.52,291.52,107.11252373
Kraken:ETHUSD,2018-09-03T02:44:00Z,291.66,291.66,291.66,291.66,1
Kraken:ETHUSD,2018-09-03T02:45:00Z,292.18,292.18,292.12,292.12,1.53
Kraken:ETHUSD,2018-09-03T02:46:00Z,292.15,292.75,292.15,292.75,1.7E+2
Kraken:ETHUSD,2018-09-03T02:47:00Z,292.23,292.34,292.23,292.34,3.5
Kraken:ETHUSD,2018-09-03T02:49:00Z,292.25,292.25,292.25,292.25,0.02
Kraken:ETHUSD,2018-09-03T02:50:00Z,292.25,292.25,292.25,292.25,30.02
Kraken:ETHUSD,2018-09-03T02:51:00Z,292.25,292.48,292.25,292.47,453.60184165
Kraken:ETHUSD,2018-09-03T02:54:00Z,292.47,293.0,292.47,292.47,40.58606071
Kraken:ETHUSD,2018-09-03T02:59:00Z,292.6,292.81,292.6,292.81,8.17597722
Kraken:ETHUSD,2018-09-03T03:00:00Z,292.66,292.66,292.66,292.66,0.58006391
Kraken:ETHUSD,2018-09-03T03:01:00Z,292.54,292.8,292.54,292.8,1E+1
Kraken:ETHUSD,2018-09-03T03:02:00Z,292.49,292.49,292.49,292.49,0.05
Kraken:ETHUSD,2018-09-03T03:04:00Z,292.49,292.49,292.38,292.38,2.68559426
Kraken:ETHUSD,2018-09-03T03:05:00Z,292.33,292.33,292.32,292.32,0.49223955
Kraken:ETHUSD,2018-09-03T03:07:00Z,292.32,292.37,292.3,292.3,1.8314478
Kraken:ETHUSD,2018-09-03T03:08:00Z,292.3,292.3,292.3,292.3,0.721
Kraken:ETHUSD,2018-09-03T03:11:00Z,292.57,292.57,292.57,292.57,0.49853151
Kraken:ETHUSD,2018-09-03T03:12:00Z,292.57,292.57,292.57,292.57,2.14865
Kraken:ETHUSD,2018-09-03T03:13:00Z,292.59,292.59,292.59,292.59,0.4
Kraken:ETHUSD,2018-09-03T03:15:00Z,292.79,292.79,292.79,292.79,0.19259
Kraken:ETHUSD,2018-09-03T03:20:00Z,292.58,292.59,291.99,292.59,106.0167939
Kraken:ETHUSD,2018-09-03T03:22:00Z,292.75,292.95,292.75,292.95,4.130625
Kraken:ETHUSD,2018-09-03T03:24:00Z,292.74,292.74,292.74,292.74,20.789
Kraken:ETHUSD,2018-09-03T03:25:00Z,292.46,292.46,292.46,292.46,0.172
Kraken:ETHUSD,2018-09-03T03:27:00Z,292.31,292.31,292.12,292.12,2.5
Kraken:ETHUSD,2018-09-03T03:30:00Z,292.18,292.18,292.02,292.02,9.62126853
Kraken:ETHUSD,2018-09-03T03:31:00Z,292.21,292.21,292.15,292.15,37.707
Kraken:ETHUSD,2018-09-03T03:34:00Z,292.12,292.12,292.12,292.12,0.169
Kraken:ETHUSD,2018-09-03T03:39:00Z,292.46,292.46,292.08,292.46,68.04063
Kraken:ETHUSD,2018-09-03T03:40:00Z,292.47,292.47,292.47,292.47,2.837
Kraken:ETHUSD,2018-09-03T03:45:00Z,292.47,292.47,292.47,292.47,1.577
Kraken:ETHUSD,2018-09-03T03:46:00Z,292.47,292.47,292.47,292.47,3.155
Kraken:ETHUSD,2018-09-03T03:47:00Z,292.46,292.46,292.46,292.46,1E+1
Kraken:ETHUSD,2018-09-03T03:48:00Z,292.46,292.46,292.19,292.19,67.49262185
Kraken:ETHUSD,2018-09-03T03:49:00Z,291.99,291.99,291.85,291.85,2.54082456
Kraken:ETHUSD,2018-09-03T03:50:00Z,291.6,291.62,291.57,291.57,5.08464
Kraken:ETHUSD,2018-09-03T03:51:00Z,291.57,291.57,291.56,291.56,0.33681916
Kraken:ETHUSD,2018-09-03T03:52:00Z,291.45,291.45,291.42,291.42,0.047
Kraken:ETHUSD,2018-09-03T03:53:00Z,291.43,291.48,291.43,291.48,15.4893124
Kraken:ETHUSD,2018-09-03T04:00:00Z,291.7,291.7,291.7,291.7,0.14831096
Kraken:ETHUSD,2018-09-03T04:01:00Z,291.91,292.33,291.91,292.33,13
Kraken:ETHUSD,2018-09-03T04:02:00Z,291.7,291.7,291.7,291.7,1.19468904
Kraken:ETHUSD,2018-09-03T04:03:00Z,291.78,291.88,291.78,291.88,0.12037626
Kraken:ETHUSD,2018-09-03T04:06:00Z,291.77,291.77,291.77,291.77,0.04087
Kraken:ETHUSD,2018-09-03T04:07:00Z,291.51,291.51,291.5,291.5,8.22422652
Kraken:ETHUSD,2018-09-03T04:09:00Z,291.12,291.19,290.84,291.19,100.10717011
Kraken:ETHUSD,2018-09-03T04:10:00Z,291.13,291.31,290.0,290.0,3250.41896364
Kraken:ETHUSD,2018-09-03T04:11:00Z,290.37,290.41,290.0,290.1,378.44463746
Kraken:ETHUSD,2018-09-03T04:12:00Z,290.29,290.3,290.0,290.0,21.13945726
Kraken:ETHUSD,2018-09-03T04:13:00Z,290.14,290.16,290.02,290.16,3.94060483
Kraken:ETHUSD,2018-09-03T04:14:00Z,290.03,290.03,290.0,290.0,127.217
Kraken:ETHUSD,2018-09-03T04:15:00Z,290.0,290.0,290.0,290.0,89.5
Kraken:ETHUSD,2018-09-03T04:16:00Z,290.0,290.0,286.52,288.34,1682.73427472
Kraken:ETHUSD,2018-09-03T04:17:00Z,288.11,288.11,287.54,287.62,202.32220653
Kraken:ETHUSD,2018-09-03T04:18:00Z,287.61,287.91,287.58,287.89,334.39419223
Kraken:ETHUSD,2018-09-03T04:19:00Z,287.89,288.15,287.89,288.15,67.08603263
Kraken:ETHUSD,2018-09-03T04:20:00Z,288.43,288.43,288.43,288.43,3.783
Kraken:ETHUSD,2018-09-03T04:21:00Z,288.44,288.86,288.44,288.85,768.912
Kraken:ETHUSD,2018-09-03T04:22:00Z,288.86,288.97,288.86,288.92,8.21533228
Kraken:ETHUSD,2018-09-03T04:23:00Z,288.56,289.0,288.56,289.0,21.98827812
Kraken:ETHUSD,2018-09-03T04:24:00Z,288.89,289.0,288.89,289.0,1E+1
Kraken:ETHUSD,2018-09-03T04:25:00Z,288.97,288.97,288.77,288.77,25.67151798
Kraken:ETHUSD,2018-09-03T04:26:00Z,288.75,288.75,288.64,288.64,13.47222
Kraken:ETHUSD,2018-09-03T04:27:00Z,288.77,288.77,288.76,288.76,7.06996791
Kraken:ETHUSD,2018-09-03T04:28:00Z,288.76,288.76,288.76,288.76,0.1098429
Kraken:ETHUSD,2018-09-03T04:29:00Z,288.77,288.77,288.77,288.77,8.12527307
Kraken:ETHUSD,2018-09-03T04:30:00Z,288.85,289.39,288.85,289.39,36.70395954
Kraken:ETHUSD,2018-09-03T04:31:00Z,289.33,289.43,289.33,289.33,4.762338
Kraken:ETHUSD,2018-09-03T04:32:00Z,289.4,289.4,289.4,289.4,0.5
Kraken:ETHUSD,2018-09-03T04:35:00Z,289.3,289.3,289.3,289.3,2.75900828
Kraken:ETHUSD,2018-09-03T04:37:00Z,289.29,289.29,289.29,289.29,0.55
Kraken:ETHUSD,2018-09-03T04:38:00Z,289.19,289.19,289.19,289.19,0.08857328
Kraken:ETHUSD,2018-09-03T04:41:00Z,289.19,289.2,288.85,289.2,17.9315505
Kraken:ETHUSD,2018-09-03T04:43:00Z,288.83,288.83,288.0,288.01,67.49761146
Kraken:ETHUSD,2018-09-03T04:44:00Z,288.0,288.0,287.89,287.89,13.117
Kraken:ETHUSD,2018-09-03T04:45:00Z,287.9,288.82,287.9,288.82,13.145
Kraken:ETHUSD,2018-09-03T04:46:00Z,288.26,288.26,288.26,288.26,0.2
Kraken:ETHUSD,2018-09-03T04:47:00Z,288.61,288.82,288.61,288.82,21.08582529
Kraken:ETHUSD,2018-09-03T04:49:00Z,288.4,288.4,288.4,288.4,0.086
Kraken:ETHUSD,2018-09-03T04:50:00Z,288.39,288.39,287.95,288.01,101.72191364
Kraken:ETHUSD,2018-09-03T04:51:00Z,287.97,287.97,286.09,287.29,1336.3951997
Kraken:ETHUSD,2018-09-03T04:52:00Z,287.29,287.33,287.04,287.2,140.8069921
Kraken:ETHUSD,2018-09-03T04:53:00Z,287.2,287.2,286.39,286.93,263.16667774
Kraken:ETHUSD,2018-09-03T04:54:00Z,286.92,286.93,286.92,286.93,5.7
Kraken:ETHUSD,2018-09-03T04:55:00Z,286.93,287.18,285.79,287.17,460.37624839
Kraken:ETHUSD,2018-09-03T04:56:00Z,287.56,287.56,287.11,287.12,15.63
Kraken:ETHUSD,2018-09-03T04:57:00Z,287.14,287.14,286.85,286.85,1.00700489
Kraken:ETHUSD,2018-09-03T04:58:00Z,286.85,287.05,286.26,286.26,419.87199511
Kraken:ETHUSD,2018-09-03T04:59:00Z,287.06,287.19,287.0,287.19,5.4
Kraken:ETHUSD,2018-09-03T05:00:00Z,287.17,287.2,286.13,287.14,96.383
Kraken:ETHUSD,2018-09-03T05:01:00Z,287.14,287.17,287.13,287.17,2.4
Kraken:ETHUSD,2018-09-03T05:02:00Z,287.17,287.25,287.08,287.08,30.061
Kraken:ETHUSD,2018-09-03T05:03:00Z,287.09,287.09,287.08,287.08,20.858
Kraken:ETHUSD,2018-09-03T05:04:00Z,287.08,287.08,287.08,287.08,5.04
Kraken:ETHUSD,2018-09-03T05:07:00Z,287.21,287.21,287.21,287.21,1.71902998
Kraken:ETHUSD,2018-09-03T05:08:00Z,287.2,287.21,287.2,287.21,5
Kraken:ETHUSD,2018-09-03T05:10:00Z,287.2,287.2,287.2,287.2,0.6
Kraken:ETHUSD,2018-09-03T05:11:00Z,287.13,287.13,287.13,287.13,0.5
Kraken:ETHUSD,2018-09-03T05:12:00Z,287.2,287.59,287.2,287.59,31.5
Kraken:ETHUSD,2018-09-03T05:13:00Z,287.65,287.65,287.61,287.61,4.3262032
Kraken:ETHUSD,2018-09-03T05:14:00Z,287.65,287.65,287.65,287.65,0.03048531
Kraken:ETHUSD,2018-09-03T05:15:00Z,287.66,287.66,287.66,287.66,1.41677997
Kraken:ETHUSD,2018-09-03T05:16:00Z,287.66,287.66,287.66,287.66,1.23391511
Kraken:ETHUSD,2018-09-03T05:17:00Z,287.66,287.66,287.66,287.66,1
Kraken:ETHUSD,2018-09-03T05:19:00Z,287.66,287.66,287.66,287.66,1.12
Kraken:ETHUSD,2018-09-03T05:20:00Z,287.87,287.88,287.87,287.87,11.22
Kraken:ETHUSD,2018-09-03T05:21:00Z,287.88,287.88,287.88,287.88,24
Kraken:ETHUSD,2018-09-03T05:22:00Z,287.88,288.12,287.87,288.12,26.78
Kraken:ETHUSD,2018-09-03T05:24:00Z,288.29,288.69,288.29,288.69,21.5
Kraken:ETHUSD,2018-09-03T05:25:00Z,288.69,288.69,288.69,288.69,1.66233
Kraken:ETHUSD,2018-09-03T05:26:00Z,288.69,288.89,288.69,288.89,7.24366819
Kraken:ETHUSD,2018-09-03T05:27:00Z,289.07,289.07,289.07,289.07,0.41722411
Kraken:ETHUSD,2018-09-03T05:29:00Z,289.13,289.13,289.13,289.13,3.61633792
Kraken:ETHUSD,2018-09-03T05:30:00Z,289.13,289.13,289.13,289.13,5.87046864
Kraken:ETHUSD,2018-09-03T05:31:00Z,289.14,289.14,289.14,289.14,0.203
Kraken:ETHUSD,2018-09-03T05:33:00Z,289.19,289.19,289.19,289.19,1.00245029
Kraken:ETHUSD,2018-09-03T05:34:00Z,289.18,289.18,289.18,289.18,0.89
Kraken:ETHUSD,2018-09-03T05:35:00Z,289.17,289.17,288.71,288.71,3.46426106
Kraken:ETHUSD,2018-09-03T05:36:00Z,288.71,288.72,288.71,288.72,2.2339243
Kraken:ETHUSD,2018-09-03T05:37:00Z,289.17,289.17,289.06,289.07,14.41805573
Kraken:ETHUSD,2018-09-03T05:40:00Z,289.06,289.06,289.0,289.0,26.51712
Kraken:ETHUSD,2018-09-03T05:41:00Z,288.28,288.28,288.28,288.28,0.7
Kraken:ETHUSD,2018-09-03T05:42:00Z,288.46,288.46,288.45,288.45,11.17690941
Kraken:ETHUSD,2018-09-03T05:43:00Z,288.19,288.21,288.19,288.21,43.67488456
Kraken:ETHUSD,2018-09-03T05:44:00Z,288.2,288.2,288.2,288.2,2E+1
Kraken:ETHUSD,2018-09-03T05:45:00Z,288.19,288.2,288.19,288.2,5.10671698
Kraken:ETHUSD,2018-09-03T05:48:00Z,288.19,288.19,288.19,288.19,3.29333038
Kraken:ETHUSD,2018-09-03T05:49:00Z,288.26,288.26,288.26,288.26,3
Kraken:ETHUSD,2018-09-03T05:52:00Z,288.64,288.64,288.64,288.64,0.13104933
Kraken:ETHUSD,2018-09-03T05:53:00Z,288.65,288.65,288.65,288.65,3.20200076
Kraken:ETHUSD,2018-09-03T05:54:00Z,288.65,289.05,288.65,289.05,244
Kraken:ETHUSD,2018-09-03T05:56:00Z,288.8,288.8,288.8,288.8,1E+1
Kraken:ETHUSD,2018-09-03T05:59:00Z,288.86,288.86,288.86,288.86,0.05214429
Kraken:ETHUSD,2018-09-03T06:00:00Z,288.86,288.86,288.86,288.86,1.17499999
Kraken:ETHUSD,2018-09-03T06:01:00Z,288.84,288.85,288.84,288.85,0.20609741
Kraken:ETHUSD,2018-09-03T06:02:00Z,288.85,288.85,288.85,288.85,0.049
Kraken:ETHUSD,2018-09-03T06:03:00Z,288.85,288.91,288.85,288.91,10.0495
Kraken:ETHUSD,2018-09-03T06:09:00Z,288.84,288.84,288.84,288.84,0.18424999
Kraken:ETHUSD,2018-09-03T06:11:00Z,288.99,289.0,288.99,289.0,4
Kraken:ETHUSD,2018-09-03T06:16:00Z,289.11,289.11,289.11,289.11,0.06
Kraken:ETHUSD,2018-09-03T06:17:00Z,289.14,289.14,289.14,289.14,5
Kraken:ETHUSD,2018-09-03T06:18:00Z,289.14,289.14,289.14,289.14,5
Kraken:ETHUSD,2018-09-03T06:19:00Z,289.22,289.31,289.22,289.31,5.25892118
Kraken:ETHUSD,2018-09-03T06:21:00Z,289.32,289.47,289.32,289.47,121
Kraken:ETHUSD,2018-09-03T06:22:00Z,289.29,289.29,289.29,289.29,5
Kraken:ETHUSD,2018-09-03T06:24:00Z,289.31,289.31,289.31,289.31,0.1
Kraken:ETHUSD,2018-09-03T06:25:00Z,289.29,289.29,289.02,289.02,15.30243686
Kraken:ETHUSD,2018-09-03T06:31:00Z,289.26,289.26,289.1,289.1,17.47931307
Kraken:ETHUSD,2018-09-03T06:32:00Z,289.1,289.1,289.0,289.0,8.15
Kraken:ETHUSD,2018-09-03T06:33:00Z,289.0,289.35,289.0,289.33,54.6875
Kraken:ETHUSD,2018-09-03T06:34:00Z,289.47,289.73,289.47,289.73,30.844
Kraken:ETHUSD,2018-09-03T06:35:00Z,290.0,290.68,290.0,290.34,74.7
Kraken:ETHUSD,2018-09-03T06:36:00Z,290.13,290.13,290.0,290.0,27.01253955
Kraken:ETHUSD,2018-09-03T06:37:00Z,289.79,289.98,289.69,289.72,8.25995606
Kraken:ETHUSD,2018-09-03T06:38:00Z,289.73,289.73,289.38,289.38,126.8347607
Kraken:ETHUSD,2018-09-03T06:40:00Z,289.5,289.5,289.5,289.5,0.05
Kraken:ETHUSD,2018-09-03T06:41:00Z,289.52,289.52,289.52,289.52,40.65517241
Kraken:ETHUSD,2018-09-03T06:42:00Z,289.52,289.52,289.52,289.52,2E+1
Kraken:ETHUSD,2018-09-03T06:43:00Z,289.52,289.52,289.52,289.52,7.51
Kraken:ETHUSD,2018-09-03T06:44:00Z,289.52,289.52,289.52,289.52,6.78
Kraken:ETHUSD,2018-09-03T06:45:00Z,289.52,289.84,289.52,289.84,5.82550189
Kraken:ETHUSD,2018-09-03T06:47:00Z,289.96,289.96,289.96,289.96,0.78307348
Kraken:ETHUSD,2018-09-03T06:50:00Z,289.94,289.94,289.94,289.94,0.37790322
Kraken:ETHUSD,2018-09-03T06:51:00Z,289.87,289.87,289.51,289.51,6.60619403
Kraken:ETHUSD,2018-09-03T06:56:00Z,289.44,289.44,289.44,289.44,4.03637374
Kraken:ETHUSD,2018-09-03T06:57:00Z,289.44,289.5,289.41,289.41,3.16318549
Kraken:ETHUSD,2018-09-03T07:01:00Z,289.67,289.67,289.67,289.67,0.1
Kraken:ETHUSD,2018-09-03T07:02:00Z,289.67,289.79,289.67,289.67,0.3
Kraken:ETHUSD,2018-09-03T07:03:00Z,289.79,289.94,289.79,289.94,2.21623937
Kraken:ETHUSD,2018-09-03T07:04:00Z,289.4,289.4,288.9,288.9,3.5
Kraken:ETHUSD,2018-09-03T07:05:00Z,289.32,289.34,288.94,289.02,4.01229892
Kraken:ETHUSD,2018-09-03T07:06:00Z,289.02,289.02,289.01,289.02,0.36579719
Kraken:ETHUSD,2018-09-03T07:07:00Z,289.0,289.0,288.88,288.88,45.30899733
Kraken:ETHUSD,2018-09-03T07:08:00Z,288.46,288.46,288.46,288.46,0.125
Kraken:ETHUSD,2018-09-03T07:10:00Z,288.31,288.31,287.99,287.99,22.33747747
Kraken:ETHUSD,2018-09-03T07:11:00Z,288.0,288.02,288.0,288.02,131.11252253
Kraken:ETHUSD,2018-09-03T07:14:00Z,288.24,288.24,288.07,288.1,17.22517021
Kraken:ETHUSD,2018-09-03T07:15:00Z,288.12,288.21,288.11,288.11,7.26678637
Kraken:ETHUSD,2018-09-03T07:16:00Z,288.21,288.21,288.21,288.21,0.5
Kraken:ETHUSD,2018-09-03T07:18:00Z,288.19,288.19,288.09,288.09,5.81597
Kraken:ETHUSD,2018-09-03T07:21:00Z,288.11,288.31,288.11,288.31,0.70553827
Kraken:ETHUSD,2018-09-03T07:22:00Z,288.3,288.6,288.3,288.5,252.361
Kraken:ETHUSD,2018-09-03T07:28:00Z,288.6,288.76,288.6,288.76,34.88762335
Kraken:ETHUSD,2018-09-03T07:30:00Z,288.71,288.95,288.71,288.95,153.107
Kraken:ETHUSD,2018-09-03T07:36:00Z,288.96,289.14,288.95,288.95,200.4
Kraken:ETHUSD,2018-09-03T07:38:00Z,288.96,288.96,288.96,288.96,0.15
Kraken:ETHUSD,2018-09-03T07:41:00Z,288.99,288.99,288.99,288.99,3.679
Kraken:ETHUSD,2018-09-03T07:44:00Z,288.61,288.61,288.61,288.61,2.3
Kraken:ETHUSD,2018-09-03T07:45:00Z,288.61,288.61,288.61,288.61,11.48003452
Kraken:ETHUSD,2018-09-03T07:47:00Z,288.8,288.8,288.8,288.8,1.49987
Kraken:ETHUSD,2018-09-03T07:49:00Z,288.96,288.96,288.96,288.96,0.1627434
Kraken:ETHUSD,2018-09-03T07:50:00Z,288.96,288.96,288.96,288.96,0.35735735
Kraken:ETHUSD,2018-09-03T07:54:00Z,289.02,289.02,289.02,289.02,0.05
Kraken:ETHUSD,2018-09-03T07:55:00Z,289.02,289.02,289.02,289.02,0.1
Kraken:ETHUSD,2018-09-03T08:00:00Z,289.03,289.56,289.03,289.56,4.37539639
Kraken:ETHUSD,2018-09-03T08:01:00Z,289.55,289.55,289.55,289.55,0.69072699
Kraken:ETHUSD,2018-09-03T08:02:00Z,289.55,289.82,289.45,289.82,97.84848983
Kraken:ETHUSD,2018-09-03T08:03:00Z,289.68,289.68,289.17,289.17,5.6681109
Kraken:ETHUSD,2018-09-03T08:05:00Z,289.26,289.26,289.26,289.26,0.13674999
Kraken:ETHUSD,2018-09-03T08:10:00Z,289.22,289.74,289.07,289.07,26.21944
Kraken:ETHUSD,2018-09-03T08:13:00Z,289.42,289.42,289.42,289.42,0.65
Kraken:ETHUSD,2018-09-03T08:14:00Z,289.37,289.37,289.37,289.37,0.65
Kraken:ETHUSD,2018-09-03T08:16:00Z,289.11,289.11,289.11,289.11,0.4992
Kraken:ETHUSD,2018-09-03T08:19:00Z,289.1,289.1,289.1,289.1,2
Kraken:ETHUSD,2018-09-03T08:20:00Z,289.1,289.1,289.1,289.1,0.06718781
Kraken:ETHUSD,2018-09-03T08:22:00Z,289.0,289.0,289.0,289.0,0.02
Kraken:ETHUSD,2018-09-03T08:27:00Z,288.88,288.88,288.88,288.88,17.8323
Kraken:ETHUSD,2018-09-03T08:28:00Z,288.88,288.88,288.88,288.88,15.97713558
Kraken:ETHUSD,2018-09-03T08:32:00Z,288.5,288.57,288.4,288.44,22
Kraken:ETHUSD,2018-09-03T08:34:00Z,288.45,288.45,288.45,288.45,2
Kraken:ETHUSD,2018-09-03T08:36:00Z,288.56,288.56,288.56,288.56,0.5
Kraken:ETHUSD,2018-09-03T08:38:00Z,288.56,288.56,288.56,288.56,0.5
Kraken:ETHUSD,2018-09-03T08:41:00Z,288.49,288.49,288.49,288.49,3.43985545
Kraken:ETHUSD,2018-09-03T08:42:00Z,288.47,288.47,288.24,288.24,75.43987
Kraken:ETHUSD,2018-09-03T08:46:00Z,288.57,288.57,288.57,288.57,1.58745019
Kraken:ETHUSD,2018-09-03T08:48:00Z,288.58,288.87,288.58,288.87,0.20279202
Kraken:ETHUSD,2018-09-03T08:49:00Z,288.87,288.87,288.87,288.87,0.1957077
Kraken:ETHUSD,2018-09-03T08:58:00Z,288.94,288.94,288.94,288.94,1.24356873
Kraken:ETHUSD,2018-09-03T09:05:00Z,288.88,289.32,288.59,288.59,293.20206075
Kraken:ETHUSD,2018-09-03T09:06:00Z,288.59,288.59,288.1,288.1,4.41850635
Kraken:ETHUSD,2018-09-03T09:07:00Z,288.0,288.0,287.68,287.68,82.1373
Kraken:ETHUSD,2018-09-03T09:08:00Z,287.81,287.81,287.81,287.81,2
Kraken:ETHUSD,2018-09-03T09:10:00Z,287.7,287.7,287.7,287.7,5
Kraken:ETHUSD,2018-09-03T09:11:00Z,287.36,287.36,287.36,287.36,1.69032043
Kraken:ETHUSD,2018-09-03T09:12:00Z,287.34,287.59,287.04,287.59,45.5
Kraken:ETHUSD,2018-09-03T09:13:00Z,287.89,287.99,287.89,287.99,1E+1
Kraken:ETHUSD,2018-09-03T09:14:00Z,287.8,287.8,287.7,287.7,14.38893
Kraken:ETHUSD,2018-09-03T09:16:00Z,287.61,287.61,287.61,287.61,5
Kraken:ETHUSD,2018-09-03T09:17:00Z,287.59,287.59,287.59,287.59,1
Kraken:ETHUSD,2018-09-03T09:18:00Z,287.67,287.67,287.59,287.59,4.17483049
Kraken:ETHUSD,2018-09-03T09:21:00Z,287.59,287.59,287.0,287.0,57.27313632
Kraken:ETHUSD,2018-09-03T09:22:00Z,286.84,286.84,285.5,285.54,680.28628349
Kraken:ETHUSD,2018-09-03T09:23:00Z,285.5,286.01,285.04,286.01,186.15897154
Kraken:ETHUSD,2018-09-03T09:24:00Z,285.62,285.95,285.62,285.95,1.89731867
Kraken:ETHUSD,2018-09-03T09:25:00Z,285.95,286.56,285.95,286.5,100.5
Kraken:ETHUSD,2018-09-03T09:26:00Z,286.55,286.55,286.3,286.3,23.101
Kraken:ETHUSD,2018-09-03T09:27:00Z,286.27,286.34,286.27,286.34,12.02
Kraken:ETHUSD,2018-09-03T09:28:00Z,286.34,286.44,286.27,286.44,16.57902249
Kraken:ETHUSD,2018-09-03T09:29:00Z,286.26,286.65,285.77,285.77,274.02
Kraken:ETHUSD,2018-09-03T09:30:00Z,286.27,286.27,286.26,286.26,10.3957
Kraken:ETHUSD,2018-09-03T09:32:00Z,286.73,286.91,286.73,286.91,0.12797509
Kraken:ETHUSD,2018-09-03T09:34:00Z,286.91,287.05,286.91,287.05,1.998
Kraken:ETHUSD,2018-09-03T09:36:00Z,286.89,286.89,286.89,286.89,2.96
Kraken:ETHUSD,2018-09-03T09:39:00Z,286.95,286.95,286.95,286.95,0.069
Kraken:ETHUSD,2018-09-03T09:44:00Z,286.5,286.5,286.5,286.5,3.55992903
Kraken:ETHUSD,2018-09-03T09:47:00Z,286.36,286.36,285.95,285.95,78.14201
Kraken:ETHUSD,2018-09-03T09:48:00Z,286.3,286.3,286.3,286.3,1.5
Kraken:ETHUSD,2018-09-03T09:49:00Z,286.2,286.2,286.2,286.2,0.02
Kraken:ETHUSD,2018-09-03T09:51:00Z,286.48,286.48,286.01,286.01,4.38288701
Kraken:ETHUSD,2018-09-03T09:55:00Z,286.43,286.43,286.43,286.43,0.04
Kraken:ETHUSD,2018-09-03T10:02:00Z,286.0,286.0,285.56,285.56,42.42982414
Kraken:ETHUSD,2018-09-03T10:03:00Z,285.57,285.57,285.57,285.57,0.10315564
Kraken:ETHUSD,2018-09-03T10:04:00Z,285.53,285.53,285.53,285.53,0.02769762
Kraken:ETHUSD,2018-09-03T10:06:00Z,285.52,285.52,285.52,285.52,0.05
Kraken:ETHUSD,2018-09-03T10:07:00Z,285.53,285.53,285.53,285.53,0.02101429
Kraken:ETHUSD,2018-09-03T10:09:00Z,285.53,285.53,285.53,285.53,0.56160314
Kraken:ETHUSD,2018-09-03T10:11:00Z,285.53,285.53,285.53,285.53,36
Kraken:ETHUSD,2018-09-03T10:13:00Z,285.8,285.8,284.88,285.55,279.75847081
Kraken:ETHUSD,2018-09-03T10:16:00Z,285.52,285.52,285.43,285.43,1.85562778
Kraken:ETHUSD,2018-09-03T10:17:00Z,285.52,285.52,285.52,285.52,2.2081092
Kraken:ETHUSD,2018-09-03T10:18:00Z,285.46,285.46,285.46,285.46,0.1
Kraken:ETHUSD,2018-09-03T10:20:00Z,285.6,285.6,285.6,285.6,0.02216793
Kraken:ETHUSD,2018-09-03T10:22:00Z,285.9,286.13,285.9,286.13,5.19234
Kraken:ETHUSD,2018-09-03T10:23:00Z,285.98,285.98,285.98,285.98,0.83682234
Kraken:ETHUSD,2018-09-03T10:24:00Z,285.98,286.13,285.98,286.13,0.47748156
Kraken:ETHUSD,2018-09-03T10:25:00Z,286.42,286.42,286.42,286.42,5
Kraken:ETHUSD,2018-09-03T10:26:00Z,286.38,286.95,286.38,286.94,22.44992575
Kraken:ETHUSD,2018-09-03T10:28:00Z,286.91,286.91,286.91,286.91,0.02059672
Kraken:ETHUSD,2018-09-03T10:30:00Z,286.4,286.4,285.96,286.14,43.42288382
Kraken:ETHUSD,2018-09-03T10:32:00Z,286.39,286.39,286.39,286.39,0.25
Kraken:ETHUSD,2018-09-03T10:34:00Z,286.26,286.26,286.26,286.26,5
Kraken:ETHUSD,2018-09-03T10:35:00Z,286.36,286.36,286.36,286.36,5
Kraken:ETHUSD,2018-09-03T10:36:00Z,286.39,286.39,286.39,286.39,2
Kraken:ETHUSD,2018-09-03T10:39:00Z,286.36,286.51,286.36,286.5,20.18364
Kraken:ETHUSD,2018-09-03T10:40:00Z,286.5,286.51,286.5,286.51,95.81455821
Kraken:ETHUSD,2018-09-03T10:42:00Z,286.59,286.59,286.51,286.59,3.75152704
Kraken:ETHUSD,2018-09-03T10:43:00Z,286.59,286.59,286.59,286.59,0.65818
Kraken:ETHUSD,2018-09-03T10:44:00Z,286.6,286.6,286.0,286.37,199.63265401
Kraken:ETHUSD,2018-09-03T10:45:00Z,286.41,286.41,286.41,286.41,0.2
Kraken:ETHUSD,2018-09-03T10:46:00Z,286.41,286.68,286.41,286.68,1.07482
Kraken:ETHUSD,2018-09-03T10:47:00Z,286.51,286.51,286.51,286.51,9.5233
Kraken:ETHUSD,2018-09-03T10:50:00Z,286.52,286.65,286.51,286.51,80.43267983
Kraken:ETHUSD,2018-09-03T10:51:00Z,286.52,286.65,286.52,286.65,77
Kraken:ETHUSD,2018-09-03T10:52:00Z,286.6,286.68,286.51,286.51,20.025
Kraken:ETHUSD,2018-09-03T11:00:00Z,286.51,286.51,286.35,286.35,38.18631302
Kraken:ETHUSD,2018-09-03T11:02:00Z,286.1,286.27,286.1,286.27,6.94407898
Kraken:ETHUSD,2018-09-03T11:03:00Z,286.49,286.49,286.49,286.49,6
Kraken:ETHUSD,2018-09-03T11:07:00Z,286.35,286.5,286.35,286.5,25.64851293
Kraken:ETHUSD,2018-09-03T11:08:00Z,286.6,286.6,286.6,286.6,2E+1
Kraken:ETHUSD,2018-09-03T11:11:00Z,286.47,286.59,286.47,286.59,11.03
Kraken:ETHUSD,2018-09-03T11:12:00Z,286.6,286.72,286.6,286.72,5.58
Kraken:ETHUSD,2018-09-03T11:13:00Z,286.4,286.52,286.23,286.52,49.03660655
Kraken:ETHUSD,2018-09-03T11:14:00Z,286.52,286.52,286.52,286.52,4.77439903
Kraken:ETHUSD,2018-09-03T11:16:00Z,286.71,286.71,286.71,286.71,4.9216358
Kraken:ETHUSD,2018-09-03T11:17:00Z,286.6,286.6,286.6,286.6,0.052321
Kraken:ETHUSD,2018-09-03T11:19:00Z,286.72,286.72,286.72,286.72,0.31
Kraken:ETHUSD,2018-09-03T11:20:00Z,286.97,286.97,286.81,286.81,5.20173492
Kraken:ETHUSD,2018-09-03T11:21:00Z,286.98,287.0,286.81,286.81,20.99660298
Kraken:ETHUSD,2018-09-03T11:22:00Z,287.0,287.0,287.0,287.0,982.7056
Kraken:ETHUSD,2018-09-03T11:26:00Z,287.25,287.59,287.25,287.26,14.9992
Kraken:ETHUSD,2018-09-03T11:27:00Z,287.69,287.69,287.69,287.69,3
Kraken:ETHUSD,2018-09-03T11:28:00Z,287.73,287.73,287.73,287.73,0.4
Kraken:ETHUSD,2018-09-03T11:31:00Z,287.51,287.51,287.42,287.42,9.47334829
Kraken:ETHUSD,2018-09-03T11:34:00Z,287.4,287.42,287.4,287.42,1
Kraken:ETHUSD,2018-09-03T11:37:00Z,287.57,287.57,287.57,287.57,1.73906965
Kraken:ETHUSD,2018-09-03T11:39:00Z,287.61,287.61,287.61,287.61,0.14601983
Kraken:ETHUSD,2018-09-03T11:40:00Z,287.76,287.76,287.33,287.33,95.94893347
Kraken:ETHUSD,2018-09-03T11:41:00Z,287.32,287.32,286.7,286.7,8.83598643
Kraken:ETHUSD,2018-09-03T11:42:00Z,286.65,286.65,286.55,286.55,15.23413658
Kraken:ETHUSD,2018-09-03T11:43:00Z,286.52,286.71,286.41,286.71,20.99982
Kraken:ETHUSD,2018-09-03T11:49:00Z,286.87,286.87,286.87,286.87,1
Kraken:ETHUSD,2018-09-03T11:50:00Z,286.75,286.75,286.75,286.75,0.5
Kraken:ETHUSD,2018-09-03T11:51:00Z,286.75,286.75,286.75,286.75,0.5
Kraken:ETHUSD,2018-09-03T11:52:00Z,286.75,286.75,286.75,286.75,0.5
Kraken:ETHUSD,2018-09-03T12:01:00Z,286.75,286.75,286.71,286.71,45.5
Kraken:ETHUSD,2018-09-03T12:33:00Z,286.7,287.26,286.7,287.26,212.33952567
Kraken:ETHUSD,2018-09-03T12:34:00Z,287.26,287.48,287.26,287.48,77.9126843
Kraken:ETHUSD,2018-09-03T12:35:00Z,287.49,287.49,287.31,287.31,5.55932811
Kraken:ETHUSD,2018-09-03T12:37:00Z,287.16,287.16,287.16,287.16,0.4
Kraken:ETHUSD,2018-09-03T12:38:00Z,287.16,287.16,287.15,287.15,0.6
Kraken:ETHUSD,2018-09-03T12:39:00Z,287.14,287.15,287.14,287.15,0.6
Kraken:ETHUSD,2018-09-03T12:40:00Z,287.38,287.38,287.38,287.38,1.2
Kraken:ETHUSD,2018-09-03T12:41:00Z,287.5,287.5,287.48,287.48,0.7305
Kraken:ETHUSD,2018-09-03T12:42:00Z,287.48,287.6,287.22,287.28,8.90777634
Kraken:ETHUSD,2018-09-03T12:43:00Z,287.57,287.57,287.57,287.57,0.7
Kraken:ETHUSD,2018-09-03T12:48:00Z,287.6,287.7,287.6,287.7,2.6
Kraken:ETHUSD,2018-09-03T12:49:00Z,287.78,288.49,287.7,288.29,258.71196228
Kraken:ETHUSD,2018-09-03T12:50:00Z,288.4,288.4,288.22,288.22,0.563
Kraken:ETHUSD,2018-09-03T12:53:00Z,288.28,288.29,288.28,288.29,7.49932722
Kraken:ETHUSD,2018-09-03T12:54:00Z,288.26,288.26,288.26,288.26,12.5
Kraken:ETHUSD,2018-09-03T12:55:00Z,288.25,288.25,288.25,288.25,0.0305
Kraken:ETHUSD,2018-09-03T12:56:00Z,288.28,288.3,288.27,288.3,17.96527991
Kraken:ETHUSD,2018-09-03T12:57:00Z,288.3,288.3,288.3,288.3,4.9695
Kraken:ETHUSD,2018-09-03T12:59:00Z,288.29,288.29,288.29,288.29,3.17014703
Kraken:ETHUSD,2018-09-03T13:00:00Z,288.26,288.3,288.26,288.3,1.35692507
Kraken:ETHUSD,2018-09-03T13:06:00Z,288.77,288.77,288.77,288.77,0.6
Kraken:ETHUSD,2018-09-03T13:08:00Z,288.77,289.89,288.77,289.89,46.95811084
Kraken:ETHUSD,2018-09-03T13:09:00Z,289.86,289.86,289.21,289.21,53.61351618
Kraken:ETHUSD,2018-09-03T13:10:00Z,289.13,289.13,288.77,289.01,8.66364158
Kraken:ETHUSD,2018-09-03T13:11:00Z,288.99,289.12,288.99,289.12,12
Kraken:ETHUSD,2018-09-03T13:12:00Z,288.76,289.21,288.76,289.21,5.03142821
Kraken:ETHUSD,2018-09-03T13:13:00Z,289.28,289.28,289.21,289.21,5.025
Kraken:ETHUSD,2018-09-03T13:14:00Z,289.4,289.4,289.25,289.25,35
Kraken:ETHUSD,2018-09-03T13:15:00Z,289.3,289.31,289.3,289.31,3.61197383
Kraken:ETHUSD,2018-09-03T13:16:00Z,289.3,289.3,289.3,289.3,0.6
Kraken:ETHUSD,2018-09-03T13:18:00Z,289.31,289.52,289.31,289.52,5
Kraken:ETHUSD,2018-09-03T13:20:00Z,289.73,289.73,289.73,289.73,1
Kraken:ETHUSD,2018-09-03T13:21:00Z,289.74,289.74,289.73,289.73,20.77
Kraken:ETHUSD,2018-09-03T13:24:00Z,289.8,289.8,289.8,289.8,5
Kraken:ETHUSD,2018-09-03T13:25:00Z,289.87,289.87,289.87,289.87,15
Kraken:ETHUSD,2018-09-03T13:26:00Z,289.8,289.9,289.8,289.9,15.87693832
Kraken:ETHUSD,2018-09-03T13:27:00Z,289.64,289.64,289.64,289.64,3.60552478
Kraken:ETHUSD,2018-09-03T13:29:00Z,289.63,289.63,289.3,289.3,29
Kraken:ETHUSD,2018-09-03T13:32:00Z,289.64,289.95,289.64,289.95,2.37646
Kraken:ETHUSD,2018-09-03T13:33:00Z,289.62,290.0,289.62,290.0,22.0303
Kraken:ETHUSD,2018-09-03T13:34:00Z,289.9,290.0,289.87,289.94,42.42845241
Kraken:ETHUSD,2018-09-03T13:36:00Z,289.65,289.65,289.62,289.62,14.10027676
Kraken:ETHUSD,2018-09-03T13:38:00Z,289.46,289.77,289.46,289.77,0.63706885
Kraken:ETHUSD,2018-09-03T13:39:00Z,289.7,289.7,289.7,289.7,17.796
Kraken:ETHUSD,2018-09-03T13:41:00Z,289.38,289.38,289.37,289.37,1.89195707
Kraken:ETHUSD,2018-09-03T13:47:00Z,289.6,289.6,289.6,289.6,4.12255496
Kraken:ETHUSD,2018-09-03T13:48:00Z,289.55,289.55,289.41,289.41,13.7
Kraken:ETHUSD,2018-09-03T13:49:00Z,289.4,289.4,288.9,288.9,12.12056621
Kraken:ETHUSD,2018-09-03T13:50:00Z,288.86,288.86,288.86,288.86,0.04
Kraken:ETHUSD,2018-09-03T13:54:00Z,289.37,289.61,288.82,288.82,28.48225
Kraken:ETHUSD,2018-09-03T13:58:00Z,289.18,289.18,289.18,289.18,6.45
Kraken:ETHUSD,2018-09-03T13:59:00Z,288.79,288.79,288.79,288.79,0.16423
Kraken:ETHUSD,2018-09-03T14:01:00Z,289.16,289.46,288.86,288.86,30.081185
Kraken:ETHUSD,2018-09-03T14:02:00Z,288.87,289.79,288.87,289.79,15.46009858
Kraken:ETHUSD,2018-09-03T14:03:00Z,289.62,289.79,289.62,289.79,15
Kraken:ETHUSD,2018-09-03T14:04:00Z,289.67,289.79,289.67,289.79,7
Kraken:ETHUSD,2018-09-03T14:05:00Z,289.7,289.79,289.7,289.79,4.19
Kraken:ETHUSD,2018-09-03T14:06:00Z,289.79,289.79,289.7,289.74,9.787
Kraken:ETHUSD,2018-09-03T14:07:00Z,289.31,289.31,289.31,289.31,1
Kraken:ETHUSD,2018-09-03T14:08:00Z,289.14,289.14,289.14,289.14,2.1956
Kraken:ETHUSD,2018-09-03T14:10:00Z,289.15,289.38,289.15,289.32,14.42481801
Kraken:ETHUSD,2018-09-03T14:11:00Z,289.35,289.35,288.66,288.66,8.5
Kraken:ETHUSD,2018-09-03T14:13:00Z,289.0,289.37,289.0,289.37,51.30897696
Kraken:ETHUSD,2018-09-03T14:15:00Z,288.8,288.8,288.76,288.76,2.42146048
Kraken:ETHUSD,2018-09-03T14:16:00Z,288.56,288.56,288.5,288.5,35.49844887
Kraken:ETHUSD,2018-09-03T14:17:00Z,288.4,288.4,288.4,288.4,1.25112927
Kraken:ETHUSD,2018-09-03T14:18:00Z,288.71,288.71,288.61,288.61,0.71692507
Kraken:ETHUSD,2018-09-03T14:20:00Z,288.76,288.76,288.52,288.52,5.009
Kraken:ETHUSD,2018-09-03T14:21:00Z,288.12,288.12,288.12,288.12,1.18045723
Kraken:ETHUSD,2018-09-03T14:24:00Z,288.14,288.14,287.75,287.75,49.62974881
Kraken:ETHUSD,2018-09-03T14:27:00Z,288.34,288.34,288.17,288.17,0.62431746
Kraken:ETHUSD,2018-09-03T14:28:00Z,288.19,288.19,287.94,288.08,37.92234909
Kraken:ETHUSD,2018-09-03T14:29:00Z,288.29,288.29,288.29,288.29,0.02972567
Kraken:ETHUSD,2018-09-03T14:31:00Z,288.07,288.53,288.07,288.53,12.30753928
Kraken:ETHUSD,2018-09-03T14:33:00Z,288.09,288.09,288.09,288.09,1.05214543
Kraken:ETHUSD,2018-09-03T14:38:00Z,288.2,288.2,288.2,288.2,0.63128726
Kraken:ETHUSD,2018-09-03T14:43:00Z,288.06,288.06,288.06,288.06,0.37877236
Kraken:ETHUSD,2018-09-03T14:44:00Z,288.32,288.32,288.32,288.32,0.02100927
Kraken:ETHUSD,2018-09-03T14:48:00Z,288.28,288.28,288.28,288.28,0.22726341
Kraken:ETHUSD,2018-09-03T14:49:00Z,288.65,288.66,288.65,288.66,0.26382
Kraken:ETHUSD,2018-09-03T14:59:00Z,288.71,288.71,288.71,288.71,0.03754
Kraken:ETHUSD,2018-09-03T15:00:00Z,289.0,289.34,289.0,289.27,0.71692507
Kraken:ETHUSD,2018-09-03T15:01:00Z,289.17,289.17,289.17,289.17,4.77960923
Kraken:ETHUSD,2018-09-03T15:03:00Z,288.98,289.16,288.98,289.16,4
Kraken:ETHUSD,2018-09-03T15:04:00Z,288.83,288.83,288.83,288.83,1.4
Kraken:ETHUSD,2018-09-03T15:09:00Z,288.7,288.95,288.7,288.8,10.59253698
Kraken:ETHUSD,2018-09-03T15:10:00Z,288.66,288.66,288.39,288.47,36.66344628
Kraken:ETHUSD,2018-09-03T15:12:00Z,288.5,288.5,288.5,288.5,0.48579999
Kraken:ETHUSD,2018-09-03T15:13:00Z,288.93,288.93,288.93,288.93,1.205
Kraken:ETHUSD,2018-09-03T15:15:00Z,288.61,288.61,288.61,288.61,0.03749
Kraken:ETHUSD,2018-09-03T15:16:00Z,288.58,288.58,288.57,288.57,40.27279653
Kraken:ETHUSD,2018-09-03T15:17:00Z,288.45,288.45,288.42,288.45,37.90781725
Kraken:ETHUSD,2018-09-03T15:18:00Z,288.45,288.45,288.45,288.45,1.205
Kraken:ETHUSD,2018-09-03T15:19:00Z,288.44,288.44,288.44,288.44,2.4
Kraken:ETHUSD,2018-09-03T15:20:00Z,288.44,288.44,288.44,288.44,3.29303255
Kraken:ETHUSD,2018-09-03T15:21:00Z,288.45,288.45,288.44,288.44,15.24
Kraken:ETHUSD,2018-09-03T15:22:00Z,288.45,288.45,288.45,288.45,3.92105045
Kraken:ETHUSD,2018-09-03T15:23:00Z,288.45,288.45,288.45,288.45,4.0898013
Kraken:ETHUSD,2018-09-03T15:24:00Z,288.45,288.45,288.45,288.45,1
Kraken:ETHUSD,2018-09-03T15:25:00Z,288.45,288.45,288.44,288.45,2.89387172
Kraken:ETHUSD,2018-09-03T15:27:00Z,289.0,289.0,289.0,289.0,0.053
Kraken:ETHUSD,2018-09-03T15:30:00Z,289.0,289.0,289.0,289.0,0.0692
Kraken:ETHUSD,2018-09-03T15:32:00Z,288.95,288.95,288.95,288.95,3.93774684
Kraken:ETHUSD,2018-09-03T15:33:00Z,288.4,288.4,288.4,288.4,2.94810866
Kraken:ETHUSD,2018-09-03T15:34:00Z,288.39,288.39,288.27,288.27,3.23374095
Kraken:ETHUSD,2018-09-03T15:35:00Z,288.3,288.3,288.13,288.13,3
Kraken:ETHUSD,2018-09-03T15:37:00Z,288.49,288.49,288.49,288.49,7
Kraken:ETHUSD,2018-09-03T15:38:00Z,288.14,288.3,287.91,287.91,177.34266206
Kraken:ETHUSD,2018-09-03T15:39:00Z,287.91,287.91,287.82,287.82,11.07652889
Kraken:ETHUSD,2018-09-03T15:40:00Z,287.88,287.91,287.88,287.91,7.58080905
Kraken:ETHUSD,2018-09-03T15:41:00Z,288.12,288.12,288.06,288.12,105
Kraken:ETHUSD,2018-09-03T15:44:00Z,288.4,288.4,288.4,288.4,2.5
Kraken:ETHUSD,2018-09-03T15:46:00Z,288.14,288.14,288.14,288.14,0.2345
Kraken:ETHUSD,2018-09-03T15:48:00Z,287.96,287.96,287.96,287.96,0.5
Kraken:ETHUSD,2018-09-03T15:49:00Z,287.83,287.83,287.83,287.83,1.487
Kraken:ETHUSD,2018-09-03T15:50:00Z,288.3,288.3,288.29,288.29,3.66407024
Kraken:ETHUSD,2018-09-03T15:51:00Z,288.3,288.5,288.3,288.5,40.596004
Kraken:ETHUSD,2018-09-03T15:54:00Z,288.16,288.16,288.16,288.16,3
Kraken:ETHUSD,2018-09-03T15:55:00Z,288.24,288.24,288.24,288.24,3
Kraken:ETHUSD,2018-09-03T15:56:00Z,288.6,288.69,288.6,288.69,1.5
Kraken:ETHUSD,2018-09-03T15:57:00Z,289.0,289.43,289.0,289.28,21.40647533
Kraken:ETHUSD,2018-09-03T15:58:00Z,289.43,289.43,289.43,289.43,1
Kraken:ETHUSD,2018-09-03T15:59:00Z,289.43,289.43,289.43,289.43,18
Kraken:ETHUSD,2018-09-03T16:00:00Z,289.3,289.3,289.08,289.29,23.38114507
Kraken:ETHUSD,2018-09-03T16:01:00Z,289.18,289.2,289.18,289.2,1.5
Kraken:ETHUSD,2018-09-03T16:02:00Z,289.14,289.14,289.08,289.08,4.90182182
Kraken:ETHUSD,2018-09-03T16:03:00Z,289.07,289.07,289.07,289.07,1.15
Kraken:ETHUSD,2018-09-03T16:04:00Z,288.73,288.73,288.46,288.46,12.5
Kraken:ETHUSD,2018-09-03T16:07:00Z,288.4,288.4,288.4,288.4,2.25246196
Kraken:ETHUSD,2018-09-03T16:08:00Z,288.4,288.4,288.4,288.4,1.66315819
Kraken:ETHUSD,2018-09-03T16:09:00Z,288.4,288.4,288.34,288.34,31.33684181
Kraken:ETHUSD,2018-09-03T16:10:00Z,288.1,288.13,287.32,287.32,57.68201701
Kraken:ETHUSD,2018-09-03T16:11:00Z,288.09,288.09,288.09,288.09,2
Kraken:ETHUSD,2018-09-03T16:12:00Z,288.0,288.0,287.85,287.85,18
Kraken:ETHUSD,2018-09-03T16:13:00Z,287.78,287.78,287.77,287.77,0.37873171
Kraken:ETHUSD,2018-09-03T16:15:00Z,287.78,287.78,287.78,287.78,0.78728545
Kraken:ETHUSD,2018-09-03T16:16:00Z,287.78,287.79,287.78,287.78,6.16335504
Kraken:ETHUSD,2018-09-03T16:17:00Z,287.78,288.02,287.78,288.02,201
Kraken:ETHUSD,2018-09-03T16:18:00Z,287.93,287.93,287.93,287.93,0.94402176
Kraken:ETHUSD,2018-09-03T16:21:00Z,287.7,287.7,287.7,287.7,0.36227
Kraken:ETHUSD,2018-09-03T16:22:00Z,287.52,287.52,287.52,287.52,3.16254131
Kraken:ETHUSD,2018-09-03T16:23:00Z,287.21,287.22,287.07,287.11,11.5
Kraken:ETHUSD,2018-09-03T16:24:00Z,287.41,287.41,287.41,287.41,2
Kraken:ETHUSD,2018-09-03T16:27:00Z,287.56,287.56,287.56,287.56,0.028
Kraken:ETHUSD,2018-09-03T16:28:00Z,287.3,287.3,287.28,287.28,1.73941
Kraken:ETHUSD,2018-09-03T16:29:00Z,287.39,287.39,287.13,287.13,8.7
Kraken:ETHUSD,2018-09-03T16:30:00Z,287.0,287.0,286.72,286.8,56
Kraken:ETHUSD,2018-09-03T16:31:00Z,286.86,286.86,286.86,286.86,0.59648691
Kraken:ETHUSD,2018-09-03T16:32:00Z,287.26,287.26,287.26,287.26,1.28430554
Kraken:ETHUSD,2018-09-03T16:33:00Z,287.0,287.55,286.76,287.3,102.00074994
Kraken:ETHUSD,2018-09-03T16:34:00Z,287.3,287.51,287.3,287.51,17.51243122
Kraken:ETHUSD,2018-09-03T16:36:00Z,287.62,287.62,287.62,287.62,4.1513555
Kraken:ETHUSD,2018-09-03T16:37:00Z,287.75,287.75,287.75,287.75,0.09
Kraken:ETHUSD,2018-09-03T16:38:00Z,287.52,287.52,287.52,287.52,0.21806201
Kraken:ETHUSD,2018-09-03T16:39:00Z,287.52,287.52,287.52,287.52,0.91053807
Kraken:ETHUSD,2018-09-03T16:40:00Z,287.52,287.8,287.52,287.8,18.91
Kraken:ETHUSD,2018-09-03T16:42:00Z,287.52,287.52,286.54,286.54,3.5E+2
Kraken:ETHUSD,2018-09-03T16:43:00Z,287.65,287.65,287.65,287.65,0.81247379
Kraken:ETHUSD,2018-09-03T16:44:00Z,287.66,287.66,287.66,287.66,1.4466708
Kraken:ETHUSD,2018-09-03T16:47:00Z,287.63,287.64,287.63,287.64,15.02
Kraken:ETHUSD,2018-09-03T16:49:00Z,287.25,287.25,286.84,287.1,18.7033292
Kraken:ETHUSD,2018-09-03T16:50:00Z,287.1,287.33,287.1,287.33,1.433608
Kraken:ETHUSD,2018-09-03T16:56:00Z,287.1,287.1,287.1,287.1,0.5
Kraken:ETHUSD,2018-09-03T16:57:00Z,287.2,287.2,287.2,287.2,0.25
Kraken:ETHUSD,2018-09-03T16:58:00Z,287.64,287.64,287.64,287.64,3.5
Kraken:ETHUSD,2018-09-03T16:59:00Z,287.6,287.6,287.6,287.6,3
Kraken:ETHUSD,2018-09-03T17:00:00Z,287.6,287.6,287.6,287.6,0.71692507
Kraken:ETHUSD,2018-09-03T17:01:00Z,287.46,287.68,287.06,287.67,221.23797888
Kraken:ETHUSD,2018-09-03T17:02:00Z,287.07,287.07,287.07,287.07,3.6
Kraken:ETHUSD,2018-09-03T17:03:00Z,287.1,287.1,287.1,287.1,0.5
Kraken:ETHUSD,2018-09-03T17:05:00Z,287.36,287.36,287.36,287.36,0.12485537
Kraken:ETHUSD,2018-09-03T17:06:00Z,287.37,287.45,287.37,287.45,5.95984398
Kraken:ETHUSD,2018-09-03T17:07:00Z,287.43,287.43,287.43,287.43,1.04623734
Kraken:ETHUSD,2018-09-03T17:08:00Z,287.73,287.95,287.73,287.95,4.04197327
Kraken:ETHUSD,2018-09-03T17:09:00Z,288.56,288.56,288.56,288.56,6.5
Kraken:ETHUSD,2018-09-03T17:11:00Z,288.05,288.07,288.05,288.07,94
Kraken:ETHUSD,2018-09-03T17:16:00Z,288.0,288.2,288.0,288.2,9.23
Kraken:ETHUSD,2018-09-03T17:18:00Z,287.98,287.98,287.98,287.98,11.46209
Kraken:ETHUSD,2018-09-03T17:19:00Z,288.0,288.0,288.0,288.0,11.59979
Kraken:ETHUSD,2018-09-03T17:20:00Z,288.24,288.33,288.24,288.33,2.95245025
Kraken:ETHUSD,2018-09-03T17:21:00Z,288.38,288.5,288.38,288.5,13.10412242
Kraken:ETHUSD,2018-09-03T17:27:00Z,288.27,288.39,288.27,288.39,2E+1
Kraken:ETHUSD,2018-09-03T17:28:00Z,288.34,288.34,288.34,288.34,0.5
Kraken:ETHUSD,2018-09-03T17:32:00Z,288.46,288.46,288.46,288.46,2.20827258
Kraken:ETHUSD,2018-09-03T17:33:00Z,288.49,288.62,288.49,288.62,0.86006209
Kraken:ETHUSD,2018-09-03T17:34:00Z,288.68,288.68,288.68,288.68,0.54027108
Kraken:ETHUSD,2018-09-03T17:35:00Z,288.65,288.9,288.65,288.69,22
Kraken:ETHUSD,2018-09-03T17:36:00Z,288.62,288.74,288.62,288.74,25
Kraken:ETHUSD,2018-09-03T17:37:00Z,288.35,288.35,287.93,287.93,5
Kraken:ETHUSD,2018-09-03T17:38:00Z,288.65,288.65,288.65,288.65,7
Kraken:ETHUSD,2018-09-03T17:39:00Z,288.64,288.64,288.64,288.64,11.67700977
Kraken:ETHUSD,2018-09-03T17:44:00Z,288.6,288.6,288.6,288.6,4.62327762
Kraken:ETHUSD,2018-09-03T17:47:00Z,288.46,288.64,288.24,288.64,12.0662
Kraken:ETHUSD,2018-09-03T17:48:00Z,288.6,288.6,288.6,288.6,1.5
Kraken:ETHUSD,2018-09-03T17:50:00Z,288.47,288.6,288.47,288.6,5E+1
Kraken:ETHUSD,2018-09-03T17:51:00Z,288.51,288.66,288.51,288.66,18
Kraken:ETHUSD,2018-09-03T17:54:00Z,288.39,288.39,288.39,288.39,0.7141322
Kraken:ETHUSD,2018-09-03T17:55:00Z,288.39,288.39,288.38,288.38,1.91103498
Kraken:ETHUSD,2018-09-03T17:56:00Z,288.38,288.38,287.66,287.72,37.82458002
Kraken:ETHUSD,2018-09-03T17:57:00Z,287.88,288.18,287.54,288.1,108.69586173
Kraken:ETHUSD,2018-09-03T17:58:00Z,288.1,288.52,288.1,288.52,3.0615241
Kraken:ETHUSD,2018-09-03T17:59:00Z,288.41,288.41,288.4,288.4,0.52461686
Kraken:ETHUSD,2018-09-03T18:00:00Z,288.5,288.8,288.02,288.7,8.81825248
Kraken:ETHUSD,2018-09-03T18:03:00Z,288.79,288.79,288.79,288.79,0.5320063
Kraken:ETHUSD,2018-09-03T18:04:00Z,288.34,288.34,288.34,288.34,1.1867603
Kraken:ETHUSD,2018-09-03T18:05:00Z,288.39,288.4,288.39,288.4,2.29854997
Kraken:ETHUSD,2018-09-03T18:06:00Z,288.33,288.33,287.78,287.78,0.13714938
Kraken:ETHUSD,2018-09-03T18:08:00Z,288.15,288.15,288.15,288.15,0.4901
Kraken:ETHUSD,2018-09-03T18:09:00Z,288.46,288.62,288.46,288.62,8E+1
Kraken:ETHUSD,2018-09-03T18:10:00Z,288.46,288.64,288.22,288.22,2.73538528
Kraken:ETHUSD,2018-09-03T18:11:00Z,288.62,288.63,288.62,288.63,2.85427343
Kraken:ETHUSD,2018-09-03T18:15:00Z,288.41,288.52,288.41,288.52,3.01986624
Kraken:ETHUSD,2018-09-03T18:16:00Z,288.87,288.87,288.49,288.49,30.04127
Kraken:ETHUSD,2018-09-03T18:17:00Z,288.91,289.37,288.91,289.37,21.65
Kraken:ETHUSD,2018-09-03T18:18:00Z,288.95,288.95,288.83,288.83,1.37172918
Kraken:ETHUSD,2018-09-03T18:20:00Z,288.87,288.87,288.84,288.84,15
Kraken:ETHUSD,2018-09-03T18:21:00Z,289.19,289.19,288.9,289.03,1.21675683
Kraken:ETHUSD,2018-09-03T18:23:00Z,288.93,288.93,288.93,288.93,0.5
Kraken:ETHUSD,2018-09-03T18:24:00Z,288.85,288.85,288.7,288.7,1.2
Kraken:ETHUSD,2018-09-03T18:25:00Z,289.0,289.0,289.0,289.0,0.0444454
Kraken:ETHUSD,2018-09-03T18:26:00Z,289.08,289.1,289.08,289.1,1.44418843
Kraken:ETHUSD,2018-09-03T18:28:00Z,289.09,289.09,289.04,289.04,1.4281907
Kraken:ETHUSD,2018-09-03T18:29:00Z,288.54,289.1,288.5,289.1,9.641
Kraken:ETHUSD,2018-09-03T18:30:00Z,288.7,288.7,288.7,288.7,5
Kraken:ETHUSD,2018-09-03T18:31:00Z,289.1,289.1,289.1,289.1,0.04125
Kraken:ETHUSD,2018-09-03T18:33:00Z,288.7,288.7,288.7,288.7,4.55
Kraken:ETHUSD,2018-09-03T18:34:00Z,288.99,288.99,288.99,288.99,0.87659131
Kraken:ETHUSD,2018-09-03T18:39:00Z,289.01,289.01,289.01,289.01,0.16966334
Kraken:ETHUSD,2018-09-03T18:40:00Z,289.01,289.01,289.01,289.01,0.55115003
Kraken:ETHUSD,2018-09-03T18:41:00Z,289.0,289.1,289.0,289.1,4.01447484
Kraken:ETHUSD,2018-09-03T18:42:00Z,289.1,289.1,288.8,289.1,14.10398158
Kraken:ETHUSD,2018-09-03T18:43:00Z,289.1,289.1,289.1,289.1,1.73298005
Kraken:ETHUSD,2018-09-03T18:44:00Z,289.1,289.1,289.1,289.1,5
Kraken:ETHUSD,2018-09-03T18:45:00Z,289.33,289.33,289.3,289.3,0.57474942
Kraken:ETHUSD,2018-09-03T18:46:00Z,289.32,289.32,289.32,289.32,2.36542035
Kraken:ETHUSD,2018-09-03T18:47:00Z,289.32,289.73,289.22,289.66,195.1
Kraken:ETHUSD,2018-09-03T18:48:00Z,289.6,289.74,289.6,289.73,14.8985689
Kraken:ETHUSD,2018-09-03T18:49:00Z,289.31,289.31,289.31,289.31,3.15479092
Kraken:ETHUSD,2018-09-03T18:50:00Z,289.0,289.0,289.0,289.0,0.09951569
Kraken:ETHUSD,2018-09-03T18:51:00Z,289.31,289.31,289.31,289.31,2.22655283
Kraken:ETHUSD,2018-09-03T18:52:00Z,288.91,288.91,288.7,288.89,9.3457743
Kraken:ETHUSD,2018-09-03T18:53:00Z,288.9,288.9,288.89,288.89,4
Kraken:ETHUSD,2018-09-03T18:55:00Z,289.12,289.12,289.12,289.12,0.15
Kraken:ETHUSD,2018-09-03T19:00:00Z,289.13,289.13,289.04,289.04,15
Kraken:ETHUSD,2018-09-03T19:02:00Z,289.23,289.48,289.04,289.04,33.05122957
Kraken:ETHUSD,2018-09-03T19:04:00Z,289.04,289.04,288.0,288.09,7.3853891
Kraken:ETHUSD,2018-09-03T19:05:00Z,288.4,288.4,288.3,288.3,2.96360586
Kraken:ETHUSD,2018-09-03T19:06:00Z,288.0,288.4,287.91,288.4,30.20479736
Kraken:ETHUSD,2018-09-03T19:08:00Z,288.44,288.44,288.44,288.44,2.07520409
Kraken:ETHUSD,2018-09-03T19:09:00Z,288.69,288.69,288.69,288.69,0.2
Kraken:ETHUSD,2018-09-03T19:12:00Z,288.9,288.9,288.9,288.9,1.5
Kraken:ETHUSD,2018-09-03T19:13:00Z,288.67,288.67,288.17,288.65,10.85973035
Kraken:ETHUSD,2018-09-03T19:14:00Z,288.33,288.33,288.21,288.21,1E+1
Kraken:ETHUSD,2018-09-03T19:15:00Z,288.8,288.8,288.8,288.8,1.19175543
Kraken:ETHUSD,2018-09-03T19:16:00Z,288.32,288.32,288.1,288.1,127
Kraken:ETHUSD,2018-09-03T19:17:00Z,288.82,289.04,288.65,288.65,150.34178936
Kraken:ETHUSD,2018-09-03T19:20:00Z,289.2,289.92,289.03,289.5,206.43194176
Kraken:ETHUSD,2018-09-03T19:21:00Z,289.5,290.09,289.5,290.09,37.23322169
Kraken:ETHUSD,2018-09-03T19:22:00Z,290.07,291.36,290.07,290.65,214.84163247
Kraken:ETHUSD,2018-09-03T19:23:00Z,290.36,291.0,290.35,290.76,233.00057993
Kraken:ETHUSD,2018-09-03T19:24:00Z,290.6,290.6,290.35,290.39,9.50676312
Kraken:ETHUSD,2018-09-03T19:25:00Z,290.46,291.09,290.46,291.09,9.22481976
Kraken:ETHUSD,2018-09-03T19:26:00Z,291.37,292.39,291.2,291.89,66.08586599
Kraken:ETHUSD,2018-09-03T19:27:00Z,291.6,292.78,291.6,292.11,657.43442793
Kraken:ETHUSD,2018-09-03T19:28:00Z,292.12,292.3,292.12,292.23,1.449384
Kraken:ETHUSD,2018-09-03T19:29:00Z,291.99,292.0,291.99,292.0,3.34559075
Kraken:ETHUSD,2018-09-03T19:30:00Z,292.0,292.0,291.74,291.74,14.34005941
Kraken:ETHUSD,2018-09-03T19:31:00Z,291.6,291.93,290.8,291.0,301
Kraken:ETHUSD,2018-09-03T19:32:00Z,290.71,291.2,290.55,290.55,307.9
Kraken:ETHUSD,2018-09-03T19:33:00Z,290.42,291.5,290.42,291.1,4.95909889
Kraken:ETHUSD,2018-09-03T19:34:00Z,291.11,291.11,291.11,291.11,0.05
Kraken:ETHUSD,2018-09-03T19:35:00Z,291.44,291.44,291.43,291.43,13.6913358
Kraken:ETHUSD,2018-09-03T19:38:00Z,291.99,292.5,291.99,292.5,456.17786343
Kraken:ETHUSD,2018-09-03T19:39:00Z,292.3,292.41,292.01,292.41,6.1
Kraken:ETHUSD,2018-09-03T19:40:00Z,292.48,292.5,292.22,292.22,41.24792738
Kraken:ETHUSD,2018-09-03T19:41:00Z,292.08,292.5,291.3,291.71,275.82310629
Kraken:ETHUSD,2018-09-03T19:42:00Z,292.22,292.3,292.15,292.3,91.09950828
Kraken:ETHUSD,2018-09-03T19:43:00Z,292.18,292.31,291.33,292.21,171.80234227
Kraken:ETHUSD,2018-09-03T19:44:00Z,292.14,292.14,292.14,292.14,0.27520734
Kraken:ETHUSD,2018-09-03T19:45:00Z,292.15,292.44,292.15,292.44,110.9701281
Kraken:ETHUSD,2018-09-03T19:46:00Z,292.3,292.3,292.3,292.3,0.03794823
Kraken:ETHUSD,2018-09-03T19:47:00Z,291.9,291.9,291.9,291.9,0.99625396
Kraken:ETHUSD,2018-09-03T19:48:00Z,291.9,292.5,291.9,292.42,52.50780351
Kraken:ETHUSD,2018-09-03T19:49:00Z,292.49,292.5,292.46,292.46,6.36590117
Kraken:ETHUSD,2018-09-03T19:51:00Z,292.49,292.5,292.49,292.5,64.66299665
Kraken:ETHUSD,2018-09-03T19:52:00Z,292.5,292.5,292.49,292.49,27.5
Kraken:ETHUSD,2018-09-03T19:53:00Z,292.48,292.48,292.14,292.14,160.00794795
Kraken:ETHUSD,2018-09-03T19:54:00Z,292.2,292.48,292.08,292.48,133.094
Kraken:ETHUSD,2018-09-03T19:55:00Z,292.48,292.48,292.1,292.38,11.75618006
Kraken:ETHUSD,2018-09-03T19:56:00Z,292.09,292.28,292.09,292.09,34.34856795
Kraken:ETHUSD,2018-09-03T19:57:00Z,292.2,292.31,292.09,292.09,5.22809642
Kraken:ETHUSD,2018-09-03T19:58:00Z,292.0,292.15,292.0,292.15,0.397
Kraken:ETHUSD,2018-09-03T19:59:00Z,292.4,292.4,291.93,292.38,34.90889003
Kraken:ETHUSD,2018-09-03T20:00:00Z,291.93,292.2,291.93,292.2,10.88891984
Kraken:ETHUSD,2018-09-03T20:01:00Z,291.85,291.85,291.35,291.35,1.5E+2
Kraken:ETHUSD,2018-09-03T20:02:00Z,291.6,291.6,291.21,291.21,13.16769284
Kraken:ETHUSD,2018-09-03T20:03:00Z,291.31,291.5,290.91,290.91,112.256192
Kraken:ETHUSD,2018-09-03T20:04:00Z,291.2,291.2,291.2,291.2,0.32754083
Kraken:ETHUSD,2018-09-03T20:07:00Z,291.0,291.33,291.0,291.33,4.88
Kraken:ETHUSD,2018-09-03T20:08:00Z,291.49,291.49,291.13,291.13,6.0597824
Kraken:ETHUSD,2018-09-03T20:09:00Z,291.18,291.18,291.05,291.05,1.96761988
Kraken:ETHUSD,2018-09-03T20:10:00Z,291.0,291.0,291.0,291.0,1.8
Kraken:ETHUSD,2018-09-03T20:11:00Z,291.0,291.0,290.82,290.82,7.92
Kraken:ETHUSD,2018-09-03T20:12:00Z,290.6,291.0,290.4,290.48,13.80512
Kraken:ETHUSD,2018-09-03T20:13:00Z,291.04,291.1,291.04,291.1,167.64195342
Kraken:ETHUSD,2018-09-03T20:14:00Z,291.1,291.1,290.91,291.1,15.882
Kraken:ETHUSD,2018-09-03T20:15:00Z,290.99,290.99,290.99,290.99,4
Kraken:ETHUSD,2018-09-03T20:16:00Z,290.99,290.99,290.99,290.99,5
Kraken:ETHUSD,2018-09-03T20:17:00Z,291.04,291.04,290.7,290.7,5.42443351
Kraken:ETHUSD,2018-09-03T20:18:00Z,290.7,290.7,290.56,290.56,0.51065754
Kraken:ETHUSD,2018-09-03T20:19:00Z,290.7,290.7,290.7,290.7,8.95743317
Kraken:ETHUSD,2018-09-03T20:20:00Z,290.8,290.8,290.8,290.8,1.147
Kraken:ETHUSD,2018-09-03T20:21:00Z,291.05,291.1,291.05,291.1,8.5
Kraken:ETHUSD,2018-09-03T20:22:00Z,291.1,291.1,291.1,291.1,1.69459842
Kraken:ETHUSD,2018-09-03T20:27:00Z,290.75,290.75,290.75,290.75,8.59997
Kraken:ETHUSD,2018-09-03T20:28:00Z,290.72,291.08,290.72,290.8,11.60487777
Kraken:ETHUSD,2018-09-03T20:29:00Z,290.6,290.6,290.6,290.6,0.093
Kraken:ETHUSD,2018-09-03T20:32:00Z,290.55,290.7,290.55,290.55,10.70811314
Kraken:ETHUSD,2018-09-03T20:33:00Z,290.55,290.55,290.29,290.29,24.0213258
Kraken:ETHUSD,2018-09-03T20:34:00Z,290.7,290.9,290.2,290.72,16.57853785
Kraken:ETHUSD,2018-09-03T20:35:00Z,290.83,291.09,290.83,291.09,10.82765309
Kraken:ETHUSD,2018-09-03T20:36:00Z,291.09,291.1,291.07,291.1,21.74784891
Kraken:ETHUSD,2018-09-03T20:37:00Z,290.61,290.61,290.32,290.32,14
Kraken:ETHUSD,2018-09-03T20:42:00Z,290.39,290.39,290.12,290.12,6
Kraken:ETHUSD,2018-09-03T20:45:00Z,290.49,290.5,290.2,290.2,3.044
Kraken:ETHUSD,2018-09-03T20:48:00Z,290.59,290.59,290.59,290.59,0.1124
Kraken:ETHUSD,2018-09-03T20:49:00Z,290.6,290.6,290.1,290.1,52.12229
Kraken:ETHUSD,2018-09-03T20:51:00Z,290.58,290.58,290.23,290.23,5.87162644
Kraken:ETHUSD,2018-09-03T20:53:00Z,290.22,290.22,290.22,290.22,0.50249
Kraken:ETHUSD,2018-09-03T20:54:00Z,290.1,290.1,290.1,290.1,2E+1
Kraken:ETHUSD,2018-09-03T20:55:00Z,290.02,290.02,290.01,290.01,0.66106141
Kraken:ETHUSD,2018-09-03T20:56:00Z,290.0,290.0,290.0,290.0,0.84794215
Kraken:ETHUSD,2018-09-03T20:58:00Z,290.22,290.22,290.22,290.22,75.67364981
Kraken:ETHUSD,2018-09-03T20:59:00Z,290.21,290.22,290.21,290.22,41.15
Kraken:ETHUSD,2018-09-03T21:00:00Z,290.22,290.22,290.22,290.22,31.45105851
Kraken:ETHUSD,2018-09-03T21:01:00Z,290.22,290.22,290.22,290.22,44.81
Kraken:ETHUSD,2018-09-03T21:02:00Z,290.22,290.22,290.22,290.22,50.7784045
Kraken:ETHUSD,2018-09-03T21:03:00Z,290.22,290.22,290.22,290.22,10.17439718
Kraken:ETHUSD,2018-09-03T21:05:00Z,290.79,290.79,290.2,290.2,60.80094268
Kraken:ETHUSD,2018-09-03T21:07:00Z,290.0,290.2,290.0,290.2,6.36
Kraken:ETHUSD,2018-09-03T21:09:00Z,290.2,290.2,290.2,290.2,0.06822846
Kraken:ETHUSD,2018-09-03T21:12:00Z,290.2,290.2,290.2,290.2,0.68142216
Kraken:ETHUSD,2018-09-03T21:13:00Z,290.2,290.2,290.17,290.2,22.14489052
Kraken:ETHUSD,2018-09-03T21:15:00Z,290.2,290.2,290.2,290.2,6.269
Kraken:ETHUSD,2018-09-03T21:17:00Z,290.0,290.0,290.0,290.0,3.76093
Kraken:ETHUSD,2018-09-03T21:18:00Z,290.2,290.2,290.2,290.2,2.86
Kraken:ETHUSD,2018-09-03T21:24:00Z,290.2,290.2,290.2,290.2,0.4238
Kraken:ETHUSD,2018-09-03T21:27:00Z,290.2,290.2,290.2,290.2,199.10468241
Kraken:ETHUSD,2018-09-03T21:31:00Z,290.09,290.09,290.01,290.01,3.83720262
Kraken:ETHUSD,2018-09-03T21:36:00Z,290.2,290.2,290.2,290.2,15
Kraken:ETHUSD,2018-09-03T21:38:00Z,290.2,290.27,290.2,290.27,3
Kraken:ETHUSD,2018-09-03T21:42:00Z,290.56,290.65,290.56,290.65,11.19345568
Kraken:ETHUSD,2018-09-03T21:45:00Z,290.66,290.66,290.66,290.66,1.26621478
Kraken:ETHUSD,2018-09-03T21:46:00Z,290.6,290.6,290.6,290.6,2.00939215
Kraken:ETHUSD,2018-09-03T21:47:00Z,290.59,290.59,290.59,290.59,1.36636201
Kraken:ETHUSD,2018-09-03T21:48:00Z,290.26,290.26,290.06,290.06,4.84438479
Kraken:ETHUSD,2018-09-03T21:49:00Z,290.4,290.4,290.4,290.4,0.0969018
Kraken:ETHUSD,2018-09-03T21:50:00Z,290.6,290.6,290.6,290.6,0.48572918
Kraken:ETHUSD,2018-09-03T21:54:00Z,290.33,290.33,290.33,290.33,1.08487686
Kraken:ETHUSD,2018-09-03T21:55:00Z,290.33,290.33,290.33,290.33,0.35505976
Kraken:ETHUSD,2018-09-03T21:58:00Z,290.33,290.79,290.33,290.79,3.60868613
Kraken:ETHUSD,2018-09-03T21:59:00Z,290.78,290.78,290.78,290.78,0.4
Kraken:ETHUSD,2018-09-03T22:01:00Z,290.78,291.0,290.78,291.0,2E+1
Kraken:ETHUSD,2018-09-03T22:02:00Z,290.75,290.97,290.72,290.76,21.34
Kraken:ETHUSD,2018-09-03T22:03:00Z,290.81,291.1,290.81,291.09,418.33524551
Kraken:ETHUSD,2018-09-03T22:04:00Z,291.09,291.85,291.0,291.85,2587.84981967
Kraken:ETHUSD,2018-09-03T22:05:00Z,291.61,291.61,291.24,291.24,7.67082082
Kraken:ETHUSD,2018-09-03T22:06:00Z,291.02,291.02,291.0,291.0,8.97
Kraken:ETHUSD,2018-09-03T22:07:00Z,290.65,290.65,290.09,290.09,6.23136654
Kraken:ETHUSD,2018-09-03T22:08:00Z,290.09,290.09,290.09,290.09,0.0361128
Kraken:ETHUSD,2018-09-03T22:09:00Z,290.1,290.13,290.0,290.0,12.42302138
Kraken:ETHUSD,2018-09-03T22:11:00Z,290.24,290.24,290.24,290.24,5
Kraken:ETHUSD,2018-09-03T22:13:00Z,291.0,291.0,291.0,291.0,1.5
Kraken:ETHUSD,2018-09-03T22:14:00Z,291.01,291.32,291.01,291.32,7.427
Kraken:ETHUSD,2018-09-03T22:15:00Z,290.95,290.95,289.15,289.8,120.30611354
Kraken:ETHUSD,2018-09-03T22:16:00Z,289.8,290.81,289.57,289.9,129.12625722
Kraken:ETHUSD,2018-09-03T22:17:00Z,289.75,291.19,289.75,290.23,60.40389135
Kraken:ETHUSD,2018-09-03T22:18:00Z,290.24,290.24,290.24,290.24,0.10185619
Kraken:ETHUSD,2018-09-03T22:19:00Z,290.01,290.01,289.69,289.69,5.76548358
Kraken:ETHUSD,2018-09-03T22:20:00Z,289.64,290.36,289.64,290.19,11.76
Kraken:ETHUSD,2018-09-03T22:21:00Z,291.0,291.12,291.0,291.12,5
Kraken:ETHUSD,2018-09-03T22:22:00Z,290.85,290.85,290.78,290.78,1.95690071
Kraken:ETHUSD,2018-09-03T22:23:00Z,290.14,290.14,290.07,290.07,5.04504504
Kraken:ETHUSD,2018-09-03T22:24:00Z,290.14,290.5,290.14,290.5,2.48931496
Kraken:ETHUSD,2018-09-03T22:26:00Z,290.59,290.59,290.25,290.25,2.0440776
Kraken:ETHUSD,2018-09-03T22:27:00Z,290.25,290.34,290.25,290.34,1.5440776
Kraken:ETHUSD,2018-09-03T22:28:00Z,289.94,290.06,289.94,290.06,0.02344786
Kraken:ETHUSD,2018-09-03T22:29:00Z,290.11,290.11,289.89,289.89,0.05770204
Kraken:ETHUSD,2018-09-03T22:30:00Z,289.66,290.0,289.66,290.0,201.29886227
Kraken:ETHUSD,2018-09-03T22:31:00Z,290.0,290.0,290.0,290.0,73.3499
Kraken:ETHUSD,2018-09-03T22:32:00Z,290.66,290.66,290.35,290.35,6.21
Kraken:ETHUSD,2018-09-03T22:33:00Z,290.53,290.53,290.32,290.32,0.577
Kraken:ETHUSD,2018-09-03T22:34:00Z,290.07,290.07,289.9,289.91,7.72476534
Kraken:ETHUSD,2018-09-03T22:35:00Z,290.0,290.0,289.91,289.91,0.6
Kraken:ETHUSD,2018-09-03T22:36:00Z,289.91,290.0,289.91,289.93,0.6
Kraken:ETHUSD,2018-09-03T22:37:00Z,290.0,290.0,290.0,290.0,0.427
Kraken:ETHUSD,2018-09-03T22:39:00Z,289.94,289.94,289.94,289.94,0.02324377
Kraken:ETHUSD,2018-09-03T22:40:00Z,289.9,289.9,289.9,289.9,12
Kraken:ETHUSD,2018-09-03T22:41:00Z,289.9,289.9,289.84,289.84,8.61
Kraken:ETHUSD,2018-09-03T22:42:00Z,289.5,289.5,289.5,289.5,1.38168
Kraken:ETHUSD,2018-09-03T22:43:00Z,289.14,289.14,289.03,289.04,18.67144928
Kraken:ETHUSD,2018-09-03T22:44:00Z,289.42,289.42,289.42,289.42,5
Kraken:ETHUSD,2018-09-03T22:47:00Z,289.82,289.82,289.8,289.8,3.15080966
Kraken:ETHUSD,2018-09-03T22:48:00Z,289.7,289.7,289.47,289.47,10.92958256
Kraken:ETHUSD,2018-09-03T22:49:00Z,289.47,289.48,289.46,289.48,9.83343625
Kraken:ETHUSD,2018-09-03T22:50:00Z,289.48,289.53,289.3,289.3,38.31765935
Kraken:ETHUSD,2018-09-03T22:51:00Z,289.28,289.28,289.13,289.13,1.5
Kraken:ETHUSD,2018-09-03T22:52:00Z,289.13,289.13,288.35,288.83,455.23
Kraken:ETHUSD,2018-09-03T22:53:00Z,288.86,288.86,288.0,288.34,531.2474737
Kraken:ETHUSD,2018-09-03T22:54:00Z,288.31,288.31,287.8,288.09,621.22858136
Kraken:ETHUSD,2018-09-03T22:55:00Z,288.12,288.47,288.12,288.47,13.0099885
Kraken:ETHUSD,2018-09-03T22:56:00Z,288.5,288.55,288.5,288.55,5.72956754
Kraken:ETHUSD,2018-09-03T22:57:00Z,288.73,288.74,288.6,288.6,20.44
Kraken:ETHUSD,2018-09-03T22:58:00Z,288.56,288.56,287.8,288.27,45.65836977
Kraken:ETHUSD,2018-09-03T22:59:00Z,287.99,288.26,287.92,288.26,37.53131778
Kraken:ETHUSD,2018-09-03T23:00:00Z,287.9,288.06,287.9,288.06,5.120388
Kraken:ETHUSD,2018-09-03T23:01:00Z,288.14,288.26,288.1,288.26,14.181972
Kraken:ETHUSD,2018-09-03T23:02:00Z,287.81,288.05,287.81,287.82,15.8629198
Kraken:ETHUSD,2018-09-03T23:03:00Z,287.99,287.99,287.96,287.99,37.75551201
Kraken:ETHUSD,2018-09-03T23:04:00Z,287.99,288.14,287.82,288.14,19.37857629
Kraken:ETHUSD,2018-09-03T23:05:00Z,288.34,288.34,288.34,288.34,7.252
Kraken:ETHUSD,2018-09-03T23:06:00Z,288.34,288.34,288.34,288.34,4.25130358
Kraken:ETHUSD,2018-09-03T23:07:00Z,288.52,288.52,288.49,288.49,5.5
Kraken:ETHUSD,2018-09-03T23:08:00Z,288.7,288.91,288.7,288.91,4.20931858
Kraken:ETHUSD,2018-09-03T23:09:00Z,288.91,288.91,288.91,288.91,0.682
Kraken:ETHUSD,2018-09-03T23:11:00Z,288.96,288.96,288.96,288.96,1.48148
Kraken:ETHUSD,2018-09-03T23:13:00Z,289.0,289.1,288.91,288.91,71.503
Kraken:ETHUSD,2018-09-03T23:14:00Z,289.03,289.04,289.03,289.04,0.669
Kraken:ETHUSD,2018-09-03T23:15:00Z,288.99,288.99,288.99,288.99,6
Kraken:ETHUSD,2018-09-03T23:16:00Z,289.0,289.0,289.0,289.0,2.36318267
Kraken:ETHUSD,2018-09-03T23:18:00Z,288.57,288.57,288.57,288.57,2.57831261
Kraken:ETHUSD,2018-09-03T23:19:00Z,288.69,288.79,288.69,288.79,8.48
Kraken:ETHUSD,2018-09-03T23:20:00Z,288.63,288.72,288.62,288.72,4.19748884
Kraken:ETHUSD,2018-09-03T23:21:00Z,288.6,288.72,288.6,288.72,1.2305706
Kraken:ETHUSD,2018-09-03T23:23:00Z,288.63,288.64,288.63,288.64,25.02
Kraken:ETHUSD,2018-09-03T23:24:00Z,288.57,288.57,288.57,288.57,5.02
Kraken:ETHUSD,2018-09-03T23:28:00Z,288.24,288.24,288.23,288.23,0.04
Kraken:ETHUSD,2018-09-03T23:29:00Z,288.23,288.24,288.23,288.24,3.83
Kraken:ETHUSD,2018-09-03T23:30:00Z,288.04,288.21,288.04,288.21,1.35
Kraken:ETHUSD,2018-09-03T23:31:00Z,288.04,288.04,287.88,287.88,23.84
Kraken:ETHUSD,2018-09-03T23:32:00Z,288.13,288.21,288.13,288.21,4.59484299
Kraken:ETHUSD,2018-09-03T23:33:00Z,288.27,288.27,288.27,288.27,0.02
Kraken:ETHUSD,2018-09-03T23:34:00Z,288.26,288.26,288.26,288.26,0.02
Kraken:ETHUSD,2018-09-03T23:37:00Z,288.64,288.64,288.64,288.64,0.0740056
Kraken:ETHUSD,2018-09-03T23:40:00Z,288.31,288.32,288.31,288.32,1.043164
Kraken:ETHUSD,2018-09-03T23:42:00Z,288.2,288.2,288.2,288.2,5
Kraken:ETHUSD,2018-09-03T23:44:00Z,288.34,288.49,288.34,288.49,14.37
Kraken:ETHUSD,2018-09-03T23:45:00Z,288.49,288.64,288.29,288.29,21.64221601
Kraken:ETHUSD,2018-09-03T23:46:00Z,288.5,288.63,288.5,288.63,8.78898735
Kraken:ETHUSD,2018-09-03T23:50:00Z,288.57,288.57,288.48,288.48,5.3
Kraken:ETHUSD,2018-09-03T23:52:00Z,288.6,288.64,288.6,288.64,5.20860464
Kraken:ETHUSD,2018-09-03T23:54:00Z,288.59,288.59,288.59,288.59,5
Kraken:ETHUSD,2018-09-03T23:56:00Z,288.64,288.64,288.64,288.64,11.9797
Kraken:ETHUSD,2018-09-03T23:57:00Z,288.63,288.63,288.63,288.63,5.04
Kraken:ETHUSD,2018-09-03T23:58:00Z,288.64,288.64,288.64,288.64,3.48
