Kraken:XRPUSD,2021-06-25T00:00:00Z,0.67462,0.67465,0.67389,0.67391,4530.82254882
Kraken:XRPUSD,2021-06-25T00:01:00Z,0.6745,0.6745,0.67217,0.67217,7108.14604469
Kraken:XRPUSD,2021-06-25T00:03:00Z,0.67508,0.67508,0.67508,0.67508,4E+1
Kraken:XRPUSD,2021-06-25T00:04:00Z,0.67512,0.67512,0.67512,0.67512,8654.522276
Kraken:XRPUSD,2021-06-25T00:06:00Z,0.67547,0.67626,0.67547,0.67626,5828.99755652
Kraken:XRPUSD,2021-06-25T00:07:00Z,0.6776,0.67856,0.6776,0.67856,1250.55467359
Kraken:XRPUSD,2021-06-25T00:08:00Z,0.67884,0.68053,0.67884,0.68053,72530.05622049
Kraken:XRPUSD,2021-06-25T00:09:00Z,0.68091,0.68164,0.68091,0.68164,5143.14383562
Kraken:XRPUSD,2021-06-25T00:11:00Z,0.67996,0.67996,0.67996,0.67996,116.7
Kraken:XRPUSD,2021-06-25T00:14:00Z,0.67927,0.67928,0.67927,0.67928,1096.25261453
Kraken:XRPUSD,2021-06-25T00:15:00Z,0.67811,0.67811,0.67684,0.67684,7657.52892319
Kraken:XRPUSD,2021-06-25T00:16:00Z,0.67764,0.67764,0.67764,0.67764,57.6
Kraken:XRPUSD,2021-06-25T00:19:00Z,0.67798,0.67798,0.67798,0.67798,8803.18573987
Kraken:XRPUSD,2021-06-25T00:20:00Z,0.68016,0.68408,0.68016,0.6834,59458.33807481
Kraken:XRPUSD,2021-06-25T00:21:00Z,0.68279,0.68287,0.68132,0.68132,52180.69261403
Kraken:XRPUSD,2021-06-25T00:22:00Z,0.68184,0.68185,0.68184,0.68185,12482.59929254
Kraken:XRPUSD,2021-06-25T00:23:00Z,0.68077,0.68077,0.68077,0.68077,2624.0014983
Kraken:XRPUSD,2021-06-25T00:25:00Z,0.68166,0.68166,0.68166,0.68166,3E+3
Kraken:XRPUSD,2021-06-25T00:26:00Z,0.68176,0.682,0.68176,0.682,23685.0012
Kraken:XRPUSD,2021-06-25T00:27:00Z,0.6821,0.68211,0.68204,0.68204,2006.41917
Kraken:XRPUSD,2021-06-25T00:28:00Z,0.68205,0.68274,0.68205,0.68274,943.24638286
Kraken:XRPUSD,2021-06-25T00:29:00Z,0.68259,0.68259,0.682,0.682,5764.47246569
Kraken:XRPUSD,2021-06-25T00:30:00Z,0.6822,0.68317,0.6822,0.68317,3477.71032457
Kraken:XRPUSD,2021-06-25T00:31:00Z,0.68201,0.68201,0.682,0.682,1884330.7677540795
Kraken:XRPUSD,2021-06-25T00:32:00Z,0.682,0.68207,0.682,0.682,781562.3585802298
Kraken:XRPUSD,2021-06-25T00:33:00Z,0.68117,0.68119,0.68117,0.68119,6645.76581899
Kraken:XRPUSD,2021-06-25T00:34:00Z,0.68119,0.68119,0.68117,0.68117,12641.22503196
Kraken:XRPUSD,2021-06-25T00:36:00Z,0.68011,0.68041,0.68011,0.68041,3893.20292655
Kraken:XRPUSD,2021-06-25T00:37:00Z,0.68105,0.68105,0.68105,0.68105,347.6
Kraken:XRPUSD,2021-06-25T00:39:00Z,0.68005,0.68016,0.68,0.68016,3409.0486452
Kraken:XRPUSD,2021-06-25T00:41:00Z,0.67876,0.67876,0.67876,0.67876,11.3067
Kraken:XRPUSD,2021-06-25T00:42:00Z,0.67841,0.67841,0.67815,0.67815,7685.67377982
Kraken:XRPUSD,2021-06-25T00:43:00Z,0.67877,0.68081,0.67877,0.68081,12446.59745149
Kraken:XRPUSD,2021-06-25T00:44:00Z,0.6796,0.6796,0.67938,0.67938,69.7
Kraken:XRPUSD,2021-06-25T00:45:00Z,0.67767,0.67767,0.67767,0.67767,642.22174
Kraken:XRPUSD,2021-06-25T00:46:00Z,0.67694,0.67694,0.67665,0.67674,10833.520132
Kraken:XRPUSD,2021-06-25T00:47:00Z,0.67635,0.67635,0.67458,0.67458,14857.26552585
Kraken:XRPUSD,2021-06-25T00:48:00Z,0.67468,0.67496,0.67242,0.67242,24876.68978525
Kraken:XRPUSD,2021-06-25T00:49:00Z,0.67232,0.67274,0.6723,0.6723,2683.61928775
Kraken:XRPUSD,2021-06-25T00:50:00Z,0.67201,0.67201,0.6716,0.67175,7174.62490364
Kraken:XRPUSD,2021-06-25T00:52:00Z,0.67182,0.67182,0.67182,0.67182,1177.008276
Kraken:XRPUSD,2021-06-25T00:53:00Z,0.67194,0.67194,0.67155,0.67155,5019.35377942
Kraken:XRPUSD,2021-06-25T00:54:00Z,0.67104,0.67135,0.67103,0.67135,6423.24417502
Kraken:XRPUSD,2021-06-25T00:55:00Z,0.67068,0.67068,0.66901,0.6695,2306.91354286
Kraken:XRPUSD,2021-06-25T00:56:00Z,0.66973,0.66973,0.667,0.667,31611.7493467
Kraken:XRPUSD,2021-06-25T00:57:00Z,0.66699,0.66782,0.66699,0.66771,1601.1456648
Kraken:XRPUSD,2021-06-25T00:58:00Z,0.66719,0.66735,0.66607,0.66616,5798.66151022
Kraken:XRPUSD,2021-06-25T00:59:00Z,0.66576,0.66576,0.66535,0.66535,220.43004438
Kraken:XRPUSD,2021-06-25T01:00:00Z,0.66513,0.66578,0.6649,0.6649,1730.75011768
Kraken:XRPUSD,2021-06-25T01:01:00Z,0.66453,0.66453,0.66089,0.66089,25895.03993826
Kraken:XRPUSD,2021-06-25T01:02:00Z,0.6609,0.6609,0.657,0.65851,37480.49634694
Kraken:XRPUSD,2021-06-25T01:03:00Z,0.65912,0.65912,0.65912,0.65912,9055.99754521
Kraken:XRPUSD,2021-06-25T01:04:00Z,0.65851,0.65931,0.6579,0.65838,136424.64098726
Kraken:XRPUSD,2021-06-25T01:05:00Z,0.66078,0.66078,0.66078,0.66078,758.10413318
Kraken:XRPUSD,2021-06-25T01:06:00Z,0.66,0.6601,0.65976,0.65976,26928.0207678
Kraken:XRPUSD,2021-06-25T01:07:00Z,0.66013,0.66065,0.66013,0.66038,78469.6527048
Kraken:XRPUSD,2021-06-25T01:08:00Z,0.66069,0.66136,0.66069,0.66136,16336.74016722
Kraken:XRPUSD,2021-06-25T01:09:00Z,0.66,0.66001,0.66,0.66,31344.14105
Kraken:XRPUSD,2021-06-25T01:10:00Z,0.65841,0.65841,0.65841,0.65841,2E+1
Kraken:XRPUSD,2021-06-25T01:11:00Z,0.66006,0.66006,0.65973,0.65973,5E+4
Kraken:XRPUSD,2021-06-25T01:14:00Z,0.65788,0.65841,0.65739,0.65841,14860.30364996
Kraken:XRPUSD,2021-06-25T01:15:00Z,0.65948,0.65948,0.65948,0.65948,5E+1
Kraken:XRPUSD,2021-06-25T01:16:00Z,0.66039,0.66039,0.66039,0.66039,997.6057462
Kraken:XRPUSD,2021-06-25T01:18:00Z,0.66197,0.66213,0.66197,0.66213,1.1E+4
Kraken:XRPUSD,2021-06-25T01:20:00Z,0.66157,0.66157,0.66055,0.66055,10007.6785251
Kraken:XRPUSD,2021-06-25T01:21:00Z,0.66043,0.66043,0.66043,0.66043,22.81509527
Kraken:XRPUSD,2021-06-25T01:23:00Z,0.65978,0.65978,0.65978,0.65978,1E+5
Kraken:XRPUSD,2021-06-25T01:24:00Z,0.65937,0.65992,0.65937,0.65937,84501.71076012
Kraken:XRPUSD,2021-06-25T01:25:00Z,0.65839,0.65839,0.65823,0.65823,124.9
Kraken:XRPUSD,2021-06-25T01:27:00Z,0.65898,0.65898,0.65898,0.65898,30.1
Kraken:XRPUSD,2021-06-25T01:30:00Z,0.66018,0.66018,0.66018,0.66018,302.16001696
Kraken:XRPUSD,2021-06-25T01:34:00Z,0.6623,0.6623,0.6623,0.6623,7E+2
Kraken:XRPUSD,2021-06-25T01:39:00Z,0.66324,0.66324,0.66324,0.66324,1302.491812
Kraken:XRPUSD,2021-06-25T01:40:00Z,0.66496,0.66496,0.66481,0.66481,3330.25338399
Kraken:XRPUSD,2021-06-25T01:43:00Z,0.66692,0.66692,0.66692,0.66692,146.23089857
Kraken:XRPUSD,2021-06-25T01:44:00Z,0.66734,0.66739,0.66702,0.66702,7187.06744501
Kraken:XRPUSD,2021-06-25T01:45:00Z,0.66675,0.66709,0.66673,0.66709,49493.6580892
Kraken:XRPUSD,2021-06-25T01:46:00Z,0.66675,0.66675,0.66675,0.66675,448.77390326
Kraken:XRPUSD,2021-06-25T01:47:00Z,0.66677,0.66723,0.66677,0.66723,198.11307015
Kraken:XRPUSD,2021-06-25T01:48:00Z,0.6674,0.66778,0.66731,0.66766,15180.34715
Kraken:XRPUSD,2021-06-25T01:50:00Z,0.66647,0.66647,0.666,0.666,1438.10086394
Kraken:XRPUSD,2021-06-25T01:55:00Z,0.6688,0.6688,0.6688,0.6688,125
Kraken:XRPUSD,2021-06-25T01:56:00Z,0.66968,0.67152,0.66968,0.67152,4305.18932271
Kraken:XRPUSD,2021-06-25T01:57:00Z,0.67221,0.67383,0.67221,0.67383,6606.68743612
Kraken:XRPUSD,2021-06-25T01:58:00Z,0.67427,0.67435,0.67427,0.67435,3128.5
Kraken:XRPUSD,2021-06-25T02:00:00Z,0.67353,0.67353,0.67341,0.67341,1591.39337595
Kraken:XRPUSD,2021-06-25T02:01:00Z,0.67444,0.67743,0.67444,0.67743,1338.74288266
Kraken:XRPUSD,2021-06-25T02:02:00Z,0.67673,0.67873,0.67673,0.67873,6513.99796264
Kraken:XRPUSD,2021-06-25T02:03:00Z,0.67874,0.68035,0.67874,0.68035,8523.32620051
Kraken:XRPUSD,2021-06-25T02:04:00Z,0.68092,0.68119,0.68092,0.68119,9559.44209764
Kraken:XRPUSD,2021-06-25T02:05:00Z,0.68003,0.68026,0.68003,0.68026,1160.99055241
Kraken:XRPUSD,2021-06-25T02:06:00Z,0.68054,0.68093,0.68006,0.68006,4133.51774531
Kraken:XRPUSD,2021-06-25T02:07:00Z,0.6802,0.68119,0.6802,0.68119,1558.88414112
Kraken:XRPUSD,2021-06-25T02:09:00Z,0.68119,0.68242,0.68119,0.68242,9579.46755492
Kraken:XRPUSD,2021-06-25T02:10:00Z,0.68232,0.68252,0.68232,0.68252,2014.89916
Kraken:XRPUSD,2021-06-25T02:11:00Z,0.68022,0.68022,0.68022,0.68022,5E+2
Kraken:XRPUSD,2021-06-25T02:13:00Z,0.68301,0.68565,0.68301,0.68565,22166.39632378
Kraken:XRPUSD,2021-06-25T02:14:00Z,0.68609,0.68612,0.68522,0.68522,4141.69480757
Kraken:XRPUSD,2021-06-25T02:15:00Z,0.68529,0.68529,0.68489,0.68489,3600.081248
Kraken:XRPUSD,2021-06-25T02:16:00Z,0.68536,0.68536,0.68331,0.68331,89636.94763656
Kraken:XRPUSD,2021-06-25T02:17:00Z,0.68286,0.68289,0.68021,0.68021,43808.41054157
Kraken:XRPUSD,2021-06-25T02:18:00Z,0.6811,0.6811,0.68087,0.68087,32624.0014983
Kraken:XRPUSD,2021-06-25T02:19:00Z,0.68074,0.6813,0.68074,0.6813,70.72605734
Kraken:XRPUSD,2021-06-25T02:20:00Z,0.68171,0.68171,0.68171,0.68171,12520.992
Kraken:XRPUSD,2021-06-25T02:21:00Z,0.68311,0.68768,0.68311,0.68768,26874.48840832
Kraken:XRPUSD,2021-06-25T02:22:00Z,0.68751,0.68751,0.68511,0.68657,110938.22360754
Kraken:XRPUSD,2021-06-25T02:23:00Z,0.68495,0.68693,0.68495,0.68526,19387.10462785
Kraken:XRPUSD,2021-06-25T02:24:00Z,0.68579,0.686,0.68579,0.686,16542.54606898
Kraken:XRPUSD,2021-06-25T02:26:00Z,0.68577,0.68769,0.68577,0.68769,25615.73557
Kraken:XRPUSD,2021-06-25T02:27:00Z,0.68753,0.68753,0.68753,0.68753,68.06073916
Kraken:XRPUSD,2021-06-25T02:29:00Z,0.68443,0.68443,0.68443,0.68443,639.401893
Kraken:XRPUSD,2021-06-25T02:30:00Z,0.68393,0.68393,0.68283,0.68283,9394.265449
Kraken:XRPUSD,2021-06-25T02:31:00Z,0.68482,0.68482,0.68482,0.68482,1804.51127819
Kraken:XRPUSD,2021-06-25T02:33:00Z,0.68402,0.68415,0.68402,0.68415,9.05E+3
Kraken:XRPUSD,2021-06-25T02:34:00Z,0.68513,0.68582,0.68513,0.68582,4.95E+4
Kraken:XRPUSD,2021-06-25T02:35:00Z,0.68602,0.68627,0.68602,0.68627,58913.680041
Kraken:XRPUSD,2021-06-25T02:36:00Z,0.68701,0.68771,0.68694,0.68759,50411.423673
Kraken:XRPUSD,2021-06-25T02:37:00Z,0.68759,0.68823,0.68759,0.68802,111800.59627112
Kraken:XRPUSD,2021-06-25T02:39:00Z,0.68823,0.68823,0.68823,0.68823,9314.67331393
Kraken:XRPUSD,2021-06-25T02:41:00Z,0.6872,0.6872,0.68716,0.68716,5036.78337602
Kraken:XRPUSD,2021-06-25T02:42:00Z,0.68817,0.68817,0.6878,0.6878,1608.5149523
Kraken:XRPUSD,2021-06-25T02:43:00Z,0.68689,0.68689,0.68689,0.68689,1158.27366827
Kraken:XRPUSD,2021-06-25T02:45:00Z,0.68658,0.68658,0.68658,0.68658,5036.78337498
Kraken:XRPUSD,2021-06-25T02:46:00Z,0.68642,0.68642,0.6863,0.6863,987.36830274
Kraken:XRPUSD,2021-06-25T02:47:00Z,0.68471,0.68471,0.68471,0.68471,1278.666914
Kraken:XRPUSD,2021-06-25T02:51:00Z,0.68455,0.68482,0.68455,0.68482,1.25E+5
Kraken:XRPUSD,2021-06-25T02:58:00Z,0.68513,0.68513,0.68513,0.68513,1484.9176
Kraken:XRPUSD,2021-06-25T03:00:00Z,0.68417,0.68417,0.68352,0.68352,1297.37935407
Kraken:XRPUSD,2021-06-25T03:01:00Z,0.68135,0.68135,0.68135,0.68135,969.1809593
Kraken:XRPUSD,2021-06-25T03:05:00Z,0.68091,0.68124,0.68045,0.68045,6872.10226305
Kraken:XRPUSD,2021-06-25T03:06:00Z,0.68,0.68,0.68,0.68,9
Kraken:XRPUSD,2021-06-25T03:08:00Z,0.6787,0.6787,0.67845,0.67845,3550.02469191
Kraken:XRPUSD,2021-06-25T03:09:00Z,0.67808,0.67808,0.67808,0.67808,5E+3
Kraken:XRPUSD,2021-06-25T03:10:00Z,0.67747,0.67747,0.67747,0.67747,8814.58254172
Kraken:XRPUSD,2021-06-25T03:17:00Z,0.6763,0.67637,0.6763,0.6763,11512.2932508
Kraken:XRPUSD,2021-06-25T03:18:00Z,0.67509,0.67509,0.67509,0.67509,2000.00333333
Kraken:XRPUSD,2021-06-25T03:19:00Z,0.67604,0.67604,0.67604,0.67604,73.562622
Kraken:XRPUSD,2021-06-25T03:20:00Z,0.67651,0.67651,0.67651,0.67651,100.02
Kraken:XRPUSD,2021-06-25T03:22:00Z,0.6763,0.6763,0.67524,0.67526,19145.02
Kraken:XRPUSD,2021-06-25T03:23:00Z,0.67466,0.67514,0.6746,0.67514,13791.76576589
Kraken:XRPUSD,2021-06-25T03:24:00Z,0.67567,0.67567,0.67567,0.67567,144.371693
Kraken:XRPUSD,2021-06-25T03:25:00Z,0.67651,0.67787,0.67651,0.67787,1059.11891707
Kraken:XRPUSD,2021-06-25T03:27:00Z,0.67753,0.67849,0.67753,0.67849,1813.49064889
Kraken:XRPUSD,2021-06-25T03:30:00Z,0.6763,0.6763,0.67629,0.67629,133.11891707
Kraken:XRPUSD,2021-06-25T03:32:00Z,0.67577,0.67577,0.67509,0.67509,2697.75109858
Kraken:XRPUSD,2021-06-25T03:33:00Z,0.6768,0.6768,0.6768,0.6768,860.90351655
Kraken:XRPUSD,2021-06-25T03:34:00Z,0.67705,0.67705,0.67705,0.67705,834.1392807
Kraken:XRPUSD,2021-06-25T03:37:00Z,0.67657,0.67657,0.67625,0.67625,1.5E+4
Kraken:XRPUSD,2021-06-25T03:38:00Z,0.67663,0.67709,0.67663,0.67709,1078.2948209
Kraken:XRPUSD,2021-06-25T03:43:00Z,0.67569,0.67569,0.67569,0.67569,417.216771
Kraken:XRPUSD,2021-06-25T03:44:00Z,0.67665,0.67665,0.67665,0.67665,1E+2
Kraken:XRPUSD,2021-06-25T03:46:00Z,0.67866,0.67958,0.67845,0.67954,4737.04035052
Kraken:XRPUSD,2021-06-25T03:47:00Z,0.67808,0.67808,0.67808,0.67808,347.77754837
Kraken:XRPUSD,2021-06-25T03:48:00Z,0.67938,0.67938,0.67938,0.67938,7.11619897
Kraken:XRPUSD,2021-06-25T03:50:00Z,0.6785,0.6785,0.6785,0.6785,4E+3
Kraken:XRPUSD,2021-06-25T03:51:00Z,0.67861,0.67861,0.67861,0.67861,118.77632219
Kraken:XRPUSD,2021-06-25T03:52:00Z,0.68011,0.68057,0.68011,0.68057,18420.51837314
Kraken:XRPUSD,2021-06-25T03:53:00Z,0.68134,0.68134,0.68134,0.68134,642.539103
Kraken:XRPUSD,2021-06-25T03:54:00Z,0.68135,0.68206,0.68135,0.68206,5278.23147933
Kraken:XRPUSD,2021-06-25T03:56:00Z,0.68257,0.68297,0.68257,0.68297,164.9031222
Kraken:XRPUSD,2021-06-25T03:57:00Z,0.68297,0.68323,0.68297,0.68323,5E+2
Kraken:XRPUSD,2021-06-25T03:58:00Z,0.68105,0.68105,0.6808,0.6808,1E+4
Kraken:XRPUSD,2021-06-25T03:59:00Z,0.68078,0.68078,0.68046,0.68046,9089.27374205
Kraken:XRPUSD,2021-06-25T04:00:00Z,0.67945,0.67945,0.67945,0.67945,46.62
Kraken:XRPUSD,2021-06-25T04:01:00Z,0.6777,0.6777,0.67747,0.67747,1648.58733048
Kraken:XRPUSD,2021-06-25T04:03:00Z,0.67678,0.67678,0.67672,0.67672,855.88884414
Kraken:XRPUSD,2021-06-25T04:04:00Z,0.67759,0.67759,0.67709,0.67709,71.70570087
Kraken:XRPUSD,2021-06-25T04:05:00Z,0.67659,0.67659,0.67659,0.67659,64.30055803
Kraken:XRPUSD,2021-06-25T04:06:00Z,0.67658,0.67658,0.67645,0.67645,869.55710277
Kraken:XRPUSD,2021-06-25T04:08:00Z,0.67854,0.67854,0.67854,0.67854,674.9
Kraken:XRPUSD,2021-06-25T04:09:00Z,0.67743,0.67957,0.67732,0.67957,13794.50493019
Kraken:XRPUSD,2021-06-25T04:10:00Z,0.67957,0.68019,0.67957,0.68019,9505.06967684
Kraken:XRPUSD,2021-06-25T04:11:00Z,0.68012,0.68012,0.68012,0.68012,83.44939128
Kraken:XRPUSD,2021-06-25T04:12:00Z,0.67787,0.67787,0.67787,0.67787,321.05934766
Kraken:XRPUSD,2021-06-25T04:15:00Z,0.67834,0.67834,0.67834,0.67834,118.015622
Kraken:XRPUSD,2021-06-25T04:17:00Z,0.67697,0.67697,0.67697,0.67697,292.8
Kraken:XRPUSD,2021-06-25T04:20:00Z,0.67683,0.67683,0.67683,0.67683,78.43717953
Kraken:XRPUSD,2021-06-25T04:21:00Z,0.67521,0.67521,0.67491,0.67491,629
Kraken:XRPUSD,2021-06-25T04:22:00Z,0.67591,0.67608,0.67591,0.67608,1127.22290909
Kraken:XRPUSD,2021-06-25T04:30:00Z,0.67401,0.67401,0.67346,0.67346,615.44269916
Kraken:XRPUSD,2021-06-25T04:32:00Z,0.67273,0.67284,0.67254,0.67284,11483.26496641
Kraken:XRPUSD,2021-06-25T04:34:00Z,0.67384,0.67384,0.67384,0.67384,3E+2
Kraken:XRPUSD,2021-06-25T04:35:00Z,0.67283,0.67283,0.67283,0.67283,14.6
Kraken:XRPUSD,2021-06-25T04:37:00Z,0.67276,0.67444,0.67268,0.67444,12861.67494868
Kraken:XRPUSD,2021-06-25T04:41:00Z,0.67351,0.67351,0.67351,0.67351,589
Kraken:XRPUSD,2021-06-25T04:42:00Z,0.67431,0.67431,0.67431,0.67431,235.5
Kraken:XRPUSD,2021-06-25T04:44:00Z,0.675,0.675,0.675,0.675,1E+2
Kraken:XRPUSD,2021-06-25T04:45:00Z,0.67663,0.67677,0.67663,0.67677,8667.75571606
Kraken:XRPUSD,2021-06-25T04:48:00Z,0.67428,0.67428,0.674,0.674,1391.75644887
Kraken:XRPUSD,2021-06-25T04:49:00Z,0.67376,0.67388,0.67357,0.67388,1895.53976186
Kraken:XRPUSD,2021-06-25T04:50:00Z,0.67356,0.67356,0.67356,0.67356,25.55850671
Kraken:XRPUSD,2021-06-25T04:51:00Z,0.67244,0.67244,0.67223,0.67223,498.44117
Kraken:XRPUSD,2021-06-25T04:52:00Z,0.67155,0.67155,0.67155,0.67155,33.9
Kraken:XRPUSD,2021-06-25T04:53:00Z,0.67243,0.67256,0.67225,0.67225,16342.68138361
Kraken:XRPUSD,2021-06-25T04:54:00Z,0.67385,0.67385,0.67385,0.67385,159.22163686
Kraken:XRPUSD,2021-06-25T04:56:00Z,0.67315,0.67315,0.67315,0.67315,10.5
Kraken:XRPUSD,2021-06-25T05:00:00Z,0.67355,0.67443,0.67355,0.67443,15453.19565659
Kraken:XRPUSD,2021-06-25T05:01:00Z,0.67634,0.67634,0.67615,0.67615,342.9
Kraken:XRPUSD,2021-06-25T05:02:00Z,0.67346,0.67346,0.67326,0.67326,261.24249802
Kraken:XRPUSD,2021-06-25T05:03:00Z,0.67203,0.67203,0.671,0.671,5487.16436353
Kraken:XRPUSD,2021-06-25T05:04:00Z,0.67081,0.67081,0.6701,0.67016,14821.34736124
Kraken:XRPUSD,2021-06-25T05:05:00Z,0.66999,0.66999,0.66947,0.66947,1679.80940531
Kraken:XRPUSD,2021-06-25T05:06:00Z,0.6688,0.6688,0.66842,0.66842,425
Kraken:XRPUSD,2021-06-25T05:07:00Z,0.6687,0.6687,0.6687,0.6687,36
Kraken:XRPUSD,2021-06-25T05:08:00Z,0.66898,0.66898,0.66814,0.66814,8792.50291996
Kraken:XRPUSD,2021-06-25T05:15:00Z,0.66808,0.66808,0.66808,0.66808,103.16
Kraken:XRPUSD,2021-06-25T05:16:00Z,0.66954,0.66954,0.66868,0.66868,5828.94724
Kraken:XRPUSD,2021-06-25T05:19:00Z,0.66895,0.66895,0.66894,0.66894,3153.44
Kraken:XRPUSD,2021-06-25T05:21:00Z,0.66855,0.66855,0.66836,0.66836,34372.88
Kraken:XRPUSD,2021-06-25T05:23:00Z,0.6688,0.6688,0.66837,0.66837,60044
Kraken:XRPUSD,2021-06-25T05:24:00Z,0.66789,0.66789,0.66711,0.66711,97345.25309775
Kraken:XRPUSD,2021-06-25T05:25:00Z,0.66681,0.66681,0.66681,0.66681,56.98063315
Kraken:XRPUSD,2021-06-25T05:27:00Z,0.66685,0.66685,0.6662,0.66644,191.23460049
Kraken:XRPUSD,2021-06-25T05:28:00Z,0.66568,0.66568,0.66568,0.66568,110.2150222
Kraken:XRPUSD,2021-06-25T05:30:00Z,0.66841,0.66841,0.66841,0.66841,19.93493912
Kraken:XRPUSD,2021-06-25T05:33:00Z,0.669,0.669,0.669,0.669,5.05E+3
Kraken:XRPUSD,2021-06-25T05:34:00Z,0.669,0.669,0.669,0.669,2.95E+3
Kraken:XRPUSD,2021-06-25T05:36:00Z,0.66642,0.66642,0.66639,0.66639,5E+3
Kraken:XRPUSD,2021-06-25T05:38:00Z,0.66568,0.66568,0.66418,0.66418,16837.3894857
Kraken:XRPUSD,2021-06-25T05:39:00Z,0.66415,0.66415,0.66415,0.66415,125.73531053
Kraken:XRPUSD,2021-06-25T05:40:00Z,0.66342,0.66342,0.66342,0.66342,141.69481519
Kraken:XRPUSD,2021-06-25T05:43:00Z,0.66622,0.66622,0.66622,0.66622,115.62157
Kraken:XRPUSD,2021-06-25T05:45:00Z,0.667,0.667,0.667,0.667,338.15289876
Kraken:XRPUSD,2021-06-25T05:46:00Z,0.66479,0.66479,0.6644,0.6644,4970.82458771
Kraken:XRPUSD,2021-06-25T05:47:00Z,0.66518,0.6669,0.66518,0.6669,402.89138489
Kraken:XRPUSD,2021-06-25T05:51:00Z,0.667,0.667,0.667,0.667,1E+2
Kraken:XRPUSD,2021-06-25T05:52:00Z,0.66864,0.66867,0.66864,0.66867,658.113782
Kraken:XRPUSD,2021-06-25T05:53:00Z,0.66841,0.66841,0.66841,0.66841,2992.67590016
Kraken:XRPUSD,2021-06-25T05:54:00Z,0.6685,0.6685,0.6685,0.6685,4486.75565984
Kraken:XRPUSD,2021-06-25T05:55:00Z,0.66797,0.66797,0.66797,0.66797,9479
Kraken:XRPUSD,2021-06-25T05:56:00Z,0.66712,0.66712,0.66712,0.66712,36
Kraken:XRPUSD,2021-06-25T05:58:00Z,0.66705,0.66705,0.66705,0.66705,9479
Kraken:XRPUSD,2021-06-25T05:59:00Z,0.66629,0.66629,0.66629,0.66629,1E+2
Kraken:XRPUSD,2021-06-25T06:00:00Z,0.66621,0.66666,0.66569,0.66666,49112.68674
Kraken:XRPUSD,2021-06-25T06:02:00Z,0.6691,0.66948,0.6691,0.66948,60396.58673578
Kraken:XRPUSD,2021-06-25T06:05:00Z,0.66961,0.66961,0.66961,0.66961,78
Kraken:XRPUSD,2021-06-25T06:07:00Z,0.66977,0.66977,0.66977,0.66977,1633.71500662
Kraken:XRPUSD,2021-06-25T06:08:00Z,0.66951,0.66951,0.66951,0.66951,2.6E+2
Kraken:XRPUSD,2021-06-25T06:13:00Z,0.66892,0.66892,0.66892,0.66892,17.45138217
Kraken:XRPUSD,2021-06-25T06:14:00Z,0.66765,0.66765,0.66765,0.66765,608.09395
Kraken:XRPUSD,2021-06-25T06:15:00Z,0.66685,0.66685,0.66641,0.66641,1770.476976
Kraken:XRPUSD,2021-06-25T06:16:00Z,0.66692,0.66692,0.66692,0.66692,10853.22999999
Kraken:XRPUSD,2021-06-25T06:17:00Z,0.66656,0.66656,0.66656,0.66656,931.53684589
Kraken:XRPUSD,2021-06-25T06:18:00Z,0.66826,0.66826,0.66826,0.66826,10.11372818
Kraken:XRPUSD,2021-06-25T06:19:00Z,0.66867,0.66867,0.66867,0.66867,122.94272863
Kraken:XRPUSD,2021-06-25T06:20:00Z,0.66889,0.66889,0.66889,0.66889,669.68872655
Kraken:XRPUSD,2021-06-25T06:21:00Z,0.66799,0.66799,0.66799,0.66799,3545
Kraken:XRPUSD,2021-06-25T06:25:00Z,0.66857,0.66857,0.66857,0.66857,24.199
Kraken:XRPUSD,2021-06-25T06:27:00Z,0.66692,0.66692,0.66666,0.66666,4E+3
Kraken:XRPUSD,2021-06-25T06:28:00Z,0.66609,0.66609,0.66609,0.66609,489.652956
Kraken:XRPUSD,2021-06-25T06:29:00Z,0.66599,0.66599,0.66499,0.665,67112.88464303
Kraken:XRPUSD,2021-06-25T06:30:00Z,0.665,0.66576,0.66432,0.66432,20261.39396277
Kraken:XRPUSD,2021-06-25T06:31:00Z,0.66448,0.66465,0.66418,0.66418,120.1873335
Kraken:XRPUSD,2021-06-25T06:32:00Z,0.66299,0.66299,0.65851,0.65851,16119.28168208
Kraken:XRPUSD,2021-06-25T06:34:00Z,0.6614,0.66206,0.6614,0.66206,132.87270941
Kraken:XRPUSD,2021-06-25T06:35:00Z,0.66137,0.66183,0.66137,0.66183,1813.84
Kraken:XRPUSD,2021-06-25T06:36:00Z,0.662,0.662,0.662,0.662,686
Kraken:XRPUSD,2021-06-25T06:37:00Z,0.662,0.662,0.662,0.662,11234
Kraken:XRPUSD,2021-06-25T06:38:00Z,0.66371,0.66371,0.66371,0.66371,1227.0915
Kraken:XRPUSD,2021-06-25T06:39:00Z,0.66512,0.66512,0.66512,0.66512,296.51237
Kraken:XRPUSD,2021-06-25T06:42:00Z,0.66568,0.66568,0.66568,0.66568,12961.49
Kraken:XRPUSD,2021-06-25T06:45:00Z,0.66794,0.66794,0.66794,0.66794,636.601
Kraken:XRPUSD,2021-06-25T06:47:00Z,0.66786,0.66786,0.66786,0.66786,2201.92851691
Kraken:XRPUSD,2021-06-25T06:53:00Z,0.66829,0.66829,0.66829,0.66829,29.4875
Kraken:XRPUSD,2021-06-25T06:54:00Z,0.66801,0.66801,0.66801,0.66801,515.686216
Kraken:XRPUSD,2021-06-25T06:59:00Z,0.6666,0.6666,0.66511,0.66511,37277.06251104
Kraken:XRPUSD,2021-06-25T07:00:00Z,0.66509,0.66509,0.66421,0.66421,5699.60345627
Kraken:XRPUSD,2021-06-25T07:01:00Z,0.66351,0.66351,0.66258,0.66258,27268.12513335
Kraken:XRPUSD,2021-06-25T07:02:00Z,0.66162,0.66164,0.66142,0.66164,1887.2844914
Kraken:XRPUSD,2021-06-25T07:03:00Z,0.66184,0.66184,0.6613,0.6613,6E+3
Kraken:XRPUSD,2021-06-25T07:05:00Z,0.6595,0.6595,0.6585,0.6585,15660.1662823
Kraken:XRPUSD,2021-06-25T07:06:00Z,0.65882,0.66061,0.65882,0.66061,26575.7834756
Kraken:XRPUSD,2021-06-25T07:07:00Z,0.66256,0.66256,0.66256,0.66256,5E+1
Kraken:XRPUSD,2021-06-25T07:08:00Z,0.66023,0.66023,0.65895,0.65895,5189.32320829
Kraken:XRPUSD,2021-06-25T07:09:00Z,0.65771,0.65771,0.65727,0.65727,14034.00390809
Kraken:XRPUSD,2021-06-25T07:10:00Z,0.65847,0.65872,0.65837,0.65837,24610.86968249
Kraken:XRPUSD,2021-06-25T07:11:00Z,0.65895,0.65895,0.65895,0.65895,3522.68033527
Kraken:XRPUSD,2021-06-25T07:12:00Z,0.65766,0.65766,0.65756,0.65757,6.4E+2
Kraken:XRPUSD,2021-06-25T07:13:00Z,0.65719,0.65719,0.657,0.657,13702.31631661
Kraken:XRPUSD,2021-06-25T07:14:00Z,0.65702,0.65702,0.65702,0.65702,5E+2
Kraken:XRPUSD,2021-06-25T07:15:00Z,0.65665,0.65665,0.65333,0.65334,25967.21513788
Kraken:XRPUSD,2021-06-25T07:16:00Z,0.65235,0.65235,0.65112,0.65113,74260.06138897
Kraken:XRPUSD,2021-06-25T07:17:00Z,0.65112,0.65126,0.64831,0.65126,127321.11708917
Kraken:XRPUSD,2021-06-25T07:18:00Z,0.64978,0.65057,0.64875,0.65021,128211.10489204
Kraken:XRPUSD,2021-06-25T07:19:00Z,0.65028,0.65028,0.64975,0.65026,2063.70931786
Kraken:XRPUSD,2021-06-25T07:20:00Z,0.65178,0.65251,0.65178,0.65251,15244.68636895
Kraken:XRPUSD,2021-06-25T07:21:00Z,0.64928,0.64928,0.64928,0.64928,19.2560185
Kraken:XRPUSD,2021-06-25T07:22:00Z,0.64906,0.64906,0.64598,0.64598,43636.37635815
Kraken:XRPUSD,2021-06-25T07:24:00Z,0.64829,0.64829,0.64829,0.64829,1.5E+3
Kraken:XRPUSD,2021-06-25T07:26:00Z,0.65039,0.65097,0.65038,0.65097,212427.48258346
Kraken:XRPUSD,2021-06-25T07:27:00Z,0.65039,0.65039,0.65039,0.65039,29.90313504
Kraken:XRPUSD,2021-06-25T07:29:00Z,0.64882,0.64882,0.6473,0.6473,16300.105
Kraken:XRPUSD,2021-06-25T07:30:00Z,0.64636,0.64756,0.64636,0.64756,18807.692
Kraken:XRPUSD,2021-06-25T07:31:00Z,0.64677,0.64677,0.64374,0.64482,30793.20325916
Kraken:XRPUSD,2021-06-25T07:32:00Z,0.6464,0.6464,0.6464,0.6464,18797.306
Kraken:XRPUSD,2021-06-25T07:33:00Z,0.64676,0.64741,0.64676,0.64741,1380.39060169
Kraken:XRPUSD,2021-06-25T07:34:00Z,0.64525,0.64525,0.64459,0.64459,9376.86032116
Kraken:XRPUSD,2021-06-25T07:35:00Z,0.64285,0.6446,0.63541,0.64411,1263685.1728942
Kraken:XRPUSD,2021-06-25T07:36:00Z,0.64423,0.64652,0.64423,0.64652,109291.3667262
Kraken:XRPUSD,2021-06-25T07:37:00Z,0.64712,0.64712,0.64712,0.64712,11734
Kraken:XRPUSD,2021-06-25T07:38:00Z,0.64744,0.64745,0.64744,0.64745,51374
Kraken:XRPUSD,2021-06-25T07:39:00Z,0.64782,0.64782,0.64745,0.64754,3204.4271071
Kraken:XRPUSD,2021-06-25T07:40:00Z,0.647,0.647,0.647,0.647,616.2709
Kraken:XRPUSD,2021-06-25T07:41:00Z,0.64799,0.64799,0.64799,0.64799,27.87360049
Kraken:XRPUSD,2021-06-25T07:43:00Z,0.64777,0.64777,0.64732,0.64732,137858.31616963
Kraken:XRPUSD,2021-06-25T07:44:00Z,0.64593,0.64593,0.64423,0.64423,20250.48385
Kraken:XRPUSD,2021-06-25T07:45:00Z,0.64418,0.64598,0.64418,0.64598,7680.2986431
Kraken:XRPUSD,2021-06-25T07:46:00Z,0.6464,0.64693,0.6464,0.64693,607.24593126
Kraken:XRPUSD,2021-06-25T07:48:00Z,0.648,0.65005,0.648,0.65005,14643.56167312
Kraken:XRPUSD,2021-06-25T07:49:00Z,0.64944,0.64944,0.64944,0.64944,9479
Kraken:XRPUSD,2021-06-25T07:50:00Z,0.64958,0.64958,0.64929,0.64929,14631.03
Kraken:XRPUSD,2021-06-25T07:51:00Z,0.64991,0.64991,0.64991,0.64991,11734
Kraken:XRPUSD,2021-06-25T07:52:00Z,0.64996,0.64996,0.64996,0.64996,1384.04266727
Kraken:XRPUSD,2021-06-25T07:53:00Z,0.65037,0.65037,0.65037,0.65037,299
Kraken:XRPUSD,2021-06-25T07:54:00Z,0.6498,0.65007,0.6498,0.65007,325.48566419
Kraken:XRPUSD,2021-06-25T07:56:00Z,0.65107,0.65151,0.65107,0.65151,12484
Kraken:XRPUSD,2021-06-25T07:58:00Z,0.65169,0.65169,0.65169,0.65169,41.99466003
Kraken:XRPUSD,2021-06-25T07:59:00Z,0.65121,0.65121,0.6512,0.6512,279999.9999999999
Kraken:XRPUSD,2021-06-25T08:00:00Z,0.65121,0.65121,0.6512,0.6512,1746.02448859
Kraken:XRPUSD,2021-06-25T08:01:00Z,0.64979,0.64979,0.6486,0.6486,7694.03181599
Kraken:XRPUSD,2021-06-25T08:02:00Z,0.6486,0.6486,0.64697,0.64697,1827.90844667
Kraken:XRPUSD,2021-06-25T08:03:00Z,0.64573,0.64573,0.64445,0.64549,85205.30967984
Kraken:XRPUSD,2021-06-25T08:04:00Z,0.64699,0.64699,0.64699,0.64699,799.52510914
Kraken:XRPUSD,2021-06-25T08:05:00Z,0.6479,0.64869,0.6479,0.64866,16931.14834745
Kraken:XRPUSD,2021-06-25T08:06:00Z,0.64983,0.64985,0.64824,0.64824,1.155E+4
Kraken:XRPUSD,2021-06-25T08:07:00Z,0.64705,0.64705,0.64705,0.64705,1037.2328
Kraken:XRPUSD,2021-06-25T08:08:00Z,0.64692,0.64754,0.64692,0.64754,10071.48873862
Kraken:XRPUSD,2021-06-25T08:09:00Z,0.64772,0.64772,0.64772,0.64772,177.1802
Kraken:XRPUSD,2021-06-25T08:10:00Z,0.64835,0.64835,0.64835,0.64835,2E+3
Kraken:XRPUSD,2021-06-25T08:11:00Z,0.64857,0.64874,0.64736,0.64736,3385.86132853
Kraken:XRPUSD,2021-06-25T08:12:00Z,0.64715,0.64715,0.64715,0.64715,463.58197257
Kraken:XRPUSD,2021-06-25T08:13:00Z,0.64609,0.64609,0.64595,0.64595,13607.4631754
Kraken:XRPUSD,2021-06-25T08:14:00Z,0.64523,0.64523,0.6424,0.64277,251764.78216818
Kraken:XRPUSD,2021-06-25T08:15:00Z,0.64325,0.64454,0.64325,0.6442,57919.1238548
Kraken:XRPUSD,2021-06-25T08:16:00Z,0.6426,0.6426,0.6382,0.63876,156834.99060376
Kraken:XRPUSD,2021-06-25T08:17:00Z,0.63864,0.63864,0.63514,0.63756,53502.59431335
Kraken:XRPUSD,2021-06-25T08:18:00Z,0.63966,0.63966,0.63748,0.63748,24348.83915126
Kraken:XRPUSD,2021-06-25T08:19:00Z,0.63709,0.63711,0.63709,0.63711,319.62237858
Kraken:XRPUSD,2021-06-25T08:20:00Z,0.63987,0.63987,0.63987,0.63987,2204.09037156
Kraken:XRPUSD,2021-06-25T08:22:00Z,0.64135,0.64135,0.64135,0.64135,5E+2
Kraken:XRPUSD,2021-06-25T08:24:00Z,0.63973,0.63973,0.63973,0.63973,3150.4539
Kraken:XRPUSD,2021-06-25T08:26:00Z,0.64277,0.64348,0.64277,0.6434,13867.08124021
Kraken:XRPUSD,2021-06-25T08:27:00Z,0.64352,0.64352,0.64314,0.64314,3614.82706235
Kraken:XRPUSD,2021-06-25T08:28:00Z,0.64239,0.64254,0.64165,0.64254,1371.85437673
Kraken:XRPUSD,2021-06-25T08:30:00Z,0.64239,0.64239,0.64118,0.64118,4820.16143971
Kraken:XRPUSD,2021-06-25T08:31:00Z,0.64417,0.64418,0.64417,0.64418,1321.8209
Kraken:XRPUSD,2021-06-25T08:32:00Z,0.64457,0.64457,0.64354,0.64354,2214.98098046
Kraken:XRPUSD,2021-06-25T08:33:00Z,0.64351,0.64426,0.64351,0.64426,42670.27175444
Kraken:XRPUSD,2021-06-25T08:35:00Z,0.64255,0.64255,0.64255,0.64255,4049.36142444
Kraken:XRPUSD,2021-06-25T08:37:00Z,0.64342,0.64342,0.64342,0.64342,554.846509
Kraken:XRPUSD,2021-06-25T08:38:00Z,0.64245,0.64245,0.64216,0.64216,19991.31199999
Kraken:XRPUSD,2021-06-25T08:39:00Z,0.64297,0.64297,0.64273,0.64273,15500.84869998
Kraken:XRPUSD,2021-06-25T08:40:00Z,0.64167,0.64186,0.64167,0.64186,204.99161
Kraken:XRPUSD,2021-06-25T08:41:00Z,0.64358,0.64358,0.64358,0.64358,30.1731
Kraken:XRPUSD,2021-06-25T08:43:00Z,0.64333,0.64333,0.64333,0.64333,5E+1
Kraken:XRPUSD,2021-06-25T08:46:00Z,0.64084,0.64084,0.63987,0.63987,22572.171
Kraken:XRPUSD,2021-06-25T08:48:00Z,0.6396,0.6396,0.6396,0.6396,2644.54158
Kraken:XRPUSD,2021-06-25T08:49:00Z,0.63943,0.63944,0.63943,0.63944,1.5E+3
Kraken:XRPUSD,2021-06-25T08:50:00Z,0.6395,0.6395,0.6395,0.6395,2241.80646521
Kraken:XRPUSD,2021-06-25T08:52:00Z,0.63936,0.63936,0.63936,0.63936,430.55326
Kraken:XRPUSD,2021-06-25T08:53:00Z,0.64012,0.64408,0.64012,0.64408,13204.58407674
Kraken:XRPUSD,2021-06-25T08:54:00Z,0.64569,0.64613,0.64569,0.64613,17378.093941
Kraken:XRPUSD,2021-06-25T08:55:00Z,0.64644,0.64661,0.64644,0.64661,1615.84345901
Kraken:XRPUSD,2021-06-25T08:56:00Z,0.64671,0.64671,0.64671,0.64671,1E+3
Kraken:XRPUSD,2021-06-25T08:57:00Z,0.64533,0.64556,0.64533,0.64556,35058.112395
Kraken:XRPUSD,2021-06-25T09:00:00Z,0.64582,0.64582,0.64543,0.64543,309.55313
Kraken:XRPUSD,2021-06-25T09:01:00Z,0.64577,0.64577,0.64577,0.64577,22.8802
Kraken:XRPUSD,2021-06-25T09:03:00Z,0.64457,0.64503,0.64457,0.64503,164.045643
Kraken:XRPUSD,2021-06-25T09:04:00Z,0.64671,0.64754,0.64671,0.64754,327.31792307
Kraken:XRPUSD,2021-06-25T09:06:00Z,0.64698,0.64698,0.64698,0.64698,9.41006
Kraken:XRPUSD,2021-06-25T09:07:00Z,0.64661,0.64662,0.64661,0.64662,646.01833956
Kraken:XRPUSD,2021-06-25T09:09:00Z,0.64642,0.64642,0.64642,0.64642,543.22406485
Kraken:XRPUSD,2021-06-25T09:10:00Z,0.64538,0.64538,0.64538,0.64538,208.806
Kraken:XRPUSD,2021-06-25T09:11:00Z,0.64631,0.64631,0.64631,0.64631,20.31573472
Kraken:XRPUSD,2021-06-25T09:14:00Z,0.64812,0.64812,0.64812,0.64812,15.74230546
Kraken:XRPUSD,2021-06-25T09:15:00Z,0.64862,0.64887,0.64862,0.64887,92814.30710669
Kraken:XRPUSD,2021-06-25T09:16:00Z,0.64813,0.64813,0.64795,0.64795,1.65E+4
Kraken:XRPUSD,2021-06-25T09:17:00Z,0.64752,0.64752,0.64752,0.64752,5E+3
Kraken:XRPUSD,2021-06-25T09:19:00Z,0.6477,0.6477,0.6477,0.6477,499.676
Kraken:XRPUSD,2021-06-25T09:20:00Z,0.64714,0.64714,0.64712,0.64712,4E+3
Kraken:XRPUSD,2021-06-25T09:21:00Z,0.6469,0.6469,0.6469,0.6469,9479
Kraken:XRPUSD,2021-06-25T09:23:00Z,0.64642,0.6465,0.64642,0.6465,1002.199
Kraken:XRPUSD,2021-06-25T09:25:00Z,0.64627,0.64627,0.64627,0.64627,1765.17214167
Kraken:XRPUSD,2021-06-25T09:26:00Z,0.64511,0.64511,0.64511,0.64511,214.749
Kraken:XRPUSD,2021-06-25T09:27:00Z,0.64539,0.64539,0.64539,0.64539,181.511
Kraken:XRPUSD,2021-06-25T09:28:00Z,0.64484,0.64484,0.64484,0.64484,5E+2
Kraken:XRPUSD,2021-06-25T09:29:00Z,0.64503,0.64503,0.64503,0.64503,5E+2
Kraken:XRPUSD,2021-06-25T09:30:00Z,0.64416,0.64416,0.64179,0.64195,27151.01564161
Kraken:XRPUSD,2021-06-25T09:32:00Z,0.64119,0.64127,0.64058,0.64058,287512.01517169
Kraken:XRPUSD,2021-06-25T09:33:00Z,0.64086,0.64086,0.64001,0.64029,17937.97496179
Kraken:XRPUSD,2021-06-25T09:34:00Z,0.64001,0.64001,0.63955,0.63955,10403.5
Kraken:XRPUSD,2021-06-25T09:37:00Z,0.63835,0.63835,0.63702,0.6371,21855.98086854
Kraken:XRPUSD,2021-06-25T09:38:00Z,0.63808,0.63808,0.63808,0.63808,24.64157777
Kraken:XRPUSD,2021-06-25T09:39:00Z,0.63784,0.63784,0.63759,0.63759,6E+3
Kraken:XRPUSD,2021-06-25T09:40:00Z,0.63716,0.63716,0.63716,0.63716,18724.8476591
Kraken:XRPUSD,2021-06-25T09:41:00Z,0.63716,0.63805,0.63702,0.63776,5008.00847886
Kraken:XRPUSD,2021-06-25T09:44:00Z,0.63565,0.63607,0.63323,0.63323,36340.47666042
Kraken:XRPUSD,2021-06-25T09:45:00Z,0.63488,0.63489,0.63087,0.63087,39430.95611942
Kraken:XRPUSD,2021-06-25T09:46:00Z,0.63049,0.63277,0.63,0.63082,252279.1696163801
Kraken:XRPUSD,2021-06-25T09:47:00Z,0.63203,0.63203,0.63102,0.63102,16402.634
Kraken:XRPUSD,2021-06-25T09:48:00Z,0.63,0.63,0.62924,0.62924,20517.64073969
Kraken:XRPUSD,2021-06-25T09:49:00Z,0.62967,0.63069,0.62967,0.63069,13668.13899999
Kraken:XRPUSD,2021-06-25T09:50:00Z,0.63073,0.63202,0.63073,0.63202,4E+3
Kraken:XRPUSD,2021-06-25T09:51:00Z,0.63255,0.6328,0.63149,0.63149,50017.30922104
Kraken:XRPUSD,2021-06-25T09:53:00Z,0.6305,0.6305,0.62999,0.62999,215941.52680552
Kraken:XRPUSD,2021-06-25T09:56:00Z,0.6315,0.63151,0.63138,0.63138,31268.478
Kraken:XRPUSD,2021-06-25T09:58:00Z,0.62993,0.62993,0.62993,0.62993,9547.30314024
Kraken:XRPUSD,2021-06-25T10:00:00Z,0.62961,0.6301,0.62775,0.6301,41778.12037687
Kraken:XRPUSD,2021-06-25T10:01:00Z,0.63447,0.63447,0.63424,0.63424,39438.39722353
Kraken:XRPUSD,2021-06-25T10:02:00Z,0.63548,0.63548,0.63546,0.63546,21574.32799999
Kraken:XRPUSD,2021-06-25T10:03:00Z,0.63448,0.6345,0.63448,0.6345,1.145E+4
Kraken:XRPUSD,2021-06-25T10:04:00Z,0.63466,0.63466,0.63466,0.63466,29.97935903
Kraken:XRPUSD,2021-06-25T10:05:00Z,0.63422,0.63422,0.63422,0.63422,17.41223957
Kraken:XRPUSD,2021-06-25T10:06:00Z,0.63449,0.63449,0.63449,0.63449,1.25E+4
Kraken:XRPUSD,2021-06-25T10:08:00Z,0.63387,0.63387,0.63387,0.63387,339.08193
Kraken:XRPUSD,2021-06-25T10:09:00Z,0.63134,0.63134,0.63134,0.63134,1121.02764
Kraken:XRPUSD,2021-06-25T10:10:00Z,0.63144,0.63144,0.6312,0.6312,3726.66847
Kraken:XRPUSD,2021-06-25T10:11:00Z,0.63189,0.63345,0.63189,0.63324,1076.939
Kraken:XRPUSD,2021-06-25T10:13:00Z,0.63585,0.63623,0.63585,0.63623,105481.42128945
Kraken:XRPUSD,2021-06-25T10:14:00Z,0.63627,0.63627,0.6359,0.6359,1691.50808017
Kraken:XRPUSD,2021-06-25T10:15:00Z,0.63641,0.63713,0.63641,0.63713,3.399E+4
Kraken:XRPUSD,2021-06-25T10:19:00Z,0.63427,0.63427,0.63401,0.63401,28254.4018015
Kraken:XRPUSD,2021-06-25T10:20:00Z,0.63343,0.63343,0.63188,0.63188,16688.41206348
Kraken:XRPUSD,2021-06-25T10:22:00Z,0.63274,0.633,0.63274,0.633,8043.41494308
Kraken:XRPUSD,2021-06-25T10:24:00Z,0.63294,0.63294,0.63294,0.63294,12461.677
Kraken:XRPUSD,2021-06-25T10:25:00Z,0.63194,0.63202,0.63148,0.63148,4615.13885836
Kraken:XRPUSD,2021-06-25T10:26:00Z,0.6316,0.6316,0.63156,0.63156,4460.19822062
Kraken:XRPUSD,2021-06-25T10:27:00Z,0.63084,0.63084,0.62799,0.62799,3007.68777874
Kraken:XRPUSD,2021-06-25T10:28:00Z,0.6286,0.62964,0.6286,0.62964,215941.52680552
Kraken:XRPUSD,2021-06-25T10:29:00Z,0.62835,0.62835,0.62611,0.62626,42275.98936075
Kraken:XRPUSD,2021-06-25T10:30:00Z,0.62693,0.62768,0.62693,0.62768,9593.20357531
Kraken:XRPUSD,2021-06-25T10:31:00Z,0.62957,0.62957,0.62758,0.6278,11436.71877458
Kraken:XRPUSD,2021-06-25T10:32:00Z,0.6279,0.62817,0.6279,0.62817,19228.13206485
Kraken:XRPUSD,2021-06-25T10:34:00Z,0.63041,0.63041,0.63041,0.63041,24.56174761
Kraken:XRPUSD,2021-06-25T10:35:00Z,0.63032,0.63032,0.63032,0.63032,7586.31935816
Kraken:XRPUSD,2021-06-25T10:36:00Z,0.63018,0.63018,0.63003,0.63003,11422.39740466
Kraken:XRPUSD,2021-06-25T10:37:00Z,0.62926,0.63,0.62926,0.63,18299.89
Kraken:XRPUSD,2021-06-25T10:39:00Z,0.63009,0.63009,0.63009,0.63009,12172.117
Kraken:XRPUSD,2021-06-25T10:40:00Z,0.62879,0.62879,0.62879,0.62879,9479
Kraken:XRPUSD,2021-06-25T10:41:00Z,0.62598,0.62598,0.62377,0.62377,35835.78069965
Kraken:XRPUSD,2021-06-25T10:42:00Z,0.62313,0.62502,0.62313,0.62495,127663.52774
Kraken:XRPUSD,2021-06-25T10:43:00Z,0.62416,0.62452,0.62416,0.62452,3073.70582965
Kraken:XRPUSD,2021-06-25T10:44:00Z,0.62387,0.62561,0.62281,0.62561,48222.59867801
Kraken:XRPUSD,2021-06-25T10:45:00Z,0.62747,0.62871,0.62747,0.62871,9536.80543634
Kraken:XRPUSD,2021-06-25T10:46:00Z,0.6277,0.62873,0.6277,0.62873,1.18E+4
Kraken:XRPUSD,2021-06-25T10:47:00Z,0.62954,0.62954,0.62954,0.62954,18
Kraken:XRPUSD,2021-06-25T10:48:00Z,0.6296,0.6296,0.6296,0.6296,3E+2
Kraken:XRPUSD,2021-06-25T10:51:00Z,0.62762,0.62824,0.62762,0.62762,111251.61694437
Kraken:XRPUSD,2021-06-25T10:52:00Z,0.6277,0.62949,0.6277,0.62949,17452.26260332
Kraken:XRPUSD,2021-06-25T10:53:00Z,0.62906,0.62906,0.62822,0.62822,1009.13548098
Kraken:XRPUSD,2021-06-25T10:57:00Z,0.63122,0.63122,0.63122,0.63122,1948.96
Kraken:XRPUSD,2021-06-25T10:58:00Z,0.63348,0.63348,0.63348,0.63348,70.02175
Kraken:XRPUSD,2021-06-25T10:59:00Z,0.63284,0.63284,0.63284,0.63284,15.9298452
Kraken:XRPUSD,2021-06-25T11:00:00Z,0.63289,0.63289,0.63033,0.63135,14507.59285707
Kraken:XRPUSD,2021-06-25T11:01:00Z,0.6314,0.63236,0.6314,0.63236,107094.16212544
Kraken:XRPUSD,2021-06-25T11:02:00Z,0.6331,0.63325,0.632,0.6327,7.94E+3
Kraken:XRPUSD,2021-06-25T11:03:00Z,0.63331,0.63331,0.63331,0.63331,14287.556
Kraken:XRPUSD,2021-06-25T11:04:00Z,0.6336,0.6336,0.6336,0.6336,125
Kraken:XRPUSD,2021-06-25T11:06:00Z,0.63577,0.63683,0.63577,0.63683,1024.15199801
Kraken:XRPUSD,2021-06-25T11:07:00Z,0.63689,0.63689,0.63689,0.63689,2.7E+3
Kraken:XRPUSD,2021-06-25T11:11:00Z,0.63564,0.63564,0.63495,0.63495,443.85056312
Kraken:XRPUSD,2021-06-25T11:12:00Z,0.63406,0.63406,0.63367,0.63367,7E+2
Kraken:XRPUSD,2021-06-25T11:13:00Z,0.63433,0.63433,0.63284,0.63284,2593.533
Kraken:XRPUSD,2021-06-25T11:14:00Z,0.63235,0.63235,0.63083,0.63083,13799.94331905
Kraken:XRPUSD,2021-06-25T11:15:00Z,0.63161,0.63203,0.63161,0.63203,21161.68081545
Kraken:XRPUSD,2021-06-25T11:16:00Z,0.63344,0.63344,0.63275,0.63275,16047.654
Kraken:XRPUSD,2021-06-25T11:17:00Z,0.63181,0.63662,0.63181,0.63654,201501.03779501
Kraken:XRPUSD,2021-06-25T11:18:00Z,0.63621,0.63693,0.63477,0.63477,3498.7973305
Kraken:XRPUSD,2021-06-25T11:19:00Z,0.63495,0.63495,0.63454,0.63454,7422.96454449
Kraken:XRPUSD,2021-06-25T11:21:00Z,0.63331,0.63331,0.63267,0.63267,13703.43753279
Kraken:XRPUSD,2021-06-25T11:22:00Z,0.63268,0.63503,0.63268,0.63502,27700.61776506
Kraken:XRPUSD,2021-06-25T11:23:00Z,0.63487,0.63538,0.63487,0.63538,26046.13434
Kraken:XRPUSD,2021-06-25T11:24:00Z,0.63879,0.64096,0.63879,0.64046,426.39560455
Kraken:XRPUSD,2021-06-25T11:25:00Z,0.63966,0.63966,0.63856,0.63856,410.27563338
Kraken:XRPUSD,2021-06-25T11:27:00Z,0.63737,0.63737,0.63709,0.63709,36749.0904
Kraken:XRPUSD,2021-06-25T11:28:00Z,0.63779,0.63779,0.63779,0.63779,5E+2
Kraken:XRPUSD,2021-06-25T11:29:00Z,0.63697,0.63697,0.63669,0.63669,1358.52533602
Kraken:XRPUSD,2021-06-25T11:30:00Z,0.6375,0.63853,0.6375,0.63853,1117.33024978
Kraken:XRPUSD,2021-06-25T11:31:00Z,0.63965,0.63973,0.63951,0.63973,1249.56206162
Kraken:XRPUSD,2021-06-25T11:32:00Z,0.6401,0.6401,0.6401,0.6401,43.86565379
Kraken:XRPUSD,2021-06-25T11:34:00Z,0.64133,0.64133,0.64133,0.64133,213.53219091
Kraken:XRPUSD,2021-06-25T11:35:00Z,0.6424,0.64407,0.6424,0.64407,80884.93199234
Kraken:XRPUSD,2021-06-25T11:36:00Z,0.6442,0.64472,0.64381,0.64381,9456.23003809
Kraken:XRPUSD,2021-06-25T11:37:00Z,0.64425,0.64425,0.64425,0.64425,397.81665827
Kraken:XRPUSD,2021-06-25T11:38:00Z,0.64527,0.64563,0.64527,0.64563,51.11701342
Kraken:XRPUSD,2021-06-25T11:39:00Z,0.64495,0.64495,0.64419,0.64419,15093.97857233
Kraken:XRPUSD,2021-06-25T11:41:00Z,0.64257,0.64257,0.64229,0.64229,15518.67207783
Kraken:XRPUSD,2021-06-25T11:42:00Z,0.6426,0.6426,0.64241,0.64241,13086.15312452
Kraken:XRPUSD,2021-06-25T11:43:00Z,0.64317,0.64317,0.64317,0.64317,7766.3182699
Kraken:XRPUSD,2021-06-25T11:44:00Z,0.64527,0.64874,0.64527,0.64874,66289.8249872
Kraken:XRPUSD,2021-06-25T11:45:00Z,0.64771,0.64771,0.64771,0.64771,19074.384
Kraken:XRPUSD,2021-06-25T11:46:00Z,0.64701,0.64701,0.64643,0.6465,31137.10243
Kraken:XRPUSD,2021-06-25T11:47:00Z,0.64662,0.64662,0.64579,0.64579,593.4546447
Kraken:XRPUSD,2021-06-25T11:48:00Z,0.64432,0.64432,0.6431,0.64337,4761.22763246
Kraken:XRPUSD,2021-06-25T11:49:00Z,0.64274,0.64274,0.64175,0.64175,16278.03122883
Kraken:XRPUSD,2021-06-25T11:50:00Z,0.6419,0.64521,0.6419,0.64289,640.19906982
Kraken:XRPUSD,2021-06-25T11:51:00Z,0.64453,0.64453,0.64188,0.6422,1952.79999999
Kraken:XRPUSD,2021-06-25T11:52:00Z,0.642,0.64215,0.64187,0.64215,153
Kraken:XRPUSD,2021-06-25T11:53:00Z,0.64126,0.64179,0.64126,0.64147,5402
Kraken:XRPUSD,2021-06-25T11:54:00Z,0.642,0.642,0.64104,0.64104,50352
Kraken:XRPUSD,2021-06-25T11:55:00Z,0.64093,0.64093,0.63946,0.63946,21750.63264058
Kraken:XRPUSD,2021-06-25T11:56:00Z,0.63926,0.6394,0.63902,0.6394,3660.234
Kraken:XRPUSD,2021-06-25T11:57:00Z,0.63906,0.6396,0.63891,0.6396,1551
Kraken:XRPUSD,2021-06-25T11:58:00Z,0.63962,0.64272,0.63962,0.64272,13003.33814171
Kraken:XRPUSD,2021-06-25T11:59:00Z,0.64222,0.64222,0.63389,0.63398,102467.98306074
Kraken:XRPUSD,2021-06-25T12:00:00Z,0.63363,0.63816,0.62812,0.63816,76385.1196738
Kraken:XRPUSD,2021-06-25T12:01:00Z,0.6385,0.64019,0.6385,0.63938,54284.75748472
Kraken:XRPUSD,2021-06-25T12:02:00Z,0.6388,0.6388,0.63499,0.63499,273.92337582
Kraken:XRPUSD,2021-06-25T12:03:00Z,0.63434,0.63434,0.63328,0.63328,36108.96163084
Kraken:XRPUSD,2021-06-25T12:04:00Z,0.63321,0.63321,0.63321,0.63321,19
Kraken:XRPUSD,2021-06-25T12:05:00Z,0.63391,0.63391,0.63289,0.63314,247.07705649
Kraken:XRPUSD,2021-06-25T12:06:00Z,0.63379,0.63596,0.63379,0.63596,15923.28170231
Kraken:XRPUSD,2021-06-25T12:07:00Z,0.63822,0.63834,0.63822,0.63834,1.175E+4
Kraken:XRPUSD,2021-06-25T12:08:00Z,0.63769,0.63769,0.63769,0.63769,13083.6390416
Kraken:XRPUSD,2021-06-25T12:10:00Z,0.63923,0.63923,0.63923,0.63923,17083.03959451
Kraken:XRPUSD,2021-06-25T12:13:00Z,0.63967,0.63967,0.63902,0.63926,69847.4096344
Kraken:XRPUSD,2021-06-25T12:14:00Z,0.64076,0.64076,0.64076,0.64076,143.7462952
Kraken:XRPUSD,2021-06-25T12:15:00Z,0.63955,0.63955,0.63825,0.63825,216.34250371
Kraken:XRPUSD,2021-06-25T12:16:00Z,0.63788,0.63856,0.63788,0.63856,26507.35744022
Kraken:XRPUSD,2021-06-25T12:17:00Z,0.64076,0.64193,0.64076,0.64193,5538.75714226
Kraken:XRPUSD,2021-06-25T12:18:00Z,0.64203,0.64221,0.64203,0.64221,1880.476373
Kraken:XRPUSD,2021-06-25T12:19:00Z,0.64198,0.6424,0.64198,0.6424,16201.82924638
Kraken:XRPUSD,2021-06-25T12:20:00Z,0.64358,0.64358,0.64358,0.64358,59.175
Kraken:XRPUSD,2021-06-25T12:21:00Z,0.64219,0.64219,0.64163,0.64186,20017.76395492
Kraken:XRPUSD,2021-06-25T12:22:00Z,0.64107,0.64107,0.64042,0.64042,18830.71753698
Kraken:XRPUSD,2021-06-25T12:24:00Z,0.6429,0.6429,0.6429,0.6429,93.458
Kraken:XRPUSD,2021-06-25T12:25:00Z,0.64156,0.64156,0.64156,0.64156,25.06664559
Kraken:XRPUSD,2021-06-25T12:27:00Z,0.64035,0.64062,0.64035,0.64062,792.08467874
Kraken:XRPUSD,2021-06-25T12:28:00Z,0.63999,0.63999,0.63999,0.63999,295.8149346
Kraken:XRPUSD,2021-06-25T12:30:00Z,0.64053,0.64053,0.63829,0.63829,2328.39481469
Kraken:XRPUSD,2021-06-25T12:31:00Z,0.63785,0.63839,0.637,0.637,1377.48410264
Kraken:XRPUSD,2021-06-25T12:32:00Z,0.637,0.637,0.63659,0.63659,11129.07780102
Kraken:XRPUSD,2021-06-25T12:35:00Z,0.63643,0.63643,0.63532,0.63537,25569
Kraken:XRPUSD,2021-06-25T12:37:00Z,0.63439,0.63439,0.63438,0.63438,3302
Kraken:XRPUSD,2021-06-25T12:38:00Z,0.63425,0.63425,0.63154,0.63154,73681.60632612
Kraken:XRPUSD,2021-06-25T12:39:00Z,0.63168,0.63222,0.63139,0.63139,4527.48088732
Kraken:XRPUSD,2021-06-25T12:40:00Z,0.63172,0.63292,0.63172,0.63256,2070.83134784
Kraken:XRPUSD,2021-06-25T12:42:00Z,0.63164,0.63164,0.63075,0.63075,133.13453053
Kraken:XRPUSD,2021-06-25T12:44:00Z,0.63269,0.6338,0.63269,0.6338,20210.52446789
Kraken:XRPUSD,2021-06-25T12:45:00Z,0.6338,0.6338,0.6338,0.6338,29.08628592
Kraken:XRPUSD,2021-06-25T12:46:00Z,0.63028,0.631,0.63,0.631,41408.88463086
Kraken:XRPUSD,2021-06-25T12:47:00Z,0.63134,0.63186,0.63071,0.63071,37336.783
Kraken:XRPUSD,2021-06-25T12:48:00Z,0.62983,0.62983,0.6288,0.6288,22448.42943117
Kraken:XRPUSD,2021-06-25T12:49:00Z,0.63007,0.63007,0.62991,0.62991,161.14721874
Kraken:XRPUSD,2021-06-25T12:50:00Z,0.62999,0.62999,0.62999,0.62999,3172.82885456
Kraken:XRPUSD,2021-06-25T12:51:00Z,0.62875,0.62875,0.62875,0.62875,143.7462952
Kraken:XRPUSD,2021-06-25T12:52:00Z,0.63,0.63,0.63,0.63,1066.81704485
Kraken:XRPUSD,2021-06-25T12:53:00Z,0.63161,0.63161,0.63161,0.63161,285.717
Kraken:XRPUSD,2021-06-25T12:54:00Z,0.63158,0.63319,0.63158,0.63319,4953.41772151
Kraken:XRPUSD,2021-06-25T12:56:00Z,0.63052,0.63052,0.63052,0.63052,3.2E+2
Kraken:XRPUSD,2021-06-25T12:58:00Z,0.63476,0.63622,0.63476,0.63622,642.09022355
Kraken:XRPUSD,2021-06-25T12:59:00Z,0.6358,0.6358,0.6358,0.6358,16765.458
Kraken:XRPUSD,2021-06-25T13:00:00Z,0.63491,0.63494,0.63491,0.63494,10984.34336473
Kraken:XRPUSD,2021-06-25T13:01:00Z,0.63289,0.63339,0.6325,0.6325,2063.97777
Kraken:XRPUSD,2021-06-25T13:02:00Z,0.63228,0.63228,0.63228,0.63228,1625.90339723
Kraken:XRPUSD,2021-06-25T13:04:00Z,0.63388,0.63427,0.63388,0.63427,1182.952671
Kraken:XRPUSD,2021-06-25T13:05:00Z,0.63506,0.63535,0.63506,0.63535,7487.918
Kraken:XRPUSD,2021-06-25T13:06:00Z,0.63566,0.63566,0.63566,0.63566,173.079
Kraken:XRPUSD,2021-06-25T13:11:00Z,0.63602,0.63602,0.63602,0.63602,1E+2
Kraken:XRPUSD,2021-06-25T13:13:00Z,0.6335,0.6335,0.63199,0.63303,20183.635
Kraken:XRPUSD,2021-06-25T13:14:00Z,0.63181,0.63181,0.63021,0.63021,33270.2425
Kraken:XRPUSD,2021-06-25T13:15:00Z,0.63078,0.63078,0.62571,0.62822,71026.72908405
Kraken:XRPUSD,2021-06-25T13:16:00Z,0.62814,0.62814,0.62814,0.62814,62.996
Kraken:XRPUSD,2021-06-25T13:17:00Z,0.62837,0.63067,0.62837,0.62968,27274.86928364
Kraken:XRPUSD,2021-06-25T13:18:00Z,0.63119,0.63263,0.63119,0.63263,33051.705
Kraken:XRPUSD,2021-06-25T13:19:00Z,0.63303,0.63303,0.6328,0.6328,6791.2523144
Kraken:XRPUSD,2021-06-25T13:20:00Z,0.63186,0.63428,0.63186,0.63428,29508.117
Kraken:XRPUSD,2021-06-25T13:21:00Z,0.63483,0.63513,0.63454,0.63513,80379.99999999
Kraken:XRPUSD,2021-06-25T13:22:00Z,0.63501,0.63501,0.63501,0.63501,5782.73353747
Kraken:XRPUSD,2021-06-25T13:23:00Z,0.63323,0.63323,0.63323,0.63323,1E+3
Kraken:XRPUSD,2021-06-25T13:24:00Z,0.63355,0.63355,0.63277,0.63277,8006.16431221
Kraken:XRPUSD,2021-06-25T13:26:00Z,0.63465,0.63465,0.63465,0.63465,17975.223
Kraken:XRPUSD,2021-06-25T13:27:00Z,0.6329,0.6335,0.6329,0.6335,19765.02674122
Kraken:XRPUSD,2021-06-25T13:29:00Z,0.63351,0.63351,0.63351,0.63351,1E+3
Kraken:XRPUSD,2021-06-25T13:30:00Z,0.63236,0.63482,0.63189,0.63482,233366.67269216
Kraken:XRPUSD,2021-06-25T13:35:00Z,0.6367,0.6367,0.6367,0.6367,947.53640534
Kraken:XRPUSD,2021-06-25T13:36:00Z,0.63535,0.63535,0.63508,0.63508,1.3E+4
Kraken:XRPUSD,2021-06-25T13:38:00Z,0.63243,0.63243,0.63243,0.63243,135.81677703
Kraken:XRPUSD,2021-06-25T13:39:00Z,0.63234,0.63234,0.63234,0.63234,198.129367
Kraken:XRPUSD,2021-06-25T13:40:00Z,0.63228,0.63273,0.63228,0.63273,10300.28862042
Kraken:XRPUSD,2021-06-25T13:41:00Z,0.63476,0.63567,0.63391,0.63567,1716.98805886
Kraken:XRPUSD,2021-06-25T13:42:00Z,0.63709,0.63709,0.63709,0.63709,142.22158245
Kraken:XRPUSD,2021-06-25T13:43:00Z,0.63628,0.63645,0.63628,0.63645,1E+4
Kraken:XRPUSD,2021-06-25T13:44:00Z,0.63698,0.63698,0.63655,0.63655,21740.796
Kraken:XRPUSD,2021-06-25T13:45:00Z,0.63452,0.63452,0.63452,0.63452,1614
Kraken:XRPUSD,2021-06-25T13:46:00Z,0.63522,0.63993,0.63522,0.63993,2499.14383821
Kraken:XRPUSD,2021-06-25T13:47:00Z,0.63956,0.63993,0.63956,0.63993,3008.54671247
Kraken:XRPUSD,2021-06-25T13:49:00Z,0.64124,0.64124,0.64124,0.64124,3E+2
Kraken:XRPUSD,2021-06-25T13:50:00Z,0.64205,0.64205,0.64146,0.64146,10076.50511801
Kraken:XRPUSD,2021-06-25T13:52:00Z,0.64041,0.64064,0.64041,0.64064,18734.344
Kraken:XRPUSD,2021-06-25T13:53:00Z,0.6404,0.6404,0.6404,0.6404,1304.8328797
Kraken:XRPUSD,2021-06-25T13:56:00Z,0.63887,0.63887,0.63767,0.63768,553.43270069
Kraken:XRPUSD,2021-06-25T13:57:00Z,0.63791,0.63791,0.63791,0.63791,8552.15136831
Kraken:XRPUSD,2021-06-25T13:58:00Z,0.63849,0.63849,0.63849,0.63849,5E+2
Kraken:XRPUSD,2021-06-25T13:59:00Z,0.63851,0.63951,0.63851,0.63951,12726.58027446
Kraken:XRPUSD,2021-06-25T14:00:00Z,0.6395,0.64169,0.63933,0.64169,22277.33114647
Kraken:XRPUSD,2021-06-25T14:02:00Z,0.64109,0.64322,0.64109,0.64322,1132.59000245
Kraken:XRPUSD,2021-06-25T14:03:00Z,0.64397,0.6461,0.64397,0.64601,22092.63145258
Kraken:XRPUSD,2021-06-25T14:04:00Z,0.64609,0.64609,0.64609,0.64609,389.671029
Kraken:XRPUSD,2021-06-25T14:05:00Z,0.6456,0.6456,0.64493,0.645,7504.86887081
Kraken:XRPUSD,2021-06-25T14:06:00Z,0.6447,0.6447,0.6447,0.6447,2318.431
Kraken:XRPUSD,2021-06-25T14:09:00Z,0.64615,0.64764,0.64615,0.64764,25883.85091221
Kraken:XRPUSD,2021-06-25T14:10:00Z,0.64764,0.6488,0.64764,0.6488,292.31166606
Kraken:XRPUSD,2021-06-25T14:11:00Z,0.64717,0.64717,0.64713,0.64713,5.7E+3
Kraken:XRPUSD,2021-06-25T14:13:00Z,0.64789,0.64834,0.64789,0.64834,26085.38544304
Kraken:XRPUSD,2021-06-25T14:14:00Z,0.6489,0.65004,0.6489,0.65004,11972.13961282
Kraken:XRPUSD,2021-06-25T14:15:00Z,0.64989,0.64989,0.64989,0.64989,3E+1
Kraken:XRPUSD,2021-06-25T14:17:00Z,0.64796,0.64796,0.64764,0.64764,1494.51416641
Kraken:XRPUSD,2021-06-25T14:18:00Z,0.64743,0.64743,0.64743,0.64743,9802.14252192
Kraken:XRPUSD,2021-06-25T14:19:00Z,0.64625,0.64653,0.64623,0.64639,47690.499
Kraken:XRPUSD,2021-06-25T14:20:00Z,0.64604,0.6476,0.64604,0.6476,2631.064
Kraken:XRPUSD,2021-06-25T14:22:00Z,0.64648,0.64648,0.64648,0.64648,1E+3
Kraken:XRPUSD,2021-06-25T14:23:00Z,0.64636,0.64637,0.64589,0.64589,4696.46282151
Kraken:XRPUSD,2021-06-25T14:25:00Z,0.64572,0.64572,0.64572,0.64572,3000.1079
Kraken:XRPUSD,2021-06-25T14:26:00Z,0.64471,0.64471,0.64424,0.64424,6280.55235
Kraken:XRPUSD,2021-06-25T14:27:00Z,0.64467,0.645,0.64467,0.645,47351.66222634
Kraken:XRPUSD,2021-06-25T14:29:00Z,0.645,0.64656,0.645,0.64656,18043.84786561
Kraken:XRPUSD,2021-06-25T14:30:00Z,0.64656,0.64656,0.64522,0.64522,476.59484626
Kraken:XRPUSD,2021-06-25T14:31:00Z,0.64435,0.64435,0.64435,0.64435,11555.257
Kraken:XRPUSD,2021-06-25T14:32:00Z,0.6435,0.6435,0.6428,0.64292,3850.93724631
Kraken:XRPUSD,2021-06-25T14:33:00Z,0.64271,0.64462,0.64271,0.64462,16666.370692
Kraken:XRPUSD,2021-06-25T14:34:00Z,0.64428,0.64603,0.64428,0.64603,22961.80533989
Kraken:XRPUSD,2021-06-25T14:35:00Z,0.64603,0.64644,0.64554,0.64554,21791.11111748
Kraken:XRPUSD,2021-06-25T14:37:00Z,0.64318,0.64318,0.64261,0.64267,6043.6851057
Kraken:XRPUSD,2021-06-25T14:38:00Z,0.64154,0.64177,0.64154,0.64173,3731.8916504
Kraken:XRPUSD,2021-06-25T14:39:00Z,0.64149,0.64149,0.64044,0.64044,3047.20361371
Kraken:XRPUSD,2021-06-25T14:40:00Z,0.64087,0.64087,0.63808,0.63878,33069.0396845
Kraken:XRPUSD,2021-06-25T14:41:00Z,0.6386,0.6386,0.63844,0.63844,3999.99999999
Kraken:XRPUSD,2021-06-25T14:43:00Z,0.63773,0.63773,0.63687,0.63687,57.81076567
Kraken:XRPUSD,2021-06-25T14:44:00Z,0.63766,0.63798,0.63688,0.63688,33532.23635362
Kraken:XRPUSD,2021-06-25T14:45:00Z,0.63647,0.63647,0.63459,0.63576,13982.81234068
Kraken:XRPUSD,2021-06-25T14:48:00Z,0.63977,0.64142,0.63974,0.64142,7725.1420963
Kraken:XRPUSD,2021-06-25T14:49:00Z,0.64017,0.64045,0.63991,0.64045,223.5816
Kraken:XRPUSD,2021-06-25T14:50:00Z,0.64092,0.64215,0.64092,0.64215,3007.90214
Kraken:XRPUSD,2021-06-25T14:51:00Z,0.64038,0.64038,0.64038,0.64038,211.80506768
Kraken:XRPUSD,2021-06-25T14:52:00Z,0.6397,0.6397,0.63823,0.63823,3951
Kraken:XRPUSD,2021-06-25T14:54:00Z,0.63887,0.63887,0.63762,0.63762,42.73358565
Kraken:XRPUSD,2021-06-25T14:55:00Z,0.63743,0.63743,0.6372,0.6372,4525.55850671
Kraken:XRPUSD,2021-06-25T14:58:00Z,0.63786,0.63786,0.6372,0.6372,8400.03872614
Kraken:XRPUSD,2021-06-25T15:00:00Z,0.63768,0.63825,0.63768,0.63788,7183.76735348
Kraken:XRPUSD,2021-06-25T15:01:00Z,0.63674,0.63674,0.63627,0.63627,117.63177257
Kraken:XRPUSD,2021-06-25T15:02:00Z,0.6351,0.6351,0.63258,0.63258,37738.22373859
Kraken:XRPUSD,2021-06-25T15:03:00Z,0.63299,0.63299,0.62892,0.62892,43306.93418119
Kraken:XRPUSD,2021-06-25T15:04:00Z,0.62976,0.63083,0.6291,0.6291,8974.95118607
Kraken:XRPUSD,2021-06-25T15:05:00Z,0.62945,0.63046,0.6291,0.6291,5652.54918899
Kraken:XRPUSD,2021-06-25T15:06:00Z,0.6288,0.62902,0.62865,0.62902,1320.53007
Kraken:XRPUSD,2021-06-25T15:07:00Z,0.62875,0.62875,0.62501,0.62593,14575.5186041
Kraken:XRPUSD,2021-06-25T15:08:00Z,0.62555,0.62604,0.62376,0.62376,24721.51965416
Kraken:XRPUSD,2021-06-25T15:09:00Z,0.62346,0.62352,0.61995,0.62059,43396.00701607
Kraken:XRPUSD,2021-06-25T15:10:00Z,0.62027,0.62216,0.61912,0.62182,20016.43889101
Kraken:XRPUSD,2021-06-25T15:12:00Z,0.62258,0.62258,0.62254,0.62254,121.98329208
Kraken:XRPUSD,2021-06-25T15:13:00Z,0.62371,0.62371,0.62366,0.62366,28657.33485
Kraken:XRPUSD,2021-06-25T15:14:00Z,0.62403,0.62403,0.623,0.623,118.40341335
Kraken:XRPUSD,2021-06-25T15:15:00Z,0.62379,0.624,0.62294,0.624,54813.96399497
Kraken:XRPUSD,2021-06-25T15:16:00Z,0.62503,0.62503,0.62423,0.62423,8801.84149342
Kraken:XRPUSD,2021-06-25T15:17:00Z,0.62272,0.62272,0.62272,0.62272,19858.881
Kraken:XRPUSD,2021-06-25T15:18:00Z,0.62162,0.62162,0.62162,0.62162,133.02706003
Kraken:XRPUSD,2021-06-25T15:19:00Z,0.62408,0.62532,0.62408,0.62532,15965.811
Kraken:XRPUSD,2021-06-25T15:20:00Z,0.62425,0.62563,0.62425,0.62563,28594.65334381
Kraken:XRPUSD,2021-06-25T15:21:00Z,0.62581,0.62581,0.62581,0.62581,289.23202275
Kraken:XRPUSD,2021-06-25T15:24:00Z,0.62479,0.62482,0.62479,0.62482,399.69758451
Kraken:XRPUSD,2021-06-25T15:25:00Z,0.62514,0.62576,0.62514,0.62576,24401.23238216
Kraken:XRPUSD,2021-06-25T15:26:00Z,0.62533,0.62533,0.62533,0.62533,1E+3
Kraken:XRPUSD,2021-06-25T15:27:00Z,0.62393,0.62465,0.62393,0.62461,42140.30767999
Kraken:XRPUSD,2021-06-25T15:28:00Z,0.62439,0.62439,0.62432,0.62432,7084.58448685
Kraken:XRPUSD,2021-06-25T15:30:00Z,0.62553,0.62553,0.62553,0.62553,19635.766
Kraken:XRPUSD,2021-06-25T15:31:00Z,0.62776,0.62776,0.62767,0.62767,1347.00926879
Kraken:XRPUSD,2021-06-25T15:32:00Z,0.62796,0.62803,0.62796,0.62803,188.67092336
Kraken:XRPUSD,2021-06-25T15:34:00Z,0.62693,0.62693,0.62693,0.62693,7E+3
Kraken:XRPUSD,2021-06-25T15:35:00Z,0.62542,0.62899,0.62542,0.62899,25473.89992048
Kraken:XRPUSD,2021-06-25T15:36:00Z,0.62949,0.62978,0.62949,0.62978,892
Kraken:XRPUSD,2021-06-25T15:37:00Z,0.62962,0.62962,0.6292,0.6292,5216.88395959
Kraken:XRPUSD,2021-06-25T15:45:00Z,0.63006,0.63098,0.63006,0.63098,4998
Kraken:XRPUSD,2021-06-25T15:46:00Z,0.63136,0.63138,0.63082,0.63082,15076.9900245
Kraken:XRPUSD,2021-06-25T15:47:00Z,0.63,0.63,0.63,0.63,46251.22587302
Kraken:XRPUSD,2021-06-25T15:48:00Z,0.62962,0.62963,0.62962,0.62963,2415.22902082
Kraken:XRPUSD,2021-06-25T15:50:00Z,0.6295,0.6295,0.62742,0.628,60768.01794076
Kraken:XRPUSD,2021-06-25T15:51:00Z,0.628,0.62858,0.628,0.62858,7471.69774544
Kraken:XRPUSD,2021-06-25T15:52:00Z,0.628,0.628,0.62649,0.62649,8238.80348067
Kraken:XRPUSD,2021-06-25T15:53:00Z,0.62698,0.62698,0.62698,0.62698,3190.80304053
Kraken:XRPUSD,2021-06-25T15:54:00Z,0.62604,0.62604,0.62604,0.62604,5E+2
Kraken:XRPUSD,2021-06-25T15:56:00Z,0.62551,0.62551,0.62432,0.62432,17831.66508576
Kraken:XRPUSD,2021-06-25T15:57:00Z,0.62401,0.62401,0.62263,0.62284,126590.5419
Kraken:XRPUSD,2021-06-25T15:58:00Z,0.62267,0.62267,0.62259,0.62259,1E+3
Kraken:XRPUSD,2021-06-25T15:59:00Z,0.62204,0.62255,0.62204,0.62255,1787.56390874
Kraken:XRPUSD,2021-06-25T16:00:00Z,0.62255,0.62255,0.61872,0.61935,115131.28103353
Kraken:XRPUSD,2021-06-25T16:01:00Z,0.62119,0.62119,0.62024,0.62092,4676.88236632
Kraken:XRPUSD,2021-06-25T16:02:00Z,0.62092,0.62441,0.62092,0.62396,19735.61240176
Kraken:XRPUSD,2021-06-25T16:03:00Z,0.62465,0.62539,0.62465,0.62539,23442.79339999
Kraken:XRPUSD,2021-06-25T16:04:00Z,0.62601,0.62612,0.62601,0.62612,17467.7737
Kraken:XRPUSD,2021-06-25T16:06:00Z,0.62531,0.62532,0.62528,0.62532,5106.868
Kraken:XRPUSD,2021-06-25T16:07:00Z,0.624,0.624,0.624,0.624,1.47E+3
Kraken:XRPUSD,2021-06-25T16:08:00Z,0.62227,0.62227,0.62164,0.62164,3895.52
Kraken:XRPUSD,2021-06-25T16:09:00Z,0.62299,0.62451,0.62299,0.62451,16171
Kraken:XRPUSD,2021-06-25T16:10:00Z,0.62451,0.62451,0.62451,0.62451,0.533
Kraken:XRPUSD,2021-06-25T16:11:00Z,0.62436,0.62436,0.62436,0.62436,4870.56719
Kraken:XRPUSD,2021-06-25T16:12:00Z,0.62422,0.62428,0.62422,0.62428,1129.21524954
Kraken:XRPUSD,2021-06-25T16:13:00Z,0.62292,0.62292,0.62292,0.62292,80.12264817
Kraken:XRPUSD,2021-06-25T16:14:00Z,0.62166,0.62166,0.62049,0.6208,14743.71889896
Kraken:XRPUSD,2021-06-25T16:15:00Z,0.61931,0.61931,0.61931,0.61931,469.03799997
Kraken:XRPUSD,2021-06-25T16:16:00Z,0.61872,0.61872,0.61735,0.61735,15268.72572551
Kraken:XRPUSD,2021-06-25T16:17:00Z,0.61798,0.61908,0.61798,0.61877,48864.3402475
Kraken:XRPUSD,2021-06-25T16:18:00Z,0.61789,0.61789,0.61789,0.61789,681.8248
Kraken:XRPUSD,2021-06-25T16:20:00Z,0.61684,0.61684,0.6162,0.6162,659.19894746
Kraken:XRPUSD,2021-06-25T16:21:00Z,0.6153,0.6153,0.61222,0.61314,21068.03877604
Kraken:XRPUSD,2021-06-25T16:22:00Z,0.61332,0.61333,0.6088,0.61121,84836.84059869
Kraken:XRPUSD,2021-06-25T16:23:00Z,0.6107,0.61091,0.60958,0.61,238836.60357825
Kraken:XRPUSD,2021-06-25T16:24:00Z,0.61,0.6107,0.60999,0.6107,162390.67312905
Kraken:XRPUSD,2021-06-25T16:25:00Z,0.61201,0.61201,0.61178,0.61178,623.96580587
Kraken:XRPUSD,2021-06-25T16:26:00Z,0.61069,0.6107,0.6103,0.6103,2028.27456588
Kraken:XRPUSD,2021-06-25T16:27:00Z,0.60902,0.60975,0.60599,0.60679,448704.9636462099
Kraken:XRPUSD,2021-06-25T16:28:00Z,0.60655,0.6073,0.60599,0.6073,68600.84577383
Kraken:XRPUSD,2021-06-25T16:29:00Z,0.60751,0.60751,0.60751,0.60751,3.90973
Kraken:XRPUSD,2021-06-25T16:30:00Z,0.60788,0.60968,0.60788,0.6085,37691.08288576
Kraken:XRPUSD,2021-06-25T16:31:00Z,0.60859,0.61037,0.60859,0.60948,28126.88717982
Kraken:XRPUSD,2021-06-25T16:32:00Z,0.61093,0.61166,0.61093,0.61107,44042.11162569
Kraken:XRPUSD,2021-06-25T16:33:00Z,0.61151,0.61228,0.61151,0.61228,2E+2
Kraken:XRPUSD,2021-06-25T16:34:00Z,0.61252,0.61252,0.61252,0.61252,958.24162
Kraken:XRPUSD,2021-06-25T16:35:00Z,0.6134,0.61343,0.6134,0.61343,15624.32722929
Kraken:XRPUSD,2021-06-25T16:36:00Z,0.61532,0.61534,0.61532,0.61534,6.3E+3
Kraken:XRPUSD,2021-06-25T16:37:00Z,0.61183,0.61254,0.61024,0.61024,11205.69806018
Kraken:XRPUSD,2021-06-25T16:38:00Z,0.60877,0.60877,0.60378,0.60378,120379.55518536
Kraken:XRPUSD,2021-06-25T16:39:00Z,0.6053,0.60875,0.6053,0.60875,37440.64204872
Kraken:XRPUSD,2021-06-25T16:41:00Z,0.60829,0.6086,0.60829,0.60854,40243.4650468
Kraken:XRPUSD,2021-06-25T16:42:00Z,0.61032,0.61032,0.60932,0.60932,5378.95457231
Kraken:XRPUSD,2021-06-25T16:43:00Z,0.61033,0.61279,0.61033,0.61186,42526.3192122
Kraken:XRPUSD,2021-06-25T16:44:00Z,0.61392,0.61392,0.61392,0.61392,666
Kraken:XRPUSD,2021-06-25T16:45:00Z,0.61217,0.61464,0.61217,0.61464,22106.72099999
Kraken:XRPUSD,2021-06-25T16:46:00Z,0.61508,0.61508,0.61364,0.61364,846.04177847
Kraken:XRPUSD,2021-06-25T16:47:00Z,0.61468,0.61468,0.61468,0.61468,162.543
Kraken:XRPUSD,2021-06-25T16:48:00Z,0.61401,0.61401,0.61296,0.61296,13388.92
Kraken:XRPUSD,2021-06-25T16:49:00Z,0.6115,0.6115,0.60815,0.60815,11699.9436392
Kraken:XRPUSD,2021-06-25T16:50:00Z,0.61,0.61,0.61,0.61,29.45768403
Kraken:XRPUSD,2021-06-25T16:51:00Z,0.61074,0.61074,0.61074,0.61074,3252.3361
Kraken:XRPUSD,2021-06-25T16:52:00Z,0.61026,0.61026,0.61025,0.61025,15675.61743
Kraken:XRPUSD,2021-06-25T16:53:00Z,0.60991,0.60991,0.60866,0.60866,4982.23162674
Kraken:XRPUSD,2021-06-25T16:54:00Z,0.60624,0.60624,0.60624,0.60624,105.702
Kraken:XRPUSD,2021-06-25T16:55:00Z,0.60877,0.60877,0.60877,0.60877,9810.33275348
Kraken:XRPUSD,2021-06-25T16:56:00Z,0.60957,0.60957,0.60957,0.60957,524.36000002
Kraken:XRPUSD,2021-06-25T16:57:00Z,0.60798,0.60868,0.60764,0.60868,916.68964251
Kraken:XRPUSD,2021-06-25T16:59:00Z,0.60742,0.60742,0.60742,0.60742,324.12872
Kraken:XRPUSD,2021-06-25T17:00:00Z,0.60742,0.611,0.60742,0.611,22798.57178829
Kraken:XRPUSD,2021-06-25T17:01:00Z,0.61131,0.6116,0.61131,0.6116,13169.95348552
Kraken:XRPUSD,2021-06-25T17:02:00Z,0.61332,0.61455,0.61332,0.61436,264975.51612405
Kraken:XRPUSD,2021-06-25T17:04:00Z,0.61538,0.61538,0.61538,0.61538,1.1E+2
Kraken:XRPUSD,2021-06-25T17:05:00Z,0.61605,0.61613,0.616,0.616,2524.108
Kraken:XRPUSD,2021-06-25T17:06:00Z,0.61385,0.61385,0.61385,0.61385,75
Kraken:XRPUSD,2021-06-25T17:07:00Z,0.61401,0.61421,0.61401,0.61403,22499.08255435
Kraken:XRPUSD,2021-06-25T17:08:00Z,0.61479,0.61486,0.61265,0.61265,20959.729
Kraken:XRPUSD,2021-06-25T17:09:00Z,0.61239,0.61239,0.61239,0.61239,5E+2
Kraken:XRPUSD,2021-06-25T17:10:00Z,0.61384,0.61468,0.61264,0.61264,36474.84072097
Kraken:XRPUSD,2021-06-25T17:14:00Z,0.6145,0.6145,0.6145,0.6145,2166.20642547
Kraken:XRPUSD,2021-06-25T17:15:00Z,0.61324,0.61431,0.61296,0.61431,7197.72780709
Kraken:XRPUSD,2021-06-25T17:16:00Z,0.6145,0.61682,0.6145,0.61682,592.08817283
Kraken:XRPUSD,2021-06-25T17:19:00Z,0.61643,0.61643,0.61565,0.61565,281.74415
Kraken:XRPUSD,2021-06-25T17:20:00Z,0.615,0.615,0.61383,0.61383,7476.08
Kraken:XRPUSD,2021-06-25T17:22:00Z,0.6115,0.61151,0.6115,0.61151,2429.3206
Kraken:XRPUSD,2021-06-25T17:23:00Z,0.61266,0.61266,0.60983,0.61103,24050.63379999
Kraken:XRPUSD,2021-06-25T17:24:00Z,0.61097,0.61097,0.60981,0.60981,15120.376509
Kraken:XRPUSD,2021-06-25T17:25:00Z,0.60993,0.61128,0.60993,0.61128,19962.50499
Kraken:XRPUSD,2021-06-25T17:26:00Z,0.6106,0.6106,0.60996,0.61035,53119.59622657
Kraken:XRPUSD,2021-06-25T17:27:00Z,0.60918,0.60918,0.60868,0.60868,10434.9714
Kraken:XRPUSD,2021-06-25T17:28:00Z,0.61023,0.61023,0.61023,0.61023,117.63999999
Kraken:XRPUSD,2021-06-25T17:29:00Z,0.61086,0.61183,0.61086,0.61183,1156.36630225
Kraken:XRPUSD,2021-06-25T17:30:00Z,0.61201,0.61338,0.61197,0.61197,6558.85532371
Kraken:XRPUSD,2021-06-25T17:31:00Z,0.61018,0.61018,0.61018,0.61018,17742.756
Kraken:XRPUSD,2021-06-25T17:32:00Z,0.609,0.609,0.609,0.609,1E+3
Kraken:XRPUSD,2021-06-25T17:33:00Z,0.60762,0.60815,0.60762,0.60815,3999.99999999
Kraken:XRPUSD,2021-06-25T17:34:00Z,0.60959,0.61112,0.60959,0.61112,17918.83136082
Kraken:XRPUSD,2021-06-25T17:35:00Z,0.60976,0.60976,0.60976,0.60976,11684.709
Kraken:XRPUSD,2021-06-25T17:36:00Z,0.60849,0.60849,0.60849,0.60849,102.76493424
Kraken:XRPUSD,2021-06-25T17:37:00Z,0.60918,0.60918,0.60896,0.60896,1914.8058238
Kraken:XRPUSD,2021-06-25T17:38:00Z,0.60857,0.60857,0.6072,0.6072,135
Kraken:XRPUSD,2021-06-25T17:39:00Z,0.60809,0.60809,0.60757,0.60757,1902.69420237
Kraken:XRPUSD,2021-06-25T17:40:00Z,0.60798,0.608,0.60798,0.608,427120.87199626
Kraken:XRPUSD,2021-06-25T17:41:00Z,0.60702,0.60702,0.60592,0.60592,42013.18011471
Kraken:XRPUSD,2021-06-25T17:42:00Z,0.60605,0.60662,0.60605,0.60622,1018.51299999
Kraken:XRPUSD,2021-06-25T17:43:00Z,0.60669,0.60669,0.60481,0.60481,47272.21071184
Kraken:XRPUSD,2021-06-25T17:44:00Z,0.60394,0.60394,0.60249,0.60249,116238.23170017
Kraken:XRPUSD,2021-06-25T17:45:00Z,0.60439,0.60439,0.60421,0.60421,4854.53944619
Kraken:XRPUSD,2021-06-25T17:46:00Z,0.6047,0.60513,0.6047,0.60513,212130.03162871
Kraken:XRPUSD,2021-06-25T17:47:00Z,0.6049,0.60539,0.6049,0.60539,1825.9138737
Kraken:XRPUSD,2021-06-25T17:49:00Z,0.606,0.60773,0.606,0.60773,53956.61755101
Kraken:XRPUSD,2021-06-25T17:51:00Z,0.60791,0.60791,0.60565,0.60568,1372.24029873
Kraken:XRPUSD,2021-06-25T17:52:00Z,0.60601,0.60793,0.60601,0.60759,6751.55557
Kraken:XRPUSD,2021-06-25T17:53:00Z,0.60925,0.60925,0.60925,0.60925,164.16856829
Kraken:XRPUSD,2021-06-25T17:54:00Z,0.60999,0.60999,0.60998,0.60998,5E+3
Kraken:XRPUSD,2021-06-25T17:55:00Z,0.61,0.61,0.60982,0.60982,2.5E+3
Kraken:XRPUSD,2021-06-25T17:56:00Z,0.60961,0.60961,0.60961,0.60961,2E+3
Kraken:XRPUSD,2021-06-25T17:57:00Z,0.61,0.61,0.61,0.61,2E+3
Kraken:XRPUSD,2021-06-25T17:58:00Z,0.60878,0.60878,0.60743,0.60743,1925.62202421
Kraken:XRPUSD,2021-06-25T17:59:00Z,0.60687,0.60687,0.60641,0.60641,6230.82000001
Kraken:XRPUSD,2021-06-25T18:03:00Z,0.60334,0.60334,0.60234,0.60329,32315.75044208
Kraken:XRPUSD,2021-06-25T18:04:00Z,0.60925,0.61013,0.60924,0.60924,745.42467561
Kraken:XRPUSD,2021-06-25T18:05:00Z,0.61234,0.61294,0.61234,0.61294,538.807
Kraken:XRPUSD,2021-06-25T18:06:00Z,0.61441,0.61441,0.61441,0.61441,375.9999
Kraken:XRPUSD,2021-06-25T18:07:00Z,0.61441,0.61642,0.61399,0.61642,21938.88767814
Kraken:XRPUSD,2021-06-25T18:08:00Z,0.61647,0.61647,0.61517,0.61589,16825.7453788
Kraken:XRPUSD,2021-06-25T18:11:00Z,0.61544,0.61672,0.61544,0.61672,11697.06403222
Kraken:XRPUSD,2021-06-25T18:12:00Z,0.61597,0.61597,0.61597,0.61597,312.293
Kraken:XRPUSD,2021-06-25T18:14:00Z,0.61505,0.61505,0.61494,0.61494,229.67210631
Kraken:XRPUSD,2021-06-25T18:16:00Z,0.61306,0.61365,0.61306,0.61365,1982.79837764
Kraken:XRPUSD,2021-06-25T18:17:00Z,0.61274,0.61274,0.61272,0.61272,658.54415659
Kraken:XRPUSD,2021-06-25T18:18:00Z,0.6126,0.61692,0.6126,0.61692,14065.25250598
Kraken:XRPUSD,2021-06-25T18:19:00Z,0.6161,0.61628,0.6161,0.61628,146.45517
Kraken:XRPUSD,2021-06-25T18:21:00Z,0.61785,0.61924,0.61785,0.61924,22085.30374553
Kraken:XRPUSD,2021-06-25T18:22:00Z,0.61898,0.61898,0.61877,0.61882,415.30473463
Kraken:XRPUSD,2021-06-25T18:24:00Z,0.61882,0.61916,0.61882,0.61916,6.5E+2
Kraken:XRPUSD,2021-06-25T18:25:00Z,0.618,0.618,0.618,0.618,995.50196601
Kraken:XRPUSD,2021-06-25T18:26:00Z,0.61785,0.61785,0.61785,0.61785,1608.65080521
Kraken:XRPUSD,2021-06-25T18:27:00Z,0.61638,0.61638,0.61603,0.61603,3594.42991221
Kraken:XRPUSD,2021-06-25T18:30:00Z,0.61548,0.61548,0.61548,0.61548,206.20023
Kraken:XRPUSD,2021-06-25T18:31:00Z,0.61526,0.61526,0.61526,0.61526,38.74205132
Kraken:XRPUSD,2021-06-25T18:32:00Z,0.61413,0.61413,0.61413,0.61413,52.26890051
Kraken:XRPUSD,2021-06-25T18:34:00Z,0.61395,0.61395,0.61395,0.61395,1029.61430082
Kraken:XRPUSD,2021-06-25T18:35:00Z,0.61402,0.61402,0.61402,0.61402,5778.09129995
Kraken:XRPUSD,2021-06-25T18:36:00Z,0.616,0.616,0.616,0.616,64.28636363
Kraken:XRPUSD,2021-06-25T18:39:00Z,0.61635,0.61635,0.61633,0.61633,17510.07585162
Kraken:XRPUSD,2021-06-25T18:40:00Z,0.61754,0.618,0.61754,0.618,16098.99839999
Kraken:XRPUSD,2021-06-25T18:41:00Z,0.61841,0.61841,0.618,0.618,4170.6558
Kraken:XRPUSD,2021-06-25T18:42:00Z,0.618,0.618,0.618,0.618,10983.9358
Kraken:XRPUSD,2021-06-25T18:43:00Z,0.61837,0.61893,0.61837,0.61893,1069.56597557
Kraken:XRPUSD,2021-06-25T18:44:00Z,0.61889,0.61889,0.6185,0.6185,3584.65645481
Kraken:XRPUSD,2021-06-25T18:45:00Z,0.61856,0.61856,0.61856,0.61856,70.55285067
Kraken:XRPUSD,2021-06-25T18:47:00Z,0.61758,0.61758,0.61758,0.61758,1E+2
Kraken:XRPUSD,2021-06-25T18:48:00Z,0.61795,0.61795,0.61795,0.61795,2E+3
Kraken:XRPUSD,2021-06-25T18:50:00Z,0.61678,0.61678,0.61608,0.61631,222645.44315767
Kraken:XRPUSD,2021-06-25T18:51:00Z,0.61577,0.61577,0.61501,0.61501,2773.46918655
Kraken:XRPUSD,2021-06-25T18:52:00Z,0.61462,0.61507,0.61462,0.61507,11854.38726898
Kraken:XRPUSD,2021-06-25T18:53:00Z,0.61671,0.61671,0.61671,0.61671,2.5E+2
Kraken:XRPUSD,2021-06-25T18:54:00Z,0.61738,0.6185,0.61738,0.6185,245513.60866267
Kraken:XRPUSD,2021-06-25T18:57:00Z,0.61692,0.61692,0.61692,0.61692,3370.71450584
Kraken:XRPUSD,2021-06-25T18:58:00Z,0.61582,0.61656,0.61582,0.61656,410.91245
Kraken:XRPUSD,2021-06-25T19:00:00Z,0.61762,0.61879,0.61762,0.61879,23279.30961261
Kraken:XRPUSD,2021-06-25T19:01:00Z,0.61782,0.61823,0.61688,0.617,45999.93671221
Kraken:XRPUSD,2021-06-25T19:04:00Z,0.61617,0.61621,0.61617,0.61621,2589.156
Kraken:XRPUSD,2021-06-25T19:07:00Z,0.61609,0.61609,0.61485,0.61486,22583.17545667
Kraken:XRPUSD,2021-06-25T19:08:00Z,0.61486,0.61487,0.61216,0.61216,12430.29395992
Kraken:XRPUSD,2021-06-25T19:09:00Z,0.61175,0.61228,0.6117,0.61171,4198.9622789
Kraken:XRPUSD,2021-06-25T19:10:00Z,0.61171,0.61366,0.61171,0.61366,29861.03556313
Kraken:XRPUSD,2021-06-25T19:12:00Z,0.61509,0.616,0.61509,0.616,16345.155
Kraken:XRPUSD,2021-06-25T19:13:00Z,0.61558,0.61558,0.61558,0.61558,19296.807
Kraken:XRPUSD,2021-06-25T19:14:00Z,0.616,0.61846,0.616,0.61846,8547.835
Kraken:XRPUSD,2021-06-25T19:15:00Z,0.61846,0.62032,0.61846,0.62032,15198.00949328
Kraken:XRPUSD,2021-06-25T19:16:00Z,0.62003,0.62025,0.61987,0.61988,35267.72283332
Kraken:XRPUSD,2021-06-25T19:17:00Z,0.62116,0.62234,0.62116,0.62176,4377.32685331
Kraken:XRPUSD,2021-06-25T19:18:00Z,0.62257,0.62347,0.62257,0.62305,104979.75014659
Kraken:XRPUSD,2021-06-25T19:19:00Z,0.62316,0.62389,0.62316,0.62389,9570.01095183
Kraken:XRPUSD,2021-06-25T19:20:00Z,0.6248,0.62907,0.6248,0.62907,7005.07236671
Kraken:XRPUSD,2021-06-25T19:21:00Z,0.62903,0.62934,0.62862,0.629,17235.42142666
Kraken:XRPUSD,2021-06-25T19:22:00Z,0.62934,0.62939,0.62897,0.62897,19145.01683183
Kraken:XRPUSD,2021-06-25T19:23:00Z,0.6283,0.6283,0.62732,0.62732,15286.74780382
Kraken:XRPUSD,2021-06-25T19:24:00Z,0.62714,0.62726,0.62686,0.62686,10325.477
Kraken:XRPUSD,2021-06-25T19:25:00Z,0.6276,0.6276,0.6276,0.6276,19043.183
Kraken:XRPUSD,2021-06-25T19:26:00Z,0.62844,0.62844,0.62844,0.62844,3103.69308812
Kraken:XRPUSD,2021-06-25T19:27:00Z,0.62755,0.62782,0.62755,0.62782,2328.25302184
Kraken:XRPUSD,2021-06-25T19:28:00Z,0.62844,0.62844,0.62844,0.62844,366.6
Kraken:XRPUSD,2021-06-25T19:29:00Z,0.62843,0.62857,0.62843,0.62857,183.9456284
Kraken:XRPUSD,2021-06-25T19:30:00Z,0.62705,0.62705,0.62637,0.62637,2951.04260893
Kraken:XRPUSD,2021-06-25T19:32:00Z,0.62488,0.62488,0.62488,0.62488,250.13762642
Kraken:XRPUSD,2021-06-25T19:33:00Z,0.62488,0.62488,0.62488,0.62488,2115.29535336
Kraken:XRPUSD,2021-06-25T19:34:00Z,0.62444,0.62444,0.62444,0.62444,2E+2
Kraken:XRPUSD,2021-06-25T19:35:00Z,0.62338,0.62341,0.62338,0.62341,2099.57
Kraken:XRPUSD,2021-06-25T19:36:00Z,0.62342,0.6236,0.62288,0.62308,17996.83913332
Kraken:XRPUSD,2021-06-25T19:37:00Z,0.62333,0.62349,0.62333,0.62349,990.717
Kraken:XRPUSD,2021-06-25T19:38:00Z,0.62328,0.62328,0.62328,0.62328,90.82643885
Kraken:XRPUSD,2021-06-25T19:39:00Z,0.62279,0.62279,0.62279,0.62279,551
Kraken:XRPUSD,2021-06-25T19:40:00Z,0.62241,0.62241,0.6218,0.6218,1E+3
Kraken:XRPUSD,2021-06-25T19:41:00Z,0.62114,0.62114,0.62087,0.62087,220.66
Kraken:XRPUSD,2021-06-25T19:43:00Z,0.62,0.62,0.61977,0.61977,951.6960516
Kraken:XRPUSD,2021-06-25T19:44:00Z,0.62003,0.62036,0.62003,0.62036,2268.80245218
Kraken:XRPUSD,2021-06-25T19:45:00Z,0.62015,0.62015,0.6174,0.6174,54.73402465
Kraken:XRPUSD,2021-06-25T19:46:00Z,0.61807,0.61807,0.61653,0.61653,99541.68556922
Kraken:XRPUSD,2021-06-25T19:47:00Z,0.61729,0.61729,0.61714,0.61714,13536.86577215
Kraken:XRPUSD,2021-06-25T19:48:00Z,0.61729,0.61729,0.61666,0.61666,12017.40422369
Kraken:XRPUSD,2021-06-25T19:49:00Z,0.61647,0.61739,0.61647,0.61739,18958
Kraken:XRPUSD,2021-06-25T19:53:00Z,0.61953,0.61953,0.61927,0.61927,29.164
Kraken:XRPUSD,2021-06-25T19:55:00Z,0.61966,0.61969,0.61966,0.61969,4851.11701341
Kraken:XRPUSD,2021-06-25T19:56:00Z,0.62161,0.62161,0.62161,0.62161,443.9539261
Kraken:XRPUSD,2021-06-25T19:57:00Z,0.62237,0.62256,0.62237,0.62256,51.11701342
Kraken:XRPUSD,2021-06-25T19:58:00Z,0.62316,0.62323,0.62316,0.62323,20308.05615264
Kraken:XRPUSD,2021-06-25T20:00:00Z,0.62061,0.62061,0.62061,0.62061,68.03339299
Kraken:XRPUSD,2021-06-25T20:01:00Z,0.61973,0.61973,0.61893,0.61893,483.48701342
Kraken:XRPUSD,2021-06-25T20:02:00Z,0.6177,0.6178,0.61712,0.61712,534.26159882
Kraken:XRPUSD,2021-06-25T20:03:00Z,0.61765,0.61881,0.61765,0.61881,13077.00181876
Kraken:XRPUSD,2021-06-25T20:04:00Z,0.61801,0.61801,0.61801,0.61801,12854.801
Kraken:XRPUSD,2021-06-25T20:05:00Z,0.61918,0.61987,0.61918,0.61987,36846.26762402
Kraken:XRPUSD,2021-06-25T20:06:00Z,0.6197,0.6197,0.6197,0.6197,474
Kraken:XRPUSD,2021-06-25T20:07:00Z,0.62165,0.62255,0.62165,0.62255,81.47001342
Kraken:XRPUSD,2021-06-25T20:08:00Z,0.62359,0.62359,0.62359,0.62359,38.74205132
Kraken:XRPUSD,2021-06-25T20:09:00Z,0.62369,0.62369,0.62369,0.62369,5
Kraken:XRPUSD,2021-06-25T20:12:00Z,0.61978,0.61978,0.61899,0.61899,953.31392666
Kraken:XRPUSD,2021-06-25T20:13:00Z,0.61955,0.61955,0.61936,0.61936,20208.46683432
Kraken:XRPUSD,2021-06-25T20:14:00Z,0.61908,0.61908,0.61908,0.61908,12281.95299999
Kraken:XRPUSD,2021-06-25T20:15:00Z,0.62005,0.62081,0.62005,0.62081,9996.34
Kraken:XRPUSD,2021-06-25T20:17:00Z,0.62169,0.62169,0.62169,0.62169,1271.167674
Kraken:XRPUSD,2021-06-25T20:18:00Z,0.62232,0.62251,0.62232,0.62251,51.11701342
Kraken:XRPUSD,2021-06-25T20:21:00Z,0.62236,0.62369,0.62236,0.62369,5891.79210263
Kraken:XRPUSD,2021-06-25T20:22:00Z,0.62481,0.62558,0.6248,0.6248,1076.11168528
Kraken:XRPUSD,2021-06-25T20:24:00Z,0.62496,0.62496,0.62496,0.62496,5.00000001
Kraken:XRPUSD,2021-06-25T20:28:00Z,0.62449,0.62449,0.62449,0.62449,1529.11044
Kraken:XRPUSD,2021-06-25T20:30:00Z,0.62512,0.62512,0.62512,0.62512,63.05116
Kraken:XRPUSD,2021-06-25T20:31:00Z,0.6256,0.6256,0.6256,0.6256,924.94005754
Kraken:XRPUSD,2021-06-25T20:33:00Z,0.62571,0.62637,0.62571,0.62637,5184.78145801
Kraken:XRPUSD,2021-06-25T20:35:00Z,0.625,0.625,0.6246,0.6246,6.826E+4
Kraken:XRPUSD,2021-06-25T20:37:00Z,0.62512,0.62512,0.62512,0.62512,1E+3
Kraken:XRPUSD,2021-06-25T20:39:00Z,0.62573,0.62573,0.62573,0.62573,1357.23867068
Kraken:XRPUSD,2021-06-25T20:40:00Z,0.62534,0.62547,0.62534,0.62547,1148.59675999
Kraken:XRPUSD,2021-06-25T20:41:00Z,0.62585,0.62585,0.62585,0.62585,670.400097
Kraken:XRPUSD,2021-06-25T20:42:00Z,0.6267,0.6267,0.6267,0.6267,669.960502
Kraken:XRPUSD,2021-06-25T20:44:00Z,0.62533,0.62534,0.62523,0.62523,2306.95116386
Kraken:XRPUSD,2021-06-25T20:45:00Z,0.62488,0.62488,0.62452,0.62452,489.3776
Kraken:XRPUSD,2021-06-25T20:49:00Z,0.62564,0.62564,0.62564,0.62564,5E+1
Kraken:XRPUSD,2021-06-25T20:50:00Z,0.62618,0.62618,0.62618,0.62618,73.61
Kraken:XRPUSD,2021-06-25T20:53:00Z,0.62389,0.62389,0.62373,0.62373,34465.26762402
Kraken:XRPUSD,2021-06-25T20:54:00Z,0.62491,0.62492,0.62491,0.62492,1E+4
Kraken:XRPUSD,2021-06-25T20:57:00Z,0.62707,0.62725,0.62707,0.62725,160.88419528
Kraken:XRPUSD,2021-06-25T20:58:00Z,0.62689,0.62689,0.62671,0.62671,119.53394
Kraken:XRPUSD,2021-06-25T20:59:00Z,0.62703,0.62703,0.62701,0.62701,1.25E+4
Kraken:XRPUSD,2021-06-25T21:04:00Z,0.62427,0.62427,0.62427,0.62427,6E+4
Kraken:XRPUSD,2021-06-25T21:05:00Z,0.62387,0.62402,0.62387,0.62402,11414.4486
Kraken:XRPUSD,2021-06-25T21:06:00Z,0.62297,0.62297,0.62123,0.62123,2905.9453
Kraken:XRPUSD,2021-06-25T21:07:00Z,0.62088,0.62088,0.62034,0.62066,24202.64952
Kraken:XRPUSD,2021-06-25T21:08:00Z,0.61964,0.61964,0.61964,0.61964,149.65342398
Kraken:XRPUSD,2021-06-25T21:11:00Z,0.61827,0.61827,0.61643,0.61643,23311.47996944
Kraken:XRPUSD,2021-06-25T21:12:00Z,0.61653,0.61653,0.61441,0.61442,12024.8207585
Kraken:XRPUSD,2021-06-25T21:13:00Z,0.61461,0.61528,0.61461,0.61528,20709.16805754
Kraken:XRPUSD,2021-06-25T21:14:00Z,0.61579,0.61579,0.61579,0.61579,9479
Kraken:XRPUSD,2021-06-25T21:15:00Z,0.61554,0.61554,0.61554,0.61554,38.47614144
Kraken:XRPUSD,2021-06-25T21:16:00Z,0.61504,0.61504,0.61504,0.61504,42.958
Kraken:XRPUSD,2021-06-25T21:17:00Z,0.6155,0.6155,0.6155,0.6155,60834.19171405
Kraken:XRPUSD,2021-06-25T21:19:00Z,0.61587,0.61587,0.61587,0.61587,3983
Kraken:XRPUSD,2021-06-25T21:20:00Z,0.61613,0.61669,0.61613,0.61669,5081.13236761
Kraken:XRPUSD,2021-06-25T21:21:00Z,0.61677,0.61804,0.61677,0.61804,30496.90058176
Kraken:XRPUSD,2021-06-25T21:22:00Z,0.61877,0.61877,0.61877,0.61877,1592.38039
Kraken:XRPUSD,2021-06-25T21:23:00Z,0.61878,0.61885,0.61827,0.61827,25032.32950229
Kraken:XRPUSD,2021-06-25T21:24:00Z,0.61833,0.61833,0.61768,0.61768,2427
Kraken:XRPUSD,2021-06-25T21:27:00Z,0.62041,0.62041,0.61995,0.61995,967.39167405
Kraken:XRPUSD,2021-06-25T21:30:00Z,0.618,0.618,0.61728,0.61728,23406.34952
Kraken:XRPUSD,2021-06-25T21:32:00Z,0.62047,0.62231,0.62047,0.62231,401.02377507
Kraken:XRPUSD,2021-06-25T21:33:00Z,0.62271,0.62271,0.62271,0.62271,324.16796479
Kraken:XRPUSD,2021-06-25T21:34:00Z,0.62289,0.62309,0.62289,0.62309,5000.64427559
Kraken:XRPUSD,2021-06-25T21:35:00Z,0.62354,0.62485,0.62354,0.62485,6527.24271244
Kraken:XRPUSD,2021-06-25T21:36:00Z,0.62562,0.62562,0.62562,0.62562,840.88699
Kraken:XRPUSD,2021-06-25T21:37:00Z,0.62598,0.62601,0.62423,0.62423,7829.37906919
Kraken:XRPUSD,2021-06-25T21:38:00Z,0.62453,0.62453,0.62453,0.62453,77
Kraken:XRPUSD,2021-06-25T21:40:00Z,0.62684,0.62742,0.62639,0.62639,24797.10335877
Kraken:XRPUSD,2021-06-25T21:41:00Z,0.62707,0.62707,0.62692,0.62697,5137.61
Kraken:XRPUSD,2021-06-25T21:42:00Z,0.62746,0.62746,0.6271,0.6271,3418.80964727
Kraken:XRPUSD,2021-06-25T21:43:00Z,0.62782,0.62782,0.62782,0.62782,222.39905
Kraken:XRPUSD,2021-06-25T21:44:00Z,0.62739,0.62739,0.62739,0.62739,1992.3682
Kraken:XRPUSD,2021-06-25T21:45:00Z,0.6273,0.62755,0.6273,0.62755,10180.82225268
Kraken:XRPUSD,2021-06-25T21:46:00Z,0.62568,0.62644,0.62568,0.62644,11921.96548
Kraken:XRPUSD,2021-06-25T21:48:00Z,0.62382,0.62439,0.62374,0.62439,26733.71780407
Kraken:XRPUSD,2021-06-25T21:49:00Z,0.62314,0.62314,0.62314,0.62314,5804.08
Kraken:XRPUSD,2021-06-25T21:50:00Z,0.62263,0.62263,0.62132,0.62219,41105.62029812
Kraken:XRPUSD,2021-06-25T21:51:00Z,0.62192,0.62192,0.62192,0.62192,75
Kraken:XRPUSD,2021-06-25T21:52:00Z,0.62114,0.62125,0.6211,0.62125,3327.65323279
Kraken:XRPUSD,2021-06-25T21:53:00Z,0.62167,0.62167,0.62167,0.62167,75
Kraken:XRPUSD,2021-06-25T21:54:00Z,0.62068,0.62068,0.62067,0.62067,11077
Kraken:XRPUSD,2021-06-25T21:56:00Z,0.62021,0.62021,0.6194,0.6194,174.7585
Kraken:XRPUSD,2021-06-25T21:59:00Z,0.62243,0.62243,0.62243,0.62243,622.151
Kraken:XRPUSD,2021-06-25T22:00:00Z,0.62378,0.62396,0.62378,0.62396,63083.88591612
Kraken:XRPUSD,2021-06-25T22:01:00Z,0.62363,0.62363,0.62288,0.62288,18727.36562281
Kraken:XRPUSD,2021-06-25T22:02:00Z,0.62117,0.62117,0.62117,0.62117,127.79253355
Kraken:XRPUSD,2021-06-25T22:03:00Z,0.61951,0.61984,0.61951,0.61984,15061.17200517
Kraken:XRPUSD,2021-06-25T22:04:00Z,0.62043,0.62125,0.62043,0.62125,1339.4236
Kraken:XRPUSD,2021-06-25T22:05:00Z,0.62137,0.62137,0.62051,0.62051,1851.39629342
Kraken:XRPUSD,2021-06-25T22:06:00Z,0.62124,0.62124,0.62124,0.62124,20321.703
Kraken:XRPUSD,2021-06-25T22:08:00Z,0.6238,0.62398,0.6238,0.62398,51.11701342
Kraken:XRPUSD,2021-06-25T22:10:00Z,0.625,0.62538,0.625,0.62538,19411.53915396
Kraken:XRPUSD,2021-06-25T22:11:00Z,0.62622,0.62723,0.62622,0.62723,174.25398153
Kraken:XRPUSD,2021-06-25T22:12:00Z,0.62735,0.62824,0.62735,0.62824,1985.77528908
Kraken:XRPUSD,2021-06-25T22:13:00Z,0.62827,0.62827,0.62825,0.62825,7.5E+3
Kraken:XRPUSD,2021-06-25T22:14:00Z,0.62792,0.62792,0.62792,0.62792,4792.13380414
Kraken:XRPUSD,2021-06-25T22:16:00Z,0.62527,0.62527,0.62518,0.62518,2E+3
Kraken:XRPUSD,2021-06-25T22:18:00Z,0.6274,0.6274,0.62663,0.62663,608
Kraken:XRPUSD,2021-06-25T22:20:00Z,0.62539,0.62539,0.62539,0.62539,579.43211295
Kraken:XRPUSD,2021-06-25T22:24:00Z,0.62746,0.62746,0.62746,0.62746,6E+4
Kraken:XRPUSD,2021-06-25T22:26:00Z,0.6267,0.6267,0.6267,0.6267,55.96505504
Kraken:XRPUSD,2021-06-25T22:29:00Z,0.6268,0.6272,0.6267,0.6267,6273.48893669
Kraken:XRPUSD,2021-06-25T22:31:00Z,0.6234,0.6234,0.62335,0.62335,255.43855964
Kraken:XRPUSD,2021-06-25T22:33:00Z,0.62269,0.62269,0.62269,0.62269,4137.01803739
Kraken:XRPUSD,2021-06-25T22:35:00Z,0.62334,0.62334,0.62334,0.62334,18214.73
Kraken:XRPUSD,2021-06-25T22:36:00Z,0.6227,0.6227,0.62269,0.62269,60516.147
Kraken:XRPUSD,2021-06-25T22:37:00Z,0.62181,0.62181,0.62034,0.62034,36324.37950338
Kraken:XRPUSD,2021-06-25T22:38:00Z,0.62033,0.62033,0.6201,0.62014,740.931628
Kraken:XRPUSD,2021-06-25T22:39:00Z,0.62014,0.62014,0.61919,0.61919,60025.55850671
Kraken:XRPUSD,2021-06-25T22:40:00Z,0.619,0.619,0.61675,0.61675,3678.67780934
Kraken:XRPUSD,2021-06-25T22:41:00Z,0.61675,0.61675,0.61633,0.61647,7317.1092807
Kraken:XRPUSD,2021-06-25T22:42:00Z,0.616,0.616,0.61552,0.61557,982.07685801
Kraken:XRPUSD,2021-06-25T22:43:00Z,0.61614,0.61614,0.61614,0.61614,2073.85745665
Kraken:XRPUSD,2021-06-25T22:45:00Z,0.61448,0.61694,0.6143,0.61694,3121.88876341
Kraken:XRPUSD,2021-06-25T22:46:00Z,0.61362,0.61362,0.61111,0.61111,11666.5375258
Kraken:XRPUSD,2021-06-25T22:47:00Z,0.61116,0.61163,0.60919,0.61163,23707.327543
Kraken:XRPUSD,2021-06-25T22:48:00Z,0.61076,0.61076,0.60741,0.60741,67108.33233804
Kraken:XRPUSD,2021-06-25T22:49:00Z,0.60831,0.60937,0.60807,0.60937,8915.15088507
Kraken:XRPUSD,2021-06-25T22:50:00Z,0.61003,0.61081,0.60696,0.60696,265174.72308335
Kraken:XRPUSD,2021-06-25T22:52:00Z,0.60775,0.60785,0.60775,0.60785,2.5E+4
Kraken:XRPUSD,2021-06-25T22:53:00Z,0.60712,0.60763,0.60712,0.60763,12615.02777981
Kraken:XRPUSD,2021-06-25T22:54:00Z,0.60846,0.60885,0.60747,0.60747,12518.83896
Kraken:XRPUSD,2021-06-25T22:55:00Z,0.6107,0.61105,0.6107,0.61105,49073.85745665
Kraken:XRPUSD,2021-06-25T22:57:00Z,0.60909,0.6091,0.6076,0.6076,35913.48289552
Kraken:XRPUSD,2021-06-25T22:58:00Z,0.60808,0.60808,0.60698,0.60698,645.77176999
Kraken:XRPUSD,2021-06-25T22:59:00Z,0.60669,0.60669,0.60649,0.60649,3506.24743412
Kraken:XRPUSD,2021-06-25T23:00:00Z,0.60679,0.60679,0.60544,0.60544,18802.38421432
Kraken:XRPUSD,2021-06-25T23:01:00Z,0.60688,0.60799,0.60688,0.60799,91.9714
Kraken:XRPUSD,2021-06-25T23:03:00Z,0.60808,0.60808,0.60808,0.60808,3E+2
Kraken:XRPUSD,2021-06-25T23:04:00Z,0.60827,0.60827,0.60827,0.60827,16422.23780419
Kraken:XRPUSD,2021-06-25T23:05:00Z,0.61022,0.61194,0.61022,0.61194,1869.66290395
Kraken:XRPUSD,2021-06-25T23:06:00Z,0.61182,0.61182,0.6115,0.61182,27014.776
Kraken:XRPUSD,2021-06-25T23:08:00Z,0.61149,0.61151,0.61149,0.61151,552.03702916
Kraken:XRPUSD,2021-06-25T23:11:00Z,0.61097,0.61097,0.61097,0.61097,5175.9504
Kraken:XRPUSD,2021-06-25T23:12:00Z,0.61161,0.61161,0.61161,0.61161,19203.57
Kraken:XRPUSD,2021-06-25T23:13:00Z,0.61203,0.61203,0.61203,0.61203,2E+2
Kraken:XRPUSD,2021-06-25T23:17:00Z,0.61207,0.61207,0.61207,0.61207,10329.8661
Kraken:XRPUSD,2021-06-25T23:19:00Z,0.6096,0.6096,0.60922,0.60922,297.587
Kraken:XRPUSD,2021-06-25T23:20:00Z,0.60902,0.60902,0.6083,0.6083,579.8663
Kraken:XRPUSD,2021-06-25T23:21:00Z,0.60941,0.61012,0.60941,0.61012,1409.6832
Kraken:XRPUSD,2021-06-25T23:22:00Z,0.61195,0.61195,0.61195,0.61195,11839.082
Kraken:XRPUSD,2021-06-25T23:23:00Z,0.61319,0.61319,0.61207,0.61207,5001.8
Kraken:XRPUSD,2021-06-25T23:25:00Z,0.61287,0.613,0.61287,0.613,205.11863504
Kraken:XRPUSD,2021-06-25T23:28:00Z,0.61373,0.61373,0.61373,0.61373,19974.35419863
Kraken:XRPUSD,2021-06-25T23:30:00Z,0.61373,0.61373,0.61373,0.61373,31.877
Kraken:XRPUSD,2021-06-25T23:33:00Z,0.61371,0.61371,0.6136,0.6136,14883.81603312
Kraken:XRPUSD,2021-06-25T23:34:00Z,0.6152,0.6153,0.6152,0.6153,1856.758758
Kraken:XRPUSD,2021-06-25T23:35:00Z,0.616,0.61692,0.616,0.61692,20776.5058
Kraken:XRPUSD,2021-06-25T23:36:00Z,0.61679,0.61679,0.61679,0.61679,1999.99999995
Kraken:XRPUSD,2021-06-25T23:37:00Z,0.61838,0.61841,0.61838,0.61841,435.31045746
Kraken:XRPUSD,2021-06-25T23:38:00Z,0.61783,0.61853,0.61783,0.61853,1920.06388897
Kraken:XRPUSD,2021-06-25T23:40:00Z,0.61816,0.61816,0.61816,0.61816,5E+2
Kraken:XRPUSD,2021-06-25T23:41:00Z,0.61923,0.61923,0.61823,0.61823,3092.0301859
Kraken:XRPUSD,2021-06-25T23:42:00Z,0.61837,0.6187,0.61837,0.6187,12323.99045747
Kraken:XRPUSD,2021-06-25T23:43:00Z,0.61861,0.61861,0.61861,0.61861,4297.29423472
Kraken:XRPUSD,2021-06-25T23:50:00Z,0.61833,0.61833,0.61833,0.61833,1130.29300258
Kraken:XRPUSD,2021-06-25T23:51:00Z,0.61739,0.61739,0.61739,0.61739,9591
Kraken:XRPUSD,2021-06-25T23:52:00Z,0.61681,0.61681,0.61681,0.61681,14047.511
Kraken:XRPUSD,2021-06-25T23:53:00Z,0.61576,0.6158,0.61519,0.6158,2554.0534071
Kraken:XRPUSD,2021-06-25T23:57:00Z,0.61453,0.61453,0.61444,0.61444,77.48410264
Kraken:XRPUSD,2021-06-25T23:58:00Z,0.61332,0.6138,0.61331,0.61331,2350.99749653
Kraken:XRPUSD,2021-06-25T23:59:00Z,0.61219,0.61219,0.61128,0.61128,1141.69385802
