Kraken:XBTEUR,2019-02-02T00:00:00Z,3000.4,3003.2,3000.2,3000.4,8.31094501
Kraken:XBTEUR,2019-02-02T00:01:00Z,3001.0,3001.0,3001.0,3001.0,0.047
Kraken:XBTEUR,2019-02-02T00:02:00Z,3001.8,3003.8,3001.4,3001.5,1.27154157
Kraken:XBTEUR,2019-02-02T00:03:00Z,3001.5,3002.8,3001.5,3001.5,0.24061603
Kraken:XBTEUR,2019-02-02T00:04:00Z,3001.4,3001.4,3001.0,3001.0,0.2
Kraken:XBTEUR,2019-02-02T00:05:00Z,3001.0,3001.0,3000.7,3000.7,0.34263895
Kraken:XBTEUR,2019-02-02T00:06:00Z,3000.7,3000.8,3000.7,3000.8,0.21633311
Kraken:XBTEUR,2019-02-02T00:07:00Z,3000.7,3000.7,3000.7,3000.7,0.4
Kraken:XBTEUR,2019-02-02T00:08:00Z,3000.7,3000.7,3000.7,3000.7,0.2020637
Kraken:XBTEUR,2019-02-02T00:09:00Z,3000.7,3002.8,3000.7,3000.7,0.41
Kraken:XBTEUR,2019-02-02T00:10:00Z,3000.7,3002.4,3000.7,3000.7,2.42890808
Kraken:XBTEUR,2019-02-02T00:11:00Z,3000.7,3000.7,3000.7,3000.7,0.2
Kraken:XBTEUR,2019-02-02T00:12:00Z,3000.7,3001.6,3000.7,3001.6,0.10283527
Kraken:XBTEUR,2019-02-02T00:13:00Z,3000.7,3004.3,3000.7,3004.3,6.16307923
Kraken:XBTEUR,2019-02-02T00:14:00Z,3001.5,3001.7,3001.5,3001.7,0.3
Kraken:XBTEUR,2019-02-02T00:15:00Z,3001.7,3001.7,3001.7,3001.7,0.2
Kraken:XBTEUR,2019-02-02T00:16:00Z,3002.0,3002.0,3001.9,3001.9,0.37
Kraken:XBTEUR,2019-02-02T00:17:00Z,3002.3,3002.4,3002.3,3002.4,1.049518
Kraken:XBTEUR,2019-02-02T00:18:00Z,3003.0,3003.0,3001.9,3001.9,0.28887728
Kraken:XBTEUR,2019-02-02T00:19:00Z,3001.9,3002.9,3001.9,3001.9,0.25129448
Kraken:XBTEUR,2019-02-02T00:20:00Z,3002.0,3002.9,3002.0,3002.4,0.2367294
Kraken:XBTEUR,2019-02-02T00:21:00Z,3002.4,3002.4,3002.1,3002.1,0.20287233
Kraken:XBTEUR,2019-02-02T00:22:00Z,3002.9,3002.9,3002.1,3002.9,0.25744469
Kraken:XBTEUR,2019-02-02T00:23:00Z,3002.1,3002.9,3002.1,3002.3,0.38413393
Kraken:XBTEUR,2019-02-02T00:24:00Z,3002.9,3002.9,3002.1,3002.1,0.0390951
Kraken:XBTEUR,2019-02-02T00:25:00Z,3002.1,3002.9,3002.1,3002.8,0.31193995
Kraken:XBTEUR,2019-02-02T00:26:00Z,3002.3,3002.7,3001.3,3001.3,0.2621505
Kraken:XBTEUR,2019-02-02T00:27:00Z,3001.0,3001.0,3001.0,3001.0,0.2
Kraken:XBTEUR,2019-02-02T00:28:00Z,3000.8,3001.8,3000.8,3001.8,0.31
Kraken:XBTEUR,2019-02-02T00:29:00Z,3001.8,3001.8,3000.8,3001.8,0.71368042
Kraken:XBTEUR,2019-02-02T00:30:00Z,3001.8,3001.8,3000.7,3001.8,1.0605017
Kraken:XBTEUR,2019-02-02T00:31:00Z,3000.9,3000.9,3000.9,3000.9,0.76431558
Kraken:XBTEUR,2019-02-02T00:32:00Z,3000.9,3001.8,3000.9,3001.7,0.15910797
Kraken:XBTEUR,2019-02-02T00:33:00Z,3000.5,3001.7,3000.5,3001.7,0.29065387
Kraken:XBTEUR,2019-02-02T00:34:00Z,2999.3,3001.5,2999.1,3001.5,0.02203538
Kraken:XBTEUR,2019-02-02T00:36:00Z,3000.8,3000.8,3000.8,3000.8,0.01409869
Kraken:XBTEUR,2019-02-02T00:37:00Z,3000.5,3000.5,3000.5,3000.5,0.03199811
Kraken:XBTEUR,2019-02-02T00:38:00Z,3000.5,3000.5,3000.5,3000.5,0.02346
Kraken:XBTEUR,2019-02-02T00:39:00Z,3000.4,3000.4,3000.3,3000.3,0.3410085
Kraken:XBTEUR,2019-02-02T00:40:00Z,3000.3,3002.1,3000.3,3002.1,0.22692502
Kraken:XBTEUR,2019-02-02T00:41:00Z,3001.0,3001.0,3001.0,3001.0,0.2
Kraken:XBTEUR,2019-02-02T00:42:00Z,3000.4,3000.5,3000.4,3000.5,0.12159422
Kraken:XBTEUR,2019-02-02T00:43:00Z,3000.5,3000.9,3000.4,3000.9,0.2079904
Kraken:XBTEUR,2019-02-02T00:44:00Z,3000.1,3000.1,3000.1,3000.1,0.1
Kraken:XBTEUR,2019-02-02T00:45:00Z,2999.3,2999.3,2999.3,2999.3,0.06027327
Kraken:XBTEUR,2019-02-02T00:46:00Z,2999.0,2999.1,2997.4,2999.1,10.08327819
Kraken:XBTEUR,2019-02-02T00:47:00Z,2998.1,2998.2,2997.4,2997.9,0.221
Kraken:XBTEUR,2019-02-02T00:48:00Z,2998.0,2998.8,2998.0,2998.0,0.30366401
Kraken:XBTEUR,2019-02-02T00:49:00Z,2999.0,2999.0,2999.0,2999.0,0.0024
Kraken:XBTEUR,2019-02-02T00:51:00Z,2998.9,2998.9,2998.9,2998.9,0.16629544
Kraken:XBTEUR,2019-02-02T00:52:00Z,2998.8,2998.8,2994.5,2994.9,3.22894855
Kraken:XBTEUR,2019-02-02T00:53:00Z,2997.5,2997.5,2993.0,2996.5,10.13170731
Kraken:XBTEUR,2019-02-02T00:54:00Z,2996.3,2996.4,2995.5,2995.5,0.14075758
Kraken:XBTEUR,2019-02-02T00:55:00Z,2994.5,2995.9,2994.5,2995.9,0.2976
Kraken:XBTEUR,2019-02-02T00:56:00Z,2995.9,2996.0,2995.9,2995.9,1.70795015
Kraken:XBTEUR,2019-02-02T00:58:00Z,2995.9,2995.9,2995.9,2995.9,0.0101
Kraken:XBTEUR,2019-02-02T00:59:00Z,2995.8,2995.9,2995.8,2995.9,0.0168
Kraken:XBTEUR,2019-02-02T01:04:00Z,2994.1,2994.1,2994.0,2994.0,0.1624363
Kraken:XBTEUR,2019-02-02T01:05:00Z,2994.8,2994.8,2994.8,2994.8,0.1645015
Kraken:XBTEUR,2019-02-02T01:08:00Z,2996.0,2996.0,2996.0,2996.0,0.0506431
Kraken:XBTEUR,2019-02-02T01:10:00Z,2995.5,2995.8,2995.5,2995.8,0.0146
Kraken:XBTEUR,2019-02-02T01:12:00Z,2995.5,2995.5,2995.5,2995.5,0.01028185
Kraken:XBTEUR,2019-02-02T01:18:00Z,2995.5,2995.5,2995.5,2995.5,0.08848896
Kraken:XBTEUR,2019-02-02T01:20:00Z,2995.5,2996.0,2995.5,2996.0,0.14388662
Kraken:XBTEUR,2019-02-02T01:22:00Z,2996.0,2996.0,2996.0,2996.0,0.08470266
Kraken:XBTEUR,2019-02-02T01:23:00Z,2995.9,2995.9,2995.9,2995.9,0.05841121
Kraken:XBTEUR,2019-02-02T01:24:00Z,2996.0,2996.0,2995.8,2995.8,0.12950975
Kraken:XBTEUR,2019-02-02T01:25:00Z,2995.9,2995.9,2995.9,2995.9,0.0487322
Kraken:XBTEUR,2019-02-02T01:26:00Z,2995.9,2995.9,2995.8,2995.8,1.74570557
Kraken:XBTEUR,2019-02-02T01:27:00Z,2995.9,2995.9,2995.9,2995.9,0.02714
Kraken:XBTEUR,2019-02-02T01:28:00Z,2995.9,2995.9,2995.9,2995.9,0.08642144
Kraken:XBTEUR,2019-02-02T01:30:00Z,2995.9,2995.9,2995.9,2995.9,0.33585003
Kraken:XBTEUR,2019-02-02T01:33:00Z,2995.9,2995.9,2995.9,2995.9,3.62705153
Kraken:XBTEUR,2019-02-02T01:34:00Z,2995.9,2995.9,2995.9,2995.9,0.03651796
Kraken:XBTEUR,2019-02-02T01:35:00Z,2995.9,2995.9,2995.9,2995.9,0.39336358
Kraken:XBTEUR,2019-02-02T01:36:00Z,2995.9,2995.9,2995.5,2995.5,0.34662
Kraken:XBTEUR,2019-02-02T01:37:00Z,2995.7,2995.7,2995.6,2995.6,0.13513931
Kraken:XBTEUR,2019-02-02T01:38:00Z,2995.6,2995.6,2995.6,2995.6,0.01704
Kraken:XBTEUR,2019-02-02T01:40:00Z,2995.6,2995.6,2995.6,2995.6,0.01229191
Kraken:XBTEUR,2019-02-02T01:41:00Z,2995.6,2995.6,2995.6,2995.6,0.0152824
Kraken:XBTEUR,2019-02-02T01:42:00Z,2995.6,2995.6,2995.5,2995.6,0.18822511
Kraken:XBTEUR,2019-02-02T01:43:00Z,2995.5,2995.5,2995.5,2995.5,0.21273364
Kraken:XBTEUR,2019-02-02T01:44:00Z,2995.5,2995.5,2992.6,2992.6,0.47929529
Kraken:XBTEUR,2019-02-02T01:46:00Z,2993.3,2993.3,2993.3,2993.3,0.10909999
Kraken:XBTEUR,2019-02-02T01:47:00Z,2993.1,2995.1,2993.1,2995.1,0.05602621
Kraken:XBTEUR,2019-02-02T01:48:00Z,2993.8,2994.7,2993.8,2994.7,0.15605323
Kraken:XBTEUR,2019-02-02T01:49:00Z,2994.6,2995.0,2994.6,2995.0,0.03839587
Kraken:XBTEUR,2019-02-02T01:50:00Z,2995.0,2995.0,2995.0,2995.0,0.11097562
Kraken:XBTEUR,2019-02-02T01:51:00Z,2995.0,2995.0,2995.0,2995.0,5.72740992
Kraken:XBTEUR,2019-02-02T01:52:00Z,2995.0,2995.0,2995.0,2995.0,0.57419875
Kraken:XBTEUR,2019-02-02T01:54:00Z,2994.9,2994.9,2994.9,2994.9,0.03711549
Kraken:XBTEUR,2019-02-02T01:55:00Z,2995.0,2995.0,2995.0,2995.0,0.58581799
Kraken:XBTEUR,2019-02-02T01:56:00Z,2995.0,2995.0,2995.0,2995.0,0.46814049
Kraken:XBTEUR,2019-02-02T01:57:00Z,2995.0,2996.0,2995.0,2996.0,0.47087
Kraken:XBTEUR,2019-02-02T01:58:00Z,2996.0,2996.0,2996.0,2996.0,0.00303499
Kraken:XBTEUR,2019-02-02T01:59:00Z,2995.0,2995.0,2994.5,2994.8,2.07864982
Kraken:XBTEUR,2019-02-02T02:00:00Z,2993.8,2994.5,2993.8,2994.5,0.08862175
Kraken:XBTEUR,2019-02-02T02:02:00Z,2995.2,2995.2,2995.2,2995.2,0.00944254
Kraken:XBTEUR,2019-02-02T02:04:00Z,2995.0,2995.0,2994.9,2994.9,0.09013
Kraken:XBTEUR,2019-02-02T02:05:00Z,2995.6,2995.9,2995.6,2995.9,0.0167373
Kraken:XBTEUR,2019-02-02T02:06:00Z,2995.9,2996.0,2995.8,2995.8,1.99131766
Kraken:XBTEUR,2019-02-02T02:08:00Z,2995.8,2995.8,2995.8,2995.8,0.07839808
Kraken:XBTEUR,2019-02-02T02:09:00Z,2995.1,2995.1,2994.9,2994.9,0.98994717
Kraken:XBTEUR,2019-02-02T02:10:00Z,2995.8,2995.8,2995.8,2995.8,0.22926483
Kraken:XBTEUR,2019-02-02T02:11:00Z,2995.8,2995.8,2995.7,2995.7,0.01243406
Kraken:XBTEUR,2019-02-02T02:12:00Z,2995.8,2995.8,2995.8,2995.8,0.08050896
Kraken:XBTEUR,2019-02-02T02:16:00Z,2995.7,2995.7,2995.7,2995.7,0.00580313
Kraken:XBTEUR,2019-02-02T02:19:00Z,2995.8,2995.8,2995.8,2995.8,0.07655457
Kraken:XBTEUR,2019-02-02T02:20:00Z,2995.8,2995.8,2995.8,2995.8,0.05358853
Kraken:XBTEUR,2019-02-02T02:21:00Z,2995.8,2995.8,2995.8,2995.8,0.006
Kraken:XBTEUR,2019-02-02T02:23:00Z,2995.8,2995.8,2995.8,2995.8,0.33575331
Kraken:XBTEUR,2019-02-02T02:24:00Z,2996.0,2996.0,2996.0,2996.0,0.06525679
Kraken:XBTEUR,2019-02-02T02:25:00Z,2995.9,2996.0,2995.9,2996.0,0.1607185
Kraken:XBTEUR,2019-02-02T02:28:00Z,2996.0,2996.0,2996.0,2996.0,0.07897108
Kraken:XBTEUR,2019-02-02T02:29:00Z,2995.9,2995.9,2995.9,2995.9,0.03267282
Kraken:XBTEUR,2019-02-02T02:32:00Z,2995.9,2995.9,2995.9,2995.9,0.108702
Kraken:XBTEUR,2019-02-02T02:33:00Z,2995.9,2996.0,2995.9,2996.0,0.52080888
Kraken:XBTEUR,2019-02-02T02:34:00Z,2996.0,2996.0,2996.0,2996.0,0.36453952
Kraken:XBTEUR,2019-02-02T02:35:00Z,2996.1,2996.1,2996.1,2996.1,0.13790462
Kraken:XBTEUR,2019-02-02T02:38:00Z,2997.6,2997.6,2997.6,2997.6,0.04929646
Kraken:XBTEUR,2019-02-02T02:41:00Z,2998.1,2998.1,2998.1,2998.1,0.11642276
Kraken:XBTEUR,2019-02-02T02:49:00Z,2999.2,2999.2,2999.2,2999.2,0.02286
Kraken:XBTEUR,2019-02-02T02:50:00Z,2999.0,2999.0,2998.9,2998.9,0.06547694
Kraken:XBTEUR,2019-02-02T02:51:00Z,2998.9,2999.7,2998.9,2999.7,0.04103815
Kraken:XBTEUR,2019-02-02T02:53:00Z,2999.5,2999.5,2999.5,2999.5,0.03
Kraken:XBTEUR,2019-02-02T02:54:00Z,2999.6,2999.6,2999.6,2999.6,0.0028833
Kraken:XBTEUR,2019-02-02T02:55:00Z,2999.6,2999.6,2999.6,2999.6,0.04783793
Kraken:XBTEUR,2019-02-02T02:57:00Z,2999.6,2999.6,2998.9,2998.9,0.04636
Kraken:XBTEUR,2019-02-02T02:58:00Z,2999.5,2999.6,2999.5,2999.6,0.44784064
Kraken:XBTEUR,2019-02-02T02:59:00Z,2999.5,2999.7,2999.5,2999.7,0.59102
Kraken:XBTEUR,2019-02-02T03:01:00Z,2999.4,2999.6,2998.5,2999.6,0.73386
Kraken:XBTEUR,2019-02-02T03:02:00Z,2999.4,2999.4,2999.4,2999.4,0.0407232
Kraken:XBTEUR,2019-02-02T03:03:00Z,2999.3,2999.3,2998.2,2998.2,0.74578946
Kraken:XBTEUR,2019-02-02T03:05:00Z,2998.4,2998.4,2998.4,2998.4,0.595
Kraken:XBTEUR,2019-02-02T03:07:00Z,2998.6,2998.6,2998.6,2998.6,0.13162082
Kraken:XBTEUR,2019-02-02T03:08:00Z,2998.5,2998.5,2998.3,2998.3,0.56838263
Kraken:XBTEUR,2019-02-02T03:11:00Z,2998.3,2999.1,2998.3,2999.1,0.99682944
Kraken:XBTEUR,2019-02-02T03:12:00Z,2998.8,2998.8,2998.8,2998.8,0.076082
Kraken:XBTEUR,2019-02-02T03:13:00Z,2998.6,2999.5,2998.3,2998.3,7.630395
Kraken:XBTEUR,2019-02-02T03:14:00Z,2998.5,2999.3,2998.5,2999.3,0.76982504
Kraken:XBTEUR,2019-02-02T03:16:00Z,2999.9,2999.9,2999.9,2999.9,0.026882
Kraken:XBTEUR,2019-02-02T03:17:00Z,2998.9,2999.0,2998.9,2999.0,0.07289866
Kraken:XBTEUR,2019-02-02T03:18:00Z,2999.8,2999.8,2999.4,2999.4,0.105267
Kraken:XBTEUR,2019-02-02T03:19:00Z,2998.7,2998.7,2998.7,2998.7,0.002
Kraken:XBTEUR,2019-02-02T03:21:00Z,2999.3,2999.4,2999.3,2999.4,0.006452
Kraken:XBTEUR,2019-02-02T03:22:00Z,3000.2,3000.2,2999.3,2999.3,0.00662
Kraken:XBTEUR,2019-02-02T03:25:00Z,3000.5,3000.5,3000.5,3000.5,0.1370335
Kraken:XBTEUR,2019-02-02T03:26:00Z,2999.4,2999.4,2999.4,2999.4,0.00289759
Kraken:XBTEUR,2019-02-02T03:28:00Z,3000.4,3000.4,3000.4,3000.4,0.20289759
Kraken:XBTEUR,2019-02-02T03:29:00Z,3000.5,3000.5,3000.4,3000.4,0.27850384
Kraken:XBTEUR,2019-02-02T03:30:00Z,3000.5,3000.5,3000.4,3000.4,0.72594858
Kraken:XBTEUR,2019-02-02T03:31:00Z,3000.4,3000.4,3000.4,3000.4,0.3
Kraken:XBTEUR,2019-02-02T03:32:00Z,3001.0,3001.0,3001.0,3001.0,0.10857
Kraken:XBTEUR,2019-02-02T03:33:00Z,3000.1,3000.1,3000.1,3000.1,0.3
Kraken:XBTEUR,2019-02-02T03:34:00Z,3000.8,3000.8,3000.8,3000.8,0.036084
Kraken:XBTEUR,2019-02-02T03:35:00Z,3000.7,3000.7,3000.6,3000.6,0.30398866
Kraken:XBTEUR,2019-02-02T03:36:00Z,2999.1,3000.7,2999.1,2999.7,0.24692
Kraken:XBTEUR,2019-02-02T03:37:00Z,3000.7,3000.7,3000.3,3000.3,1.1086
Kraken:XBTEUR,2019-02-02T03:38:00Z,2999.1,2999.1,2999.1,2999.1,0.001
Kraken:XBTEUR,2019-02-02T03:40:00Z,3000.0,3000.0,3000.0,3000.0,0.00668515
Kraken:XBTEUR,2019-02-02T03:41:00Z,2999.6,2999.6,2999.6,2999.6,2.5
Kraken:XBTEUR,2019-02-02T03:42:00Z,3000.7,3000.7,3000.7,3000.7,0.06364805
Kraken:XBTEUR,2019-02-02T03:46:00Z,2999.9,2999.9,2999.9,2999.9,0.03
Kraken:XBTEUR,2019-02-02T03:47:00Z,2999.9,3001.0,2999.9,3000.6,1.10787717
Kraken:XBTEUR,2019-02-02T03:48:00Z,2999.0,2999.0,2999.0,2999.0,0.001
Kraken:XBTEUR,2019-02-02T03:49:00Z,3000.5,3000.5,3000.5,3000.5,0.0425835
Kraken:XBTEUR,2019-02-02T03:51:00Z,3000.5,3000.5,3000.5,3000.5,0.09023956
Kraken:XBTEUR,2019-02-02T03:52:00Z,3000.4,3000.4,3000.4,3000.4,0.24423828
Kraken:XBTEUR,2019-02-02T03:54:00Z,3000.2,3000.2,3000.1,3000.1,0.1
Kraken:XBTEUR,2019-02-02T03:55:00Z,3000.1,3000.1,3000.1,3000.1,0.1
Kraken:XBTEUR,2019-02-02T03:56:00Z,3000.8,3000.8,3000.8,3000.8,1.36768734
Kraken:XBTEUR,2019-02-02T03:57:00Z,3000.7,3000.7,3000.7,3000.7,0.047631
Kraken:XBTEUR,2019-02-02T03:58:00Z,3000.7,3000.7,3000.4,3000.4,0.103198
Kraken:XBTEUR,2019-02-02T04:00:00Z,2999.6,2999.6,2999.6,2999.6,0.07036812
Kraken:XBTEUR,2019-02-02T04:01:00Z,2999.5,2999.5,2999.5,2999.5,0.002
Kraken:XBTEUR,2019-02-02T04:04:00Z,2999.6,3000.5,2999.6,3000.5,0.106508
Kraken:XBTEUR,2019-02-02T04:05:00Z,3000.5,3000.8,3000.5,3000.8,0.17659185
Kraken:XBTEUR,2019-02-02T04:06:00Z,3000.5,3000.5,3000.5,3000.5,0.3
Kraken:XBTEUR,2019-02-02T04:07:00Z,3000.8,3000.8,3000.6,3000.6,0.17
Kraken:XBTEUR,2019-02-02T04:08:00Z,3000.6,3000.8,3000.6,3000.7,0.406
Kraken:XBTEUR,2019-02-02T04:09:00Z,3000.7,3000.7,3000.7,3000.7,0.33425
Kraken:XBTEUR,2019-02-02T04:10:00Z,3000.8,3003.7,3000.7,3003.7,8.1
Kraken:XBTEUR,2019-02-02T04:11:00Z,3000.8,3001.4,3000.8,3001.3,1.137
Kraken:XBTEUR,2019-02-02T04:12:00Z,3001.4,3001.4,3001.2,3001.2,0.137
Kraken:XBTEUR,2019-02-02T04:15:00Z,3000.0,3000.0,3000.0,3000.0,0.4
Kraken:XBTEUR,2019-02-02T04:16:00Z,3000.0,3001.9,3000.0,3001.9,3.1
Kraken:XBTEUR,2019-02-02T04:17:00Z,3000.4,3000.4,2999.7,2999.7,0.18120617
Kraken:XBTEUR,2019-02-02T04:19:00Z,3000.4,3000.4,3000.4,3000.4,0.07978751
Kraken:XBTEUR,2019-02-02T04:20:00Z,3000.4,3000.4,3000.4,3000.4,0.00283856
Kraken:XBTEUR,2019-02-02T04:21:00Z,3000.4,3002.5,2999.9,2999.9,15.3317
Kraken:XBTEUR,2019-02-02T04:23:00Z,2999.2,2999.2,2998.9,2998.9,0.58449898
Kraken:XBTEUR,2019-02-02T04:24:00Z,2999.0,2999.0,2999.0,2999.0,0.009894
Kraken:XBTEUR,2019-02-02T04:25:00Z,2998.2,2998.9,2998.2,2998.9,0.09074268
Kraken:XBTEUR,2019-02-02T04:27:00Z,2998.3,2998.3,2998.2,2998.2,0.63937997
Kraken:XBTEUR,2019-02-02T04:28:00Z,2998.3,2998.3,2998.3,2998.3,0.53477923
Kraken:XBTEUR,2019-02-02T04:29:00Z,2998.3,2998.3,2998.3,2998.3,0.017869
Kraken:XBTEUR,2019-02-02T04:30:00Z,2998.3,2998.3,2993.9,2993.9,1.29535758
Kraken:XBTEUR,2019-02-02T04:32:00Z,2997.1,2998.3,2997.0,2998.3,0.28503782
Kraken:XBTEUR,2019-02-02T04:33:00Z,2998.3,2998.3,2998.3,2998.3,0.03430455
Kraken:XBTEUR,2019-02-02T04:35:00Z,2998.6,2998.6,2998.5,2998.5,0.05841
Kraken:XBTEUR,2019-02-02T04:36:00Z,2998.6,2998.6,2998.6,2998.6,0.061026
Kraken:XBTEUR,2019-02-02T04:37:00Z,2998.7,2999.1,2998.7,2999.1,0.51975333
Kraken:XBTEUR,2019-02-02T04:38:00Z,2999.1,2999.1,2999.1,2999.1,0.042077
Kraken:XBTEUR,2019-02-02T04:39:00Z,2999.1,2999.1,2999.1,2999.1,0.087333
Kraken:XBTEUR,2019-02-02T04:40:00Z,2999.1,2999.1,2999.1,2999.1,0.04
Kraken:XBTEUR,2019-02-02T04:42:00Z,2999.1,2999.1,2999.1,2999.1,1.76282
Kraken:XBTEUR,2019-02-02T04:43:00Z,2998.5,2998.5,2997.7,2997.7,0.23312
Kraken:XBTEUR,2019-02-02T04:44:00Z,2997.2,2998.2,2997.2,2998.2,0.01061277
Kraken:XBTEUR,2019-02-02T04:46:00Z,2998.6,2998.6,2998.3,2998.3,0.62541
Kraken:XBTEUR,2019-02-02T04:47:00Z,2998.7,2998.7,2998.7,2998.7,0.00327731
Kraken:XBTEUR,2019-02-02T04:48:00Z,2998.2,2998.2,2998.1,2998.1,0.054666
Kraken:XBTEUR,2019-02-02T04:49:00Z,2997.7,2997.7,2997.5,2997.5,1.2604704
Kraken:XBTEUR,2019-02-02T04:50:00Z,2997.7,2997.7,2997.7,2997.7,1.061745
Kraken:XBTEUR,2019-02-02T04:58:00Z,2997.6,2997.6,2997.6,2997.6,0.00995443
Kraken:XBTEUR,2019-02-02T04:59:00Z,2997.5,2997.5,2997.5,2997.5,0.04676872
Kraken:XBTEUR,2019-02-02T05:00:00Z,2997.6,2997.6,2997.6,2997.6,0.006672
Kraken:XBTEUR,2019-02-02T05:01:00Z,2997.1,2997.1,2997.1,2997.1,1
Kraken:XBTEUR,2019-02-02T05:02:00Z,2997.1,2997.7,2997.1,2997.7,0.247
Kraken:XBTEUR,2019-02-02T05:03:00Z,2997.4,2997.4,2997.4,2997.4,0.002
Kraken:XBTEUR,2019-02-02T05:05:00Z,2997.0,2997.1,2997.0,2997.1,2.001
Kraken:XBTEUR,2019-02-02T05:06:00Z,2997.1,2997.1,2997.1,2997.1,0.12640211
Kraken:XBTEUR,2019-02-02T05:09:00Z,2997.0,2997.0,2997.0,2997.0,0.009
Kraken:XBTEUR,2019-02-02T05:10:00Z,2993.3,2993.6,2993.3,2993.6,1.0655952
Kraken:XBTEUR,2019-02-02T05:11:00Z,2993.3,2993.3,2993.3,2993.3,1.9106142
Kraken:XBTEUR,2019-02-02T05:12:00Z,2993.2,2993.2,2993.2,2993.2,0.00930266
Kraken:XBTEUR,2019-02-02T05:13:00Z,2993.3,2993.3,2993.3,2993.3,0.31942277
Kraken:XBTEUR,2019-02-02T05:15:00Z,2993.3,2993.3,2993.3,2993.3,0.0691
Kraken:XBTEUR,2019-02-02T05:16:00Z,2993.2,2993.2,2993.2,2993.2,0.01092846
Kraken:XBTEUR,2019-02-02T05:18:00Z,2993.2,2993.2,2991.8,2991.8,0.21639636
Kraken:XBTEUR,2019-02-02T05:19:00Z,2991.1,2991.1,2991.1,2991.1,0.03514479
Kraken:XBTEUR,2019-02-02T05:20:00Z,2991.0,2991.0,2990.2,2990.2,0.80705559
Kraken:XBTEUR,2019-02-02T05:21:00Z,2990.0,2990.0,2986.2,2986.2,5.02004946
Kraken:XBTEUR,2019-02-02T05:23:00Z,2986.8,2986.8,2986.7,2986.7,0.96510283
Kraken:XBTEUR,2019-02-02T05:24:00Z,2986.7,2986.7,2986.7,2986.7,0.03818
Kraken:XBTEUR,2019-02-02T05:26:00Z,2986.6,2986.6,2985.9,2985.9,0.13954801
Kraken:XBTEUR,2019-02-02T05:27:00Z,2986.0,2986.0,2985.8,2985.8,0.09309192
Kraken:XBTEUR,2019-02-02T05:28:00Z,2985.7,2985.7,2985.7,2985.7,0.00582085
Kraken:XBTEUR,2019-02-02T05:30:00Z,2985.8,2985.8,2985.8,2985.8,0.02661
Kraken:XBTEUR,2019-02-02T05:32:00Z,2985.8,2985.8,2985.7,2985.7,0.57674612
Kraken:XBTEUR,2019-02-02T05:33:00Z,2985.8,2985.8,2985.8,2985.8,0.01946773
Kraken:XBTEUR,2019-02-02T05:34:00Z,2985.8,2985.8,2985.8,2985.8,0.0130216
Kraken:XBTEUR,2019-02-02T05:36:00Z,2985.8,2985.8,2985.8,2985.8,0.01387562
Kraken:XBTEUR,2019-02-02T05:37:00Z,2985.8,2985.8,2985.8,2985.8,0.00369825
Kraken:XBTEUR,2019-02-02T05:38:00Z,2985.8,2987.3,2985.8,2987.3,0.5007
Kraken:XBTEUR,2019-02-02T05:39:00Z,2987.1,2987.1,2987.1,2987.1,0.16687683
Kraken:XBTEUR,2019-02-02T05:40:00Z,2986.8,2986.8,2986.8,2986.8,0.00382282
Kraken:XBTEUR,2019-02-02T05:41:00Z,2987.0,2987.0,2987.0,2987.0,0.07353583
Kraken:XBTEUR,2019-02-02T05:42:00Z,2987.0,2987.0,2982.7,2982.7,13.95602353
Kraken:XBTEUR,2019-02-02T05:44:00Z,2985.9,2986.8,2985.9,2986.8,5.3243
Kraken:XBTEUR,2019-02-02T05:45:00Z,2987.5,2988.1,2985.1,2988.1,3.0762823
Kraken:XBTEUR,2019-02-02T05:46:00Z,2986.6,2988.0,2986.6,2988.0,5.5059
Kraken:XBTEUR,2019-02-02T05:47:00Z,2987.3,2987.3,2987.2,2987.2,0.1194
Kraken:XBTEUR,2019-02-02T05:51:00Z,2985.3,2985.3,2985.3,2985.3,0.10672052
Kraken:XBTEUR,2019-02-02T05:53:00Z,2989.5,2989.6,2989.5,2989.6,0.07971702
Kraken:XBTEUR,2019-02-02T05:54:00Z,2989.6,2989.7,2989.6,2989.7,3.04851627
Kraken:XBTEUR,2019-02-02T05:55:00Z,2991.1,2991.1,2990.6,2990.6,0.13455823
Kraken:XBTEUR,2019-02-02T05:56:00Z,2990.4,2990.4,2990.3,2990.3,0.77548476
Kraken:XBTEUR,2019-02-02T05:57:00Z,2990.3,2990.3,2990.3,2990.3,0.216409
Kraken:XBTEUR,2019-02-02T05:58:00Z,2990.3,2990.3,2990.3,2990.3,1.99481348
Kraken:XBTEUR,2019-02-02T06:00:00Z,2990.4,2990.4,2990.3,2990.3,0.27045746
Kraken:XBTEUR,2019-02-02T06:02:00Z,2989.6,2989.6,2989.6,2989.6,3
Kraken:XBTEUR,2019-02-02T06:03:00Z,2990.5,2990.5,2990.4,2990.4,0.29821
Kraken:XBTEUR,2019-02-02T06:04:00Z,2990.5,2990.5,2988.7,2988.7,4.94978926
Kraken:XBTEUR,2019-02-02T06:05:00Z,2990.5,2990.5,2989.3,2989.3,0.47826472
Kraken:XBTEUR,2019-02-02T06:06:00Z,2988.9,2988.9,2988.6,2988.6,0.57388981
Kraken:XBTEUR,2019-02-02T06:07:00Z,2988.6,2988.6,2988.6,2988.6,1.91652904
Kraken:XBTEUR,2019-02-02T06:08:00Z,2988.6,2988.6,2988.6,2988.6,0.10828319
Kraken:XBTEUR,2019-02-02T06:09:00Z,2988.6,2988.6,2988.5,2988.5,0.21646723
Kraken:XBTEUR,2019-02-02T06:11:00Z,2988.6,2988.6,2988.6,2988.6,1.05829978
Kraken:XBTEUR,2019-02-02T06:12:00Z,2988.6,2988.6,2988.6,2988.6,0.31196932
Kraken:XBTEUR,2019-02-02T06:13:00Z,2988.6,2988.6,2988.6,2988.6,0.11311502
Kraken:XBTEUR,2019-02-02T06:14:00Z,2988.6,2988.6,2988.6,2988.6,0.04881969
Kraken:XBTEUR,2019-02-02T06:15:00Z,2988.6,2988.6,2988.6,2988.6,0.13325223
Kraken:XBTEUR,2019-02-02T06:18:00Z,2988.5,2988.5,2988.5,2988.5,0.41299862
Kraken:XBTEUR,2019-02-02T06:19:00Z,2987.5,2987.5,2987.5,2987.5,0.00825951
Kraken:XBTEUR,2019-02-02T06:22:00Z,2986.2,2986.2,2986.0,2986.0,0.14387474
Kraken:XBTEUR,2019-02-02T06:23:00Z,2986.0,2986.2,2985.5,2985.5,0.25578913
Kraken:XBTEUR,2019-02-02T06:24:00Z,2985.9,2985.9,2985.0,2985.5,0.81790617
Kraken:XBTEUR,2019-02-02T06:25:00Z,2985.5,2985.5,2985.5,2985.5,0.00726676
Kraken:XBTEUR,2019-02-02T06:27:00Z,2985.4,2985.4,2985.4,2985.4,0.04742314
Kraken:XBTEUR,2019-02-02T06:28:00Z,2985.2,2985.2,2985.1,2985.1,0.19783496
Kraken:XBTEUR,2019-02-02T06:29:00Z,2984.8,2984.8,2984.8,2984.8,0.03171121
Kraken:XBTEUR,2019-02-02T06:30:00Z,2983.8,2983.8,2983.7,2983.7,0.01353254
Kraken:XBTEUR,2019-02-02T06:31:00Z,2982.5,2984.1,2982.5,2984.1,1.08919607
Kraken:XBTEUR,2019-02-02T06:32:00Z,2983.3,2983.3,2983.2,2983.2,1
Kraken:XBTEUR,2019-02-02T06:33:00Z,2984.0,2984.0,2984.0,2984.0,0.00462558
Kraken:XBTEUR,2019-02-02T06:35:00Z,2983.8,2983.8,2983.8,2983.8,0.08218139
Kraken:XBTEUR,2019-02-02T06:37:00Z,2983.8,2983.8,2983.8,2983.8,0.13421568
Kraken:XBTEUR,2019-02-02T06:38:00Z,2983.8,2983.8,2983.8,2983.8,0.02887187
Kraken:XBTEUR,2019-02-02T06:39:00Z,2983.8,2983.8,2983.8,2983.8,0.40017626
Kraken:XBTEUR,2019-02-02T06:40:00Z,2983.8,2983.8,2983.8,2983.8,0.19252714
Kraken:XBTEUR,2019-02-02T06:41:00Z,2983.8,2983.8,2983.8,2983.8,0.0309
Kraken:XBTEUR,2019-02-02T06:42:00Z,2983.8,2983.8,2983.8,2983.8,0.0039393
Kraken:XBTEUR,2019-02-02T06:44:00Z,2983.8,2983.9,2983.8,2983.8,0.49972057
Kraken:XBTEUR,2019-02-02T06:45:00Z,2984.5,2984.5,2984.0,2984.0,0.01822302
Kraken:XBTEUR,2019-02-02T06:46:00Z,2984.8,2984.8,2984.8,2984.8,0.08738357
Kraken:XBTEUR,2019-02-02T06:47:00Z,2985.0,2985.0,2985.0,2985.0,0.01533785
Kraken:XBTEUR,2019-02-02T06:48:00Z,2985.1,2985.1,2985.1,2985.1,0.73
Kraken:XBTEUR,2019-02-02T06:49:00Z,2985.2,2985.2,2985.2,2985.2,1.2
Kraken:XBTEUR,2019-02-02T06:50:00Z,2985.2,2985.2,2985.2,2985.2,0.1499
Kraken:XBTEUR,2019-02-02T06:51:00Z,2985.2,2985.3,2985.1,2985.1,4.03602089
Kraken:XBTEUR,2019-02-02T06:52:00Z,2983.6,2983.8,2982.8,2982.8,1.25647309
Kraken:XBTEUR,2019-02-02T06:54:00Z,2982.7,2982.7,2982.6,2982.6,0.35549551
Kraken:XBTEUR,2019-02-02T06:55:00Z,2982.6,2982.6,2982.6,2982.6,0.01019127
Kraken:XBTEUR,2019-02-02T06:58:00Z,2983.0,2983.6,2982.9,2982.9,0.34562406
Kraken:XBTEUR,2019-02-02T06:59:00Z,2983.0,2983.0,2983.0,2983.0,0.0128354
Kraken:XBTEUR,2019-02-02T07:01:00Z,2983.1,2983.1,2983.1,2983.1,0.01391433
Kraken:XBTEUR,2019-02-02T07:02:00Z,2983.5,2983.5,2983.5,2983.5,0.06643688
Kraken:XBTEUR,2019-02-02T07:04:00Z,2983.3,2984.9,2983.2,2983.5,3.13955125
Kraken:XBTEUR,2019-02-02T07:05:00Z,2984.1,2984.2,2983.9,2984.2,0.45637636
Kraken:XBTEUR,2019-02-02T07:06:00Z,2984.2,2984.2,2984.2,2984.2,0.53599721
Kraken:XBTEUR,2019-02-02T07:07:00Z,2984.2,2985.3,2984.2,2985.3,0.04716709
Kraken:XBTEUR,2019-02-02T07:08:00Z,2985.3,2985.3,2984.5,2984.5,0.2282
Kraken:XBTEUR,2019-02-02T07:09:00Z,2985.4,2985.4,2985.4,2985.4,0.0627
Kraken:XBTEUR,2019-02-02T07:10:00Z,2985.4,2988.3,2985.4,2988.3,3.18327657
Kraken:XBTEUR,2019-02-02T07:11:00Z,2988.3,2988.3,2988.3,2988.3,0.0327
Kraken:XBTEUR,2019-02-02T07:12:00Z,2989.0,2989.3,2988.2,2988.9,1.49728325
Kraken:XBTEUR,2019-02-02T07:13:00Z,2989.1,2989.2,2989.1,2989.2,0.68327
Kraken:XBTEUR,2019-02-02T07:15:00Z,2989.1,2989.1,2988.9,2989.1,9.9423085
Kraken:XBTEUR,2019-02-02T07:17:00Z,2986.6,2986.6,2986.6,2986.6,0.06942416
Kraken:XBTEUR,2019-02-02T07:20:00Z,2988.0,2988.0,2986.9,2986.9,0.09924368
Kraken:XBTEUR,2019-02-02T07:22:00Z,2987.4,2988.7,2987.4,2987.5,1.00235212
Kraken:XBTEUR,2019-02-02T07:23:00Z,2987.8,2987.8,2987.4,2987.4,0.00590839
Kraken:XBTEUR,2019-02-02T07:24:00Z,2988.6,2988.7,2987.5,2988.7,0.26321553
Kraken:XBTEUR,2019-02-02T07:25:00Z,2987.4,2987.4,2987.4,2987.4,0.47215326
Kraken:XBTEUR,2019-02-02T07:26:00Z,2988.1,2988.1,2987.4,2987.4,0.20926691
Kraken:XBTEUR,2019-02-02T07:27:00Z,2987.6,2987.6,2987.5,2987.5,0.10057048
Kraken:XBTEUR,2019-02-02T07:29:00Z,2987.5,2987.5,2987.5,2987.5,0.02908001
Kraken:XBTEUR,2019-02-02T07:30:00Z,2987.4,2987.5,2987.4,2987.5,0.34471956
Kraken:XBTEUR,2019-02-02T07:31:00Z,2987.5,2987.5,2987.5,2987.5,0.03338601
Kraken:XBTEUR,2019-02-02T07:32:00Z,2987.4,2987.5,2987.1,2987.1,0.49393539
Kraken:XBTEUR,2019-02-02T07:33:00Z,2987.1,2987.1,2987.1,2987.1,1.4330855
Kraken:XBTEUR,2019-02-02T07:34:00Z,2987.1,2987.1,2987.0,2987.0,0.18141528
Kraken:XBTEUR,2019-02-02T07:35:00Z,2988.2,2989.0,2987.1,2988.4,7.14597637
Kraken:XBTEUR,2019-02-02T07:36:00Z,2988.4,2988.6,2988.4,2988.6,0.70424492
Kraken:XBTEUR,2019-02-02T07:37:00Z,2988.4,2988.4,2988.4,2988.4,0.07781142
Kraken:XBTEUR,2019-02-02T07:38:00Z,2988.4,2988.4,2988.4,2988.4,1.15060086
Kraken:XBTEUR,2019-02-02T07:39:00Z,2987.9,2987.9,2987.7,2987.7,0.03533828
Kraken:XBTEUR,2019-02-02T07:40:00Z,2987.7,2987.7,2987.7,2987.7,0.01445171
Kraken:XBTEUR,2019-02-02T07:41:00Z,2987.7,2987.7,2987.3,2987.3,0.31869687
Kraken:XBTEUR,2019-02-02T07:42:00Z,2987.8,2988.6,2987.7,2988.6,2.40335505
Kraken:XBTEUR,2019-02-02T07:43:00Z,2988.6,2988.6,2988.6,2988.6,0.03468658
Kraken:XBTEUR,2019-02-02T07:44:00Z,2988.7,2988.7,2988.6,2988.7,1.11918281
Kraken:XBTEUR,2019-02-02T07:45:00Z,2988.7,2988.7,2987.1,2987.1,5.04945993
Kraken:XBTEUR,2019-02-02T07:46:00Z,2988.3,2988.4,2988.3,2988.4,0.42145617
Kraken:XBTEUR,2019-02-02T07:47:00Z,2988.7,2988.7,2988.7,2988.7,0.18456399
Kraken:XBTEUR,2019-02-02T07:48:00Z,2988.1,2988.5,2988.1,2988.5,0.08820308
Kraken:XBTEUR,2019-02-02T07:49:00Z,2988.5,2988.5,2988.4,2988.5,2.71605484
Kraken:XBTEUR,2019-02-02T07:50:00Z,2988.4,2988.7,2988.3,2988.3,0.05683112
Kraken:XBTEUR,2019-02-02T07:51:00Z,2988.7,2988.7,2988.5,2988.7,0.27883585
Kraken:XBTEUR,2019-02-02T07:52:00Z,2988.6,2988.7,2988.6,2988.7,0.47397349
Kraken:XBTEUR,2019-02-02T07:53:00Z,2988.7,2988.7,2988.7,2988.7,0.328709
Kraken:XBTEUR,2019-02-02T07:54:00Z,2988.7,2988.7,2988.6,2988.7,0.76020864
Kraken:XBTEUR,2019-02-02T07:55:00Z,2988.6,2988.7,2988.6,2988.7,0.127907
Kraken:XBTEUR,2019-02-02T07:56:00Z,2990.0,2990.4,2989.1,2990.4,1.12992737
Kraken:XBTEUR,2019-02-02T07:57:00Z,2990.4,2990.4,2989.1,2990.2,0.19362931
Kraken:XBTEUR,2019-02-02T07:58:00Z,2989.6,2989.6,2989.5,2989.5,0.09292332
Kraken:XBTEUR,2019-02-02T07:59:00Z,2990.1,2990.1,2990.1,2990.1,0.08243425
Kraken:XBTEUR,2019-02-02T08:00:00Z,2990.1,2990.1,2986.7,2986.7,0.77453364
Kraken:XBTEUR,2019-02-02T08:01:00Z,2989.0,2989.0,2986.7,2988.3,0.10119701
Kraken:XBTEUR,2019-02-02T08:02:00Z,2988.3,2988.3,2987.0,2988.3,0.72026653
Kraken:XBTEUR,2019-02-02T08:03:00Z,2987.1,2989.1,2987.1,2989.1,0.05364821
Kraken:XBTEUR,2019-02-02T08:05:00Z,2988.9,2988.9,2987.5,2987.5,0.19909595
Kraken:XBTEUR,2019-02-02T08:06:00Z,2988.9,2988.9,2987.5,2988.9,0.07327194
Kraken:XBTEUR,2019-02-02T08:07:00Z,2988.9,2989.0,2988.8,2989.0,0.36390466
Kraken:XBTEUR,2019-02-02T08:08:00Z,2989.1,2989.2,2988.0,2988.0,2.14697312
Kraken:XBTEUR,2019-02-02T08:09:00Z,2988.2,2988.2,2988.2,2988.2,0.1853
Kraken:XBTEUR,2019-02-02T08:10:00Z,2988.2,2989.0,2988.2,2989.0,0.04696934
Kraken:XBTEUR,2019-02-02T08:11:00Z,2989.0,2989.0,2987.5,2988.8,0.18232949
Kraken:XBTEUR,2019-02-02T08:12:00Z,2988.7,2988.8,2987.5,2987.5,0.56704087
Kraken:XBTEUR,2019-02-02T08:13:00Z,2988.7,2988.7,2987.5,2987.6,0.15118592
Kraken:XBTEUR,2019-02-02T08:14:00Z,2988.6,2988.8,2987.6,2988.8,1.18084204
Kraken:XBTEUR,2019-02-02T08:15:00Z,2988.9,2988.9,2988.9,2988.9,0.06480782
Kraken:XBTEUR,2019-02-02T08:16:00Z,2988.8,2988.8,2988.8,2988.8,0.17436085
Kraken:XBTEUR,2019-02-02T08:17:00Z,2988.8,2988.8,2988.8,2988.8,0.03355288
Kraken:XBTEUR,2019-02-02T08:18:00Z,2988.9,2988.9,2988.8,2988.8,0.11990129
Kraken:XBTEUR,2019-02-02T08:19:00Z,2988.8,2988.9,2988.8,2988.9,0.11972871
Kraken:XBTEUR,2019-02-02T08:20:00Z,2988.9,2988.9,2988.8,2988.8,0.3326197
Kraken:XBTEUR,2019-02-02T08:21:00Z,2988.9,2988.9,2988.8,2988.8,0.22023072
Kraken:XBTEUR,2019-02-02T08:24:00Z,2988.9,2989.9,2988.9,2989.9,0.25716404
Kraken:XBTEUR,2019-02-02T08:25:00Z,2989.4,2989.7,2989.4,2989.7,0.10736388
Kraken:XBTEUR,2019-02-02T08:26:00Z,2988.8,2988.8,2988.0,2988.1,1.8248763
Kraken:XBTEUR,2019-02-02T08:27:00Z,2988.5,2988.5,2988.2,2988.2,0.5962257
Kraken:XBTEUR,2019-02-02T08:28:00Z,2988.3,2988.3,2988.2,2988.3,0.36967052
Kraken:XBTEUR,2019-02-02T08:29:00Z,2988.3,2988.3,2988.2,2988.2,0.33197132
Kraken:XBTEUR,2019-02-02T08:30:00Z,2988.2,2989.2,2988.1,2989.2,0.76777025
Kraken:XBTEUR,2019-02-02T08:32:00Z,2989.2,2989.2,2989.2,2989.2,0.03534286
Kraken:XBTEUR,2019-02-02T08:34:00Z,2988.1,2988.1,2987.5,2987.5,0.78883688
Kraken:XBTEUR,2019-02-02T08:35:00Z,2989.1,2989.1,2989.1,2989.1,0.40705479
Kraken:XBTEUR,2019-02-02T08:36:00Z,2989.1,2989.1,2989.1,2989.1,0.17402903
Kraken:XBTEUR,2019-02-02T08:37:00Z,2988.9,2988.9,2985.4,2985.4,0.61603509
Kraken:XBTEUR,2019-02-02T08:38:00Z,2985.6,2985.6,2985.6,2985.6,0.04085984
Kraken:XBTEUR,2019-02-02T08:39:00Z,2987.3,2987.3,2985.9,2985.9,0.03968327
Kraken:XBTEUR,2019-02-02T08:40:00Z,2985.7,2986.5,2982.5,2982.5,5.50434329
Kraken:XBTEUR,2019-02-02T08:41:00Z,2984.9,2984.9,2984.9,2984.9,0.031826
Kraken:XBTEUR,2019-02-02T08:42:00Z,2984.1,2984.1,2982.9,2982.9,0.07626818
Kraken:XBTEUR,2019-02-02T08:43:00Z,2982.7,2982.8,2982.7,2982.8,0.84442354
Kraken:XBTEUR,2019-02-02T08:44:00Z,2982.8,2982.8,2982.8,2982.8,0.38073931
Kraken:XBTEUR,2019-02-02T08:45:00Z,2982.8,2982.8,2982.7,2982.7,0.67849139
Kraken:XBTEUR,2019-02-02T08:46:00Z,2982.8,2982.8,2982.7,2982.8,1.07672157
Kraken:XBTEUR,2019-02-02T08:47:00Z,2982.8,2983.0,2982.8,2983.0,1.39956914
Kraken:XBTEUR,2019-02-02T08:48:00Z,2982.9,2983.0,2982.9,2983.0,0.17935045
Kraken:XBTEUR,2019-02-02T08:49:00Z,2983.0,2983.0,2983.0,2983.0,0.90610097
Kraken:XBTEUR,2019-02-02T08:50:00Z,2983.0,2985.2,2983.0,2983.5,3.42179811
Kraken:XBTEUR,2019-02-02T08:51:00Z,2985.2,2985.2,2985.2,2985.2,0.5
Kraken:XBTEUR,2019-02-02T08:53:00Z,2986.1,2986.9,2986.1,2986.9,0.18964656
Kraken:XBTEUR,2019-02-02T08:54:00Z,2986.9,2986.9,2986.2,2986.7,0.92444056
Kraken:XBTEUR,2019-02-02T08:55:00Z,2986.7,2986.7,2983.2,2983.2,4.52420582
Kraken:XBTEUR,2019-02-02T08:56:00Z,2983.6,2986.0,2983.6,2983.9,1.94576384
Kraken:XBTEUR,2019-02-02T08:57:00Z,2985.8,2985.8,2983.8,2985.6,1.18014
Kraken:XBTEUR,2019-02-02T08:58:00Z,2986.3,2986.3,2986.3,2986.3,0.01282423
Kraken:XBTEUR,2019-02-02T08:59:00Z,2986.0,2986.8,2985.8,2986.6,0.32211808
Kraken:XBTEUR,2019-02-02T09:00:00Z,2986.2,2986.7,2986.0,2986.7,1.25598999
Kraken:XBTEUR,2019-02-02T09:01:00Z,2986.4,2986.8,2985.9,2985.9,2.78503987
Kraken:XBTEUR,2019-02-02T09:02:00Z,2986.8,2987.4,2986.0,2986.0,2.40253906
Kraken:XBTEUR,2019-02-02T09:03:00Z,2985.8,2986.9,2985.8,2986.7,0.72915055
Kraken:XBTEUR,2019-02-02T09:04:00Z,2985.9,2985.9,2985.9,2985.9,3.58493282
Kraken:XBTEUR,2019-02-02T09:05:00Z,2985.9,2986.1,2985.8,2985.9,4.1710967
Kraken:XBTEUR,2019-02-02T09:06:00Z,2985.9,2985.9,2985.8,2985.8,0.96382752
Kraken:XBTEUR,2019-02-02T09:07:00Z,2985.9,2985.9,2985.9,2985.9,0.07675161
Kraken:XBTEUR,2019-02-02T09:08:00Z,2985.8,2985.9,2985.8,2985.8,0.57397494
Kraken:XBTEUR,2019-02-02T09:09:00Z,2985.8,2985.9,2985.7,2985.7,1.49498301
Kraken:XBTEUR,2019-02-02T09:10:00Z,2985.7,2985.7,2985.6,2985.7,0.12166224
Kraken:XBTEUR,2019-02-02T09:11:00Z,2985.7,2985.7,2983.9,2983.9,2.88318171
Kraken:XBTEUR,2019-02-02T09:12:00Z,2985.6,2987.7,2984.0,2984.7,6.75961549
Kraken:XBTEUR,2019-02-02T09:13:00Z,2987.4,2988.6,2987.4,2988.4,2.39748995
Kraken:XBTEUR,2019-02-02T09:14:00Z,2988.3,2988.3,2987.5,2988.2,1.08500228
Kraken:XBTEUR,2019-02-02T09:15:00Z,2988.9,2988.9,2988.9,2988.9,4.050078
Kraken:XBTEUR,2019-02-02T09:16:00Z,2989.0,2989.8,2989.0,2989.8,2.76421705
Kraken:XBTEUR,2019-02-02T09:17:00Z,2989.8,2990.0,2989.8,2990.0,2.18814424
Kraken:XBTEUR,2019-02-02T09:18:00Z,2990.0,2990.0,2990.0,2990.0,14.850053
Kraken:XBTEUR,2019-02-02T09:19:00Z,2990.0,2990.0,2989.9,2989.9,0.24197956
Kraken:XBTEUR,2019-02-02T09:20:00Z,2990.0,2992.6,2990.0,2991.5,2.78671794
Kraken:XBTEUR,2019-02-02T09:21:00Z,2991.5,2991.5,2990.2,2990.6,0.18879421
Kraken:XBTEUR,2019-02-02T09:22:00Z,2990.3,2991.3,2990.3,2990.3,1.10550826
Kraken:XBTEUR,2019-02-02T09:23:00Z,2991.1,2991.2,2991.0,2991.2,2.89364763
Kraken:XBTEUR,2019-02-02T09:24:00Z,2991.1,2991.1,2990.3,2991.1,0.71817847
Kraken:XBTEUR,2019-02-02T09:25:00Z,2990.3,2991.0,2990.3,2991.0,1.0226856
Kraken:XBTEUR,2019-02-02T09:26:00Z,2992.7,2993.6,2991.8,2991.8,1.95446981
Kraken:XBTEUR,2019-02-02T09:27:00Z,2991.9,2991.9,2991.8,2991.8,3.17501487
Kraken:XBTEUR,2019-02-02T09:28:00Z,2991.8,2991.8,2991.7,2991.7,0.28718996
Kraken:XBTEUR,2019-02-02T09:29:00Z,2991.8,2991.8,2991.8,2991.8,0.19
Kraken:XBTEUR,2019-02-02T09:30:00Z,2991.8,2992.7,2991.8,2992.7,4.31767362
Kraken:XBTEUR,2019-02-02T09:31:00Z,2992.7,2995.1,2992.7,2993.3,3.87790777
Kraken:XBTEUR,2019-02-02T09:32:00Z,2993.9,2994.2,2993.9,2994.0,0.55026839
Kraken:XBTEUR,2019-02-02T09:33:00Z,2993.7,2994.2,2993.7,2994.2,0.148365
Kraken:XBTEUR,2019-02-02T09:34:00Z,2993.7,2994.3,2993.5,2993.5,2.75737875
Kraken:XBTEUR,2019-02-02T09:35:00Z,2994.2,2994.4,2993.7,2993.7,0.0735574
Kraken:XBTEUR,2019-02-02T09:36:00Z,2994.4,2994.4,2993.8,2993.8,1.62495121
Kraken:XBTEUR,2019-02-02T09:37:00Z,2994.2,2994.2,2994.2,2994.2,0.198377
Kraken:XBTEUR,2019-02-02T09:38:00Z,2994.5,2994.5,2994.4,2994.5,0.1140051
Kraken:XBTEUR,2019-02-02T09:39:00Z,2994.4,2994.5,2994.4,2994.5,0.53778539
Kraken:XBTEUR,2019-02-02T09:40:00Z,2994.5,2995.1,2994.5,2995.1,0.08479573
Kraken:XBTEUR,2019-02-02T09:41:00Z,2994.6,2996.7,2994.4,2996.7,1.0565247
Kraken:XBTEUR,2019-02-02T09:42:00Z,2995.1,2996.4,2994.5,2995.2,1.31946339
Kraken:XBTEUR,2019-02-02T09:43:00Z,2994.7,2995.7,2994.6,2995.4,1.26961766
Kraken:XBTEUR,2019-02-02T09:44:00Z,2994.7,2995.3,2994.5,2994.5,0.98776425
Kraken:XBTEUR,2019-02-02T09:45:00Z,2994.8,2994.8,2994.6,2994.6,1.04587656
Kraken:XBTEUR,2019-02-02T09:46:00Z,2994.5,2994.6,2994.5,2994.6,0.16688602
Kraken:XBTEUR,2019-02-02T09:47:00Z,2994.6,2994.6,2994.6,2994.6,0.166967
Kraken:XBTEUR,2019-02-02T09:48:00Z,2994.5,2994.5,2992.3,2992.3,3.20727802
Kraken:XBTEUR,2019-02-02T09:49:00Z,2994.4,2994.5,2992.0,2993.4,7.12077164
Kraken:XBTEUR,2019-02-02T09:50:00Z,2994.9,2994.9,2993.5,2994.8,0.38462446
Kraken:XBTEUR,2019-02-02T09:51:00Z,2994.9,2995.7,2993.5,2995.7,2.3359866
Kraken:XBTEUR,2019-02-02T09:52:00Z,2995.2,2995.2,2995.2,2995.2,0.066722
Kraken:XBTEUR,2019-02-02T09:53:00Z,2995.3,2995.3,2993.7,2995.3,0.17105407
Kraken:XBTEUR,2019-02-02T09:54:00Z,2994.1,2995.8,2994.1,2994.2,1.07388055
Kraken:XBTEUR,2019-02-02T09:55:00Z,2994.2,2995.8,2994.1,2995.8,0.37228977
Kraken:XBTEUR,2019-02-02T09:56:00Z,2995.8,2996.2,2995.1,2995.1,2.50328761
Kraken:XBTEUR,2019-02-02T09:57:00Z,2995.2,2998.1,2995.2,2998.1,3.96329277
Kraken:XBTEUR,2019-02-02T09:58:00Z,2995.6,2998.4,2995.6,2998.4,1.27971928
Kraken:XBTEUR,2019-02-02T09:59:00Z,2998.4,2998.4,2998.1,2998.1,0.1366239
Kraken:XBTEUR,2019-02-02T10:00:00Z,2998.1,2998.1,2998.1,2998.1,0.00642434
Kraken:XBTEUR,2019-02-02T10:01:00Z,2998.5,2998.5,2997.9,2997.9,5.00488288
Kraken:XBTEUR,2019-02-02T10:02:00Z,2997.9,2999.1,2997.9,2998.7,4.42096
Kraken:XBTEUR,2019-02-02T10:03:00Z,2998.9,2999.0,2998.1,2998.9,1.45699538
Kraken:XBTEUR,2019-02-02T10:04:00Z,2998.0,2998.0,2998.0,2998.0,0.1086
Kraken:XBTEUR,2019-02-02T10:05:00Z,2998.0,2998.0,2997.9,2998.0,2.44577014
Kraken:XBTEUR,2019-02-02T10:06:00Z,2998.0,2998.0,2997.9,2998.0,0.17466004
Kraken:XBTEUR,2019-02-02T10:07:00Z,2998.0,2998.0,2997.9,2998.0,0.11383602
Kraken:XBTEUR,2019-02-02T10:08:00Z,2998.0,2999.0,2998.0,2998.8,0.92731078
Kraken:XBTEUR,2019-02-02T10:09:00Z,2998.9,2999.0,2998.0,2998.1,0.327881
Kraken:XBTEUR,2019-02-02T10:10:00Z,2998.8,2998.8,2998.1,2998.6,0.082421
Kraken:XBTEUR,2019-02-02T10:11:00Z,2998.8,2998.8,2997.9,2998.0,2.4528528
Kraken:XBTEUR,2019-02-02T10:12:00Z,2998.5,2999.4,2998.0,2998.0,0.72942274
Kraken:XBTEUR,2019-02-02T10:13:00Z,2999.3,2999.3,2998.0,2999.2,2.01430977
Kraken:XBTEUR,2019-02-02T10:14:00Z,2999.2,2999.7,2998.1,2999.7,0.5826025
Kraken:XBTEUR,2019-02-02T10:15:00Z,2999.8,2999.8,2999.0,2999.8,0.57136017
Kraken:XBTEUR,2019-02-02T10:16:00Z,2999.5,2999.8,2999.5,2999.8,0.09909038
Kraken:XBTEUR,2019-02-02T10:17:00Z,2999.8,3000.6,2999.8,3000.6,4.27648314
Kraken:XBTEUR,2019-02-02T10:18:00Z,3000.5,3000.6,3000.5,3000.6,1.99251504
Kraken:XBTEUR,2019-02-02T10:19:00Z,3000.8,3004.4,3000.7,3002.1,6.21462293
Kraken:XBTEUR,2019-02-02T10:20:00Z,3002.1,3002.4,3000.9,3001.1,1.18769477
Kraken:XBTEUR,2019-02-02T10:21:00Z,3001.8,3001.8,3000.0,3000.0,4.79291302
Kraken:XBTEUR,2019-02-02T10:22:00Z,3000.0,3000.0,3000.0,3000.0,0.38294386
Kraken:XBTEUR,2019-02-02T10:23:00Z,3000.0,3005.6,3000.0,3001.6,17.03496559
Kraken:XBTEUR,2019-02-02T10:24:00Z,3001.6,3003.8,3001.6,3001.6,0.31155152
Kraken:XBTEUR,2019-02-02T10:25:00Z,3003.4,3003.4,3001.6,3001.6,2.44862895
Kraken:XBTEUR,2019-02-02T10:26:00Z,3002.9,3003.1,3001.0,3001.3,2.36553625
Kraken:XBTEUR,2019-02-02T10:27:00Z,3001.5,3002.8,3001.4,3002.4,1.5712489
Kraken:XBTEUR,2019-02-02T10:28:00Z,3002.4,3002.4,3001.0,3001.3,0.6471641
Kraken:XBTEUR,2019-02-02T10:29:00Z,3001.3,3001.3,2999.1,2999.1,1.21606841
Kraken:XBTEUR,2019-02-02T10:30:00Z,3000.7,3000.7,2999.1,3000.6,0.2646675
Kraken:XBTEUR,2019-02-02T10:31:00Z,2999.4,3000.4,2999.3,3000.4,0.57135689
Kraken:XBTEUR,2019-02-02T10:32:00Z,3000.5,3000.5,3000.5,3000.5,0.14645352
Kraken:XBTEUR,2019-02-02T10:34:00Z,3000.4,3000.4,2999.4,3000.4,0.13615663
Kraken:XBTEUR,2019-02-02T10:35:00Z,3000.3,3000.3,3000.3,3000.3,0.38805049
Kraken:XBTEUR,2019-02-02T10:36:00Z,3000.0,3000.0,3000.0,3000.0,0.08663959
Kraken:XBTEUR,2019-02-02T10:37:00Z,3000.0,3001.0,2999.8,3001.0,2.57674669
Kraken:XBTEUR,2019-02-02T10:38:00Z,3001.0,3002.0,3001.0,3001.0,0.54721495
Kraken:XBTEUR,2019-02-02T10:39:00Z,3001.0,3001.5,2999.2,3001.5,6.75867929
Kraken:XBTEUR,2019-02-02T10:40:00Z,3001.2,3001.4,2999.6,3001.4,0.23360262
Kraken:XBTEUR,2019-02-02T10:41:00Z,3001.4,3001.4,3001.4,3001.4,0.11342234
Kraken:XBTEUR,2019-02-02T10:42:00Z,3000.3,3001.8,3000.2,3001.8,0.83784247
Kraken:XBTEUR,2019-02-02T10:43:00Z,3002.6,3003.0,3002.0,3003.0,1.14273039
Kraken:XBTEUR,2019-02-02T10:44:00Z,3003.0,3004.0,3003.0,3004.0,0.158556
Kraken:XBTEUR,2019-02-02T10:45:00Z,3004.2,3004.6,3004.2,3004.6,0.14478478
Kraken:XBTEUR,2019-02-02T10:46:00Z,3003.0,3003.0,3003.0,3003.0,0.02
Kraken:XBTEUR,2019-02-02T10:47:00Z,3005.0,3005.0,3002.5,3004.5,0.280138
Kraken:XBTEUR,2019-02-02T10:48:00Z,3004.0,3004.0,3004.0,3004.0,0.00361904
Kraken:XBTEUR,2019-02-02T10:49:00Z,3002.5,3002.6,3002.1,3002.1,0.4102852
Kraken:XBTEUR,2019-02-02T10:50:00Z,3002.1,3002.1,3002.1,3002.1,0.0922
Kraken:XBTEUR,2019-02-02T10:51:00Z,3002.1,3002.2,3002.1,3002.2,0.16711876
Kraken:XBTEUR,2019-02-02T10:52:00Z,3002.1,3002.1,3002.1,3002.1,1.85396594
Kraken:XBTEUR,2019-02-02T10:53:00Z,3002.1,3002.1,2999.2,2999.9,1.47336142
Kraken:XBTEUR,2019-02-02T10:54:00Z,3001.6,3001.7,3001.0,3001.5,0.22177343
Kraken:XBTEUR,2019-02-02T10:55:00Z,3001.1,3001.1,3001.0,3001.0,0.13615021
Kraken:XBTEUR,2019-02-02T10:56:00Z,3001.0,3001.0,3000.3,3000.8,0.72808836
Kraken:XBTEUR,2019-02-02T10:57:00Z,3000.8,3000.8,2999.2,3000.2,0.25433153
Kraken:XBTEUR,2019-02-02T10:58:00Z,3000.2,3000.3,3000.2,3000.3,0.04588047
Kraken:XBTEUR,2019-02-02T10:59:00Z,3000.1,3000.1,2999.3,2999.3,0.25332263
Kraken:XBTEUR,2019-02-02T11:00:00Z,2999.4,3000.0,2999.4,2999.8,0.48255044
Kraken:XBTEUR,2019-02-02T11:01:00Z,2999.9,2999.9,2999.9,2999.9,0.27288602
Kraken:XBTEUR,2019-02-02T11:02:00Z,3000.1,3000.1,3000.0,3000.0,0.04674598
Kraken:XBTEUR,2019-02-02T11:03:00Z,3000.0,3000.0,3000.0,3000.0,0.15264938
Kraken:XBTEUR,2019-02-02T11:04:00Z,2999.9,3000.0,2999.4,3000.0,0.15469216
Kraken:XBTEUR,2019-02-02T11:05:00Z,3000.0,3000.0,2999.5,2999.6,0.56156853
Kraken:XBTEUR,2019-02-02T11:06:00Z,2999.5,2999.8,2999.5,2999.8,1.19472767
Kraken:XBTEUR,2019-02-02T11:07:00Z,2999.9,3000.3,2999.9,3000.3,0.21117543
Kraken:XBTEUR,2019-02-02T11:08:00Z,3000.3,3000.3,3000.2,3000.3,0.63842298
Kraken:XBTEUR,2019-02-02T11:09:00Z,3000.2,3000.3,3000.1,3000.3,1.02974132
Kraken:XBTEUR,2019-02-02T11:10:00Z,3000.3,3000.3,3000.1,3000.3,0.18247057
Kraken:XBTEUR,2019-02-02T11:11:00Z,3000.3,3000.3,3000.3,3000.3,1.6946375
Kraken:XBTEUR,2019-02-02T11:12:00Z,3000.3,3003.8,3000.2,3003.8,17.0117381
Kraken:XBTEUR,2019-02-02T11:13:00Z,3002.3,3002.3,3000.7,3000.7,0.41892177
Kraken:XBTEUR,2019-02-02T11:14:00Z,3001.6,3001.6,3000.9,3001.2,1.7810108
Kraken:XBTEUR,2019-02-02T11:15:00Z,3001.1,3001.1,3001.0,3001.1,5.420782
Kraken:XBTEUR,2019-02-02T11:16:00Z,3001.0,3001.1,3001.0,3001.1,0.44719358
Kraken:XBTEUR,2019-02-02T11:17:00Z,3001.1,3001.1,3001.0,3001.1,0.47785653
Kraken:XBTEUR,2019-02-02T11:18:00Z,3001.1,3001.1,3001.0,3001.0,0.74889282
Kraken:XBTEUR,2019-02-02T11:19:00Z,3001.0,3001.1,3001.0,3001.1,1.133583
Kraken:XBTEUR,2019-02-02T11:20:00Z,3001.1,3001.1,3001.0,3001.1,2.98487309
Kraken:XBTEUR,2019-02-02T11:21:00Z,3001.1,3001.1,3001.0,3001.0,4.26005963
Kraken:XBTEUR,2019-02-02T11:22:00Z,3001.1,3001.1,3001.0,3001.1,0.07013232
Kraken:XBTEUR,2019-02-02T11:23:00Z,3001.1,3004.2,3001.1,3004.1,3.1569332
Kraken:XBTEUR,2019-02-02T11:24:00Z,3002.2,3004.3,3002.1,3004.3,3.31337545
Kraken:XBTEUR,2019-02-02T11:25:00Z,3003.4,3004.4,3002.5,3003.3,1.93050998
Kraken:XBTEUR,2019-02-02T11:26:00Z,3003.8,3004.4,3003.8,3003.8,0.26830697
Kraken:XBTEUR,2019-02-02T11:27:00Z,3003.8,3003.9,3003.8,3003.8,0.586928
Kraken:XBTEUR,2019-02-02T11:28:00Z,3003.8,3003.9,3003.3,3003.3,0.44751907
Kraken:XBTEUR,2019-02-02T11:29:00Z,3003.3,3003.7,3002.8,3003.7,2.2569337
Kraken:XBTEUR,2019-02-02T11:30:00Z,3003.7,3004.4,3003.7,3004.4,3.61340918
Kraken:XBTEUR,2019-02-02T11:31:00Z,3004.4,3004.4,3004.4,3004.4,0.48921166
Kraken:XBTEUR,2019-02-02T11:32:00Z,3004.4,3004.4,3004.3,3004.3,0.18637928
Kraken:XBTEUR,2019-02-02T11:33:00Z,3004.4,3006.9,3004.4,3006.9,9.12738023
Kraken:XBTEUR,2019-02-02T11:34:00Z,3006.8,3008.7,3006.8,3007.9,1.42052015
Kraken:XBTEUR,2019-02-02T11:35:00Z,3007.9,3008.7,3007.7,3008.3,1.20567129
Kraken:XBTEUR,2019-02-02T11:36:00Z,3008.2,3008.3,3008.2,3008.3,2.26034632
Kraken:XBTEUR,2019-02-02T11:37:00Z,3008.2,3009.3,3008.2,3008.9,6.12834888
Kraken:XBTEUR,2019-02-02T11:38:00Z,3008.9,3008.9,3008.3,3008.7,1.89128015
Kraken:XBTEUR,2019-02-02T11:39:00Z,3008.4,3008.4,3007.0,3007.0,1.18915605
Kraken:XBTEUR,2019-02-02T11:40:00Z,3007.0,3008.0,3007.0,3007.8,0.60905521
Kraken:XBTEUR,2019-02-02T11:41:00Z,3007.5,3007.7,3007.0,3007.7,5.59517577
Kraken:XBTEUR,2019-02-02T11:42:00Z,3008.6,3008.7,3008.6,3008.7,0.07062658
Kraken:XBTEUR,2019-02-02T11:43:00Z,3007.9,3009.2,3007.8,3009.2,0.23502379
Kraken:XBTEUR,2019-02-02T11:44:00Z,3009.2,3009.5,3008.4,3009.5,0.1309707
Kraken:XBTEUR,2019-02-02T11:45:00Z,3009.8,3009.8,3009.6,3009.6,0.27827216
Kraken:XBTEUR,2019-02-02T11:46:00Z,3009.6,3009.6,3009.6,3009.6,11.19565395
Kraken:XBTEUR,2019-02-02T11:47:00Z,3009.6,3009.6,3007.8,3009.3,2.01604351
Kraken:XBTEUR,2019-02-02T11:48:00Z,3007.7,3008.9,3004.7,3004.7,4.68252175
Kraken:XBTEUR,2019-02-02T11:49:00Z,3005.9,3005.9,3002.8,3002.8,0.3378272
Kraken:XBTEUR,2019-02-02T11:50:00Z,3004.2,3004.2,3002.9,3003.9,0.25567119
Kraken:XBTEUR,2019-02-02T11:51:00Z,3003.7,3004.7,3003.6,3003.6,0.21138311
Kraken:XBTEUR,2019-02-02T11:52:00Z,3004.0,3005.3,3004.0,3005.3,0.11926713
Kraken:XBTEUR,2019-02-02T11:53:00Z,3005.3,3007.5,3005.3,3006.7,0.35929919
Kraken:XBTEUR,2019-02-02T11:54:00Z,3007.1,3007.4,3006.5,3007.2,0.87291682
Kraken:XBTEUR,2019-02-02T11:55:00Z,3006.2,3007.4,3006.2,3007.4,0.3201266
Kraken:XBTEUR,2019-02-02T11:56:00Z,3007.3,3007.4,3007.3,3007.4,0.10148903
Kraken:XBTEUR,2019-02-02T11:57:00Z,3007.4,3007.5,3007.4,3007.5,0.11083814
Kraken:XBTEUR,2019-02-02T11:58:00Z,3007.5,3007.5,3007.5,3007.5,0.13754468
Kraken:XBTEUR,2019-02-02T11:59:00Z,3007.4,3007.4,3007.3,3007.3,0.44609149
Kraken:XBTEUR,2019-02-02T12:00:00Z,3007.3,3007.4,3005.7,3007.2,0.51770042
Kraken:XBTEUR,2019-02-02T12:01:00Z,3007.2,3007.2,3007.0,3007.2,0.4749829
Kraken:XBTEUR,2019-02-02T12:02:00Z,3007.2,3007.2,3005.3,3006.6,4.288057
Kraken:XBTEUR,2019-02-02T12:04:00Z,3005.8,3006.0,3005.6,3006.0,2.11153312
Kraken:XBTEUR,2019-02-02T12:05:00Z,3005.6,3005.6,3005.2,3005.3,0.18029011
Kraken:XBTEUR,2019-02-02T12:06:00Z,3005.3,3005.3,3005.3,3005.3,1.05541386
Kraken:XBTEUR,2019-02-02T12:07:00Z,3005.3,3005.3,3005.2,3005.2,0.92128168
Kraken:XBTEUR,2019-02-02T12:08:00Z,3005.3,3005.3,2996.4,3003.5,70.3963256
Kraken:XBTEUR,2019-02-02T12:09:00Z,3003.5,3003.6,3003.5,3003.6,0.08662503
Kraken:XBTEUR,2019-02-02T12:10:00Z,3002.7,3002.7,3002.4,3002.4,0.26461121
Kraken:XBTEUR,2019-02-02T12:11:00Z,3002.3,3002.4,3001.9,3001.9,0.08117216
Kraken:XBTEUR,2019-02-02T12:12:00Z,3001.9,3001.9,3001.9,3001.9,0.11612999
Kraken:XBTEUR,2019-02-02T12:13:00Z,3001.2,3001.7,3001.2,3001.7,0.07519041
Kraken:XBTEUR,2019-02-02T12:14:00Z,3002.2,3002.4,3001.2,3002.0,0.20297191
Kraken:XBTEUR,2019-02-02T12:15:00Z,3002.2,3002.3,3002.2,3002.2,0.2225911
Kraken:XBTEUR,2019-02-02T12:16:00Z,3002.9,3003.2,3002.9,3003.2,0.07754816
Kraken:XBTEUR,2019-02-02T12:17:00Z,3002.2,3002.9,3001.1,3002.8,1.58222479
Kraken:XBTEUR,2019-02-02T12:18:00Z,3002.8,3002.8,3002.3,3002.4,0.45477202
Kraken:XBTEUR,2019-02-02T12:19:00Z,3003.4,3003.5,3002.5,3002.5,0.21297018
Kraken:XBTEUR,2019-02-02T12:20:00Z,3003.5,3003.5,3002.7,3003.1,0.37472939
Kraken:XBTEUR,2019-02-02T12:21:00Z,3002.9,3002.9,3002.5,3002.9,0.25674067
Kraken:XBTEUR,2019-02-02T12:22:00Z,3002.4,3003.5,3002.4,3003.5,0.43465742
Kraken:XBTEUR,2019-02-02T12:23:00Z,3003.5,3003.6,3003.4,3003.6,0.29725071
Kraken:XBTEUR,2019-02-02T12:24:00Z,3003.6,3004.9,3003.5,3004.7,0.28913743
Kraken:XBTEUR,2019-02-02T12:25:00Z,3004.6,3004.7,3003.5,3004.1,2.94627831
Kraken:XBTEUR,2019-02-02T12:26:00Z,3004.0,3004.9,3004.0,3004.9,0.50864538
Kraken:XBTEUR,2019-02-02T12:27:00Z,3003.9,3006.8,3002.7,3006.7,6.20924845
Kraken:XBTEUR,2019-02-02T12:28:00Z,3006.7,3006.9,3006.6,3006.6,0.36058597
Kraken:XBTEUR,2019-02-02T12:29:00Z,3005.2,3005.2,3005.2,3005.2,0.00284952
Kraken:XBTEUR,2019-02-02T12:30:00Z,3004.7,3004.8,3004.7,3004.7,0.11163324
Kraken:XBTEUR,2019-02-02T12:31:00Z,3004.4,3004.6,3003.7,3003.7,0.7455546
Kraken:XBTEUR,2019-02-02T12:33:00Z,3005.0,3005.0,3003.0,3004.8,2.20460923
Kraken:XBTEUR,2019-02-02T12:34:00Z,3003.4,3004.9,3003.2,3004.9,0.78428109
Kraken:XBTEUR,2019-02-02T12:35:00Z,3005.1,3005.1,3003.7,3004.9,0.18189466
Kraken:XBTEUR,2019-02-02T12:36:00Z,3004.7,3004.7,3004.7,3004.7,0.11314083
Kraken:XBTEUR,2019-02-02T12:37:00Z,3004.7,3004.7,3003.7,3004.1,1.7558133
Kraken:XBTEUR,2019-02-02T12:39:00Z,3004.7,3004.7,3004.6,3004.6,2.62587643
Kraken:XBTEUR,2019-02-02T12:40:00Z,3004.7,3006.8,3004.5,3004.5,0.67653535
Kraken:XBTEUR,2019-02-02T12:41:00Z,3006.7,3006.7,3004.9,3005.8,0.58276413
Kraken:XBTEUR,2019-02-02T12:42:00Z,3005.5,3005.6,3003.1,3003.1,1.16807006
Kraken:XBTEUR,2019-02-02T12:43:00Z,3002.5,3005.1,3002.1,3004.5,1.05047089
Kraken:XBTEUR,2019-02-02T12:44:00Z,3004.5,3004.5,3003.1,3003.9,0.03061004
Kraken:XBTEUR,2019-02-02T12:45:00Z,3003.5,3003.5,3003.5,3003.5,0.0165
Kraken:XBTEUR,2019-02-02T12:46:00Z,3003.6,3014.0,3003.6,3014.0,140.46188688
Kraken:XBTEUR,2019-02-02T12:47:00Z,3005.7,3005.7,3004.8,3005.1,2.37595735
Kraken:XBTEUR,2019-02-02T12:48:00Z,3005.0,3007.5,3005.0,3005.5,2.7328242
Kraken:XBTEUR,2019-02-02T12:49:00Z,3005.7,3005.7,3005.7,3005.7,0.01445904
Kraken:XBTEUR,2019-02-02T12:50:00Z,3006.0,3008.7,3006.0,3008.7,0.40595865
Kraken:XBTEUR,2019-02-02T12:51:00Z,3007.4,3007.9,3007.0,3007.9,3.08818469
Kraken:XBTEUR,2019-02-02T12:52:00Z,3007.8,3007.8,3007.8,3007.8,0.0304601
Kraken:XBTEUR,2019-02-02T12:53:00Z,3007.5,3008.3,3007.0,3008.0,0.17172951
Kraken:XBTEUR,2019-02-02T12:54:00Z,3007.8,3007.8,3007.1,3007.8,0.62483068
Kraken:XBTEUR,2019-02-02T12:55:00Z,3006.7,3006.7,3004.2,3004.2,1.45189266
Kraken:XBTEUR,2019-02-02T12:56:00Z,3004.6,3004.6,3003.0,3003.5,0.44276342
Kraken:XBTEUR,2019-02-02T12:57:00Z,3003.5,3004.1,3003.5,3004.1,0.12571781
Kraken:XBTEUR,2019-02-02T12:58:00Z,3003.8,3003.8,3003.7,3003.8,0.99621535
Kraken:XBTEUR,2019-02-02T13:00:00Z,3003.8,3003.8,3003.7,3003.7,0.81350624
Kraken:XBTEUR,2019-02-02T13:01:00Z,3003.7,3003.7,3003.7,3003.7,1.12349386
Kraken:XBTEUR,2019-02-02T13:02:00Z,3003.7,3003.8,3003.7,3003.7,1.20804866
Kraken:XBTEUR,2019-02-02T13:03:00Z,3003.8,3003.8,3003.7,3003.7,1.12576549
Kraken:XBTEUR,2019-02-02T13:04:00Z,3003.7,3003.8,3003.7,3003.8,1.17795221
Kraken:XBTEUR,2019-02-02T13:05:00Z,3003.7,3003.8,3003.7,3003.8,0.16891799
Kraken:XBTEUR,2019-02-02T13:06:00Z,3003.8,3003.8,3003.7,3003.8,0.04176711
Kraken:XBTEUR,2019-02-02T13:07:00Z,3003.8,3003.8,3003.7,3003.7,0.73270474
Kraken:XBTEUR,2019-02-02T13:08:00Z,3003.8,3003.8,3003.7,3003.7,0.20065864
Kraken:XBTEUR,2019-02-02T13:09:00Z,3003.8,3003.8,3003.8,3003.8,0.12635679
Kraken:XBTEUR,2019-02-02T13:10:00Z,3003.7,3003.8,3003.7,3003.8,0.15626916
Kraken:XBTEUR,2019-02-02T13:11:00Z,3003.7,3003.8,3003.7,3003.7,0.64838754
Kraken:XBTEUR,2019-02-02T13:12:00Z,3003.8,3003.8,3003.8,3003.8,0.02173489
Kraken:XBTEUR,2019-02-02T13:13:00Z,3003.7,3003.8,3003.7,3003.8,0.34937122
Kraken:XBTEUR,2019-02-02T13:14:00Z,3003.7,3003.8,3003.7,3003.8,0.47994778
Kraken:XBTEUR,2019-02-02T13:15:00Z,3003.7,3003.8,3003.7,3003.8,0.18411051
Kraken:XBTEUR,2019-02-02T13:16:00Z,3003.8,3003.8,3003.8,3003.8,0.51491926
Kraken:XBTEUR,2019-02-02T13:17:00Z,3003.8,3003.8,3003.7,3003.7,0.18191496
Kraken:XBTEUR,2019-02-02T13:18:00Z,3003.7,3003.7,3003.7,3003.7,0.00220082
Kraken:XBTEUR,2019-02-02T13:19:00Z,3003.8,3003.8,3003.8,3003.8,0.13443284
Kraken:XBTEUR,2019-02-02T13:20:00Z,3003.7,3003.8,3003.7,3003.7,0.31784626
Kraken:XBTEUR,2019-02-02T13:21:00Z,3003.8,3003.8,3003.7,3003.7,0.49251902
Kraken:XBTEUR,2019-02-02T13:22:00Z,3003.8,3003.8,3003.8,3003.8,0.08045808
Kraken:XBTEUR,2019-02-02T13:23:00Z,3003.8,3003.8,3003.7,3003.7,10.3004623
Kraken:XBTEUR,2019-02-02T13:24:00Z,3003.8,3003.8,3003.7,3003.7,0.2681706
Kraken:XBTEUR,2019-02-02T13:25:00Z,3003.7,3003.8,3003.7,3003.8,0.48968742
Kraken:XBTEUR,2019-02-02T13:26:00Z,3003.8,3003.8,3003.7,3003.8,0.40701797
Kraken:XBTEUR,2019-02-02T13:27:00Z,3003.8,3003.8,3003.8,3003.8,0.26385496
Kraken:XBTEUR,2019-02-02T13:28:00Z,3003.8,3003.8,3003.8,3003.8,0.00733014
Kraken:XBTEUR,2019-02-02T13:29:00Z,3003.7,3003.8,3003.7,3003.8,1.05892627
Kraken:XBTEUR,2019-02-02T13:30:00Z,3003.8,3003.8,3003.8,3003.8,0.065083
Kraken:XBTEUR,2019-02-02T13:31:00Z,3003.8,3003.8,3003.7,3003.8,0.06097023
Kraken:XBTEUR,2019-02-02T13:32:00Z,3003.7,3003.8,3003.7,3003.8,0.77138003
Kraken:XBTEUR,2019-02-02T13:33:00Z,3003.8,3003.8,3003.8,3003.8,0.25899421
Kraken:XBTEUR,2019-02-02T13:34:00Z,3003.8,3003.8,3003.8,3003.8,0.25660758
Kraken:XBTEUR,2019-02-02T13:35:00Z,3003.8,3003.8,3003.8,3003.8,0.28851091
Kraken:XBTEUR,2019-02-02T13:36:00Z,3003.8,3003.8,3003.7,3003.8,4.24855517
Kraken:XBTEUR,2019-02-02T13:37:00Z,3003.8,3003.8,3003.1,3003.1,0.29220698
Kraken:XBTEUR,2019-02-02T13:38:00Z,3003.0,3003.1,3002.7,3002.7,0.23203449
Kraken:XBTEUR,2019-02-02T13:39:00Z,3002.7,3002.8,3002.7,3002.8,0.2442315
Kraken:XBTEUR,2019-02-02T13:40:00Z,3002.8,3002.8,3001.8,3001.9,0.44795973
Kraken:XBTEUR,2019-02-02T13:41:00Z,3001.9,3001.9,3001.8,3001.9,0.30042001
Kraken:XBTEUR,2019-02-02T13:42:00Z,3001.9,3001.9,2998.0,2998.0,15.14729512
Kraken:XBTEUR,2019-02-02T13:43:00Z,3000.9,3001.0,2998.1,2998.1,1.04277093
Kraken:XBTEUR,2019-02-02T13:44:00Z,2999.6,2999.6,2998.7,2998.9,0.53548851
Kraken:XBTEUR,2019-02-02T13:45:00Z,2998.8,2999.2,2998.8,2999.2,0.44627189
Kraken:XBTEUR,2019-02-02T13:46:00Z,2998.9,2998.9,2998.8,2998.8,3.1089988
Kraken:XBTEUR,2019-02-02T13:47:00Z,2998.9,2998.9,2998.9,2998.9,0.06640973
Kraken:XBTEUR,2019-02-02T13:48:00Z,2998.9,3001.0,2998.9,3001.0,0.12772327
Kraken:XBTEUR,2019-02-02T13:49:00Z,3000.9,3001.0,3000.9,3001.0,0.06233228
Kraken:XBTEUR,2019-02-02T13:50:00Z,3001.8,3001.8,3000.9,3001.2,1.05952788
Kraken:XBTEUR,2019-02-02T13:51:00Z,3001.8,3001.8,3001.6,3001.6,0.34210531
Kraken:XBTEUR,2019-02-02T13:52:00Z,3001.5,3001.7,3001.2,3001.7,4.84347358
Kraken:XBTEUR,2019-02-02T13:53:00Z,3001.7,3001.7,3001.7,3001.7,0.03530893
Kraken:XBTEUR,2019-02-02T13:54:00Z,3001.7,3001.7,3001.7,3001.7,2.30571853
Kraken:XBTEUR,2019-02-02T13:55:00Z,3001.7,3001.7,2999.1,3001.4,0.63929287
Kraken:XBTEUR,2019-02-02T13:56:00Z,3001.1,3001.1,2999.1,3000.1,0.41870324
Kraken:XBTEUR,2019-02-02T13:57:00Z,2999.6,2999.7,2999.4,2999.4,0.18743141
Kraken:XBTEUR,2019-02-02T13:58:00Z,2999.1,2999.1,2999.0,2999.0,0.39903778
Kraken:XBTEUR,2019-02-02T13:59:00Z,2998.9,2999.0,2998.8,2999.0,8.37002669
Kraken:XBTEUR,2019-02-02T14:00:00Z,3000.1,3000.1,3000.1,3000.1,0.1009839
Kraken:XBTEUR,2019-02-02T14:01:00Z,3000.1,3000.2,2999.1,2999.1,0.71620395
Kraken:XBTEUR,2019-02-02T14:02:00Z,3000.1,3000.1,2999.4,3000.1,1.2980892
Kraken:XBTEUR,2019-02-02T14:03:00Z,2999.5,3000.1,2999.4,3000.1,3.11488305
Kraken:XBTEUR,2019-02-02T14:04:00Z,3000.1,3000.1,2999.1,2999.1,0.73827797
Kraken:XBTEUR,2019-02-02T14:05:00Z,3000.1,3000.1,2999.9,2999.9,0.74933118
Kraken:XBTEUR,2019-02-02T14:06:00Z,2998.8,2999.9,2998.8,2999.9,1.10539772
Kraken:XBTEUR,2019-02-02T14:07:00Z,3000.0,3000.1,3000.0,3000.1,0.73907635
Kraken:XBTEUR,2019-02-02T14:08:00Z,3000.1,3000.1,3000.1,3000.1,0.073907
Kraken:XBTEUR,2019-02-02T14:09:00Z,3000.1,3000.1,3000.0,3000.0,5.14120082
Kraken:XBTEUR,2019-02-02T14:10:00Z,3000.1,3000.1,3000.0,3000.0,0.27558413
Kraken:XBTEUR,2019-02-02T14:11:00Z,3000.1,3000.1,3000.1,3000.1,2.21204201
Kraken:XBTEUR,2019-02-02T14:12:00Z,3000.0,3000.1,3000.0,3000.0,3.30849483
Kraken:XBTEUR,2019-02-02T14:13:00Z,3000.1,3000.1,3000.1,3000.1,0.03284783
Kraken:XBTEUR,2019-02-02T14:14:00Z,3000.0,3000.1,3000.0,3000.1,2.2345022
Kraken:XBTEUR,2019-02-02T14:15:00Z,3000.0,3000.1,3000.0,3000.0,0.54248717
Kraken:XBTEUR,2019-02-02T14:16:00Z,3000.1,3000.1,3000.0,3000.0,0.8023257
Kraken:XBTEUR,2019-02-02T14:17:00Z,3000.1,3000.1,3000.1,3000.1,0.2529635
Kraken:XBTEUR,2019-02-02T14:18:00Z,3000.1,3000.1,2997.0,2997.0,26.35372972
Kraken:XBTEUR,2019-02-02T14:19:00Z,2996.4,2996.4,2995.9,2996.0,3.055572
Kraken:XBTEUR,2019-02-02T14:20:00Z,2996.0,2996.0,2995.9,2996.0,0.83624867
Kraken:XBTEUR,2019-02-02T14:21:00Z,2996.0,2996.6,2996.0,2996.6,2.92794177
Kraken:XBTEUR,2019-02-02T14:22:00Z,2996.0,2996.4,2996.0,2996.0,0.1894693
Kraken:XBTEUR,2019-02-02T14:23:00Z,2996.0,2996.0,2996.0,2996.0,0.26507672
Kraken:XBTEUR,2019-02-02T14:24:00Z,2996.1,2996.1,2996.1,2996.1,1.34835695
Kraken:XBTEUR,2019-02-02T14:25:00Z,2996.1,2996.1,2996.1,2996.1,0.50741314
Kraken:XBTEUR,2019-02-02T14:26:00Z,2996.1,2996.1,2996.0,2996.0,0.92539707
Kraken:XBTEUR,2019-02-02T14:27:00Z,2996.1,2996.1,2996.1,2996.1,0.59537747
Kraken:XBTEUR,2019-02-02T14:28:00Z,2996.1,2997.2,2996.1,2997.2,0.03711918
Kraken:XBTEUR,2019-02-02T14:29:00Z,2997.3,2998.8,2997.3,2998.8,0.13238723
Kraken:XBTEUR,2019-02-02T14:30:00Z,2999.8,2999.8,2998.3,2998.3,0.24037355
Kraken:XBTEUR,2019-02-02T14:31:00Z,2998.5,2999.8,2998.5,2999.7,3.49908252
Kraken:XBTEUR,2019-02-02T14:32:00Z,2999.7,3000.1,2999.7,3000.1,0.2352698
Kraken:XBTEUR,2019-02-02T14:33:00Z,2999.7,2999.8,2999.7,2999.8,0.46625707
Kraken:XBTEUR,2019-02-02T14:34:00Z,2999.8,2999.8,2999.7,2999.7,1.55760018
Kraken:XBTEUR,2019-02-02T14:35:00Z,2999.8,2999.8,2999.8,2999.8,0.25150177
Kraken:XBTEUR,2019-02-02T14:36:00Z,2999.8,2999.8,2999.7,2999.7,1.31455455
Kraken:XBTEUR,2019-02-02T14:37:00Z,2999.7,2999.7,2999.7,2999.7,0.21029091
Kraken:XBTEUR,2019-02-02T14:38:00Z,2999.8,2999.8,2999.7,2999.8,1.31558137
Kraken:XBTEUR,2019-02-02T14:39:00Z,2999.8,2999.8,2999.8,2999.8,11.44680451
Kraken:XBTEUR,2019-02-02T14:40:00Z,2999.7,2999.8,2999.7,2999.8,0.54344351
Kraken:XBTEUR,2019-02-02T14:41:00Z,2999.8,2999.8,2999.7,2999.7,0.21152097
Kraken:XBTEUR,2019-02-02T14:42:00Z,2999.8,2999.8,2999.7,2999.8,0.50837896
Kraken:XBTEUR,2019-02-02T14:43:00Z,2999.8,2999.8,2999.8,2999.8,4.01685
Kraken:XBTEUR,2019-02-02T14:44:00Z,2999.7,2999.8,2999.7,2999.8,0.30370235
Kraken:XBTEUR,2019-02-02T14:45:00Z,2999.8,2999.8,2999.7,2999.8,0.15280995
Kraken:XBTEUR,2019-02-02T14:46:00Z,2999.8,3000.0,2999.7,3000.0,4.32076409
Kraken:XBTEUR,2019-02-02T14:47:00Z,2999.8,3000.0,2999.8,3000.0,1.81603087
Kraken:XBTEUR,2019-02-02T14:48:00Z,3000.0,3000.1,2999.9,2999.9,1.55813972
Kraken:XBTEUR,2019-02-02T14:49:00Z,3000.0,3000.1,3000.0,3000.1,2.77391113
Kraken:XBTEUR,2019-02-02T14:50:00Z,3000.0,3003.0,3000.0,3002.9,12.15798456
Kraken:XBTEUR,2019-02-02T14:51:00Z,3003.9,3005.2,3003.9,3005.0,0.51927
Kraken:XBTEUR,2019-02-02T14:52:00Z,3004.1,3005.0,3003.4,3003.5,1.56924164
Kraken:XBTEUR,2019-02-02T14:53:00Z,3002.3,3002.3,3002.3,3002.3,0.49872286
Kraken:XBTEUR,2019-02-02T14:54:00Z,3002.3,3003.5,3002.3,3002.4,0.59756047
Kraken:XBTEUR,2019-02-02T14:55:00Z,3002.4,3002.4,3001.9,3001.9,8.05120615
Kraken:XBTEUR,2019-02-02T14:56:00Z,3001.9,3002.3,3001.9,3002.1,0.21309405
Kraken:XBTEUR,2019-02-02T14:57:00Z,3002.2,3002.2,3002.2,3002.2,0.00686101
Kraken:XBTEUR,2019-02-02T14:58:00Z,3002.1,3002.4,3002.1,3002.4,5.53881299
Kraken:XBTEUR,2019-02-02T14:59:00Z,3003.4,3004.0,3003.0,3004.0,1.25956017
Kraken:XBTEUR,2019-02-02T15:00:00Z,3003.0,3004.8,3002.2,3002.4,8.01605565
Kraken:XBTEUR,2019-02-02T15:01:00Z,3002.3,3002.4,3002.3,3002.3,0.31962373
Kraken:XBTEUR,2019-02-02T15:02:00Z,3002.4,3002.4,3002.2,3002.2,3.052679
Kraken:XBTEUR,2019-02-02T15:03:00Z,3002.2,3004.4,3002.2,3002.4,2.38389285
Kraken:XBTEUR,2019-02-02T15:04:00Z,3004.2,3004.2,3002.7,3002.7,0.24539557
Kraken:XBTEUR,2019-02-02T15:05:00Z,3002.7,3004.1,3002.0,3004.1,2.79889074
Kraken:XBTEUR,2019-02-02T15:06:00Z,3002.4,3002.4,3002.4,3002.4,0.115903
Kraken:XBTEUR,2019-02-02T15:07:00Z,3002.5,3004.1,3002.5,3004.1,0.10397
Kraken:XBTEUR,2019-02-02T15:08:00Z,3002.6,3004.2,3002.6,3003.1,0.20087285
Kraken:XBTEUR,2019-02-02T15:10:00Z,3003.0,3003.4,3003.0,3003.0,0.06528012
Kraken:XBTEUR,2019-02-02T15:12:00Z,3003.0,3003.1,3002.6,3002.6,0.72580192
Kraken:XBTEUR,2019-02-02T15:13:00Z,3002.6,3002.6,3002.0,3002.0,0.13942852
Kraken:XBTEUR,2019-02-02T15:14:00Z,3002.0,3002.5,2999.6,3002.1,32.56325192
Kraken:XBTEUR,2019-02-02T15:15:00Z,3002.1,3002.1,3002.0,3002.1,0.14326923
Kraken:XBTEUR,2019-02-02T15:16:00Z,3002.0,3002.0,3000.7,3000.7,0.00869439
Kraken:XBTEUR,2019-02-02T15:17:00Z,3002.0,3002.0,3002.0,3002.0,0.01489755
Kraken:XBTEUR,2019-02-02T15:18:00Z,3002.0,3002.0,3002.0,3002.0,0.01031583
Kraken:XBTEUR,2019-02-02T15:19:00Z,3002.0,3002.1,3000.5,3000.5,1.22264695
Kraken:XBTEUR,2019-02-02T15:20:00Z,2999.9,3000.0,2999.9,3000.0,0.26001683
Kraken:XBTEUR,2019-02-02T15:21:00Z,3000.0,3000.0,3000.0,3000.0,0.23304464
Kraken:XBTEUR,2019-02-02T15:22:00Z,3000.0,3000.0,3000.0,3000.0,1.26780888
Kraken:XBTEUR,2019-02-02T15:23:00Z,3000.0,3000.0,3000.0,3000.0,0.31033333
Kraken:XBTEUR,2019-02-02T15:24:00Z,2999.6,2999.6,2999.3,2999.3,0.678457
Kraken:XBTEUR,2019-02-02T15:25:00Z,2999.1,3000.0,2998.2,2998.5,4.17530613
Kraken:XBTEUR,2019-02-02T15:26:00Z,2998.7,2999.7,2997.8,2999.6,3.44748989
Kraken:XBTEUR,2019-02-02T15:27:00Z,2997.8,2999.5,2997.8,2999.5,0.11720274
Kraken:XBTEUR,2019-02-02T15:29:00Z,2998.9,2999.6,2998.9,2999.6,0.11848188
Kraken:XBTEUR,2019-02-02T15:30:00Z,2997.7,2999.6,2997.0,2997.0,1.13711699
Kraken:XBTEUR,2019-02-02T15:31:00Z,2997.1,2998.0,2997.0,2998.0,1.1448558
Kraken:XBTEUR,2019-02-02T15:32:00Z,2997.0,2998.0,2997.0,2997.0,0.57100211
Kraken:XBTEUR,2019-02-02T15:33:00Z,2998.0,2999.2,2997.0,2998.9,0.33881171
Kraken:XBTEUR,2019-02-02T15:34:00Z,2998.8,2998.8,2998.0,2998.0,0.08623165
Kraken:XBTEUR,2019-02-02T15:35:00Z,2997.7,2997.7,2997.2,2997.5,0.33799733
Kraken:XBTEUR,2019-02-02T15:36:00Z,2997.4,2997.5,2997.3,2997.3,0.28737507
Kraken:XBTEUR,2019-02-02T15:37:00Z,2997.2,2997.3,2997.2,2997.3,0.26880546
Kraken:XBTEUR,2019-02-02T15:38:00Z,2997.3,2997.3,2997.2,2997.2,0.037528
Kraken:XBTEUR,2019-02-02T15:39:00Z,2997.2,2997.3,2997.2,2997.3,0.28723129
Kraken:XBTEUR,2019-02-02T15:40:00Z,2997.2,2997.2,2996.1,2996.1,0.07273088
Kraken:XBTEUR,2019-02-02T15:41:00Z,2996.0,2996.0,2994.9,2994.9,1.57322569
Kraken:XBTEUR,2019-02-02T15:42:00Z,2994.5,2994.5,2989.9,2989.9,3.28390178
Kraken:XBTEUR,2019-02-02T15:43:00Z,2990.0,2993.2,2990.0,2990.1,4.14457876
Kraken:XBTEUR,2019-02-02T15:44:00Z,2993.1,2993.1,2990.5,2992.8,0.3110583
Kraken:XBTEUR,2019-02-02T15:45:00Z,2992.8,2992.9,2992.8,2992.9,0.04874133
Kraken:XBTEUR,2019-02-02T15:46:00Z,2992.6,2993.0,2992.6,2993.0,0.19554435
Kraken:XBTEUR,2019-02-02T15:47:00Z,2991.0,2994.0,2991.0,2991.1,11.25012
Kraken:XBTEUR,2019-02-02T15:48:00Z,2992.0,2993.6,2992.0,2992.1,0.67708409
Kraken:XBTEUR,2019-02-02T15:49:00Z,2992.7,2992.9,2990.6,2992.7,0.44174765
Kraken:XBTEUR,2019-02-02T15:50:00Z,2992.0,2992.6,2990.6,2991.7,0.62453481
Kraken:XBTEUR,2019-02-02T15:51:00Z,2990.6,2990.9,2989.9,2990.9,0.12399392
Kraken:XBTEUR,2019-02-02T15:52:00Z,2990.7,2990.9,2989.1,2989.1,6.27362176
Kraken:XBTEUR,2019-02-02T15:53:00Z,2989.5,2991.9,2989.4,2991.8,1.29880055
Kraken:XBTEUR,2019-02-02T15:54:00Z,2991.7,2992.0,2990.1,2990.3,4.69023085
Kraken:XBTEUR,2019-02-02T15:55:00Z,2991.8,2991.8,2990.5,2990.5,0.12679111
Kraken:XBTEUR,2019-02-02T15:56:00Z,2990.5,2990.5,2989.5,2989.5,0.16772279
Kraken:XBTEUR,2019-02-02T15:57:00Z,2989.5,2989.5,2989.2,2989.5,0.63311696
Kraken:XBTEUR,2019-02-02T15:58:00Z,2989.5,2990.5,2989.4,2989.5,1.29630773
Kraken:XBTEUR,2019-02-02T15:59:00Z,2989.6,2990.5,2989.6,2989.6,1.3979845
Kraken:XBTEUR,2019-02-02T16:00:00Z,2990.5,2994.3,2990.0,2994.3,1.41234522
Kraken:XBTEUR,2019-02-02T16:01:00Z,2991.4,2995.2,2991.4,2994.6,0.3014765
Kraken:XBTEUR,2019-02-02T16:02:00Z,2994.5,2994.5,2994.5,2994.5,0.01
Kraken:XBTEUR,2019-02-02T16:03:00Z,2992.6,2994.0,2992.5,2994.0,4.5764351
Kraken:XBTEUR,2019-02-02T16:04:00Z,2992.5,2995.8,2992.5,2992.9,1.484136
Kraken:XBTEUR,2019-02-02T16:05:00Z,2995.1,2995.4,2992.9,2995.3,0.53609113
Kraken:XBTEUR,2019-02-02T16:06:00Z,2995.3,2995.3,2992.9,2994.9,0.48318374
Kraken:XBTEUR,2019-02-02T16:07:00Z,2992.4,2992.4,2992.3,2992.3,0.0374223
Kraken:XBTEUR,2019-02-02T16:08:00Z,2992.3,2993.7,2991.5,2991.5,0.33630776
Kraken:XBTEUR,2019-02-02T16:09:00Z,2991.5,2993.5,2991.5,2992.0,0.37881779
Kraken:XBTEUR,2019-02-02T16:10:00Z,2992.0,2993.1,2991.9,2993.1,0.20940843
Kraken:XBTEUR,2019-02-02T16:12:00Z,2993.2,2993.2,2988.4,2988.4,13.2759277
Kraken:XBTEUR,2019-02-02T16:13:00Z,2988.5,2988.5,2986.8,2987.8,1.0826628
Kraken:XBTEUR,2019-02-02T16:14:00Z,2987.8,2987.8,2986.6,2987.6,0.71148891
Kraken:XBTEUR,2019-02-02T16:15:00Z,2987.7,2988.5,2987.6,2987.9,0.31555751
Kraken:XBTEUR,2019-02-02T16:16:00Z,2988.5,2990.8,2988.5,2990.5,1.90365863
Kraken:XBTEUR,2019-02-02T16:17:00Z,2990.3,2990.3,2989.9,2989.9,0.416456
Kraken:XBTEUR,2019-02-02T16:18:00Z,2989.9,2989.9,2989.2,2989.2,0.0158668
Kraken:XBTEUR,2019-02-02T16:20:00Z,2989.2,2989.8,2988.6,2988.7,1.83220062
Kraken:XBTEUR,2019-02-02T16:21:00Z,2989.7,2989.7,2988.0,2989.6,1.30525973
Kraken:XBTEUR,2019-02-02T16:22:00Z,2989.3,2989.3,2987.8,2988.0,1.65897432
Kraken:XBTEUR,2019-02-02T16:23:00Z,2989.7,2989.7,2988.2,2988.2,0.38159258
Kraken:XBTEUR,2019-02-02T16:24:00Z,2988.8,2990.8,2988.3,2988.6,1.36713947
Kraken:XBTEUR,2019-02-02T16:25:00Z,2988.8,2990.3,2988.6,2990.0,3.18116289
Kraken:XBTEUR,2019-02-02T16:26:00Z,2989.8,2989.8,2988.9,2988.9,0.42361519
Kraken:XBTEUR,2019-02-02T16:27:00Z,2989.8,2989.8,2988.9,2989.7,0.50332659
Kraken:XBTEUR,2019-02-02T16:28:00Z,2989.7,2989.7,2989.1,2989.4,0.61269506
Kraken:XBTEUR,2019-02-02T16:29:00Z,2989.4,2989.8,2989.4,2989.8,0.97547995
Kraken:XBTEUR,2019-02-02T16:30:00Z,2989.7,2989.8,2989.7,2989.7,0.24861139
Kraken:XBTEUR,2019-02-02T16:31:00Z,2989.7,2989.7,2989.7,2989.7,0.138142
Kraken:XBTEUR,2019-02-02T16:32:00Z,2989.7,2989.8,2989.7,2989.8,0.97088635
Kraken:XBTEUR,2019-02-02T16:34:00Z,2989.8,2989.8,2989.7,2989.7,0.07546602
Kraken:XBTEUR,2019-02-02T16:35:00Z,2988.9,2989.8,2988.9,2989.3,0.25345919
Kraken:XBTEUR,2019-02-02T16:36:00Z,2989.7,2989.7,2988.7,2988.7,0.06556526
Kraken:XBTEUR,2019-02-02T16:37:00Z,2989.5,2989.5,2989.0,2989.0,0.1496187
Kraken:XBTEUR,2019-02-02T16:38:00Z,2988.9,2989.0,2988.6,2988.6,0.72020833
Kraken:XBTEUR,2019-02-02T16:39:00Z,2988.8,2990.9,2988.7,2988.7,0.51072385
Kraken:XBTEUR,2019-02-02T16:40:00Z,2988.8,2988.8,2988.8,2988.8,0.08610675
Kraken:XBTEUR,2019-02-02T16:41:00Z,2988.8,2988.8,2988.7,2988.7,0.17585159
Kraken:XBTEUR,2019-02-02T16:42:00Z,2988.7,2988.8,2986.9,2988.4,0.34466253
Kraken:XBTEUR,2019-02-02T16:43:00Z,2988.4,2988.6,2988.4,2988.6,0.64907996
Kraken:XBTEUR,2019-02-02T16:44:00Z,2988.4,2988.4,2988.4,2988.4,0.1149077
Kraken:XBTEUR,2019-02-02T16:45:00Z,2988.4,2988.4,2988.0,2988.1,0.50930769
Kraken:XBTEUR,2019-02-02T16:46:00Z,2988.1,2988.1,2987.2,2987.4,0.14577611
Kraken:XBTEUR,2019-02-02T16:47:00Z,2987.4,2987.9,2987.4,2987.9,0.07469316
Kraken:XBTEUR,2019-02-02T16:48:00Z,2989.1,2989.4,2988.2,2989.0,1.12276144
Kraken:XBTEUR,2019-02-02T16:49:00Z,2988.6,2989.0,2988.6,2989.0,0.22644849
Kraken:XBTEUR,2019-02-02T16:50:00Z,2989.0,2989.8,2989.0,2989.8,0.25086705
Kraken:XBTEUR,2019-02-02T16:51:00Z,2990.0,2991.3,2990.0,2991.2,0.28927884
Kraken:XBTEUR,2019-02-02T16:52:00Z,2991.5,2991.5,2990.1,2990.6,1.321045
Kraken:XBTEUR,2019-02-02T16:53:00Z,2992.1,2992.3,2992.1,2992.3,0.06699868
Kraken:XBTEUR,2019-02-02T16:54:00Z,2992.2,2993.2,2992.1,2993.2,2.73199564
Kraken:XBTEUR,2019-02-02T16:55:00Z,2993.9,2993.9,2992.4,2993.7,1.05063613
Kraken:XBTEUR,2019-02-02T16:56:00Z,2993.5,2993.5,2993.5,2993.5,0.69443666
Kraken:XBTEUR,2019-02-02T16:57:00Z,2993.6,2993.6,2993.6,2993.6,0.03158104
Kraken:XBTEUR,2019-02-02T16:58:00Z,2993.8,2994.3,2993.8,2994.3,0.30783991
Kraken:XBTEUR,2019-02-02T16:59:00Z,2994.3,2994.3,2993.8,2994.3,0.1918707
Kraken:XBTEUR,2019-02-02T17:00:00Z,2993.8,2994.7,2993.8,2994.6,0.11175444
Kraken:XBTEUR,2019-02-02T17:01:00Z,2994.6,2994.7,2993.9,2994.3,2.18445825
Kraken:XBTEUR,2019-02-02T17:02:00Z,2994.3,2994.3,2994.2,2994.2,0.42161683
Kraken:XBTEUR,2019-02-02T17:03:00Z,2993.6,2993.6,2993.5,2993.6,0.59184543
Kraken:XBTEUR,2019-02-02T17:04:00Z,2993.6,2993.6,2993.6,2993.6,0.18577386
Kraken:XBTEUR,2019-02-02T17:05:00Z,2993.5,2993.6,2993.5,2993.6,1.24802126
Kraken:XBTEUR,2019-02-02T17:06:00Z,2993.5,2993.6,2991.4,2992.9,1.45677368
Kraken:XBTEUR,2019-02-02T17:07:00Z,2992.6,2992.6,2992.4,2992.4,0.34901647
Kraken:XBTEUR,2019-02-02T17:08:00Z,2992.3,2992.3,2992.2,2992.2,0.40050877
Kraken:XBTEUR,2019-02-02T17:09:00Z,2992.2,2992.4,2991.0,2991.0,1.08292761
Kraken:XBTEUR,2019-02-02T17:10:00Z,2991.2,2992.4,2990.5,2992.3,2.92771755
Kraken:XBTEUR,2019-02-02T17:11:00Z,2992.4,2992.4,2992.1,2992.4,2.06340928
Kraken:XBTEUR,2019-02-02T17:12:00Z,2992.3,2992.4,2991.5,2992.4,0.38393428
Kraken:XBTEUR,2019-02-02T17:13:00Z,2991.6,2992.4,2991.6,2992.4,1.47485749
Kraken:XBTEUR,2019-02-02T17:14:00Z,2991.6,2992.4,2991.3,2991.3,0.6454932
Kraken:XBTEUR,2019-02-02T17:15:00Z,2992.4,2992.7,2991.8,2991.8,1.3865105
Kraken:XBTEUR,2019-02-02T17:16:00Z,2992.0,2993.1,2992.0,2993.1,0.08423006
Kraken:XBTEUR,2019-02-02T17:18:00Z,2992.6,2993.5,2992.6,2993.5,0.12371426
Kraken:XBTEUR,2019-02-02T17:19:00Z,2993.5,2993.5,2992.5,2993.5,0.06077487
Kraken:XBTEUR,2019-02-02T17:20:00Z,2992.4,2993.5,2991.0,2992.8,0.37724254
Kraken:XBTEUR,2019-02-02T17:21:00Z,2992.3,2992.6,2991.5,2992.5,0.31554315
Kraken:XBTEUR,2019-02-02T17:22:00Z,2992.6,2992.6,2991.6,2991.7,0.28564978
Kraken:XBTEUR,2019-02-02T17:23:00Z,2991.7,2991.7,2991.7,2991.7,0.08031001
Kraken:XBTEUR,2019-02-02T17:24:00Z,2991.7,2991.7,2991.7,2991.7,0.09213657
Kraken:XBTEUR,2019-02-02T17:25:00Z,2991.7,2991.7,2991.6,2991.7,0.0696788
Kraken:XBTEUR,2019-02-02T17:26:00Z,2991.6,2991.7,2991.6,2991.7,0.21133175
Kraken:XBTEUR,2019-02-02T17:27:00Z,2991.7,2991.7,2991.5,2991.6,0.37999751
Kraken:XBTEUR,2019-02-02T17:28:00Z,2991.6,2991.6,2991.6,2991.6,0.16362644
Kraken:XBTEUR,2019-02-02T17:29:00Z,2991.7,2991.7,2991.7,2991.7,0.031772
Kraken:XBTEUR,2019-02-02T17:30:00Z,2991.7,2991.7,2990.3,2991.7,2.8717853
Kraken:XBTEUR,2019-02-02T17:31:00Z,2992.2,2992.5,2992.2,2992.5,0.07000721
Kraken:XBTEUR,2019-02-02T17:32:00Z,2992.0,2992.5,2990.4,2990.4,20.10450606
Kraken:XBTEUR,2019-02-02T17:33:00Z,2990.9,2990.9,2990.9,2990.9,0.00544438
Kraken:XBTEUR,2019-02-02T17:34:00Z,2990.9,2991.5,2990.9,2991.5,1.30913905
Kraken:XBTEUR,2019-02-02T17:35:00Z,2991.5,2992.8,2991.5,2992.8,1.88884206
Kraken:XBTEUR,2019-02-02T17:36:00Z,2992.8,2993.6,2991.8,2993.1,3.16213734
Kraken:XBTEUR,2019-02-02T17:37:00Z,2993.0,2993.1,2991.5,2992.9,0.38016459
Kraken:XBTEUR,2019-02-02T17:38:00Z,2991.5,2991.5,2991.5,2991.5,0.01608872
Kraken:XBTEUR,2019-02-02T17:39:00Z,2991.5,2991.5,2991.5,2991.5,0.04
Kraken:XBTEUR,2019-02-02T17:40:00Z,2991.4,2992.3,2991.4,2992.3,2.06678247
Kraken:XBTEUR,2019-02-02T17:41:00Z,2992.3,2992.3,2992.3,2992.3,0.27571636
Kraken:XBTEUR,2019-02-02T17:42:00Z,2992.2,2992.3,2991.4,2992.1,0.51497353
Kraken:XBTEUR,2019-02-02T17:43:00Z,2992.2,2992.2,2991.8,2991.8,0.07712036
Kraken:XBTEUR,2019-02-02T17:44:00Z,2992.1,2992.1,2991.9,2992.0,0.54165963
Kraken:XBTEUR,2019-02-02T17:45:00Z,2992.0,2992.4,2992.0,2992.2,1.61262943
Kraken:XBTEUR,2019-02-02T17:46:00Z,2992.4,2992.4,2992.0,2992.0,0.44345575
Kraken:XBTEUR,2019-02-02T17:47:00Z,2992.0,2992.0,2991.9,2992.0,0.16694469
Kraken:XBTEUR,2019-02-02T17:48:00Z,2993.4,2993.7,2992.7,2993.5,0.07332291
Kraken:XBTEUR,2019-02-02T17:49:00Z,2993.5,2994.7,2993.5,2993.6,0.80009715
Kraken:XBTEUR,2019-02-02T17:50:00Z,2994.5,2995.0,2994.5,2995.0,0.1486995
Kraken:XBTEUR,2019-02-02T17:51:00Z,2995.5,2996.5,2995.5,2996.5,0.27157658
Kraken:XBTEUR,2019-02-02T17:52:00Z,2996.3,2996.3,2994.7,2996.3,1.05431964
Kraken:XBTEUR,2019-02-02T17:53:00Z,2996.3,2997.2,2994.6,2994.6,1.31848484
Kraken:XBTEUR,2019-02-02T17:54:00Z,2994.6,2996.2,2993.9,2996.2,1.07951522
Kraken:XBTEUR,2019-02-02T17:55:00Z,2995.8,2995.8,2995.8,2995.8,0.35657026
Kraken:XBTEUR,2019-02-02T17:56:00Z,2996.0,2996.0,2995.8,2995.8,1.15377082
Kraken:XBTEUR,2019-02-02T17:57:00Z,2996.0,2996.2,2996.0,2996.1,0.26583063
Kraken:XBTEUR,2019-02-02T17:58:00Z,2996.5,2996.7,2996.0,2996.6,0.53058913
Kraken:XBTEUR,2019-02-02T17:59:00Z,2996.2,2996.7,2996.2,2996.7,0.69098956
Kraken:XBTEUR,2019-02-02T18:00:00Z,2996.2,2996.2,2996.2,2996.2,0.20106469
Kraken:XBTEUR,2019-02-02T18:01:00Z,2996.2,2997.1,2996.2,2996.7,0.86343922
Kraken:XBTEUR,2019-02-02T18:02:00Z,2996.7,2997.0,2996.0,2996.0,0.18431261
Kraken:XBTEUR,2019-02-02T18:03:00Z,2995.0,2995.7,2994.9,2995.5,0.60534
Kraken:XBTEUR,2019-02-02T18:04:00Z,2994.8,2994.8,2992.4,2994.0,0.26747982
Kraken:XBTEUR,2019-02-02T18:05:00Z,2992.7,2993.6,2992.4,2993.6,0.63361526
Kraken:XBTEUR,2019-02-02T18:06:00Z,2993.6,2993.6,2992.5,2992.5,0.48943371
Kraken:XBTEUR,2019-02-02T18:07:00Z,2992.9,2993.0,2992.6,2992.6,0.24778881
Kraken:XBTEUR,2019-02-02T18:08:00Z,2992.6,2992.6,2992.5,2992.5,0.31322199
Kraken:XBTEUR,2019-02-02T18:09:00Z,2992.5,2992.5,2992.3,2992.3,0.61790017
Kraken:XBTEUR,2019-02-02T18:10:00Z,2992.3,2992.6,2992.1,2992.4,1.94987484
Kraken:XBTEUR,2019-02-02T18:11:00Z,2992.4,2992.6,2992.4,2992.6,0.17017815
Kraken:XBTEUR,2019-02-02T18:12:00Z,2992.6,2993.8,2992.6,2993.8,7.07225216
Kraken:XBTEUR,2019-02-02T18:13:00Z,2993.8,2993.8,2993.8,2993.8,0.35741417
Kraken:XBTEUR,2019-02-02T18:14:00Z,2993.8,2994.3,2993.8,2994.2,5.46850768
Kraken:XBTEUR,2019-02-02T18:15:00Z,2994.2,2994.2,2993.9,2994.0,0.60765994
Kraken:XBTEUR,2019-02-02T18:16:00Z,2994.0,2994.0,2994.0,2994.0,0.27781721
Kraken:XBTEUR,2019-02-02T18:17:00Z,2994.0,2994.0,2992.4,2994.0,1.49499868
Kraken:XBTEUR,2019-02-02T18:18:00Z,2993.9,2994.0,2992.5,2993.4,0.25202606
Kraken:XBTEUR,2019-02-02T18:19:00Z,2993.4,2993.4,2993.4,2993.4,0.1238
Kraken:XBTEUR,2019-02-02T18:20:00Z,2993.4,2993.4,2991.7,2992.7,0.4900421
Kraken:XBTEUR,2019-02-02T18:21:00Z,2993.2,2994.4,2992.8,2994.4,0.9314
Kraken:XBTEUR,2019-02-02T18:22:00Z,2994.4,2995.7,2994.4,2994.6,0.44105517
Kraken:XBTEUR,2019-02-02T18:23:00Z,2994.6,2996.3,2994.6,2995.8,0.10283297
Kraken:XBTEUR,2019-02-02T18:24:00Z,2995.8,2995.8,2994.6,2995.5,1.05392463
Kraken:XBTEUR,2019-02-02T18:25:00Z,2995.4,2995.5,2994.7,2995.0,0.49766772
Kraken:XBTEUR,2019-02-02T18:26:00Z,2995.0,2995.0,2994.7,2994.8,0.190909
Kraken:XBTEUR,2019-02-02T18:27:00Z,2994.8,2994.8,2994.0,2994.0,0.81981938
Kraken:XBTEUR,2019-02-02T18:28:00Z,2994.0,2994.3,2993.8,2994.2,0.84355515
Kraken:XBTEUR,2019-02-02T18:29:00Z,2994.2,2994.2,2992.9,2993.0,0.36746718
Kraken:XBTEUR,2019-02-02T18:30:00Z,2993.0,2994.1,2993.0,2994.1,1.349764
Kraken:XBTEUR,2019-02-02T18:31:00Z,2993.1,2994.1,2992.7,2992.7,0.13605425
Kraken:XBTEUR,2019-02-02T18:32:00Z,2994.1,2994.1,2993.1,2993.8,0.33072827
Kraken:XBTEUR,2019-02-02T18:33:00Z,2993.8,2993.9,2993.1,2993.5,0.39385612
Kraken:XBTEUR,2019-02-02T18:34:00Z,2993.5,2993.6,2993.5,2993.6,0.73552679
Kraken:XBTEUR,2019-02-02T18:35:00Z,2993.7,2995.8,2993.6,2995.8,0.86438866
Kraken:XBTEUR,2019-02-02T18:36:00Z,2995.6,2995.6,2995.0,2995.5,0.36492913
Kraken:XBTEUR,2019-02-02T18:37:00Z,2995.6,2995.6,2995.6,2995.6,0.75609794
Kraken:XBTEUR,2019-02-02T18:38:00Z,2995.6,2995.7,2994.5,2995.6,0.333
Kraken:XBTEUR,2019-02-02T18:39:00Z,2995.7,2995.7,2995.6,2995.6,0.1317743
Kraken:XBTEUR,2019-02-02T18:40:00Z,2995.3,2995.7,2995.3,2995.7,0.12736474
Kraken:XBTEUR,2019-02-02T18:41:00Z,2995.7,2995.7,2994.6,2995.6,0.12488175
Kraken:XBTEUR,2019-02-02T18:42:00Z,2995.4,2995.5,2993.1,2995.1,2.13680616
Kraken:XBTEUR,2019-02-02T18:43:00Z,2995.4,2995.8,2995.4,2995.8,0.45720577
Kraken:XBTEUR,2019-02-02T18:44:00Z,2995.8,2995.8,2995.8,2995.8,0.27127413
Kraken:XBTEUR,2019-02-02T18:45:00Z,2995.8,2996.6,2995.6,2996.4,0.27822762
Kraken:XBTEUR,2019-02-02T18:46:00Z,2996.2,2996.2,2995.0,2996.2,0.69832578
Kraken:XBTEUR,2019-02-02T18:47:00Z,2996.5,2996.5,2995.6,2995.6,0.58620347
Kraken:XBTEUR,2019-02-02T18:48:00Z,2995.7,2995.7,2995.7,2995.7,0.56725404
Kraken:XBTEUR,2019-02-02T18:49:00Z,2995.7,2995.7,2995.6,2995.7,0.55631736
Kraken:XBTEUR,2019-02-02T18:50:00Z,2995.7,2996.5,2995.7,2996.5,0.5740687
Kraken:XBTEUR,2019-02-02T18:51:00Z,2996.5,2996.5,2996.5,2996.5,0.06694501
Kraken:XBTEUR,2019-02-02T18:52:00Z,2996.4,2996.4,2995.8,2995.8,0.53397757
Kraken:XBTEUR,2019-02-02T18:53:00Z,2995.8,2996.1,2995.3,2995.3,0.43662951
Kraken:XBTEUR,2019-02-02T18:54:00Z,2995.6,2995.6,2995.6,2995.6,0.12807697
Kraken:XBTEUR,2019-02-02T18:55:00Z,2995.7,2995.7,2995.7,2995.7,0.06832952
Kraken:XBTEUR,2019-02-02T18:56:00Z,2995.6,2995.7,2995.6,2995.7,0.08028681
Kraken:XBTEUR,2019-02-02T18:57:00Z,2995.7,2997.1,2995.7,2997.1,5.68126818
Kraken:XBTEUR,2019-02-02T18:58:00Z,2997.1,2997.1,2997.0,2997.1,0.06546781
Kraken:XBTEUR,2019-02-02T18:59:00Z,2997.1,2997.1,2997.0,2997.1,0.49314632
Kraken:XBTEUR,2019-02-02T19:00:00Z,2997.0,2998.0,2997.0,2997.9,0.51620844
Kraken:XBTEUR,2019-02-02T19:01:00Z,2998.0,2998.0,2998.0,2998.0,0.16073984
Kraken:XBTEUR,2019-02-02T19:02:00Z,2998.0,2999.8,2997.7,2999.8,0.33765511
Kraken:XBTEUR,2019-02-02T19:03:00Z,2999.1,2999.1,2998.6,2998.7,0.25272454
Kraken:XBTEUR,2019-02-02T19:04:00Z,2998.1,2998.8,2998.1,2998.8,0.43780145
Kraken:XBTEUR,2019-02-02T19:05:00Z,2999.0,2999.8,2996.8,2996.9,2.1913
Kraken:XBTEUR,2019-02-02T19:06:00Z,2998.6,2998.6,2997.2,2998.6,0.22770239
Kraken:XBTEUR,2019-02-02T19:07:00Z,2998.6,2998.7,2998.6,2998.6,0.08420402
Kraken:XBTEUR,2019-02-02T19:08:00Z,2998.6,2998.7,2997.5,2998.7,0.11717471
Kraken:XBTEUR,2019-02-02T19:09:00Z,2998.6,2998.6,2998.6,2998.6,0.0087532
Kraken:XBTEUR,2019-02-02T19:10:00Z,2998.1,2998.6,2997.7,2998.6,0.10690039
Kraken:XBTEUR,2019-02-02T19:11:00Z,2998.2,2998.9,2996.8,2997.3,5.11432812
Kraken:XBTEUR,2019-02-02T19:12:00Z,2998.9,2999.8,2998.9,2998.9,1.352413
Kraken:XBTEUR,2019-02-02T19:13:00Z,2998.7,2999.3,2998.3,2998.8,0.61811322
Kraken:XBTEUR,2019-02-02T19:14:00Z,2998.8,2998.8,2998.3,2998.3,0.16282373
Kraken:XBTEUR,2019-02-02T19:15:00Z,2998.5,2998.5,2996.7,2996.7,1.45833118
Kraken:XBTEUR,2019-02-02T19:16:00Z,2997.6,2997.9,2997.4,2997.9,3.0000797
Kraken:XBTEUR,2019-02-02T19:17:00Z,2997.9,2998.0,2997.4,2998.0,0.77105053
Kraken:XBTEUR,2019-02-02T19:18:00Z,2997.9,2998.5,2997.9,2998.5,1.15718137
Kraken:XBTEUR,2019-02-02T19:19:00Z,2998.4,2998.4,2997.7,2998.2,0.28611237
Kraken:XBTEUR,2019-02-02T19:20:00Z,2998.3,2998.6,2997.4,2997.4,4.7065028
Kraken:XBTEUR,2019-02-02T19:21:00Z,2997.7,2998.0,2997.1,2997.8,0.12954011
Kraken:XBTEUR,2019-02-02T19:22:00Z,2997.8,2997.8,2996.0,2996.2,1.18327775
Kraken:XBTEUR,2019-02-02T19:23:00Z,2997.3,2997.3,2996.1,2997.1,0.31229795
Kraken:XBTEUR,2019-02-02T19:24:00Z,2997.1,2997.1,2997.1,2997.1,0.14053408
Kraken:XBTEUR,2019-02-02T19:25:00Z,2997.1,2997.4,2997.1,2997.4,4.3203442
Kraken:XBTEUR,2019-02-02T19:26:00Z,2997.4,2997.4,2997.1,2997.2,0.15319503
Kraken:XBTEUR,2019-02-02T19:27:00Z,2997.2,2997.2,2997.1,2997.2,2.5941184
Kraken:XBTEUR,2019-02-02T19:28:00Z,2997.2,2997.2,2997.1,2997.2,0.1155385
Kraken:XBTEUR,2019-02-02T19:29:00Z,2997.2,2997.2,2995.7,2996.3,1.99054843
Kraken:XBTEUR,2019-02-02T19:30:00Z,2996.3,2996.3,2995.5,2996.2,0.27837894
Kraken:XBTEUR,2019-02-02T19:31:00Z,2996.0,2997.1,2995.6,2996.6,0.58278145
Kraken:XBTEUR,2019-02-02T19:32:00Z,2996.3,2996.5,2996.0,2996.3,0.2563283
Kraken:XBTEUR,2019-02-02T19:33:00Z,2996.3,2996.3,2996.3,2996.3,0.40637268
Kraken:XBTEUR,2019-02-02T19:34:00Z,2996.3,2996.3,2996.3,2996.3,0.04003965
Kraken:XBTEUR,2019-02-02T19:35:00Z,2996.3,2996.3,2996.3,2996.3,0.23492179
Kraken:XBTEUR,2019-02-02T19:36:00Z,2996.3,2996.9,2996.3,2996.9,0.41728533
Kraken:XBTEUR,2019-02-02T19:37:00Z,2996.9,2996.9,2996.8,2996.9,0.25124335
Kraken:XBTEUR,2019-02-02T19:38:00Z,2996.9,2996.9,2996.8,2996.8,0.05220383
Kraken:XBTEUR,2019-02-02T19:39:00Z,2996.9,2996.9,2995.8,2996.6,1.18772097
Kraken:XBTEUR,2019-02-02T19:40:00Z,2996.6,2996.6,2996.4,2996.6,3.68959002
Kraken:XBTEUR,2019-02-02T19:41:00Z,2996.9,2996.9,2996.7,2996.7,0.21113251
Kraken:XBTEUR,2019-02-02T19:42:00Z,2996.7,2996.7,2996.4,2996.5,0.1293365
Kraken:XBTEUR,2019-02-02T19:43:00Z,2996.5,2996.5,2996.5,2996.5,0.04
Kraken:XBTEUR,2019-02-02T19:44:00Z,2996.4,3000.2,2996.4,3000.2,112.01364173
Kraken:XBTEUR,2019-02-02T19:45:00Z,3000.2,3004.4,3000.1,3002.5,7.40213281
Kraken:XBTEUR,2019-02-02T19:46:00Z,3002.3,3002.4,3000.5,3002.3,14.2991
Kraken:XBTEUR,2019-02-02T19:47:00Z,3001.5,3001.7,2998.6,2999.1,24.13131291
Kraken:XBTEUR,2019-02-02T19:48:00Z,2999.0,2999.0,2998.6,2998.6,4.01635411
Kraken:XBTEUR,2019-02-02T19:49:00Z,3000.4,3001.5,3000.4,3001.5,0.29205506
Kraken:XBTEUR,2019-02-02T19:50:00Z,3001.5,3001.5,2997.8,2998.0,26.3970172
Kraken:XBTEUR,2019-02-02T19:51:00Z,2998.2,2998.3,2997.9,2998.0,4.09119895
Kraken:XBTEUR,2019-02-02T19:52:00Z,2998.7,2998.7,2996.4,2997.5,2.28609891
Kraken:XBTEUR,2019-02-02T19:53:00Z,2996.6,2997.9,2995.8,2997.9,2.38017579
Kraken:XBTEUR,2019-02-02T19:54:00Z,2997.3,2997.5,2996.9,2997.4,0.70191607
Kraken:XBTEUR,2019-02-02T19:55:00Z,2997.3,2997.4,2997.3,2997.4,0.12422778
Kraken:XBTEUR,2019-02-02T19:56:00Z,2997.4,2997.4,2997.4,2997.4,0.00563406
Kraken:XBTEUR,2019-02-02T19:57:00Z,2997.4,2997.4,2997.4,2997.4,0.0076395
Kraken:XBTEUR,2019-02-02T19:58:00Z,2997.3,2997.4,2997.3,2997.3,0.28871495
Kraken:XBTEUR,2019-02-02T19:59:00Z,2997.4,2997.4,2997.3,2997.4,0.05070394
Kraken:XBTEUR,2019-02-02T20:00:00Z,2997.4,2997.9,2997.3,2997.9,0.13439073
Kraken:XBTEUR,2019-02-02T20:01:00Z,2997.7,2997.7,2997.7,2997.7,0.0199195
Kraken:XBTEUR,2019-02-02T20:02:00Z,2997.8,2998.6,2997.8,2998.6,10.63337444
Kraken:XBTEUR,2019-02-02T20:03:00Z,2998.6,2998.6,2998.3,2998.6,0.07336446
Kraken:XBTEUR,2019-02-02T20:04:00Z,2998.6,2998.6,2998.5,2998.5,5.65855319
Kraken:XBTEUR,2019-02-02T20:06:00Z,2997.8,2997.8,2997.7,2997.7,0.03028356
Kraken:XBTEUR,2019-02-02T20:07:00Z,2997.2,2997.2,2997.2,2997.2,0.08038055
Kraken:XBTEUR,2019-02-02T20:08:00Z,2997.2,2997.9,2997.2,2997.9,0.09470441
Kraken:XBTEUR,2019-02-02T20:09:00Z,2997.6,2997.6,2996.9,2997.6,0.1879624
Kraken:XBTEUR,2019-02-02T20:10:00Z,2997.6,2997.6,2997.6,2997.6,0.96544761
Kraken:XBTEUR,2019-02-02T20:11:00Z,2997.6,2997.6,2996.6,2996.6,1.09408676
Kraken:XBTEUR,2019-02-02T20:12:00Z,2997.4,2997.6,2996.5,2997.5,1.16002431
Kraken:XBTEUR,2019-02-02T20:13:00Z,2997.6,2998.5,2997.6,2998.4,3.85213786
Kraken:XBTEUR,2019-02-02T20:14:00Z,2997.7,2998.6,2997.7,2997.8,2.1080198
Kraken:XBTEUR,2019-02-02T20:15:00Z,2999.1,2999.2,2998.8,2999.0,0.67103444
Kraken:XBTEUR,2019-02-02T20:16:00Z,2998.9,2998.9,2998.9,2998.9,0.16304189
Kraken:XBTEUR,2019-02-02T20:17:00Z,2998.8,2998.8,2998.2,2998.2,0.050537
Kraken:XBTEUR,2019-02-02T20:18:00Z,2998.1,2999.6,2998.1,2999.6,1.07949781
Kraken:XBTEUR,2019-02-02T20:19:00Z,2999.0,2999.5,2999.0,2999.4,4.078
Kraken:XBTEUR,2019-02-02T20:20:00Z,2998.7,2999.2,2998.5,2999.0,1.06200341
Kraken:XBTEUR,2019-02-02T20:21:00Z,2998.9,2998.9,2998.9,2998.9,0.04722123
Kraken:XBTEUR,2019-02-02T20:22:00Z,2998.3,2998.3,2998.3,2998.3,1
Kraken:XBTEUR,2019-02-02T20:23:00Z,2998.1,2998.1,2998.0,2998.1,0.06221119
Kraken:XBTEUR,2019-02-02T20:24:00Z,2998.1,2998.1,2998.1,2998.1,10.03667771
Kraken:XBTEUR,2019-02-02T20:26:00Z,2998.1,2998.2,2998.1,2998.1,7.47463216
Kraken:XBTEUR,2019-02-02T20:27:00Z,2998.1,2998.1,2998.0,2998.0,0.07916604
Kraken:XBTEUR,2019-02-02T20:28:00Z,2998.4,2998.4,2998.3,2998.3,0.06868827
Kraken:XBTEUR,2019-02-02T20:29:00Z,2998.4,2998.4,2998.4,2998.4,0.01582399
Kraken:XBTEUR,2019-02-02T20:30:00Z,2998.6,2999.5,2998.6,2999.4,5.84518024
Kraken:XBTEUR,2019-02-02T20:31:00Z,2999.7,3000.3,2999.3,2999.3,0.78710551
Kraken:XBTEUR,2019-02-02T20:32:00Z,3000.4,3001.2,3000.4,3000.7,8.42378068
Kraken:XBTEUR,2019-02-02T20:33:00Z,2999.1,3000.0,2999.1,2999.6,1.6704385
Kraken:XBTEUR,2019-02-02T20:34:00Z,3000.5,3000.5,2999.9,3000.0,0.55608356
Kraken:XBTEUR,2019-02-02T20:35:00Z,2999.5,2999.5,2998.2,2998.2,0.152786
Kraken:XBTEUR,2019-02-02T20:36:00Z,2998.7,2998.7,2998.5,2998.6,0.43905
Kraken:XBTEUR,2019-02-02T20:37:00Z,2998.1,2998.1,2996.7,2997.2,5.02701083
Kraken:XBTEUR,2019-02-02T20:38:00Z,2997.6,2997.6,2997.6,2997.6,0.0068868
Kraken:XBTEUR,2019-02-02T20:39:00Z,2998.2,2998.2,2998.1,2998.1,0.26868388
Kraken:XBTEUR,2019-02-02T20:40:00Z,2998.2,2998.2,2998.2,2998.2,0.01
Kraken:XBTEUR,2019-02-02T20:41:00Z,2998.9,3000.0,2998.9,2999.9,0.0523875
Kraken:XBTEUR,2019-02-02T20:42:00Z,2999.2,2999.9,2999.1,2999.9,3.68321324
Kraken:XBTEUR,2019-02-02T20:43:00Z,3000.0,3000.0,2998.9,2998.9,0.92248258
Kraken:XBTEUR,2019-02-02T20:44:00Z,2999.4,2999.4,2999.4,2999.4,0.06717702
Kraken:XBTEUR,2019-02-02T20:45:00Z,2999.0,2999.2,2999.0,2999.2,0.09332494
Kraken:XBTEUR,2019-02-02T20:46:00Z,2999.2,2999.2,2998.9,2999.2,0.26103092
Kraken:XBTEUR,2019-02-02T20:47:00Z,2998.8,2998.8,2998.8,2998.8,0.0021
Kraken:XBTEUR,2019-02-02T20:48:00Z,2999.2,2999.2,2999.1,2999.1,0.10067293
Kraken:XBTEUR,2019-02-02T20:49:00Z,2999.1,2999.1,2999.1,2999.1,0.52415287
Kraken:XBTEUR,2019-02-02T20:50:00Z,2999.1,2999.2,2999.1,2999.2,1.12865202
Kraken:XBTEUR,2019-02-02T20:51:00Z,2999.2,2999.2,2999.2,2999.2,0.03434776
Kraken:XBTEUR,2019-02-02T20:52:00Z,2999.2,2999.2,2999.2,2999.2,0.3263305
Kraken:XBTEUR,2019-02-02T20:53:00Z,2999.2,2999.2,2999.2,2999.2,0.01243537
Kraken:XBTEUR,2019-02-02T20:54:00Z,2999.2,2999.2,2999.2,2999.2,0.92948015
Kraken:XBTEUR,2019-02-02T20:55:00Z,2999.2,2999.2,2999.2,2999.2,0.16112152
Kraken:XBTEUR,2019-02-02T20:57:00Z,2999.2,2999.2,2999.2,2999.2,0.03
Kraken:XBTEUR,2019-02-02T20:58:00Z,2999.2,2999.2,2999.1,2999.2,0.36213943
Kraken:XBTEUR,2019-02-02T20:59:00Z,2999.2,2999.2,2999.2,2999.2,0.21172312
Kraken:XBTEUR,2019-02-02T21:00:00Z,2999.2,2999.2,2996.0,2998.9,6.82334715
Kraken:XBTEUR,2019-02-02T21:01:00Z,2998.0,2998.0,2997.4,2997.4,0.33105994
Kraken:XBTEUR,2019-02-02T21:02:00Z,2996.9,2997.9,2996.8,2996.8,2.54561432
Kraken:XBTEUR,2019-02-02T21:03:00Z,2996.8,2997.5,2996.8,2997.5,1.12857498
Kraken:XBTEUR,2019-02-02T21:04:00Z,2997.4,2998.3,2997.3,2997.5,4.18263683
Kraken:XBTEUR,2019-02-02T21:05:00Z,2997.9,2997.9,2997.4,2997.4,1.9999264
Kraken:XBTEUR,2019-02-02T21:06:00Z,2997.7,2997.7,2997.7,2997.7,0.05370925
Kraken:XBTEUR,2019-02-02T21:07:00Z,2997.6,2998.4,2997.6,2998.4,0.07789949
Kraken:XBTEUR,2019-02-02T21:08:00Z,2996.3,2996.3,2996.0,2996.0,0.2397045
Kraken:XBTEUR,2019-02-02T21:10:00Z,2996.8,2996.8,2996.8,2996.8,0.01001243
Kraken:XBTEUR,2019-02-02T21:11:00Z,2996.5,2997.8,2996.3,2996.4,0.48733012
Kraken:XBTEUR,2019-02-02T21:12:00Z,2996.4,2997.5,2996.4,2996.4,0.15310143
Kraken:XBTEUR,2019-02-02T21:13:00Z,2996.4,2997.1,2996.4,2996.8,0.248714
Kraken:XBTEUR,2019-02-02T21:14:00Z,2996.9,2997.6,2996.9,2997.1,0.23257951
Kraken:XBTEUR,2019-02-02T21:15:00Z,2997.1,2997.1,2996.0,2996.0,0.23577334
Kraken:XBTEUR,2019-02-02T21:16:00Z,2996.0,2996.3,2996.0,2996.3,0.14880166
Kraken:XBTEUR,2019-02-02T21:17:00Z,2996.0,2996.0,2992.9,2995.8,4.249143
Kraken:XBTEUR,2019-02-02T21:18:00Z,2995.7,2996.6,2995.7,2996.6,0.10200218
Kraken:XBTEUR,2019-02-02T21:19:00Z,2995.8,2996.7,2995.8,2996.3,0.63873777
Kraken:XBTEUR,2019-02-02T21:20:00Z,2996.3,2996.8,2994.9,2996.8,0.15179592
Kraken:XBTEUR,2019-02-02T21:21:00Z,2996.8,2996.8,2996.0,2996.0,0.02559381
Kraken:XBTEUR,2019-02-02T21:22:00Z,2996.8,2997.1,2996.8,2997.0,0.43293672
Kraken:XBTEUR,2019-02-02T21:23:00Z,2997.6,2997.9,2997.6,2997.9,0.06881709
Kraken:XBTEUR,2019-02-02T21:24:00Z,2997.8,2998.1,2997.1,2997.1,0.21424232
Kraken:XBTEUR,2019-02-02T21:25:00Z,2998.4,2998.6,2998.4,2998.6,0.35178255
Kraken:XBTEUR,2019-02-02T21:26:00Z,2998.6,2998.8,2998.6,2998.8,0.62602656
Kraken:XBTEUR,2019-02-02T21:27:00Z,2998.7,2998.7,2998.5,2998.5,0.29037107
Kraken:XBTEUR,2019-02-02T21:28:00Z,2998.8,2998.8,2998.7,2998.8,0.34338237
Kraken:XBTEUR,2019-02-02T21:29:00Z,2998.8,2998.8,2997.8,2998.7,0.51384484
Kraken:XBTEUR,2019-02-02T21:30:00Z,2998.8,2998.8,2997.8,2998.5,2.95772356
Kraken:XBTEUR,2019-02-02T21:31:00Z,2998.5,2998.8,2998.5,2998.8,0.15597569
Kraken:XBTEUR,2019-02-02T21:32:00Z,2998.8,2998.8,2998.8,2998.8,0.08533736
Kraken:XBTEUR,2019-02-02T21:33:00Z,2998.8,2998.8,2998.7,2998.8,0.24107719
Kraken:XBTEUR,2019-02-02T21:34:00Z,2998.8,2998.8,2998.7,2998.8,1.18719602
Kraken:XBTEUR,2019-02-02T21:35:00Z,2998.8,2998.8,2998.8,2998.8,0.17776712
Kraken:XBTEUR,2019-02-02T21:36:00Z,2998.8,2998.8,2998.8,2998.8,0.40976218
Kraken:XBTEUR,2019-02-02T21:37:00Z,2998.8,2998.8,2998.8,2998.8,0.10707965
Kraken:XBTEUR,2019-02-02T21:38:00Z,2998.8,2998.8,2998.7,2998.7,0.08988029
Kraken:XBTEUR,2019-02-02T21:39:00Z,2998.8,2998.8,2998.8,2998.8,0.0063
Kraken:XBTEUR,2019-02-02T21:40:00Z,2998.7,2998.8,2998.7,2998.8,0.7839883
Kraken:XBTEUR,2019-02-02T21:42:00Z,2998.8,2998.8,2998.8,2998.8,0.72442754
Kraken:XBTEUR,2019-02-02T21:43:00Z,2998.8,2999.8,2998.8,2999.8,0.11018612
Kraken:XBTEUR,2019-02-02T21:44:00Z,2999.7,2999.7,2999.7,2999.7,0.01582685
Kraken:XBTEUR,2019-02-02T21:45:00Z,2999.9,3000.0,2999.9,3000.0,0.07100487
Kraken:XBTEUR,2019-02-02T21:46:00Z,3000.0,3000.0,2999.5,2999.5,1.2354897
Kraken:XBTEUR,2019-02-02T21:47:00Z,2999.5,2999.5,2998.8,2999.3,2.55462977
Kraken:XBTEUR,2019-02-02T21:48:00Z,2999.7,2999.8,2999.7,2999.8,0.03287667
Kraken:XBTEUR,2019-02-02T21:49:00Z,2999.7,2999.9,2999.0,2999.0,0.99276422
Kraken:XBTEUR,2019-02-02T21:50:00Z,2999.9,2999.9,2999.9,2999.9,0.02
Kraken:XBTEUR,2019-02-02T21:51:00Z,2999.1,2999.9,2999.0,2999.9,0.08145
Kraken:XBTEUR,2019-02-02T21:52:00Z,2999.0,2999.1,2999.0,2999.0,0.69621529
Kraken:XBTEUR,2019-02-02T21:53:00Z,2999.0,2999.0,2998.7,2998.7,0.14437245
Kraken:XBTEUR,2019-02-02T21:54:00Z,2998.9,2998.9,2998.9,2998.9,0.04077712
Kraken:XBTEUR,2019-02-02T21:55:00Z,2998.8,2998.8,2998.8,2998.8,0.05269
Kraken:XBTEUR,2019-02-02T21:56:00Z,2998.8,2998.8,2998.8,2998.8,0.00493892
Kraken:XBTEUR,2019-02-02T21:57:00Z,2998.7,2998.7,2998.7,2998.7,0.06633703
Kraken:XBTEUR,2019-02-02T21:58:00Z,2998.6,2998.6,2998.5,2998.5,0.0342023
Kraken:XBTEUR,2019-02-02T21:59:00Z,2998.5,2998.6,2998.5,2998.6,0.01411123
Kraken:XBTEUR,2019-02-02T22:00:00Z,2998.6,2998.6,2998.5,2998.5,1.38498043
Kraken:XBTEUR,2019-02-02T22:01:00Z,2998.6,2998.6,2998.5,2998.5,0.68906846
Kraken:XBTEUR,2019-02-02T22:02:00Z,2998.5,2998.5,2998.5,2998.5,0.160667
Kraken:XBTEUR,2019-02-02T22:03:00Z,2998.5,2998.5,2998.4,2998.4,1.2628869
Kraken:XBTEUR,2019-02-02T22:04:00Z,2998.4,2998.4,2998.4,2998.4,0.04965493
Kraken:XBTEUR,2019-02-02T22:05:00Z,2997.9,2997.9,2997.9,2997.9,0.033171
Kraken:XBTEUR,2019-02-02T22:06:00Z,2998.4,2998.4,2997.9,2997.9,0.38726308
Kraken:XBTEUR,2019-02-02T22:07:00Z,2998.4,2998.4,2998.4,2998.4,0.49460438
Kraken:XBTEUR,2019-02-02T22:08:00Z,2997.9,2998.4,2997.9,2998.4,0.53709943
Kraken:XBTEUR,2019-02-02T22:09:00Z,2998.5,2998.5,2997.0,2997.0,0.91050208
Kraken:XBTEUR,2019-02-02T22:10:00Z,2997.5,2998.4,2996.5,2998.0,6.75234569
Kraken:XBTEUR,2019-02-02T22:11:00Z,2996.8,2997.2,2996.6,2996.9,12.38246015
Kraken:XBTEUR,2019-02-02T22:12:00Z,2996.8,2996.8,2996.7,2996.7,0.43173859
Kraken:XBTEUR,2019-02-02T22:13:00Z,2996.4,2996.4,2995.9,2996.0,4.3972726
Kraken:XBTEUR,2019-02-02T22:14:00Z,2996.1,2996.8,2996.0,2996.7,0.38536326
Kraken:XBTEUR,2019-02-02T22:15:00Z,2996.7,2997.1,2996.3,2997.1,0.80498437
Kraken:XBTEUR,2019-02-02T22:16:00Z,2996.2,2997.0,2995.9,2996.8,0.43105626
Kraken:XBTEUR,2019-02-02T22:17:00Z,2996.8,2996.8,2995.9,2995.9,0.36792229
Kraken:XBTEUR,2019-02-02T22:18:00Z,2996.8,2996.8,2995.8,2996.8,0.23926026
Kraken:XBTEUR,2019-02-02T22:19:00Z,2996.8,2996.8,2995.7,2996.7,0.21980784
Kraken:XBTEUR,2019-02-02T22:20:00Z,2996.2,2996.7,2996.2,2996.7,0.1164078
Kraken:XBTEUR,2019-02-02T22:21:00Z,2996.7,2996.8,2996.7,2996.8,0.06215384
Kraken:XBTEUR,2019-02-02T22:22:00Z,2996.8,2996.8,2996.0,2996.8,4.67183085
Kraken:XBTEUR,2019-02-02T22:23:00Z,2997.2,2998.5,2997.1,2998.5,3.07929773
Kraken:XBTEUR,2019-02-02T22:24:00Z,2998.5,2998.5,2998.5,2998.5,0.00339738
Kraken:XBTEUR,2019-02-02T22:25:00Z,2998.5,2998.5,2998.5,2998.5,2.47074639
Kraken:XBTEUR,2019-02-02T22:26:00Z,2998.2,2998.2,2996.9,2997.7,2.83661488
Kraken:XBTEUR,2019-02-02T22:27:00Z,2997.7,2997.7,2996.4,2996.4,0.85076145
Kraken:XBTEUR,2019-02-02T22:28:00Z,2996.4,2998.5,2996.4,2997.7,0.71069748
Kraken:XBTEUR,2019-02-02T22:29:00Z,2996.8,2997.0,2996.5,2997.0,0.40206
Kraken:XBTEUR,2019-02-02T22:30:00Z,2996.9,2997.9,2996.9,2997.6,0.14211435
Kraken:XBTEUR,2019-02-02T22:31:00Z,2998.2,2998.2,2998.2,2998.2,0.00954477
Kraken:XBTEUR,2019-02-02T22:32:00Z,2998.3,2998.4,2997.4,2998.4,0.19019976
Kraken:XBTEUR,2019-02-02T22:33:00Z,2998.4,2998.4,2997.3,2997.3,0.09949305
Kraken:XBTEUR,2019-02-02T22:34:00Z,2998.4,2998.4,2998.4,2998.4,0.00613519
Kraken:XBTEUR,2019-02-02T22:35:00Z,2997.5,2998.0,2997.5,2998.0,0.47387773
Kraken:XBTEUR,2019-02-02T22:36:00Z,2997.9,2997.9,2997.9,2997.9,0.04581009
Kraken:XBTEUR,2019-02-02T22:37:00Z,2997.9,2997.9,2997.8,2997.8,0.7819833
Kraken:XBTEUR,2019-02-02T22:38:00Z,2997.8,2997.9,2997.8,2997.9,0.31873795
Kraken:XBTEUR,2019-02-02T22:40:00Z,2997.9,2997.9,2997.9,2997.9,0.03716663
Kraken:XBTEUR,2019-02-02T22:41:00Z,2997.9,2997.9,2997.8,2997.9,1.4517619
Kraken:XBTEUR,2019-02-02T22:43:00Z,2997.9,2997.9,2997.9,2997.9,0.33280705
Kraken:XBTEUR,2019-02-02T22:45:00Z,2997.9,2997.9,2997.9,2997.9,0.26892457
Kraken:XBTEUR,2019-02-02T22:46:00Z,2997.9,2997.9,2997.9,2997.9,0.65991828
Kraken:XBTEUR,2019-02-02T22:47:00Z,2997.9,2997.9,2997.8,2997.8,0.11252854
Kraken:XBTEUR,2019-02-02T22:49:00Z,2997.9,2997.9,2997.8,2997.8,0.064298
Kraken:XBTEUR,2019-02-02T22:50:00Z,2997.9,2997.9,2997.8,2997.8,0.04577285
Kraken:XBTEUR,2019-02-02T22:51:00Z,2997.9,2997.9,2997.9,2997.9,0.37893997
Kraken:XBTEUR,2019-02-02T22:52:00Z,2997.8,2997.9,2997.8,2997.9,0.10075738
Kraken:XBTEUR,2019-02-02T22:53:00Z,2997.9,2997.9,2997.9,2997.9,0.01384546
Kraken:XBTEUR,2019-02-02T22:54:00Z,2997.9,2997.9,2997.8,2997.8,0.10610024
Kraken:XBTEUR,2019-02-02T22:55:00Z,2997.8,2999.9,2997.8,2999.9,21.98515914
Kraken:XBTEUR,2019-02-02T22:56:00Z,3000.0,3002.1,3000.0,3002.1,5.27824804
Kraken:XBTEUR,2019-02-02T22:57:00Z,3001.5,3001.5,2999.9,3000.3,13.26398636
Kraken:XBTEUR,2019-02-02T22:58:00Z,2999.6,2999.6,2996.2,2996.2,2.99371824
Kraken:XBTEUR,2019-02-02T22:59:00Z,2996.4,2996.4,2996.3,2996.3,0.02399699
Kraken:XBTEUR,2019-02-02T23:00:00Z,2996.4,2996.4,2996.4,2996.4,0.23763158
Kraken:XBTEUR,2019-02-02T23:01:00Z,2996.8,2996.8,2996.8,2996.8,0.01244661
Kraken:XBTEUR,2019-02-02T23:02:00Z,2996.8,2996.9,2996.8,2996.9,1.02440068
Kraken:XBTEUR,2019-02-02T23:03:00Z,2996.9,2997.6,2996.5,2997.1,0.52583361
Kraken:XBTEUR,2019-02-02T23:04:00Z,2997.0,2997.2,2997.0,2997.2,1.10075546
Kraken:XBTEUR,2019-02-02T23:05:00Z,2997.1,2997.5,2997.1,2997.5,0.8
Kraken:XBTEUR,2019-02-02T23:06:00Z,2997.4,2997.4,2997.4,2997.4,0.24722148
Kraken:XBTEUR,2019-02-02T23:07:00Z,2997.0,2997.4,2997.0,2997.4,0.3710679
Kraken:XBTEUR,2019-02-02T23:08:00Z,2997.4,2997.4,2997.4,2997.4,0.03232223
Kraken:XBTEUR,2019-02-02T23:09:00Z,2997.4,2997.4,2997.4,2997.4,0.06422893
Kraken:XBTEUR,2019-02-02T23:10:00Z,2997.4,2997.4,2997.4,2997.4,0.03576123
Kraken:XBTEUR,2019-02-02T23:11:00Z,3002.0,3002.0,3002.0,3002.0,0.02671827
Kraken:XBTEUR,2019-02-02T23:12:00Z,3002.1,3005.5,3002.1,3005.5,33.84423725
Kraken:XBTEUR,2019-02-02T23:13:00Z,3006.3,3006.7,3006.3,3006.6,0.70328437
Kraken:XBTEUR,2019-02-02T23:14:00Z,3004.5,3004.7,3004.3,3004.7,1.91366355
Kraken:XBTEUR,2019-02-02T23:15:00Z,3004.9,3004.9,3004.8,3004.9,0.16856004
Kraken:XBTEUR,2019-02-02T23:16:00Z,3004.9,3006.6,3004.4,3004.4,0.43694157
Kraken:XBTEUR,2019-02-02T23:17:00Z,3004.3,3006.6,3004.3,3006.6,0.12960888
Kraken:XBTEUR,2019-02-02T23:18:00Z,3005.7,3005.7,3005.7,3005.7,0.05761913
Kraken:XBTEUR,2019-02-02T23:19:00Z,3006.5,3006.5,3006.5,3006.5,0.00919324
Kraken:XBTEUR,2019-02-02T23:21:00Z,3006.4,3006.4,3006.4,3006.4,0.13700668
Kraken:XBTEUR,2019-02-02T23:22:00Z,3006.5,3006.5,3006.5,3006.5,0.05924027
Kraken:XBTEUR,2019-02-02T23:23:00Z,3006.5,3006.5,3006.5,3006.5,0.00821155
Kraken:XBTEUR,2019-02-02T23:26:00Z,3006.5,3006.5,3006.5,3006.5,0.00919385
Kraken:XBTEUR,2019-02-02T23:27:00Z,3006.5,3006.5,3006.5,3006.5,0.02995
Kraken:XBTEUR,2019-02-02T23:28:00Z,3006.5,3006.5,3006.4,3006.5,0.31590281
Kraken:XBTEUR,2019-02-02T23:29:00Z,3006.5,3007.0,3006.5,3007.0,4.57338745
Kraken:XBTEUR,2019-02-02T23:30:00Z,3007.0,3030.0,3007.0,3024.3,116.86260007
Kraken:XBTEUR,2019-02-02T23:31:00Z,3024.3,3028.9,3019.5,3020.0,45.5336157
Kraken:XBTEUR,2019-02-02T23:32:00Z,3018.5,3019.3,3016.0,3018.9,0.65496458
Kraken:XBTEUR,2019-02-02T23:33:00Z,3019.1,3019.1,3017.8,3017.8,3.03613165
Kraken:XBTEUR,2019-02-02T23:34:00Z,3017.4,3024.0,3017.4,3021.9,19.49916193
Kraken:XBTEUR,2019-02-02T23:35:00Z,3020.9,3020.9,3018.2,3018.2,1.55554911
Kraken:XBTEUR,2019-02-02T23:36:00Z,3018.3,3019.7,3018.2,3019.4,0.19639822
Kraken:XBTEUR,2019-02-02T23:37:00Z,3017.6,3019.3,3016.4,3019.3,3.17019672
Kraken:XBTEUR,2019-02-02T23:38:00Z,3019.3,3020.4,3019.3,3020.4,1.24592413
Kraken:XBTEUR,2019-02-02T23:39:00Z,3021.0,3030.0,3019.7,3020.6,24.43686125
Kraken:XBTEUR,2019-02-02T23:40:00Z,3020.6,3020.6,3020.6,3020.6,0.03311
Kraken:XBTEUR,2019-02-02T23:42:00Z,3021.4,3022.3,3021.4,3022.3,0.38248471
Kraken:XBTEUR,2019-02-02T23:43:00Z,3022.3,3026.7,3022.3,3026.6,1.44178025
Kraken:XBTEUR,2019-02-02T23:44:00Z,3027.6,3027.7,3027.6,3027.6,0.24226283
Kraken:XBTEUR,2019-02-02T23:45:00Z,3028.6,3044.9,3028.6,3037.8,53.43109917
Kraken:XBTEUR,2019-02-02T23:46:00Z,3036.7,3036.7,3030.6,3031.1,2.03756489
Kraken:XBTEUR,2019-02-02T23:47:00Z,3030.6,3031.8,3030.4,3031.8,0.51999274
Kraken:XBTEUR,2019-02-02T23:48:00Z,3030.8,3030.8,3029.4,3029.4,0.37636606
Kraken:XBTEUR,2019-02-02T23:49:00Z,3028.3,3031.3,3027.8,3031.3,0.74802286
Kraken:XBTEUR,2019-02-02T23:50:00Z,3032.6,3036.5,3030.2,3031.1,5.98506188
Kraken:XBTEUR,2019-02-02T23:51:00Z,3032.3,3035.6,3028.4,3028.4,3.69863074
Kraken:XBTEUR,2019-02-02T23:52:00Z,3028.8,3028.8,3028.6,3028.6,0.5583209
Kraken:XBTEUR,2019-02-02T23:53:00Z,3028.2,3029.2,3028.2,3029.2,0.12997267
Kraken:XBTEUR,2019-02-02T23:54:00Z,3028.9,3028.9,3028.6,3028.6,0.11559876
Kraken:XBTEUR,2019-02-02T23:55:00Z,3028.6,3032.5,3028.6,3032.4,0.82392751
Kraken:XBTEUR,2019-02-02T23:56:00Z,3032.3,3032.3,3028.7,3030.6,1.1117593
Kraken:XBTEUR,2019-02-02T23:57:00Z,3029.6,3029.6,3029.6,3029.6,0.120429
Kraken:XBTEUR,2019-02-02T23:58:00Z,3029.5,3029.5,3029.5,3029.5,0.004
Kraken:XBTEUR,2019-02-02T23:59:00Z,3028.6,3028.7,3027.1,3028.6,1.17308439
