Kraken:XRPEUR,2019-07-03T00:00:00Z,0.3528,0.3528,0.3528,0.3528,431.77437
Kraken:XRPEUR,2019-07-03T00:01:00Z,0.35297,0.3533,0.35297,0.3533,79804.51952366
Kraken:XRPEUR,2019-07-03T00:03:00Z,0.35398,0.35398,0.35398,0.35398,190.1902891
Kraken:XRPEUR,2019-07-03T00:07:00Z,0.35379,0.354,0.35379,0.354,3E+3
Kraken:XRPEUR,2019-07-03T00:09:00Z,0.35398,0.35416,0.35398,0.35416,4661.17117172
Kraken:XRPEUR,2019-07-03T00:10:00Z,0.35406,0.35407,0.35405,0.35406,1828.93304117
Kraken:XRPEUR,2019-07-03T00:11:00Z,0.35424,0.35424,0.35424,0.35424,5E+1
Kraken:XRPEUR,2019-07-03T00:12:00Z,0.35438,0.35472,0.35438,0.35472,60085.70964453
Kraken:XRPEUR,2019-07-03T00:13:00Z,0.355,0.35549,0.35484,0.35484,5154.03
Kraken:XRPEUR,2019-07-03T00:14:00Z,0.35496,0.355,0.35496,0.355,2.16E+4
Kraken:XRPEUR,2019-07-03T00:15:00Z,0.35404,0.35437,0.35384,0.35384,10770.57098169
Kraken:XRPEUR,2019-07-03T00:17:00Z,0.35416,0.35416,0.35416,0.35416,1917.43
Kraken:XRPEUR,2019-07-03T00:18:00Z,0.35456,0.35456,0.35456,0.35456,14377.361
Kraken:XRPEUR,2019-07-03T00:19:00Z,0.3542,0.35422,0.354,0.354,11343
Kraken:XRPEUR,2019-07-03T00:20:00Z,0.354,0.354,0.35351,0.35387,18622.32545927
Kraken:XRPEUR,2019-07-03T00:21:00Z,0.3537,0.3537,0.3537,0.3537,1347.09430711
Kraken:XRPEUR,2019-07-03T00:22:00Z,0.35373,0.35373,0.35358,0.35358,4687.81168961
Kraken:XRPEUR,2019-07-03T00:23:00Z,0.35421,0.35421,0.35421,0.35421,1753
Kraken:XRPEUR,2019-07-03T00:26:00Z,0.35453,0.35512,0.35453,0.35512,3576
Kraken:XRPEUR,2019-07-03T00:27:00Z,0.35512,0.35535,0.35512,0.35535,986
Kraken:XRPEUR,2019-07-03T00:29:00Z,0.35484,0.35484,0.35484,0.35484,50.1
Kraken:XRPEUR,2019-07-03T00:32:00Z,0.35529,0.35529,0.35529,0.35529,829.25835233
Kraken:XRPEUR,2019-07-03T00:33:00Z,0.3553,0.3553,0.35486,0.35491,4676.05952568
Kraken:XRPEUR,2019-07-03T00:36:00Z,0.35535,0.35581,0.35535,0.35581,747.07074701
Kraken:XRPEUR,2019-07-03T00:37:00Z,0.3558,0.3558,0.3558,0.3558,7.07E+3
Kraken:XRPEUR,2019-07-03T00:38:00Z,0.356,0.35607,0.356,0.35607,742.60337079
Kraken:XRPEUR,2019-07-03T00:39:00Z,0.3558,0.3558,0.35579,0.35579,1462.20072463
Kraken:XRPEUR,2019-07-03T00:40:00Z,0.35595,0.35595,0.35595,0.35595,199.512291
Kraken:XRPEUR,2019-07-03T00:41:00Z,0.35592,0.35592,0.35592,0.35592,43.30074173
Kraken:XRPEUR,2019-07-03T00:43:00Z,0.3555,0.35594,0.3555,0.35594,648.525908
Kraken:XRPEUR,2019-07-03T00:44:00Z,0.35594,0.3561,0.35594,0.3561,15631.65573885
Kraken:XRPEUR,2019-07-03T00:45:00Z,0.3562,0.3565,0.3562,0.3565,1E+2
Kraken:XRPEUR,2019-07-03T00:46:00Z,0.35653,0.357,0.35653,0.357,5E+2
Kraken:XRPEUR,2019-07-03T00:47:00Z,0.357,0.357,0.357,0.357,5E+2
Kraken:XRPEUR,2019-07-03T00:48:00Z,0.357,0.357,0.357,0.357,2046
Kraken:XRPEUR,2019-07-03T00:49:00Z,0.35712,0.35812,0.35712,0.35812,47777.079
Kraken:XRPEUR,2019-07-03T00:50:00Z,0.35816,0.35822,0.35758,0.35764,24365.54428046
Kraken:XRPEUR,2019-07-03T00:51:00Z,0.35732,0.35774,0.35732,0.35774,12893.304
Kraken:XRPEUR,2019-07-03T00:53:00Z,0.35747,0.35747,0.35747,0.35747,1466.733
Kraken:XRPEUR,2019-07-03T00:54:00Z,0.3575,0.3575,0.35708,0.35708,2233.6
Kraken:XRPEUR,2019-07-03T00:55:00Z,0.35734,0.35734,0.35734,0.35734,2104.632
Kraken:XRPEUR,2019-07-03T00:56:00Z,0.3574,0.3574,0.3574,0.3574,2816.45187
Kraken:XRPEUR,2019-07-03T00:57:00Z,0.357,0.357,0.35696,0.35696,1184.19055517
Kraken:XRPEUR,2019-07-03T01:01:00Z,0.35695,0.35745,0.35695,0.35745,12371.23320654
Kraken:XRPEUR,2019-07-03T01:02:00Z,0.35694,0.35694,0.35694,0.35694,33.645226
Kraken:XRPEUR,2019-07-03T01:04:00Z,0.35665,0.35665,0.35665,0.35665,47.96301
Kraken:XRPEUR,2019-07-03T01:05:00Z,0.35734,0.35755,0.35734,0.35755,1.05E+3
Kraken:XRPEUR,2019-07-03T01:06:00Z,0.35753,0.35753,0.35719,0.35719,1.5E+2
Kraken:XRPEUR,2019-07-03T01:08:00Z,0.35716,0.35716,0.35691,0.35691,1.18E+3
Kraken:XRPEUR,2019-07-03T01:10:00Z,0.35687,0.35687,0.35687,0.35687,173.88937147
Kraken:XRPEUR,2019-07-03T01:11:00Z,0.3573,0.35731,0.3573,0.35731,3362.617
Kraken:XRPEUR,2019-07-03T01:13:00Z,0.35666,0.35667,0.35666,0.35667,5.6E+3
Kraken:XRPEUR,2019-07-03T01:14:00Z,0.35613,0.35613,0.35613,0.35613,6329.447
Kraken:XRPEUR,2019-07-03T01:15:00Z,0.3559,0.35619,0.35527,0.35617,15942.86944509
Kraken:XRPEUR,2019-07-03T01:16:00Z,0.35611,0.35611,0.35611,0.35611,61.653441
Kraken:XRPEUR,2019-07-03T01:17:00Z,0.35646,0.35668,0.35646,0.35668,2841.4
Kraken:XRPEUR,2019-07-03T01:18:00Z,0.35681,0.35681,0.35681,0.35681,639.26501093
Kraken:XRPEUR,2019-07-03T01:19:00Z,0.35699,0.35705,0.35678,0.35678,6235.437523
Kraken:XRPEUR,2019-07-03T01:20:00Z,0.35639,0.35639,0.35639,0.35639,647.466048
Kraken:XRPEUR,2019-07-03T01:21:00Z,0.35648,0.35659,0.35648,0.35659,3.03E+3
Kraken:XRPEUR,2019-07-03T01:22:00Z,0.35667,0.3567,0.3564,0.3564,25867.31627384
Kraken:XRPEUR,2019-07-03T01:23:00Z,0.35675,0.35691,0.35675,0.35691,8.7E+2
Kraken:XRPEUR,2019-07-03T01:26:00Z,0.35618,0.35618,0.35616,0.35616,7066.07009751
Kraken:XRPEUR,2019-07-03T01:27:00Z,0.35616,0.35616,0.35616,0.35616,3E+3
Kraken:XRPEUR,2019-07-03T01:28:00Z,0.35592,0.35597,0.35569,0.35569,55090.21956088
Kraken:XRPEUR,2019-07-03T01:30:00Z,0.35647,0.35647,0.35647,0.35647,2155
Kraken:XRPEUR,2019-07-03T01:31:00Z,0.35627,0.35653,0.35627,0.35653,4444.86875269
Kraken:XRPEUR,2019-07-03T01:33:00Z,0.35707,0.35707,0.35696,0.35696,2381.468287
Kraken:XRPEUR,2019-07-03T01:34:00Z,0.35721,0.35749,0.35721,0.35723,9296.71968087
Kraken:XRPEUR,2019-07-03T01:35:00Z,0.35771,0.3582,0.35771,0.35789,5457.30454692
Kraken:XRPEUR,2019-07-03T01:37:00Z,0.3579,0.3579,0.35748,0.35748,45509.7240025
Kraken:XRPEUR,2019-07-03T01:39:00Z,0.35754,0.35764,0.35754,0.35764,13800.76470275
Kraken:XRPEUR,2019-07-03T01:43:00Z,0.35765,0.35765,0.35765,0.35765,1.5E+3
Kraken:XRPEUR,2019-07-03T01:44:00Z,0.35835,0.35885,0.35835,0.35885,3.04E+3
Kraken:XRPEUR,2019-07-03T01:46:00Z,0.3589,0.3592,0.3589,0.3592,16365.51867
Kraken:XRPEUR,2019-07-03T01:47:00Z,0.359,0.359,0.35868,0.35869,1284.06685
Kraken:XRPEUR,2019-07-03T01:48:00Z,0.35816,0.35816,0.35816,0.35816,39
Kraken:XRPEUR,2019-07-03T01:49:00Z,0.35823,0.35823,0.35823,0.35823,5E+1
Kraken:XRPEUR,2019-07-03T01:50:00Z,0.35821,0.35829,0.35818,0.35818,41572.00441964
Kraken:XRPEUR,2019-07-03T01:51:00Z,0.35791,0.35791,0.35791,0.35791,1918.956518
Kraken:XRPEUR,2019-07-03T01:53:00Z,0.3578,0.3578,0.3578,0.3578,9608
Kraken:XRPEUR,2019-07-03T01:54:00Z,0.3578,0.3578,0.3578,0.3578,4.25E+3
Kraken:XRPEUR,2019-07-03T01:56:00Z,0.3578,0.3578,0.3572,0.35736,7568.87636668
Kraken:XRPEUR,2019-07-03T01:59:00Z,0.35773,0.35773,0.35773,0.35773,1503.28012747
Kraken:XRPEUR,2019-07-03T02:00:00Z,0.35733,0.35733,0.35711,0.35711,6599.868753
Kraken:XRPEUR,2019-07-03T02:02:00Z,0.35682,0.35682,0.35682,0.35682,29
Kraken:XRPEUR,2019-07-03T02:03:00Z,0.3565,0.3565,0.3565,0.3565,1911.84002188
Kraken:XRPEUR,2019-07-03T02:04:00Z,0.3565,0.3565,0.35596,0.35625,5915.19626435
Kraken:XRPEUR,2019-07-03T02:06:00Z,0.3567,0.3572,0.3567,0.35706,1739.45146
Kraken:XRPEUR,2019-07-03T02:08:00Z,0.3574,0.35743,0.3574,0.35743,868.46671011
Kraken:XRPEUR,2019-07-03T02:09:00Z,0.35747,0.35747,0.35747,0.35747,320.06965814
Kraken:XRPEUR,2019-07-03T02:12:00Z,0.35791,0.35794,0.35791,0.35794,32819.41
Kraken:XRPEUR,2019-07-03T02:13:00Z,0.35747,0.35747,0.35747,0.35747,208.5
Kraken:XRPEUR,2019-07-03T02:14:00Z,0.35788,0.35788,0.35788,0.35788,3566.641741
Kraken:XRPEUR,2019-07-03T02:17:00Z,0.35788,0.35788,0.3572,0.3572,2938.45992195
Kraken:XRPEUR,2019-07-03T02:21:00Z,0.35788,0.35788,0.35788,0.35788,3E+1
Kraken:XRPEUR,2019-07-03T02:23:00Z,0.35725,0.35725,0.35725,0.35725,93.057811
Kraken:XRPEUR,2019-07-03T02:24:00Z,0.35752,0.35752,0.35728,0.35728,1.7E+2
Kraken:XRPEUR,2019-07-03T02:26:00Z,0.35805,0.35805,0.35762,0.3579,4913.620278
Kraken:XRPEUR,2019-07-03T02:28:00Z,0.35791,0.35795,0.3579,0.35795,23899.44866075
Kraken:XRPEUR,2019-07-03T02:30:00Z,0.35821,0.35839,0.35821,0.35839,101407.916
Kraken:XRPEUR,2019-07-03T02:31:00Z,0.35839,0.35878,0.35839,0.35878,19253.84483159
Kraken:XRPEUR,2019-07-03T02:34:00Z,0.35872,0.35872,0.35872,0.35872,6E+1
Kraken:XRPEUR,2019-07-03T02:37:00Z,0.35838,0.35838,0.35838,0.35838,1507
Kraken:XRPEUR,2019-07-03T02:38:00Z,0.35842,0.35842,0.35842,0.35842,154.907701
Kraken:XRPEUR,2019-07-03T02:41:00Z,0.35858,0.35884,0.35858,0.35884,4063.024499
Kraken:XRPEUR,2019-07-03T02:42:00Z,0.35899,0.35899,0.35899,0.35899,55.405403
Kraken:XRPEUR,2019-07-03T02:43:00Z,0.35884,0.35884,0.35846,0.35846,4503
Kraken:XRPEUR,2019-07-03T02:44:00Z,0.35834,0.35834,0.35834,0.35834,3E+2
Kraken:XRPEUR,2019-07-03T02:47:00Z,0.35801,0.35801,0.35801,0.35801,479
Kraken:XRPEUR,2019-07-03T02:55:00Z,0.35756,0.35756,0.35618,0.35674,43732.24517004
Kraken:XRPEUR,2019-07-03T02:58:00Z,0.35692,0.35692,0.35692,0.35692,167.333
Kraken:XRPEUR,2019-07-03T03:05:00Z,0.35672,0.35672,0.35672,0.35672,6E+3
Kraken:XRPEUR,2019-07-03T03:06:00Z,0.35664,0.35664,0.35664,0.35664,818.309393
Kraken:XRPEUR,2019-07-03T03:07:00Z,0.3565,0.35657,0.3565,0.35657,7919.75
Kraken:XRPEUR,2019-07-03T03:10:00Z,0.35739,0.35739,0.35739,0.35739,1E+3
Kraken:XRPEUR,2019-07-03T03:12:00Z,0.35665,0.35665,0.35658,0.35658,1.4E+4
Kraken:XRPEUR,2019-07-03T03:13:00Z,0.35709,0.35709,0.35679,0.357,4399
Kraken:XRPEUR,2019-07-03T03:15:00Z,0.35633,0.35633,0.35633,0.35633,281
Kraken:XRPEUR,2019-07-03T03:16:00Z,0.35633,0.35633,0.35633,0.35633,2.8E+3
Kraken:XRPEUR,2019-07-03T03:17:00Z,0.35624,0.3567,0.35624,0.3567,16052.603835
Kraken:XRPEUR,2019-07-03T03:18:00Z,0.35712,0.35712,0.35712,0.35712,1E+3
Kraken:XRPEUR,2019-07-03T03:21:00Z,0.35667,0.35667,0.35667,0.35667,901.34572657
Kraken:XRPEUR,2019-07-03T03:30:00Z,0.35694,0.35694,0.35694,0.35694,100.18403923
Kraken:XRPEUR,2019-07-03T03:31:00Z,0.35703,0.35719,0.35703,0.35719,1488.41996067
Kraken:XRPEUR,2019-07-03T03:33:00Z,0.35674,0.35674,0.35674,0.35674,3053
Kraken:XRPEUR,2019-07-03T03:34:00Z,0.35667,0.35667,0.35667,0.35667,6344
Kraken:XRPEUR,2019-07-03T03:38:00Z,0.35728,0.35774,0.35728,0.35774,5E+4
Kraken:XRPEUR,2019-07-03T03:40:00Z,0.35791,0.35791,0.35791,0.35791,2E+2
Kraken:XRPEUR,2019-07-03T03:41:00Z,0.35829,0.35829,0.35819,0.35819,7425
Kraken:XRPEUR,2019-07-03T03:43:00Z,0.35763,0.35763,0.35763,0.35763,7.13E+3
Kraken:XRPEUR,2019-07-03T03:44:00Z,0.35773,0.35773,0.35773,0.35773,1317
Kraken:XRPEUR,2019-07-03T03:47:00Z,0.35838,0.35838,0.35811,0.35811,1053.7589085
Kraken:XRPEUR,2019-07-03T03:48:00Z,0.35805,0.35805,0.35805,0.35805,1515
Kraken:XRPEUR,2019-07-03T03:49:00Z,0.358,0.358,0.358,0.358,7.38E+3
Kraken:XRPEUR,2019-07-03T03:50:00Z,0.35792,0.35792,0.35792,0.35792,187.710006
Kraken:XRPEUR,2019-07-03T03:52:00Z,0.35745,0.35745,0.35745,0.35745,1E+2
Kraken:XRPEUR,2019-07-03T03:54:00Z,0.35729,0.35729,0.35729,0.35729,3319
Kraken:XRPEUR,2019-07-03T03:57:00Z,0.35694,0.35694,0.35694,0.35694,2313.13430332
Kraken:XRPEUR,2019-07-03T04:04:00Z,0.35832,0.35832,0.35832,0.35832,201.495266
Kraken:XRPEUR,2019-07-03T04:06:00Z,0.35818,0.35818,0.35818,0.35818,5E+3
Kraken:XRPEUR,2019-07-03T04:07:00Z,0.35833,0.35839,0.35833,0.35839,8E+3
Kraken:XRPEUR,2019-07-03T04:09:00Z,0.35866,0.35866,0.35866,0.35866,5E+1
Kraken:XRPEUR,2019-07-03T04:10:00Z,0.35837,0.35837,0.35837,0.35837,279
Kraken:XRPEUR,2019-07-03T04:12:00Z,0.35777,0.35777,0.35767,0.35767,10987
Kraken:XRPEUR,2019-07-03T04:14:00Z,0.3583,0.3583,0.3583,0.3583,999
Kraken:XRPEUR,2019-07-03T04:15:00Z,0.35796,0.35796,0.35796,0.35796,5E+1
Kraken:XRPEUR,2019-07-03T04:16:00Z,0.35771,0.35797,0.35758,0.35788,1.484E+4
Kraken:XRPEUR,2019-07-03T04:17:00Z,0.35681,0.35692,0.35681,0.35692,10544
Kraken:XRPEUR,2019-07-03T04:19:00Z,0.35758,0.35758,0.35758,0.35758,1E+3
Kraken:XRPEUR,2019-07-03T04:22:00Z,0.35742,0.35758,0.35741,0.35758,449.47258979
Kraken:XRPEUR,2019-07-03T04:23:00Z,0.35725,0.35732,0.35723,0.35732,3E+3
Kraken:XRPEUR,2019-07-03T04:24:00Z,0.35732,0.35732,0.35732,0.35732,1008.036665
Kraken:XRPEUR,2019-07-03T04:25:00Z,0.35746,0.35768,0.35746,0.35768,7779
Kraken:XRPEUR,2019-07-03T04:27:00Z,0.3574,0.35752,0.35731,0.35732,3.19E+3
Kraken:XRPEUR,2019-07-03T04:28:00Z,0.35729,0.35729,0.35729,0.35729,352.300906
Kraken:XRPEUR,2019-07-03T04:30:00Z,0.35761,0.35761,0.35761,0.35761,373.7381505
Kraken:XRPEUR,2019-07-03T04:31:00Z,0.35732,0.35732,0.35729,0.35729,1.67E+4
Kraken:XRPEUR,2019-07-03T04:32:00Z,0.35695,0.35695,0.35695,0.35695,2855
Kraken:XRPEUR,2019-07-03T04:37:00Z,0.35735,0.35735,0.35735,0.35735,1.25E+3
Kraken:XRPEUR,2019-07-03T04:39:00Z,0.35797,0.35797,0.35797,0.35797,1.5E+2
Kraken:XRPEUR,2019-07-03T04:40:00Z,0.3579,0.3579,0.35783,0.35783,583.777471
Kraken:XRPEUR,2019-07-03T04:41:00Z,0.35728,0.35728,0.35728,0.35728,7.58E+3
Kraken:XRPEUR,2019-07-03T04:43:00Z,0.35783,0.35783,0.35783,0.35783,1E+3
Kraken:XRPEUR,2019-07-03T04:45:00Z,0.35793,0.35793,0.35793,0.35793,3E+1
Kraken:XRPEUR,2019-07-03T04:47:00Z,0.358,0.3585,0.358,0.3585,555
Kraken:XRPEUR,2019-07-03T04:48:00Z,0.35854,0.35854,0.35854,0.35854,81.86569668
Kraken:XRPEUR,2019-07-03T04:49:00Z,0.35854,0.35893,0.35854,0.35893,8E+2
Kraken:XRPEUR,2019-07-03T04:51:00Z,0.35863,0.35863,0.35861,0.35861,1793.3455093
Kraken:XRPEUR,2019-07-03T04:52:00Z,0.35799,0.35847,0.35799,0.35847,2.5E+3
Kraken:XRPEUR,2019-07-03T04:56:00Z,0.35856,0.35856,0.35856,0.35856,6E+1
Kraken:XRPEUR,2019-07-03T04:57:00Z,0.35845,0.35845,0.35845,0.35845,217.801487
Kraken:XRPEUR,2019-07-03T05:00:00Z,0.35809,0.35809,0.35809,0.35809,697.44734
Kraken:XRPEUR,2019-07-03T05:03:00Z,0.358,0.358,0.358,0.358,1E+4
Kraken:XRPEUR,2019-07-03T05:04:00Z,0.35767,0.35769,0.35746,0.35769,30013.05708898
Kraken:XRPEUR,2019-07-03T05:05:00Z,0.35821,0.35821,0.35821,0.35821,1.5E+3
Kraken:XRPEUR,2019-07-03T05:10:00Z,0.35833,0.35833,0.35822,0.35822,968.8105075
Kraken:XRPEUR,2019-07-03T05:11:00Z,0.35834,0.35834,0.35821,0.35821,77.9767355
Kraken:XRPEUR,2019-07-03T05:12:00Z,0.3588,0.359,0.3588,0.359,2918
Kraken:XRPEUR,2019-07-03T05:13:00Z,0.3585,0.35858,0.35803,0.35803,8723.46191584
Kraken:XRPEUR,2019-07-03T05:15:00Z,0.35828,0.35828,0.35824,0.35824,1761.120937
Kraken:XRPEUR,2019-07-03T05:16:00Z,0.35781,0.35781,0.35777,0.35777,8365.04699999
Kraken:XRPEUR,2019-07-03T05:18:00Z,0.3582,0.35839,0.35813,0.35839,7907.2004162
Kraken:XRPEUR,2019-07-03T05:19:00Z,0.35849,0.35849,0.35842,0.35842,1086.25734
Kraken:XRPEUR,2019-07-03T05:20:00Z,0.35838,0.35838,0.35838,0.35838,837.544
Kraken:XRPEUR,2019-07-03T05:21:00Z,0.35853,0.35867,0.35853,0.35867,2.5E+2
Kraken:XRPEUR,2019-07-03T05:22:00Z,0.35874,0.35875,0.35829,0.35829,30773.52835136
Kraken:XRPEUR,2019-07-03T05:23:00Z,0.35836,0.35836,0.35812,0.35812,454
Kraken:XRPEUR,2019-07-03T05:24:00Z,0.35869,0.35869,0.3582,0.3582,195883
Kraken:XRPEUR,2019-07-03T05:25:00Z,0.35831,0.35878,0.35831,0.35878,1707.66514298
Kraken:XRPEUR,2019-07-03T05:26:00Z,0.35846,0.35846,0.3583,0.3583,20875.1455
Kraken:XRPEUR,2019-07-03T05:27:00Z,0.35875,0.35882,0.35875,0.35882,2967.33633994
Kraken:XRPEUR,2019-07-03T05:28:00Z,0.3588,0.3588,0.3588,0.3588,1682.56744704
Kraken:XRPEUR,2019-07-03T05:29:00Z,0.3588,0.3588,0.3588,0.3588,3E+1
Kraken:XRPEUR,2019-07-03T05:30:00Z,0.3588,0.3588,0.3588,0.3588,1.9E+3
Kraken:XRPEUR,2019-07-03T05:31:00Z,0.3588,0.3588,0.35879,0.35879,3865.64937577
Kraken:XRPEUR,2019-07-03T05:32:00Z,0.3588,0.3588,0.3588,0.3588,328.40500892
Kraken:XRPEUR,2019-07-03T05:33:00Z,0.35944,0.35959,0.35944,0.35959,1E+4
Kraken:XRPEUR,2019-07-03T05:35:00Z,0.35974,0.35974,0.35974,0.35974,1075
Kraken:XRPEUR,2019-07-03T05:36:00Z,0.35974,0.35974,0.35974,0.35974,724
Kraken:XRPEUR,2019-07-03T05:37:00Z,0.35949,0.36,0.35949,0.35961,22641.19655556
Kraken:XRPEUR,2019-07-03T05:38:00Z,0.36,0.36,0.35977,0.35977,8275.70927031
Kraken:XRPEUR,2019-07-03T05:39:00Z,0.36,0.36,0.36,0.36,16503.85333413
Kraken:XRPEUR,2019-07-03T05:40:00Z,0.36,0.36,0.36,0.36,113
Kraken:XRPEUR,2019-07-03T05:41:00Z,0.36003,0.36085,0.36003,0.36085,75021.94964715
Kraken:XRPEUR,2019-07-03T05:42:00Z,0.36034,0.36034,0.36034,0.36034,5E+1
Kraken:XRPEUR,2019-07-03T05:43:00Z,0.36025,0.36049,0.36025,0.36043,3.287E+4
Kraken:XRPEUR,2019-07-03T05:44:00Z,0.36033,0.36041,0.36033,0.36041,10283.93926953
Kraken:XRPEUR,2019-07-03T05:46:00Z,0.36,0.36,0.36,0.36,1525.425
Kraken:XRPEUR,2019-07-03T05:48:00Z,0.36,0.36,0.35959,0.35959,39004.72166587
Kraken:XRPEUR,2019-07-03T05:49:00Z,0.35905,0.35957,0.35905,0.35957,22890.0169
Kraken:XRPEUR,2019-07-03T05:50:00Z,0.36007,0.36068,0.36007,0.36068,86441.16468691
Kraken:XRPEUR,2019-07-03T05:51:00Z,0.36073,0.36073,0.36003,0.36003,5797.34640923
Kraken:XRPEUR,2019-07-03T05:52:00Z,0.36033,0.36033,0.36033,0.36033,5E+1
Kraken:XRPEUR,2019-07-03T05:53:00Z,0.36014,0.36023,0.35976,0.35976,6945
Kraken:XRPEUR,2019-07-03T05:54:00Z,0.35995,0.36,0.35995,0.36,32753.87
Kraken:XRPEUR,2019-07-03T05:55:00Z,0.36035,0.36035,0.35962,0.35962,14216.53444444
Kraken:XRPEUR,2019-07-03T05:56:00Z,0.36006,0.36019,0.36006,0.36019,1E+3
Kraken:XRPEUR,2019-07-03T05:57:00Z,0.35998,0.35998,0.35998,0.35998,1303.15861
Kraken:XRPEUR,2019-07-03T05:58:00Z,0.35966,0.35966,0.35957,0.35957,7E+3
Kraken:XRPEUR,2019-07-03T05:59:00Z,0.3603,0.3603,0.36004,0.36004,2448.14230142
Kraken:XRPEUR,2019-07-03T06:00:00Z,0.36006,0.36006,0.36006,0.36006,1584.63662283
Kraken:XRPEUR,2019-07-03T06:01:00Z,0.35982,0.35982,0.35982,0.35982,900.9009009
Kraken:XRPEUR,2019-07-03T06:02:00Z,0.35926,0.35926,0.35926,0.35926,4890.94477124
Kraken:XRPEUR,2019-07-03T06:03:00Z,0.35938,0.35938,0.35877,0.35877,5329.77875334
Kraken:XRPEUR,2019-07-03T06:04:00Z,0.35891,0.35891,0.35891,0.35891,5E+2
Kraken:XRPEUR,2019-07-03T06:05:00Z,0.35891,0.35891,0.35891,0.35891,215.4276
Kraken:XRPEUR,2019-07-03T06:08:00Z,0.3589,0.359,0.35877,0.35877,43455.69727123
Kraken:XRPEUR,2019-07-03T06:09:00Z,0.35885,0.35885,0.35885,0.35885,5E+2
Kraken:XRPEUR,2019-07-03T06:10:00Z,0.35853,0.35853,0.35781,0.35788,9533.02570285
Kraken:XRPEUR,2019-07-03T06:11:00Z,0.35795,0.358,0.35795,0.358,13857.86246234
Kraken:XRPEUR,2019-07-03T06:12:00Z,0.358,0.358,0.358,0.358,1.87E+4
Kraken:XRPEUR,2019-07-03T06:13:00Z,0.358,0.358,0.358,0.358,2E+3
Kraken:XRPEUR,2019-07-03T06:14:00Z,0.35785,0.35785,0.3578,0.3578,1E+4
Kraken:XRPEUR,2019-07-03T06:15:00Z,0.358,0.35876,0.358,0.35876,29220.76169692
Kraken:XRPEUR,2019-07-03T06:16:00Z,0.35849,0.35855,0.35849,0.35855,3277.190604
Kraken:XRPEUR,2019-07-03T06:17:00Z,0.3585,0.3585,0.35845,0.35845,7342.8218043
Kraken:XRPEUR,2019-07-03T06:18:00Z,0.35849,0.35849,0.35849,0.35849,1352.0679312
Kraken:XRPEUR,2019-07-03T06:19:00Z,0.35847,0.35847,0.3584,0.35844,2.35E+4
Kraken:XRPEUR,2019-07-03T06:20:00Z,0.35833,0.35833,0.35817,0.35817,8.4E+2
Kraken:XRPEUR,2019-07-03T06:21:00Z,0.35799,0.35805,0.35789,0.35805,12062.5368105
Kraken:XRPEUR,2019-07-03T06:22:00Z,0.3579,0.3579,0.3579,0.3579,3E+1
Kraken:XRPEUR,2019-07-03T06:23:00Z,0.35765,0.35786,0.35765,0.35774,5189.79943499
Kraken:XRPEUR,2019-07-03T06:25:00Z,0.35776,0.35792,0.35776,0.35792,414
Kraken:XRPEUR,2019-07-03T06:26:00Z,0.35814,0.35814,0.35783,0.35789,32401.81609044
Kraken:XRPEUR,2019-07-03T06:28:00Z,0.35783,0.35817,0.35777,0.35817,539.771906
Kraken:XRPEUR,2019-07-03T06:29:00Z,0.358,0.35818,0.358,0.35818,128.810642
Kraken:XRPEUR,2019-07-03T06:30:00Z,0.35818,0.35818,0.35795,0.358,1.15E+4
Kraken:XRPEUR,2019-07-03T06:32:00Z,0.358,0.35839,0.358,0.35817,5024.497523
Kraken:XRPEUR,2019-07-03T06:33:00Z,0.35836,0.35858,0.35821,0.35821,32815
Kraken:XRPEUR,2019-07-03T06:34:00Z,0.35862,0.35875,0.35862,0.35875,3.23E+4
Kraken:XRPEUR,2019-07-03T06:35:00Z,0.35874,0.35874,0.35874,0.35874,1061.7
Kraken:XRPEUR,2019-07-03T06:37:00Z,0.35824,0.35824,0.35824,0.35824,5E+3
Kraken:XRPEUR,2019-07-03T06:42:00Z,0.35833,0.35839,0.35833,0.35839,941.79430647
Kraken:XRPEUR,2019-07-03T06:44:00Z,0.35864,0.35864,0.35864,0.35864,2E+2
Kraken:XRPEUR,2019-07-03T06:45:00Z,0.3585,0.3585,0.3585,0.3585,3.65E+3
Kraken:XRPEUR,2019-07-03T06:48:00Z,0.35787,0.35825,0.35785,0.35825,895.1343564
Kraken:XRPEUR,2019-07-03T06:50:00Z,0.35829,0.3583,0.35828,0.35828,3549.37056176
Kraken:XRPEUR,2019-07-03T06:52:00Z,0.35827,0.35828,0.35801,0.35801,621.25490196
Kraken:XRPEUR,2019-07-03T06:54:00Z,0.35801,0.35801,0.35801,0.35801,2E+3
Kraken:XRPEUR,2019-07-03T06:55:00Z,0.3581,0.35829,0.3581,0.35829,2172.42718835
Kraken:XRPEUR,2019-07-03T06:57:00Z,0.3583,0.3583,0.35827,0.35827,3E+2
Kraken:XRPEUR,2019-07-03T07:00:00Z,0.3583,0.3583,0.3583,0.3583,5772.89282724
Kraken:XRPEUR,2019-07-03T07:01:00Z,0.35854,0.35854,0.35825,0.35825,5103
Kraken:XRPEUR,2019-07-03T07:02:00Z,0.35769,0.35769,0.35769,0.35769,592
Kraken:XRPEUR,2019-07-03T07:03:00Z,0.35839,0.35839,0.35839,0.35839,3.5E+2
Kraken:XRPEUR,2019-07-03T07:04:00Z,0.35829,0.35829,0.35829,0.35829,44.65
Kraken:XRPEUR,2019-07-03T07:06:00Z,0.35827,0.35827,0.35733,0.35733,15061.15405441
Kraken:XRPEUR,2019-07-03T07:07:00Z,0.35754,0.35754,0.35754,0.35754,3016.88985848
Kraken:XRPEUR,2019-07-03T07:09:00Z,0.35721,0.35752,0.35714,0.35752,3229.37925624
Kraken:XRPEUR,2019-07-03T07:10:00Z,0.35749,0.35749,0.35749,0.35749,224.34591335
Kraken:XRPEUR,2019-07-03T07:12:00Z,0.35755,0.35755,0.35737,0.35737,368.03928701
Kraken:XRPEUR,2019-07-03T07:14:00Z,0.35742,0.35784,0.35742,0.35784,9634.58061
Kraken:XRPEUR,2019-07-03T07:17:00Z,0.35796,0.35796,0.35796,0.35796,191.5
Kraken:XRPEUR,2019-07-03T07:19:00Z,0.3579,0.35791,0.3579,0.35791,1876.58777559
Kraken:XRPEUR,2019-07-03T07:21:00Z,0.35801,0.35806,0.35801,0.35806,2238.314356
Kraken:XRPEUR,2019-07-03T07:22:00Z,0.35795,0.35802,0.35766,0.35802,5022.22549616
Kraken:XRPEUR,2019-07-03T07:23:00Z,0.3578,0.35807,0.3578,0.35807,14727.59076338
Kraken:XRPEUR,2019-07-03T07:24:00Z,0.35762,0.35762,0.35761,0.35761,2.28E+3
Kraken:XRPEUR,2019-07-03T07:25:00Z,0.35806,0.35806,0.35806,0.35806,205.52197956
Kraken:XRPEUR,2019-07-03T07:27:00Z,0.35794,0.35795,0.3577,0.3577,1749.5985592
Kraken:XRPEUR,2019-07-03T07:28:00Z,0.3581,0.3581,0.3581,0.3581,1E+2
Kraken:XRPEUR,2019-07-03T07:29:00Z,0.3584,0.35848,0.3584,0.35848,4639.36147065
Kraken:XRPEUR,2019-07-03T07:31:00Z,0.35784,0.35841,0.35784,0.35841,146.93811075
Kraken:XRPEUR,2019-07-03T07:32:00Z,0.3579,0.3579,0.3579,0.3579,1E+2
Kraken:XRPEUR,2019-07-03T07:34:00Z,0.35816,0.35816,0.35816,0.35816,1.4E+3
Kraken:XRPEUR,2019-07-03T07:35:00Z,0.35795,0.35795,0.35795,0.35795,84.441058
Kraken:XRPEUR,2019-07-03T07:36:00Z,0.35784,0.35784,0.35784,0.35784,2322.755149
Kraken:XRPEUR,2019-07-03T07:37:00Z,0.35779,0.35779,0.35661,0.35666,42507.22404833
Kraken:XRPEUR,2019-07-03T07:38:00Z,0.35661,0.35661,0.35601,0.35601,103765.65443755
Kraken:XRPEUR,2019-07-03T07:39:00Z,0.356,0.356,0.35569,0.35595,12392.04829377
Kraken:XRPEUR,2019-07-03T07:42:00Z,0.35564,0.35609,0.35563,0.35563,2083.551519
Kraken:XRPEUR,2019-07-03T07:43:00Z,0.35595,0.35599,0.35587,0.35588,5582.8291868
Kraken:XRPEUR,2019-07-03T07:44:00Z,0.35618,0.35618,0.35618,0.35618,1E+3
Kraken:XRPEUR,2019-07-03T07:45:00Z,0.35624,0.35624,0.35624,0.35624,844
Kraken:XRPEUR,2019-07-03T07:47:00Z,0.35612,0.35612,0.35553,0.35612,20673.263241
Kraken:XRPEUR,2019-07-03T07:48:00Z,0.35573,0.35573,0.35547,0.35573,31163.11889088
Kraken:XRPEUR,2019-07-03T07:49:00Z,0.35524,0.35597,0.35524,0.35597,427.778043
Kraken:XRPEUR,2019-07-03T07:51:00Z,0.35597,0.35597,0.35597,0.35597,98.92322387
Kraken:XRPEUR,2019-07-03T07:52:00Z,0.3555,0.3555,0.3555,0.3555,1E+2
Kraken:XRPEUR,2019-07-03T07:53:00Z,0.35541,0.35541,0.35539,0.35539,2394
Kraken:XRPEUR,2019-07-03T07:54:00Z,0.3555,0.3555,0.35523,0.35523,4048.53931335
Kraken:XRPEUR,2019-07-03T07:55:00Z,0.35548,0.35548,0.35548,0.35548,1256.69854844
Kraken:XRPEUR,2019-07-03T07:56:00Z,0.35523,0.35523,0.35509,0.35509,13283.55302004
Kraken:XRPEUR,2019-07-03T07:57:00Z,0.35509,0.35509,0.3543,0.35497,28943.45039219
Kraken:XRPEUR,2019-07-03T07:58:00Z,0.355,0.35554,0.355,0.35554,20473.66800632
Kraken:XRPEUR,2019-07-03T08:00:00Z,0.3553,0.3553,0.35451,0.35451,2869.99999995
Kraken:XRPEUR,2019-07-03T08:01:00Z,0.35535,0.35535,0.35434,0.35434,13981.10768134
Kraken:XRPEUR,2019-07-03T08:02:00Z,0.35429,0.35435,0.35429,0.35435,2363.98859
Kraken:XRPEUR,2019-07-03T08:03:00Z,0.35432,0.35432,0.35396,0.35396,678.6746207
Kraken:XRPEUR,2019-07-03T08:05:00Z,0.35429,0.35429,0.35429,0.35429,278.791299
Kraken:XRPEUR,2019-07-03T08:06:00Z,0.35433,0.35491,0.35433,0.35468,30402.081876
Kraken:XRPEUR,2019-07-03T08:08:00Z,0.35456,0.35456,0.35429,0.35429,298.18043751
Kraken:XRPEUR,2019-07-03T08:10:00Z,0.35454,0.35455,0.35454,0.35455,2.5E+2
Kraken:XRPEUR,2019-07-03T08:11:00Z,0.35462,0.35462,0.35462,0.35462,687.77889
Kraken:XRPEUR,2019-07-03T08:13:00Z,0.35472,0.35472,0.35472,0.35472,2E+2
Kraken:XRPEUR,2019-07-03T08:14:00Z,0.3543,0.3543,0.3543,0.3543,375.31060062
Kraken:XRPEUR,2019-07-03T08:15:00Z,0.35433,0.35433,0.35433,0.35433,127.002
Kraken:XRPEUR,2019-07-03T08:16:00Z,0.35506,0.35506,0.35506,0.35506,1E+3
Kraken:XRPEUR,2019-07-03T08:17:00Z,0.35508,0.35508,0.35456,0.35456,2600.00112584
Kraken:XRPEUR,2019-07-03T08:19:00Z,0.35535,0.35536,0.35535,0.35536,3613.7184
Kraken:XRPEUR,2019-07-03T08:20:00Z,0.35535,0.35535,0.35535,0.35535,3E+2
Kraken:XRPEUR,2019-07-03T08:21:00Z,0.35533,0.35533,0.35533,0.35533,205.61618777
Kraken:XRPEUR,2019-07-03T08:22:00Z,0.3554,0.35551,0.3554,0.3555,246.32160945
Kraken:XRPEUR,2019-07-03T08:23:00Z,0.3552,0.3552,0.35519,0.35519,669.15743243
Kraken:XRPEUR,2019-07-03T08:24:00Z,0.35511,0.35511,0.35511,0.35511,1498.89780631
Kraken:XRPEUR,2019-07-03T08:25:00Z,0.35503,0.35525,0.35503,0.35525,5.6E+3
Kraken:XRPEUR,2019-07-03T08:27:00Z,0.35592,0.35592,0.35501,0.35501,1.56E+3
Kraken:XRPEUR,2019-07-03T08:29:00Z,0.35504,0.35505,0.35504,0.35505,596.00000068
Kraken:XRPEUR,2019-07-03T08:30:00Z,0.35522,0.35522,0.35467,0.35467,3.1E+3
Kraken:XRPEUR,2019-07-03T08:32:00Z,0.35536,0.35536,0.35456,0.3547,6220.90151975
Kraken:XRPEUR,2019-07-03T08:34:00Z,0.3543,0.3543,0.354,0.354,16882.54131201
Kraken:XRPEUR,2019-07-03T08:35:00Z,0.35366,0.35366,0.35244,0.35348,58072.11268251
Kraken:XRPEUR,2019-07-03T08:36:00Z,0.35327,0.35327,0.35314,0.35314,3999.77099697
Kraken:XRPEUR,2019-07-03T08:37:00Z,0.35351,0.35359,0.35351,0.35359,8463.38640474
Kraken:XRPEUR,2019-07-03T08:38:00Z,0.354,0.35427,0.354,0.35427,1291.6789
Kraken:XRPEUR,2019-07-03T08:39:00Z,0.35446,0.35446,0.35429,0.35429,1.7E+2
Kraken:XRPEUR,2019-07-03T08:40:00Z,0.3539,0.35464,0.3539,0.35464,3.4E+3
Kraken:XRPEUR,2019-07-03T08:42:00Z,0.3539,0.3539,0.35346,0.35346,1.164E+4
Kraken:XRPEUR,2019-07-03T08:43:00Z,0.35386,0.35394,0.35386,0.35394,1839.24838873
Kraken:XRPEUR,2019-07-03T08:45:00Z,0.35424,0.35424,0.35424,0.35424,7.13E+3
Kraken:XRPEUR,2019-07-03T08:47:00Z,0.35412,0.35412,0.35412,0.35412,2.5E+2
Kraken:XRPEUR,2019-07-03T08:49:00Z,0.35384,0.35384,0.35384,0.35384,7E+1
Kraken:XRPEUR,2019-07-03T08:50:00Z,0.35315,0.35315,0.35315,0.35315,2.5E+2
Kraken:XRPEUR,2019-07-03T08:51:00Z,0.35376,0.35376,0.35349,0.35349,4873.527221
Kraken:XRPEUR,2019-07-03T08:53:00Z,0.35288,0.35288,0.35288,0.35288,1502.3
Kraken:XRPEUR,2019-07-03T08:54:00Z,0.35232,0.35232,0.35213,0.35213,1.07E+4
Kraken:XRPEUR,2019-07-03T08:55:00Z,0.35254,0.35254,0.35173,0.35173,21866.46419685
Kraken:XRPEUR,2019-07-03T08:56:00Z,0.35277,0.35277,0.35221,0.35263,26514.086689
Kraken:XRPEUR,2019-07-03T08:57:00Z,0.35232,0.35232,0.35231,0.35231,230.51999999
Kraken:XRPEUR,2019-07-03T08:58:00Z,0.35237,0.35241,0.35216,0.35216,3582.06447646
Kraken:XRPEUR,2019-07-03T09:00:00Z,0.35219,0.3523,0.35219,0.3523,6510.51051051
Kraken:XRPEUR,2019-07-03T09:01:00Z,0.35248,0.35262,0.35248,0.35262,9.5E+3
Kraken:XRPEUR,2019-07-03T09:02:00Z,0.3528,0.35289,0.3528,0.35289,2843.86555587
Kraken:XRPEUR,2019-07-03T09:05:00Z,0.35257,0.35257,0.35257,0.35257,930.64650977
Kraken:XRPEUR,2019-07-03T09:06:00Z,0.35253,0.35253,0.35253,0.35253,2522.44
Kraken:XRPEUR,2019-07-03T09:07:00Z,0.35257,0.35257,0.35257,0.35257,1069.35349023
Kraken:XRPEUR,2019-07-03T09:08:00Z,0.35275,0.35275,0.35155,0.35196,2445.4384537
Kraken:XRPEUR,2019-07-03T09:09:00Z,0.35154,0.35174,0.3512,0.35174,15166.374854
Kraken:XRPEUR,2019-07-03T09:10:00Z,0.35117,0.35117,0.35014,0.351,23863.39645748
Kraken:XRPEUR,2019-07-03T09:11:00Z,0.351,0.35108,0.351,0.35108,408.77770001
Kraken:XRPEUR,2019-07-03T09:12:00Z,0.351,0.35114,0.351,0.35114,4121.56886979
Kraken:XRPEUR,2019-07-03T09:13:00Z,0.35114,0.35114,0.35114,0.35114,500.616337
Kraken:XRPEUR,2019-07-03T09:14:00Z,0.35133,0.35133,0.35123,0.35123,920.592136
Kraken:XRPEUR,2019-07-03T09:15:00Z,0.35241,0.35277,0.35241,0.35277,1607.12096517
Kraken:XRPEUR,2019-07-03T09:16:00Z,0.35268,0.35268,0.35267,0.35267,4798.420234
Kraken:XRPEUR,2019-07-03T09:17:00Z,0.3525,0.3525,0.35188,0.35188,896.57172821
Kraken:XRPEUR,2019-07-03T09:19:00Z,0.35182,0.35182,0.35181,0.35181,10383.0114
Kraken:XRPEUR,2019-07-03T09:20:00Z,0.352,0.352,0.352,0.352,102
Kraken:XRPEUR,2019-07-03T09:21:00Z,0.352,0.352,0.352,0.352,326.40595741
Kraken:XRPEUR,2019-07-03T09:22:00Z,0.3516,0.3516,0.35159,0.3516,3441.77518066
Kraken:XRPEUR,2019-07-03T09:23:00Z,0.3516,0.3516,0.3516,0.3516,1085.84126564
Kraken:XRPEUR,2019-07-03T09:24:00Z,0.3516,0.3519,0.3516,0.3519,2460.06290436
Kraken:XRPEUR,2019-07-03T09:29:00Z,0.35235,0.35256,0.35235,0.35256,10244.66303608
Kraken:XRPEUR,2019-07-03T09:30:00Z,0.35291,0.35298,0.35271,0.35298,966.57308649
Kraken:XRPEUR,2019-07-03T09:31:00Z,0.35298,0.35337,0.3527,0.3527,3554.10708603
Kraken:XRPEUR,2019-07-03T09:33:00Z,0.3525,0.3525,0.3525,0.3525,106.92198582
Kraken:XRPEUR,2019-07-03T09:35:00Z,0.3525,0.3525,0.3525,0.3525,915
Kraken:XRPEUR,2019-07-03T09:38:00Z,0.3524,0.3524,0.3524,0.3524,381.65997619
Kraken:XRPEUR,2019-07-03T09:40:00Z,0.35228,0.35232,0.35228,0.35232,1765
Kraken:XRPEUR,2019-07-03T09:41:00Z,0.3524,0.3525,0.3524,0.3525,2708.16408755
Kraken:XRPEUR,2019-07-03T09:42:00Z,0.35246,0.35246,0.35245,0.35245,5E+2
Kraken:XRPEUR,2019-07-03T09:43:00Z,0.35236,0.35236,0.35236,0.35236,870.49267794
Kraken:XRPEUR,2019-07-03T09:44:00Z,0.35224,0.35224,0.35223,0.35223,777.46308507
Kraken:XRPEUR,2019-07-03T09:45:00Z,0.3522,0.3522,0.352,0.352,11354.82661064
Kraken:XRPEUR,2019-07-03T09:46:00Z,0.352,0.35251,0.352,0.35251,2522.72052167
Kraken:XRPEUR,2019-07-03T09:47:00Z,0.35239,0.35248,0.35239,0.35248,378.76174403
Kraken:XRPEUR,2019-07-03T09:48:00Z,0.35255,0.35255,0.35245,0.35246,3215.2384059
Kraken:XRPEUR,2019-07-03T09:50:00Z,0.35254,0.35261,0.35208,0.35261,518.787582
Kraken:XRPEUR,2019-07-03T09:51:00Z,0.35197,0.35197,0.35197,0.35197,5667.56683808
Kraken:XRPEUR,2019-07-03T09:52:00Z,0.35194,0.35194,0.3519,0.3519,2245.58091702
Kraken:XRPEUR,2019-07-03T09:53:00Z,0.35186,0.35248,0.35186,0.35248,5353
Kraken:XRPEUR,2019-07-03T09:57:00Z,0.35181,0.35276,0.35181,0.35276,9830.76199098
Kraken:XRPEUR,2019-07-03T09:58:00Z,0.35253,0.35334,0.35253,0.35334,5312.02286314
Kraken:XRPEUR,2019-07-03T10:00:00Z,0.35394,0.354,0.35394,0.35395,1150.54252613
Kraken:XRPEUR,2019-07-03T10:02:00Z,0.35448,0.355,0.35448,0.355,12162.005
Kraken:XRPEUR,2019-07-03T10:03:00Z,0.355,0.355,0.35467,0.35467,2521.30254871
Kraken:XRPEUR,2019-07-03T10:04:00Z,0.355,0.35519,0.355,0.35519,4212.5
Kraken:XRPEUR,2019-07-03T10:05:00Z,0.3549,0.35499,0.35481,0.35499,22579.0542688
Kraken:XRPEUR,2019-07-03T10:07:00Z,0.3553,0.35546,0.35492,0.35512,2539.778454
Kraken:XRPEUR,2019-07-03T10:08:00Z,0.35458,0.35506,0.35458,0.35506,1564.2442099
Kraken:XRPEUR,2019-07-03T10:10:00Z,0.35527,0.35527,0.35527,0.35527,281
Kraken:XRPEUR,2019-07-03T10:12:00Z,0.35526,0.35527,0.35526,0.35527,1392.58832701
Kraken:XRPEUR,2019-07-03T10:13:00Z,0.3555,0.3555,0.35527,0.35527,3064.14919545
Kraken:XRPEUR,2019-07-03T10:14:00Z,0.35527,0.35527,0.35385,0.35509,140034.430228
Kraken:XRPEUR,2019-07-03T10:15:00Z,0.35538,0.35541,0.35537,0.35537,6207.73308355
Kraken:XRPEUR,2019-07-03T10:16:00Z,0.3553,0.35532,0.35444,0.35444,3660.35846171
Kraken:XRPEUR,2019-07-03T10:18:00Z,0.35505,0.35505,0.35478,0.35478,100.7669
Kraken:XRPEUR,2019-07-03T10:20:00Z,0.3552,0.3552,0.3552,0.3552,6E+1
Kraken:XRPEUR,2019-07-03T10:21:00Z,0.35509,0.35509,0.35509,0.35509,30.01
Kraken:XRPEUR,2019-07-03T10:22:00Z,0.35534,0.35534,0.35519,0.35519,7838.99999999
Kraken:XRPEUR,2019-07-03T10:23:00Z,0.35531,0.35531,0.35531,0.35531,105.99195069
Kraken:XRPEUR,2019-07-03T10:24:00Z,0.35527,0.35527,0.35527,0.35527,212.00776874
Kraken:XRPEUR,2019-07-03T10:25:00Z,0.35522,0.35522,0.35489,0.3552,418.05343391
Kraken:XRPEUR,2019-07-03T10:26:00Z,0.35531,0.35531,0.35525,0.35525,212.02865747
Kraken:XRPEUR,2019-07-03T10:27:00Z,0.3552,0.3552,0.3552,0.3552,106.00985222
Kraken:XRPEUR,2019-07-03T10:28:00Z,0.35519,0.35533,0.355,0.355,20523.94716509
Kraken:XRPEUR,2019-07-03T10:29:00Z,0.35481,0.35481,0.35481,0.35481,106.13832366
Kraken:XRPEUR,2019-07-03T10:30:00Z,0.35468,0.35529,0.3546,0.35523,2119.9783991
Kraken:XRPEUR,2019-07-03T10:31:00Z,0.35474,0.35536,0.35474,0.35484,4307.26576174
Kraken:XRPEUR,2019-07-03T10:32:00Z,0.35483,0.35483,0.35483,0.35483,2.8E+2
Kraken:XRPEUR,2019-07-03T10:33:00Z,0.35484,0.35484,0.35483,0.35483,311.76389359
Kraken:XRPEUR,2019-07-03T10:34:00Z,0.35483,0.35483,0.35483,0.35483,3E+1
Kraken:XRPEUR,2019-07-03T10:35:00Z,0.35529,0.35529,0.35529,0.35529,1E+2
Kraken:XRPEUR,2019-07-03T10:36:00Z,0.35497,0.35497,0.35422,0.35422,2733.87869401
Kraken:XRPEUR,2019-07-03T10:39:00Z,0.35427,0.35427,0.35413,0.35413,14884.29534451
Kraken:XRPEUR,2019-07-03T10:40:00Z,0.35401,0.35401,0.35388,0.35388,6E+1
Kraken:XRPEUR,2019-07-03T10:41:00Z,0.3536,0.3536,0.35336,0.35336,5001
Kraken:XRPEUR,2019-07-03T10:42:00Z,0.35396,0.35402,0.35396,0.35402,4267.12794496
Kraken:XRPEUR,2019-07-03T10:44:00Z,0.35407,0.35407,0.35407,0.35407,5E+1
Kraken:XRPEUR,2019-07-03T10:47:00Z,0.35385,0.35385,0.35376,0.35376,16844
Kraken:XRPEUR,2019-07-03T10:51:00Z,0.35433,0.35433,0.35432,0.35432,5488.92450947
Kraken:XRPEUR,2019-07-03T10:52:00Z,0.35411,0.35411,0.35383,0.35383,6E+3
Kraken:XRPEUR,2019-07-03T10:53:00Z,0.35445,0.35445,0.35445,0.35445,1688.37353646
Kraken:XRPEUR,2019-07-03T10:56:00Z,0.3544,0.3544,0.35401,0.35401,31293.881569
Kraken:XRPEUR,2019-07-03T10:57:00Z,0.35447,0.35447,0.35447,0.35447,42
Kraken:XRPEUR,2019-07-03T10:58:00Z,0.35401,0.35455,0.35401,0.35455,157.57958874
Kraken:XRPEUR,2019-07-03T11:01:00Z,0.35449,0.35449,0.35444,0.35444,6476.5
Kraken:XRPEUR,2019-07-03T11:02:00Z,0.35387,0.35444,0.35387,0.35436,2732.71185601
Kraken:XRPEUR,2019-07-03T11:03:00Z,0.35453,0.35462,0.35453,0.35462,2.98E+4
Kraken:XRPEUR,2019-07-03T11:04:00Z,0.35461,0.35463,0.35461,0.35463,6E+3
Kraken:XRPEUR,2019-07-03T11:05:00Z,0.35443,0.35446,0.35443,0.35446,3E+3
Kraken:XRPEUR,2019-07-03T11:06:00Z,0.35446,0.35446,0.35446,0.35446,1735
Kraken:XRPEUR,2019-07-03T11:07:00Z,0.3539,0.3539,0.3539,0.3539,35.18055948
Kraken:XRPEUR,2019-07-03T11:08:00Z,0.3539,0.3539,0.3539,0.3539,132.41621927
Kraken:XRPEUR,2019-07-03T11:11:00Z,0.3539,0.3539,0.35366,0.35366,814.58632382
Kraken:XRPEUR,2019-07-03T11:12:00Z,0.35367,0.354,0.35367,0.35398,59817.69217368
Kraken:XRPEUR,2019-07-03T11:13:00Z,0.35368,0.35368,0.35368,0.35368,2E+3
Kraken:XRPEUR,2019-07-03T11:15:00Z,0.35333,0.35333,0.35333,0.35333,43.4916
Kraken:XRPEUR,2019-07-03T11:18:00Z,0.35333,0.35338,0.35331,0.35331,2377.72173301
Kraken:XRPEUR,2019-07-03T11:19:00Z,0.353,0.353,0.353,0.353,50.994899
Kraken:XRPEUR,2019-07-03T11:20:00Z,0.353,0.35308,0.353,0.35308,573.93399434
Kraken:XRPEUR,2019-07-03T11:21:00Z,0.35282,0.35282,0.35282,0.35282,1409.99999994
Kraken:XRPEUR,2019-07-03T11:22:00Z,0.35311,0.35311,0.35311,0.35311,2015.081903
Kraken:XRPEUR,2019-07-03T11:23:00Z,0.35338,0.35338,0.35338,0.35338,148.40995466
Kraken:XRPEUR,2019-07-03T11:24:00Z,0.3532,0.3532,0.3532,0.3532,5E+2
Kraken:XRPEUR,2019-07-03T11:25:00Z,0.35309,0.35309,0.35308,0.35308,2.6E+3
Kraken:XRPEUR,2019-07-03T11:27:00Z,0.35341,0.35341,0.35305,0.35339,4714.54510565
Kraken:XRPEUR,2019-07-03T11:28:00Z,0.35379,0.35379,0.35379,0.35379,4E+2
Kraken:XRPEUR,2019-07-03T11:29:00Z,0.35342,0.35342,0.35342,0.35342,330.65502759
Kraken:XRPEUR,2019-07-03T11:30:00Z,0.35365,0.35365,0.3536,0.3536,581.49514504
Kraken:XRPEUR,2019-07-03T11:31:00Z,0.35373,0.35373,0.35371,0.35372,300.52618392
Kraken:XRPEUR,2019-07-03T11:32:00Z,0.35393,0.35393,0.35382,0.35383,9789.60611062
Kraken:XRPEUR,2019-07-03T11:33:00Z,0.35362,0.35362,0.3532,0.3532,4E+2
Kraken:XRPEUR,2019-07-03T11:35:00Z,0.35316,0.35317,0.35316,0.35317,2824.18949805
Kraken:XRPEUR,2019-07-03T11:37:00Z,0.35314,0.35314,0.35314,0.35314,355
Kraken:XRPEUR,2019-07-03T11:38:00Z,0.35301,0.35301,0.35301,0.35301,1266.94056
Kraken:XRPEUR,2019-07-03T11:40:00Z,0.35311,0.35311,0.35301,0.35301,5017.35487732
Kraken:XRPEUR,2019-07-03T11:41:00Z,0.35301,0.35301,0.3526,0.3526,7308.74377439
Kraken:XRPEUR,2019-07-03T11:42:00Z,0.35207,0.35207,0.35179,0.35179,783.82079555
Kraken:XRPEUR,2019-07-03T11:43:00Z,0.35108,0.35108,0.35108,0.35108,8.3E+2
Kraken:XRPEUR,2019-07-03T11:44:00Z,0.35153,0.35212,0.35153,0.35212,4694.98221463
Kraken:XRPEUR,2019-07-03T11:45:00Z,0.35187,0.35228,0.35187,0.35228,9163.3723
Kraken:XRPEUR,2019-07-03T11:50:00Z,0.35235,0.35236,0.35235,0.35236,702
Kraken:XRPEUR,2019-07-03T11:51:00Z,0.352,0.352,0.35187,0.35187,676.26332276
Kraken:XRPEUR,2019-07-03T11:52:00Z,0.35205,0.35205,0.35205,0.35205,3E+2
Kraken:XRPEUR,2019-07-03T11:53:00Z,0.35221,0.35239,0.35221,0.35239,6448.945587
Kraken:XRPEUR,2019-07-03T11:54:00Z,0.35206,0.35237,0.35206,0.35218,197.05529952
Kraken:XRPEUR,2019-07-03T11:55:00Z,0.35214,0.35215,0.35214,0.35215,1.85E+3
Kraken:XRPEUR,2019-07-03T11:56:00Z,0.35215,0.35215,0.35213,0.35213,2825.847751
Kraken:XRPEUR,2019-07-03T11:59:00Z,0.35248,0.35252,0.35248,0.35252,879.3
Kraken:XRPEUR,2019-07-03T12:02:00Z,0.35204,0.35204,0.35204,0.35204,31.10199999
Kraken:XRPEUR,2019-07-03T12:03:00Z,0.35234,0.35289,0.35234,0.35289,1024.44886155
Kraken:XRPEUR,2019-07-03T12:04:00Z,0.3527,0.35283,0.3527,0.35271,5349.42621039
Kraken:XRPEUR,2019-07-03T12:05:00Z,0.35348,0.35348,0.35312,0.35312,286.51148435
Kraken:XRPEUR,2019-07-03T12:06:00Z,0.3539,0.3539,0.3539,0.3539,4E+2
Kraken:XRPEUR,2019-07-03T12:08:00Z,0.35373,0.35373,0.35373,0.35373,281.21005539
Kraken:XRPEUR,2019-07-03T12:09:00Z,0.35393,0.35393,0.35393,0.35393,1.4E+3
Kraken:XRPEUR,2019-07-03T12:11:00Z,0.35421,0.35421,0.35413,0.35417,4.4E+3
Kraken:XRPEUR,2019-07-03T12:12:00Z,0.35391,0.35391,0.35354,0.35389,5853.235
Kraken:XRPEUR,2019-07-03T12:18:00Z,0.35388,0.35389,0.35388,0.35388,12922.81456303
Kraken:XRPEUR,2019-07-03T12:19:00Z,0.35388,0.35389,0.35381,0.35389,4392.91892313
Kraken:XRPEUR,2019-07-03T12:20:00Z,0.3539,0.35413,0.3539,0.35413,6472.8444754
Kraken:XRPEUR,2019-07-03T12:21:00Z,0.35416,0.35416,0.35416,0.35416,281.6261012
Kraken:XRPEUR,2019-07-03T12:22:00Z,0.3538,0.3538,0.35351,0.35351,172
Kraken:XRPEUR,2019-07-03T12:23:00Z,0.3534,0.3534,0.3534,0.3534,461.33805009
Kraken:XRPEUR,2019-07-03T12:25:00Z,0.35351,0.35369,0.35351,0.35369,685.4843
Kraken:XRPEUR,2019-07-03T12:26:00Z,0.35326,0.35326,0.35326,0.35326,644.792523
Kraken:XRPEUR,2019-07-03T12:29:00Z,0.35365,0.35376,0.35365,0.35376,1.45E+3
Kraken:XRPEUR,2019-07-03T12:31:00Z,0.35376,0.35381,0.35376,0.35381,2.85E+3
Kraken:XRPEUR,2019-07-03T12:32:00Z,0.35341,0.35341,0.35341,0.35341,5492.813
Kraken:XRPEUR,2019-07-03T12:33:00Z,0.35244,0.35244,0.35244,0.35244,1.1E+3
Kraken:XRPEUR,2019-07-03T12:36:00Z,0.3539,0.3539,0.3539,0.3539,5E+1
Kraken:XRPEUR,2019-07-03T12:39:00Z,0.35366,0.35366,0.35366,0.35366,2212.63682498
Kraken:XRPEUR,2019-07-03T12:42:00Z,0.35395,0.35395,0.35395,0.35395,1.07E+3
Kraken:XRPEUR,2019-07-03T12:43:00Z,0.35427,0.35427,0.35376,0.35376,299.10261992
Kraken:XRPEUR,2019-07-03T12:45:00Z,0.35414,0.35414,0.35378,0.35394,6237.46501187
Kraken:XRPEUR,2019-07-03T12:47:00Z,0.35446,0.35446,0.35436,0.35436,1250.74557949
Kraken:XRPEUR,2019-07-03T12:48:00Z,0.35417,0.35445,0.35417,0.35445,159.8642968
Kraken:XRPEUR,2019-07-03T12:49:00Z,0.3545,0.35465,0.3545,0.35453,1635
Kraken:XRPEUR,2019-07-03T12:51:00Z,0.35476,0.35476,0.35425,0.35425,2989.85200405
Kraken:XRPEUR,2019-07-03T12:52:00Z,0.3543,0.3545,0.3543,0.3545,2585
Kraken:XRPEUR,2019-07-03T12:53:00Z,0.35488,0.35543,0.35471,0.3554,26602.6984421
Kraken:XRPEUR,2019-07-03T12:54:00Z,0.3554,0.3555,0.35507,0.35549,33415
Kraken:XRPEUR,2019-07-03T12:55:00Z,0.3547,0.3547,0.35469,0.35469,455.0147423
Kraken:XRPEUR,2019-07-03T12:57:00Z,0.35486,0.3555,0.35486,0.3555,2671.69114084
Kraken:XRPEUR,2019-07-03T12:58:00Z,0.35529,0.35538,0.35529,0.35538,3279.5176772
Kraken:XRPEUR,2019-07-03T12:59:00Z,0.35552,0.35618,0.35552,0.3557,31040.295242
Kraken:XRPEUR,2019-07-03T13:00:00Z,0.3559,0.3559,0.35571,0.35571,2758.48852879
Kraken:XRPEUR,2019-07-03T13:01:00Z,0.35551,0.35552,0.3547,0.3547,29611.02960531
Kraken:XRPEUR,2019-07-03T13:03:00Z,0.35507,0.35507,0.35469,0.35469,272.32585144
Kraken:XRPEUR,2019-07-03T13:04:00Z,0.35472,0.35472,0.35472,0.35472,875.19141858
Kraken:XRPEUR,2019-07-03T13:05:00Z,0.35469,0.35469,0.35469,0.35469,928.6974541
Kraken:XRPEUR,2019-07-03T13:06:00Z,0.35499,0.35501,0.35499,0.35501,2.3E+3
Kraken:XRPEUR,2019-07-03T13:07:00Z,0.35497,0.35497,0.35413,0.35456,2719.1911011
Kraken:XRPEUR,2019-07-03T13:09:00Z,0.35379,0.35379,0.35379,0.35379,65
Kraken:XRPEUR,2019-07-03T13:10:00Z,0.35437,0.35437,0.35412,0.35412,2E+4
Kraken:XRPEUR,2019-07-03T13:12:00Z,0.354,0.354,0.3538,0.3538,2E+4
Kraken:XRPEUR,2019-07-03T13:14:00Z,0.35386,0.35386,0.35386,0.35386,2.8E+3
Kraken:XRPEUR,2019-07-03T13:15:00Z,0.35386,0.35386,0.35386,0.35386,1830.018
Kraken:XRPEUR,2019-07-03T13:16:00Z,0.35445,0.35464,0.35445,0.35464,4168.07077
Kraken:XRPEUR,2019-07-03T13:17:00Z,0.35377,0.35377,0.35377,0.35377,1.2E+4
Kraken:XRPEUR,2019-07-03T13:18:00Z,0.35442,0.35475,0.35442,0.35469,84232.61173
Kraken:XRPEUR,2019-07-03T13:19:00Z,0.35475,0.35475,0.35449,0.35449,12367.38827
Kraken:XRPEUR,2019-07-03T13:22:00Z,0.35529,0.35533,0.35529,0.35533,1262.2
Kraken:XRPEUR,2019-07-03T13:24:00Z,0.3552,0.3552,0.35509,0.35509,1.5E+2
Kraken:XRPEUR,2019-07-03T13:25:00Z,0.35473,0.35493,0.35473,0.35477,9564.72800645
Kraken:XRPEUR,2019-07-03T13:27:00Z,0.35478,0.35478,0.35477,0.35477,4721.824074
Kraken:XRPEUR,2019-07-03T13:28:00Z,0.35477,0.35478,0.35477,0.35478,12434.01613952
Kraken:XRPEUR,2019-07-03T13:29:00Z,0.35477,0.35477,0.35477,0.35477,450.06370324
Kraken:XRPEUR,2019-07-03T13:30:00Z,0.35455,0.35455,0.35455,0.35455,6E+1
Kraken:XRPEUR,2019-07-03T13:31:00Z,0.35458,0.35458,0.35458,0.35458,1000.5
Kraken:XRPEUR,2019-07-03T13:32:00Z,0.35461,0.35461,0.35461,0.35461,6E+1
Kraken:XRPEUR,2019-07-03T13:33:00Z,0.35488,0.35488,0.35488,0.35488,585.89410505
Kraken:XRPEUR,2019-07-03T13:34:00Z,0.35488,0.35488,0.35488,0.35488,178
Kraken:XRPEUR,2019-07-03T13:35:00Z,0.35461,0.35461,0.35461,0.35461,1330.9122698
Kraken:XRPEUR,2019-07-03T13:36:00Z,0.35466,0.35466,0.3545,0.3545,27761.15783273
Kraken:XRPEUR,2019-07-03T13:37:00Z,0.3545,0.3545,0.3545,0.3545,2412.49760226
Kraken:XRPEUR,2019-07-03T13:38:00Z,0.3542,0.3542,0.35347,0.35347,5069.52933468
Kraken:XRPEUR,2019-07-03T13:39:00Z,0.35363,0.35363,0.35355,0.35355,2465.6877
Kraken:XRPEUR,2019-07-03T13:41:00Z,0.35384,0.35433,0.35384,0.35433,1101.26300022
Kraken:XRPEUR,2019-07-03T13:42:00Z,0.3544,0.35485,0.3544,0.35484,394.658045
Kraken:XRPEUR,2019-07-03T13:44:00Z,0.35468,0.35468,0.35468,0.35468,3
Kraken:XRPEUR,2019-07-03T13:45:00Z,0.35486,0.35486,0.35486,0.35486,55
Kraken:XRPEUR,2019-07-03T13:46:00Z,0.355,0.35518,0.355,0.35518,1.6E+3
Kraken:XRPEUR,2019-07-03T13:50:00Z,0.35486,0.35486,0.35486,0.35486,272.60750719
Kraken:XRPEUR,2019-07-03T13:51:00Z,0.35468,0.35469,0.35423,0.35423,1829.8921749
Kraken:XRPEUR,2019-07-03T13:52:00Z,0.35387,0.35488,0.35387,0.35458,16669.25677488
Kraken:XRPEUR,2019-07-03T13:55:00Z,0.35449,0.35449,0.35414,0.35414,35377.80580277
Kraken:XRPEUR,2019-07-03T13:56:00Z,0.35386,0.35386,0.35386,0.35386,2.5E+3
Kraken:XRPEUR,2019-07-03T13:57:00Z,0.35333,0.35354,0.35333,0.35354,6.1E+3
Kraken:XRPEUR,2019-07-03T14:01:00Z,0.35323,0.35334,0.35313,0.35313,4759.616404
Kraken:XRPEUR,2019-07-03T14:02:00Z,0.35308,0.35342,0.35308,0.35335,4586.68
Kraken:XRPEUR,2019-07-03T14:05:00Z,0.3535,0.35359,0.35341,0.35341,3304
Kraken:XRPEUR,2019-07-03T14:08:00Z,0.35397,0.35407,0.35397,0.35407,6633.00469962
Kraken:XRPEUR,2019-07-03T14:09:00Z,0.35362,0.35394,0.35362,0.35394,472.1
Kraken:XRPEUR,2019-07-03T14:10:00Z,0.35394,0.35394,0.35394,0.35394,1.4E+2
Kraken:XRPEUR,2019-07-03T14:11:00Z,0.35392,0.35392,0.35392,0.35392,5E+1
Kraken:XRPEUR,2019-07-03T14:15:00Z,0.3539,0.35403,0.3539,0.35403,5869.8657427
Kraken:XRPEUR,2019-07-03T14:20:00Z,0.35404,0.35404,0.35404,0.35404,2832.29315486
Kraken:XRPEUR,2019-07-03T14:21:00Z,0.35399,0.35399,0.35399,0.35399,1E+2
Kraken:XRPEUR,2019-07-03T14:22:00Z,0.35417,0.35438,0.35417,0.35438,1299
Kraken:XRPEUR,2019-07-03T14:23:00Z,0.3543,0.3543,0.3543,0.3543,1.4E+2
Kraken:XRPEUR,2019-07-03T14:24:00Z,0.35411,0.35411,0.35392,0.35392,693.17415
Kraken:XRPEUR,2019-07-03T14:25:00Z,0.35392,0.35414,0.35392,0.35414,4736.63724269
Kraken:XRPEUR,2019-07-03T14:29:00Z,0.35394,0.35394,0.3539,0.3539,4392.19384006
Kraken:XRPEUR,2019-07-03T14:30:00Z,0.35412,0.35413,0.3539,0.3539,1367.32653193
Kraken:XRPEUR,2019-07-03T14:32:00Z,0.3539,0.3539,0.3539,0.3539,45.14297824
Kraken:XRPEUR,2019-07-03T14:33:00Z,0.35459,0.35459,0.35458,0.35458,740.154629
Kraken:XRPEUR,2019-07-03T14:34:00Z,0.35457,0.35457,0.35457,0.35457,4215.75626816
Kraken:XRPEUR,2019-07-03T14:35:00Z,0.35424,0.3544,0.35424,0.3544,7.8E+2
Kraken:XRPEUR,2019-07-03T14:36:00Z,0.35421,0.3545,0.35421,0.3545,627.15451286
Kraken:XRPEUR,2019-07-03T14:37:00Z,0.35424,0.35482,0.35424,0.35482,5047.42246838
Kraken:XRPEUR,2019-07-03T14:38:00Z,0.35432,0.35432,0.35432,0.35432,180.110957
Kraken:XRPEUR,2019-07-03T14:44:00Z,0.35433,0.35433,0.35433,0.35433,771.46418514
Kraken:XRPEUR,2019-07-03T14:46:00Z,0.35433,0.35433,0.35433,0.35433,1514.466634
Kraken:XRPEUR,2019-07-03T14:49:00Z,0.355,0.35525,0.3545,0.35525,11535.176412
Kraken:XRPEUR,2019-07-03T14:50:00Z,0.35486,0.35486,0.35486,0.35486,258.83982416
Kraken:XRPEUR,2019-07-03T14:53:00Z,0.35433,0.35433,0.35433,0.35433,531.7884458
Kraken:XRPEUR,2019-07-03T14:55:00Z,0.35392,0.35423,0.35392,0.35423,5924.53765669
Kraken:XRPEUR,2019-07-03T14:57:00Z,0.35448,0.35448,0.35448,0.35448,282
Kraken:XRPEUR,2019-07-03T14:58:00Z,0.35459,0.35459,0.35459,0.35459,1535.74522688
Kraken:XRPEUR,2019-07-03T15:00:00Z,0.35445,0.35445,0.35437,0.35437,144.614
Kraken:XRPEUR,2019-07-03T15:10:00Z,0.35427,0.35427,0.35418,0.35418,5E+2
Kraken:XRPEUR,2019-07-03T15:11:00Z,0.35444,0.35444,0.35384,0.35384,2442
Kraken:XRPEUR,2019-07-03T15:14:00Z,0.3544,0.3544,0.3544,0.3544,7E+2
Kraken:XRPEUR,2019-07-03T15:16:00Z,0.354,0.354,0.354,0.354,1577.64152542
Kraken:XRPEUR,2019-07-03T15:17:00Z,0.354,0.354,0.354,0.354,581.793133
Kraken:XRPEUR,2019-07-03T15:18:00Z,0.35398,0.35398,0.35398,0.35398,222.991524
Kraken:XRPEUR,2019-07-03T15:20:00Z,0.354,0.35423,0.354,0.35423,3325.09817216
Kraken:XRPEUR,2019-07-03T15:21:00Z,0.35392,0.35392,0.35392,0.35392,414.12288
Kraken:XRPEUR,2019-07-03T15:22:00Z,0.35431,0.35431,0.35431,0.35431,80.0394
Kraken:XRPEUR,2019-07-03T15:24:00Z,0.35424,0.35424,0.35424,0.35424,5E+2
Kraken:XRPEUR,2019-07-03T15:25:00Z,0.35436,0.35474,0.35431,0.35474,1873.65065338
Kraken:XRPEUR,2019-07-03T15:27:00Z,0.35441,0.35441,0.35389,0.35389,531.942702
Kraken:XRPEUR,2019-07-03T15:28:00Z,0.35378,0.35378,0.35378,0.35378,3E+2
Kraken:XRPEUR,2019-07-03T15:30:00Z,0.35413,0.35413,0.35413,0.35413,2.8E+2
Kraken:XRPEUR,2019-07-03T15:32:00Z,0.35457,0.35498,0.35457,0.35498,360.86130163
Kraken:XRPEUR,2019-07-03T15:33:00Z,0.35486,0.35487,0.35485,0.35487,1557.49046
Kraken:XRPEUR,2019-07-03T15:34:00Z,0.355,0.355,0.355,0.355,52.4
Kraken:XRPEUR,2019-07-03T15:36:00Z,0.35498,0.35549,0.35498,0.35549,1368.370132
Kraken:XRPEUR,2019-07-03T15:37:00Z,0.3552,0.35548,0.3552,0.35548,1.97E+4
Kraken:XRPEUR,2019-07-03T15:39:00Z,0.35456,0.35456,0.35455,0.35455,1909.12368858
Kraken:XRPEUR,2019-07-03T15:40:00Z,0.35394,0.35407,0.35394,0.35407,1E+3
Kraken:XRPEUR,2019-07-03T15:41:00Z,0.35405,0.35405,0.35405,0.35405,5E+2
Kraken:XRPEUR,2019-07-03T15:42:00Z,0.3547,0.3547,0.3547,0.3547,42.90217084
Kraken:XRPEUR,2019-07-03T15:43:00Z,0.35428,0.35428,0.35428,0.35428,1.19E+3
Kraken:XRPEUR,2019-07-03T15:46:00Z,0.35518,0.35519,0.35516,0.35516,5711
Kraken:XRPEUR,2019-07-03T15:47:00Z,0.35534,0.3555,0.35534,0.3555,2589.97907165
Kraken:XRPEUR,2019-07-03T15:48:00Z,0.3555,0.3555,0.35494,0.35509,61793.48335194
Kraken:XRPEUR,2019-07-03T15:50:00Z,0.35525,0.35525,0.35525,0.35525,31.818182
Kraken:XRPEUR,2019-07-03T15:51:00Z,0.35543,0.35586,0.35543,0.35581,81115.15420692
Kraken:XRPEUR,2019-07-03T15:53:00Z,0.35608,0.35608,0.35606,0.35606,2594
Kraken:XRPEUR,2019-07-03T15:55:00Z,0.35623,0.35623,0.35623,0.35623,279
Kraken:XRPEUR,2019-07-03T15:58:00Z,0.3562,0.3562,0.35614,0.35614,2952.13248985
Kraken:XRPEUR,2019-07-03T16:00:00Z,0.35613,0.35613,0.35613,0.35613,5E+2
Kraken:XRPEUR,2019-07-03T16:02:00Z,0.35598,0.35598,0.35525,0.35525,9302.49839613
Kraken:XRPEUR,2019-07-03T16:03:00Z,0.3554,0.35551,0.35503,0.35503,6869.90547549
Kraken:XRPEUR,2019-07-03T16:08:00Z,0.35489,0.35489,0.35475,0.35475,2234.513
Kraken:XRPEUR,2019-07-03T16:09:00Z,0.35525,0.35525,0.35525,0.35525,4.6E+2
Kraken:XRPEUR,2019-07-03T16:11:00Z,0.35511,0.35511,0.35511,0.35511,425.38219282
Kraken:XRPEUR,2019-07-03T16:14:00Z,0.35511,0.35526,0.35511,0.35511,644.50204614
Kraken:XRPEUR,2019-07-03T16:15:00Z,0.35511,0.35511,0.35481,0.35481,4065
Kraken:XRPEUR,2019-07-03T16:17:00Z,0.35507,0.35507,0.35503,0.35503,197.811305
Kraken:XRPEUR,2019-07-03T16:20:00Z,0.3546,0.3546,0.3546,0.3546,55
Kraken:XRPEUR,2019-07-03T16:21:00Z,0.35481,0.35498,0.35481,0.35491,789.75881209
Kraken:XRPEUR,2019-07-03T16:22:00Z,0.35462,0.35462,0.35451,0.3546,2353.3955266
Kraken:XRPEUR,2019-07-03T16:23:00Z,0.3545,0.35494,0.3545,0.35494,338
Kraken:XRPEUR,2019-07-03T16:26:00Z,0.3549,0.3549,0.3549,0.3549,336
Kraken:XRPEUR,2019-07-03T16:30:00Z,0.35441,0.35441,0.35441,0.35441,4E+2
Kraken:XRPEUR,2019-07-03T16:32:00Z,0.35441,0.35462,0.35441,0.35462,3634.29321618
Kraken:XRPEUR,2019-07-03T16:33:00Z,0.355,0.355,0.355,0.355,285.00535211
Kraken:XRPEUR,2019-07-03T16:35:00Z,0.3544,0.35445,0.35396,0.35396,5382.64203395
Kraken:XRPEUR,2019-07-03T16:36:00Z,0.35392,0.35436,0.35383,0.35407,115306.98432755
Kraken:XRPEUR,2019-07-03T16:37:00Z,0.3535,0.35386,0.3535,0.3535,4494.02765723
Kraken:XRPEUR,2019-07-03T16:38:00Z,0.3536,0.35365,0.35356,0.35356,1269.94704396
Kraken:XRPEUR,2019-07-03T16:39:00Z,0.35356,0.35373,0.35356,0.35367,11702.86884415
Kraken:XRPEUR,2019-07-03T16:40:00Z,0.35372,0.35376,0.35355,0.35355,12241.9189977
Kraken:XRPEUR,2019-07-03T16:41:00Z,0.35345,0.35374,0.35345,0.35374,4733.59055388
Kraken:XRPEUR,2019-07-03T16:42:00Z,0.35375,0.35376,0.35325,0.35325,11762.33119396
Kraken:XRPEUR,2019-07-03T16:44:00Z,0.35346,0.35346,0.35339,0.35339,602.29736417
Kraken:XRPEUR,2019-07-03T16:45:00Z,0.35375,0.35375,0.35366,0.35366,1.3E+3
Kraken:XRPEUR,2019-07-03T16:46:00Z,0.35378,0.35392,0.35378,0.35392,56497.17514
Kraken:XRPEUR,2019-07-03T16:47:00Z,0.35343,0.35343,0.35343,0.35343,279
Kraken:XRPEUR,2019-07-03T16:48:00Z,0.35392,0.35392,0.35392,0.35392,75
Kraken:XRPEUR,2019-07-03T16:52:00Z,0.35392,0.35392,0.35392,0.35392,1.5E+2
Kraken:XRPEUR,2019-07-03T16:54:00Z,0.35393,0.35393,0.35379,0.35379,108.15862965
Kraken:XRPEUR,2019-07-03T16:55:00Z,0.35375,0.35375,0.35375,0.35375,134.99999999
Kraken:XRPEUR,2019-07-03T16:56:00Z,0.35359,0.35359,0.35359,0.35359,260.8168
Kraken:XRPEUR,2019-07-03T16:57:00Z,0.35346,0.35346,0.35309,0.35309,2263.88543
Kraken:XRPEUR,2019-07-03T16:59:00Z,0.353,0.353,0.3522,0.3522,17401.25343325
Kraken:XRPEUR,2019-07-03T17:00:00Z,0.352,0.3522,0.35184,0.3522,2950.8443328
Kraken:XRPEUR,2019-07-03T17:01:00Z,0.352,0.352,0.352,0.352,325.04525618
Kraken:XRPEUR,2019-07-03T17:02:00Z,0.3516,0.35189,0.3516,0.35189,576.2818
Kraken:XRPEUR,2019-07-03T17:03:00Z,0.35186,0.35234,0.35163,0.35234,873.15786249
Kraken:XRPEUR,2019-07-03T17:07:00Z,0.35286,0.35286,0.35237,0.35237,7608.22088786
Kraken:XRPEUR,2019-07-03T17:09:00Z,0.35236,0.35236,0.35236,0.35236,299.99999999
Kraken:XRPEUR,2019-07-03T17:10:00Z,0.35236,0.3525,0.35196,0.35196,1.009E+4
Kraken:XRPEUR,2019-07-03T17:13:00Z,0.35245,0.35265,0.35245,0.35265,13251.256983
Kraken:XRPEUR,2019-07-03T17:14:00Z,0.35259,0.35259,0.35254,0.35254,765
Kraken:XRPEUR,2019-07-03T17:15:00Z,0.35253,0.35253,0.35253,0.35253,1123.29
Kraken:XRPEUR,2019-07-03T17:16:00Z,0.35262,0.35262,0.3523,0.3523,1895
Kraken:XRPEUR,2019-07-03T17:17:00Z,0.35275,0.35287,0.35275,0.35287,1.05E+3
Kraken:XRPEUR,2019-07-03T17:18:00Z,0.35272,0.35289,0.35272,0.35289,1.565E+4
Kraken:XRPEUR,2019-07-03T17:20:00Z,0.35275,0.35286,0.35275,0.35286,74
Kraken:XRPEUR,2019-07-03T17:21:00Z,0.35276,0.35286,0.35276,0.35286,494.00185185
Kraken:XRPEUR,2019-07-03T17:22:00Z,0.35282,0.35282,0.35282,0.35282,75.3
Kraken:XRPEUR,2019-07-03T17:23:00Z,0.3527,0.3533,0.35261,0.3533,33290.80167911
Kraken:XRPEUR,2019-07-03T17:26:00Z,0.3533,0.3533,0.3533,0.3533,789.2557726
Kraken:XRPEUR,2019-07-03T17:27:00Z,0.3533,0.35332,0.35304,0.35304,4157.2775794
Kraken:XRPEUR,2019-07-03T17:28:00Z,0.35301,0.35314,0.353,0.35314,80662.03724733
Kraken:XRPEUR,2019-07-03T17:29:00Z,0.353,0.35301,0.353,0.353,32222.23129142
Kraken:XRPEUR,2019-07-03T17:30:00Z,0.35318,0.35318,0.35318,0.35318,5E+2
Kraken:XRPEUR,2019-07-03T17:31:00Z,0.35333,0.35333,0.35333,0.35333,62.32294617
Kraken:XRPEUR,2019-07-03T17:33:00Z,0.35295,0.35295,0.35295,0.35295,1551.234
Kraken:XRPEUR,2019-07-03T17:36:00Z,0.353,0.35334,0.353,0.35334,3E+3
Kraken:XRPEUR,2019-07-03T17:37:00Z,0.35328,0.35328,0.35328,0.35328,813.69911533
Kraken:XRPEUR,2019-07-03T17:40:00Z,0.3535,0.3535,0.3535,0.3535,1.5E+2
Kraken:XRPEUR,2019-07-03T17:41:00Z,0.35326,0.35326,0.35326,0.35326,746
Kraken:XRPEUR,2019-07-03T17:45:00Z,0.3533,0.3533,0.3533,0.3533,70.518106
Kraken:XRPEUR,2019-07-03T17:46:00Z,0.35337,0.35369,0.35337,0.35369,113.51788374
Kraken:XRPEUR,2019-07-03T17:47:00Z,0.35305,0.35305,0.353,0.353,95834.74063834
Kraken:XRPEUR,2019-07-03T17:48:00Z,0.353,0.353,0.353,0.353,678
Kraken:XRPEUR,2019-07-03T17:49:00Z,0.35305,0.35332,0.353,0.353,11939.626641
Kraken:XRPEUR,2019-07-03T17:50:00Z,0.35311,0.35348,0.35311,0.35348,18746.61642684
Kraken:XRPEUR,2019-07-03T17:52:00Z,0.35336,0.35336,0.353,0.353,139.28070458
Kraken:XRPEUR,2019-07-03T17:53:00Z,0.3532,0.35324,0.3532,0.35324,4552.30271598
Kraken:XRPEUR,2019-07-03T17:54:00Z,0.35344,0.35344,0.35344,0.35344,38
Kraken:XRPEUR,2019-07-03T17:55:00Z,0.35374,0.35383,0.35358,0.35358,13304.62195
Kraken:XRPEUR,2019-07-03T17:57:00Z,0.3532,0.3532,0.353,0.353,7322
Kraken:XRPEUR,2019-07-03T17:58:00Z,0.35331,0.35331,0.353,0.353,3192.71501416
Kraken:XRPEUR,2019-07-03T17:59:00Z,0.35341,0.35341,0.35302,0.35302,549.99999998
Kraken:XRPEUR,2019-07-03T18:00:00Z,0.35302,0.35308,0.353,0.35308,2760.97506739
Kraken:XRPEUR,2019-07-03T18:01:00Z,0.35327,0.35327,0.353,0.353,28117.86432295
Kraken:XRPEUR,2019-07-03T18:02:00Z,0.35257,0.35257,0.3524,0.3524,15816.94492016
Kraken:XRPEUR,2019-07-03T18:03:00Z,0.3526,0.35297,0.35205,0.35205,7591.945871
Kraken:XRPEUR,2019-07-03T18:05:00Z,0.35246,0.35257,0.35242,0.35242,2.1E+3
Kraken:XRPEUR,2019-07-03T18:06:00Z,0.35255,0.35255,0.35255,0.35255,168
Kraken:XRPEUR,2019-07-03T18:07:00Z,0.35214,0.35214,0.35188,0.35188,19124
Kraken:XRPEUR,2019-07-03T18:08:00Z,0.3526,0.35268,0.35207,0.35207,457
Kraken:XRPEUR,2019-07-03T18:09:00Z,0.35205,0.35286,0.35203,0.35203,3549.75214038
Kraken:XRPEUR,2019-07-03T18:10:00Z,0.35289,0.35289,0.35289,0.35289,2E+2
Kraken:XRPEUR,2019-07-03T18:11:00Z,0.35276,0.35279,0.35217,0.35217,2704.652499
Kraken:XRPEUR,2019-07-03T18:12:00Z,0.35211,0.35212,0.35211,0.35212,497.612511
Kraken:XRPEUR,2019-07-03T18:13:00Z,0.35238,0.35249,0.35238,0.35249,255.369864
Kraken:XRPEUR,2019-07-03T18:15:00Z,0.35195,0.35266,0.35195,0.35208,10098.13460955
Kraken:XRPEUR,2019-07-03T18:17:00Z,0.35214,0.35214,0.35159,0.35198,755.638256
Kraken:XRPEUR,2019-07-03T18:19:00Z,0.35237,0.35237,0.35235,0.35235,1273.55302068
Kraken:XRPEUR,2019-07-03T18:22:00Z,0.35218,0.3524,0.35196,0.35196,1832.17535
Kraken:XRPEUR,2019-07-03T18:24:00Z,0.35233,0.35233,0.35233,0.35233,5E+1
Kraken:XRPEUR,2019-07-03T18:26:00Z,0.35233,0.35261,0.35233,0.35261,1630.39549971
Kraken:XRPEUR,2019-07-03T18:27:00Z,0.35303,0.35303,0.35303,0.35303,55.111625
Kraken:XRPEUR,2019-07-03T18:31:00Z,0.35241,0.35241,0.3524,0.3524,759.99999999
Kraken:XRPEUR,2019-07-03T18:33:00Z,0.35333,0.35333,0.35298,0.35298,4036.583729
Kraken:XRPEUR,2019-07-03T18:34:00Z,0.354,0.354,0.354,0.354,421
Kraken:XRPEUR,2019-07-03T18:37:00Z,0.35273,0.35273,0.35273,0.35273,1879.18605555
Kraken:XRPEUR,2019-07-03T18:38:00Z,0.35285,0.35285,0.35285,0.35285,1E+3
Kraken:XRPEUR,2019-07-03T18:39:00Z,0.35264,0.35266,0.35264,0.35266,1060.55739
Kraken:XRPEUR,2019-07-03T18:42:00Z,0.35302,0.35302,0.35284,0.35284,7.31E+3
Kraken:XRPEUR,2019-07-03T18:43:00Z,0.35278,0.35278,0.35278,0.35278,125.3
Kraken:XRPEUR,2019-07-03T18:44:00Z,0.35277,0.35278,0.35277,0.35278,3049.99177933
Kraken:XRPEUR,2019-07-03T18:45:00Z,0.35278,0.35278,0.35277,0.35277,400.00822067
Kraken:XRPEUR,2019-07-03T18:46:00Z,0.35257,0.35257,0.35186,0.35186,1527.81025247
Kraken:XRPEUR,2019-07-03T18:47:00Z,0.35267,0.35267,0.35267,0.35267,197.6654876
Kraken:XRPEUR,2019-07-03T18:48:00Z,0.35266,0.35266,0.35266,0.35266,325.19358023
Kraken:XRPEUR,2019-07-03T18:49:00Z,0.35252,0.35252,0.35252,0.35252,103.9536226
Kraken:XRPEUR,2019-07-03T18:50:00Z,0.35294,0.35294,0.35255,0.35255,2485
Kraken:XRPEUR,2019-07-03T18:51:00Z,0.35238,0.35334,0.35194,0.35334,6E+4
Kraken:XRPEUR,2019-07-03T18:54:00Z,0.3534,0.35373,0.3534,0.35373,8155.147334
Kraken:XRPEUR,2019-07-03T18:55:00Z,0.35333,0.35333,0.35333,0.35333,31.10683785
Kraken:XRPEUR,2019-07-03T18:56:00Z,0.35372,0.35372,0.35355,0.35355,346.97192699
Kraken:XRPEUR,2019-07-03T18:57:00Z,0.3534,0.35359,0.3534,0.35359,3653.16912572
Kraken:XRPEUR,2019-07-03T18:58:00Z,0.35321,0.35322,0.35321,0.35322,405.20307673
Kraken:XRPEUR,2019-07-03T18:59:00Z,0.35331,0.35331,0.35331,0.35331,7E+2
Kraken:XRPEUR,2019-07-03T19:00:00Z,0.35305,0.35305,0.35305,0.35305,3.25E+3
Kraken:XRPEUR,2019-07-03T19:01:00Z,0.35299,0.35299,0.35252,0.35295,12448.48653618
Kraken:XRPEUR,2019-07-03T19:03:00Z,0.3527,0.3527,0.3527,0.3527,3E+2
Kraken:XRPEUR,2019-07-03T19:04:00Z,0.35248,0.35248,0.35239,0.35239,632
Kraken:XRPEUR,2019-07-03T19:05:00Z,0.35275,0.35275,0.35275,0.35275,369.44727142
Kraken:XRPEUR,2019-07-03T19:06:00Z,0.35256,0.35267,0.35256,0.35267,1752.6702
Kraken:XRPEUR,2019-07-03T19:07:00Z,0.35267,0.35287,0.35259,0.35259,7887.13855839
Kraken:XRPEUR,2019-07-03T19:08:00Z,0.35245,0.35245,0.35236,0.35236,1E+3
Kraken:XRPEUR,2019-07-03T19:11:00Z,0.35312,0.35312,0.35312,0.35312,2E+3
Kraken:XRPEUR,2019-07-03T19:14:00Z,0.3527,0.3527,0.3527,0.3527,1E+2
Kraken:XRPEUR,2019-07-03T19:15:00Z,0.35258,0.35281,0.35258,0.3528,561.2117
Kraken:XRPEUR,2019-07-03T19:16:00Z,0.35295,0.35295,0.35243,0.35243,2871.8
Kraken:XRPEUR,2019-07-03T19:17:00Z,0.35311,0.35311,0.35311,0.35311,2E+3
Kraken:XRPEUR,2019-07-03T19:18:00Z,0.35306,0.35306,0.35306,0.35306,3E+1
Kraken:XRPEUR,2019-07-03T19:20:00Z,0.35314,0.35314,0.3529,0.3529,1077.55459248
Kraken:XRPEUR,2019-07-03T19:21:00Z,0.35287,0.35287,0.35287,0.35287,188
Kraken:XRPEUR,2019-07-03T19:22:00Z,0.35323,0.35324,0.35323,0.35324,625.88749856
Kraken:XRPEUR,2019-07-03T19:23:00Z,0.35342,0.35342,0.35342,0.35342,1359.28611
Kraken:XRPEUR,2019-07-03T19:24:00Z,0.3539,0.3539,0.35334,0.35334,2.9E+3
Kraken:XRPEUR,2019-07-03T19:25:00Z,0.35326,0.35364,0.35326,0.3535,20742.76920764
Kraken:XRPEUR,2019-07-03T19:26:00Z,0.35361,0.35361,0.35361,0.35361,144
Kraken:XRPEUR,2019-07-03T19:27:00Z,0.3532,0.35348,0.35301,0.35348,6958.021
Kraken:XRPEUR,2019-07-03T19:28:00Z,0.3532,0.3532,0.3532,0.3532,1108.38982889
Kraken:XRPEUR,2019-07-03T19:29:00Z,0.35315,0.3532,0.35315,0.3532,13503.07173145
Kraken:XRPEUR,2019-07-03T19:30:00Z,0.35337,0.35337,0.35337,0.35337,596.3979
Kraken:XRPEUR,2019-07-03T19:33:00Z,0.3534,0.3534,0.3534,0.3534,4E+1
Kraken:XRPEUR,2019-07-03T19:36:00Z,0.35356,0.35356,0.35356,0.35356,790.990108
Kraken:XRPEUR,2019-07-03T19:37:00Z,0.35356,0.3538,0.35356,0.3538,17503.62380578
Kraken:XRPEUR,2019-07-03T19:38:00Z,0.35379,0.35379,0.35379,0.35379,84.60219382
Kraken:XRPEUR,2019-07-03T19:39:00Z,0.3538,0.35466,0.3538,0.35401,5044.4961651
Kraken:XRPEUR,2019-07-03T19:40:00Z,0.35436,0.35436,0.35436,0.35436,577.632777
Kraken:XRPEUR,2019-07-03T19:41:00Z,0.35431,0.35431,0.35429,0.35429,5444.39916452
Kraken:XRPEUR,2019-07-03T19:42:00Z,0.35442,0.35442,0.35442,0.35442,2.8E+2
Kraken:XRPEUR,2019-07-03T19:44:00Z,0.35433,0.35452,0.35433,0.35452,2.8E+3
Kraken:XRPEUR,2019-07-03T19:45:00Z,0.35459,0.35462,0.35459,0.35462,2647.98746218
Kraken:XRPEUR,2019-07-03T19:46:00Z,0.35445,0.35445,0.35445,0.35445,282
Kraken:XRPEUR,2019-07-03T19:48:00Z,0.35461,0.35461,0.35461,0.35461,141.14830377
Kraken:XRPEUR,2019-07-03T19:49:00Z,0.35461,0.35461,0.35461,0.35461,704.85152703
Kraken:XRPEUR,2019-07-03T19:50:00Z,0.35455,0.35456,0.35455,0.35456,593.64023193
Kraken:XRPEUR,2019-07-03T19:51:00Z,0.35468,0.35468,0.35428,0.35428,16822.3
Kraken:XRPEUR,2019-07-03T19:52:00Z,0.35462,0.35473,0.35459,0.35459,9E+3
Kraken:XRPEUR,2019-07-03T19:53:00Z,0.35438,0.35438,0.35438,0.35438,164.0108
Kraken:XRPEUR,2019-07-03T19:56:00Z,0.35444,0.35444,0.35444,0.35444,5E+1
Kraken:XRPEUR,2019-07-03T19:57:00Z,0.35412,0.35414,0.35412,0.35414,1584.57311751
Kraken:XRPEUR,2019-07-03T19:58:00Z,0.35378,0.35391,0.35378,0.35391,6.82E+3
Kraken:XRPEUR,2019-07-03T19:59:00Z,0.35386,0.35395,0.35386,0.35393,288.3548
Kraken:XRPEUR,2019-07-03T20:00:00Z,0.35402,0.35402,0.35371,0.35371,3.022E+4
Kraken:XRPEUR,2019-07-03T20:01:00Z,0.35403,0.35403,0.3537,0.35397,2223.32279999
Kraken:XRPEUR,2019-07-03T20:03:00Z,0.3537,0.35371,0.3537,0.3537,8108.27363644
Kraken:XRPEUR,2019-07-03T20:04:00Z,0.35324,0.35333,0.35324,0.35333,7E+3
Kraken:XRPEUR,2019-07-03T20:05:00Z,0.3534,0.35343,0.35301,0.35343,1349.99999995
Kraken:XRPEUR,2019-07-03T20:06:00Z,0.35315,0.35315,0.35315,0.35315,5E+1
Kraken:XRPEUR,2019-07-03T20:09:00Z,0.35369,0.35369,0.35369,0.35369,62.99358195
Kraken:XRPEUR,2019-07-03T20:12:00Z,0.35328,0.35328,0.35328,0.35328,5E+2
Kraken:XRPEUR,2019-07-03T20:15:00Z,0.35366,0.35368,0.35366,0.35368,2946.3019
Kraken:XRPEUR,2019-07-03T20:17:00Z,0.35367,0.35367,0.35367,0.35367,832.7785789
Kraken:XRPEUR,2019-07-03T20:18:00Z,0.3533,0.3533,0.35327,0.35327,1143.80912
Kraken:XRPEUR,2019-07-03T20:19:00Z,0.35355,0.3536,0.35355,0.3536,3E+2
Kraken:XRPEUR,2019-07-03T20:21:00Z,0.35368,0.35382,0.35366,0.35366,2454.115929
Kraken:XRPEUR,2019-07-03T20:22:00Z,0.35339,0.35339,0.35338,0.35338,96.56850264
Kraken:XRPEUR,2019-07-03T20:23:00Z,0.35342,0.35342,0.35342,0.35342,57.90389
Kraken:XRPEUR,2019-07-03T20:24:00Z,0.35386,0.35419,0.35386,0.35419,30987.92514438
Kraken:XRPEUR,2019-07-03T20:25:00Z,0.3535,0.3535,0.35349,0.35349,1105.13626
Kraken:XRPEUR,2019-07-03T20:28:00Z,0.3542,0.35421,0.3542,0.35421,8E+2
Kraken:XRPEUR,2019-07-03T20:29:00Z,0.35383,0.35383,0.35375,0.35375,7785.71380666
Kraken:XRPEUR,2019-07-03T20:30:00Z,0.35382,0.35404,0.35381,0.35404,1057.88978646
Kraken:XRPEUR,2019-07-03T20:31:00Z,0.35384,0.35384,0.35384,0.35384,5E+2
Kraken:XRPEUR,2019-07-03T20:32:00Z,0.35379,0.35391,0.35379,0.35391,16113.77176297
Kraken:XRPEUR,2019-07-03T20:33:00Z,0.35394,0.35394,0.35346,0.35346,10200.06742472
Kraken:XRPEUR,2019-07-03T20:34:00Z,0.35408,0.35408,0.35408,0.35408,315.33208568
Kraken:XRPEUR,2019-07-03T20:35:00Z,0.3543,0.3543,0.3543,0.3543,1E+2
Kraken:XRPEUR,2019-07-03T20:36:00Z,0.35453,0.35461,0.35453,0.35461,4814.13155082
Kraken:XRPEUR,2019-07-03T20:37:00Z,0.35463,0.35463,0.35463,0.35463,164.11312
Kraken:XRPEUR,2019-07-03T20:38:00Z,0.35468,0.35469,0.35468,0.35469,1406.6262573
Kraken:XRPEUR,2019-07-03T20:39:00Z,0.35476,0.35476,0.35476,0.35476,5E+3
Kraken:XRPEUR,2019-07-03T20:40:00Z,0.35497,0.355,0.35497,0.355,5633.80281
Kraken:XRPEUR,2019-07-03T20:42:00Z,0.35491,0.35491,0.35486,0.35486,825
Kraken:XRPEUR,2019-07-03T20:43:00Z,0.3548,0.3548,0.35422,0.35422,2008.13053468
Kraken:XRPEUR,2019-07-03T20:46:00Z,0.35488,0.3549,0.35488,0.3549,731.64018033
Kraken:XRPEUR,2019-07-03T20:49:00Z,0.35536,0.35537,0.35536,0.35537,1381.22310068
Kraken:XRPEUR,2019-07-03T20:50:00Z,0.35504,0.35504,0.35495,0.35495,1484.6974
Kraken:XRPEUR,2019-07-03T20:51:00Z,0.35535,0.35535,0.35522,0.35529,3336
Kraken:XRPEUR,2019-07-03T20:52:00Z,0.35526,0.3553,0.35518,0.35518,3896.54288135
Kraken:XRPEUR,2019-07-03T20:53:00Z,0.35437,0.35437,0.35437,0.35437,875.31508162
Kraken:XRPEUR,2019-07-03T20:54:00Z,0.35473,0.35473,0.35473,0.35473,89
Kraken:XRPEUR,2019-07-03T20:55:00Z,0.35447,0.35468,0.35446,0.35446,12525.06958035
Kraken:XRPEUR,2019-07-03T20:56:00Z,0.35444,0.3548,0.35444,0.35453,1357.51658346
Kraken:XRPEUR,2019-07-03T20:57:00Z,0.35446,0.35446,0.35425,0.35425,6377.88
Kraken:XRPEUR,2019-07-03T20:59:00Z,0.35423,0.35423,0.35423,0.35423,509.468724
Kraken:XRPEUR,2019-07-03T21:02:00Z,0.35447,0.35447,0.35446,0.35446,652.5636
Kraken:XRPEUR,2019-07-03T21:04:00Z,0.35436,0.35436,0.35436,0.35436,115.67390249
Kraken:XRPEUR,2019-07-03T21:05:00Z,0.3543,0.35443,0.35422,0.35443,377.575197
Kraken:XRPEUR,2019-07-03T21:06:00Z,0.3545,0.3545,0.3545,0.3545,3.35E+3
Kraken:XRPEUR,2019-07-03T21:07:00Z,0.35422,0.35422,0.35422,0.35422,792.424803
Kraken:XRPEUR,2019-07-03T21:10:00Z,0.35411,0.35411,0.35411,0.35411,1.5E+3
Kraken:XRPEUR,2019-07-03T21:11:00Z,0.35384,0.35407,0.35384,0.35393,6891.47462186
Kraken:XRPEUR,2019-07-03T21:14:00Z,0.35372,0.35372,0.35372,0.35372,125.1
Kraken:XRPEUR,2019-07-03T21:15:00Z,0.35372,0.35372,0.35372,0.35372,1E+2
Kraken:XRPEUR,2019-07-03T21:16:00Z,0.35434,0.35435,0.35434,0.35435,872.9192
Kraken:XRPEUR,2019-07-03T21:17:00Z,0.35387,0.35387,0.35387,0.35387,226.5247
Kraken:XRPEUR,2019-07-03T21:18:00Z,0.35425,0.3544,0.35425,0.3544,13233.56602353
Kraken:XRPEUR,2019-07-03T21:19:00Z,0.35442,0.3545,0.35364,0.35364,29227.83633872
Kraken:XRPEUR,2019-07-03T21:21:00Z,0.35409,0.35409,0.35409,0.35409,1E+2
Kraken:XRPEUR,2019-07-03T21:22:00Z,0.35408,0.35416,0.35408,0.35416,1.2E+3
Kraken:XRPEUR,2019-07-03T21:23:00Z,0.35393,0.35393,0.35361,0.35361,22758.07544613
Kraken:XRPEUR,2019-07-03T21:24:00Z,0.3538,0.3538,0.3538,0.3538,215.63567167
Kraken:XRPEUR,2019-07-03T21:25:00Z,0.35373,0.35373,0.35373,0.35373,450.1
Kraken:XRPEUR,2019-07-03T21:26:00Z,0.35373,0.35373,0.35373,0.35373,523.430921
Kraken:XRPEUR,2019-07-03T21:29:00Z,0.35377,0.35377,0.35377,0.35377,2502
Kraken:XRPEUR,2019-07-03T21:30:00Z,0.35374,0.35374,0.35374,0.35374,4E+2
Kraken:XRPEUR,2019-07-03T21:32:00Z,0.35351,0.35351,0.35351,0.35351,57.012543
Kraken:XRPEUR,2019-07-03T21:33:00Z,0.35384,0.35385,0.35384,0.35385,2585.24163137
Kraken:XRPEUR,2019-07-03T21:38:00Z,0.35417,0.3544,0.35415,0.35415,10360.212469
Kraken:XRPEUR,2019-07-03T21:41:00Z,0.35445,0.35445,0.35445,0.35445,2E+3
Kraken:XRPEUR,2019-07-03T21:42:00Z,0.35416,0.35416,0.35416,0.35416,2E+2
Kraken:XRPEUR,2019-07-03T21:43:00Z,0.35356,0.35386,0.35356,0.35386,1.04E+3
Kraken:XRPEUR,2019-07-03T21:45:00Z,0.3543,0.3543,0.3543,0.3543,1125
Kraken:XRPEUR,2019-07-03T21:47:00Z,0.35443,0.35443,0.35443,0.35443,2.7E+2
Kraken:XRPEUR,2019-07-03T21:48:00Z,0.35471,0.35471,0.35471,0.35471,9E+3
Kraken:XRPEUR,2019-07-03T21:50:00Z,0.3548,0.35488,0.35453,0.35453,7447.87442584
Kraken:XRPEUR,2019-07-03T21:52:00Z,0.35454,0.35454,0.35454,0.35454,3E+3
Kraken:XRPEUR,2019-07-03T21:53:00Z,0.35482,0.35482,0.35456,0.35456,669.52149635
Kraken:XRPEUR,2019-07-03T21:55:00Z,0.35469,0.35469,0.35469,0.35469,51
Kraken:XRPEUR,2019-07-03T21:56:00Z,0.35475,0.35475,0.35475,0.35475,2804
Kraken:XRPEUR,2019-07-03T21:58:00Z,0.35469,0.35469,0.35469,0.35469,2804
Kraken:XRPEUR,2019-07-03T21:59:00Z,0.35481,0.35501,0.35469,0.35498,2996.47263669
Kraken:XRPEUR,2019-07-03T22:02:00Z,0.35469,0.35469,0.35469,0.35469,576.28179999
Kraken:XRPEUR,2019-07-03T22:03:00Z,0.35511,0.35512,0.35511,0.35512,1E+3
Kraken:XRPEUR,2019-07-03T22:04:00Z,0.35511,0.35511,0.35511,0.35511,2.5E+2
Kraken:XRPEUR,2019-07-03T22:05:00Z,0.35505,0.35506,0.35505,0.35506,2249.356427
Kraken:XRPEUR,2019-07-03T22:06:00Z,0.35519,0.35519,0.35519,0.35519,1.1E+3
Kraken:XRPEUR,2019-07-03T22:07:00Z,0.35525,0.35525,0.35525,0.35525,775.08993666
Kraken:XRPEUR,2019-07-03T22:12:00Z,0.35538,0.35545,0.35538,0.35545,485
Kraken:XRPEUR,2019-07-03T22:17:00Z,0.35515,0.35516,0.35473,0.35516,20060.0921
Kraken:XRPEUR,2019-07-03T22:18:00Z,0.35513,0.35513,0.35513,0.35513,30.1
Kraken:XRPEUR,2019-07-03T22:19:00Z,0.3548,0.3548,0.3548,0.3548,1.25E+4
Kraken:XRPEUR,2019-07-03T22:20:00Z,0.35514,0.35514,0.3548,0.3548,3815
Kraken:XRPEUR,2019-07-03T22:21:00Z,0.35521,0.35521,0.35521,0.35521,79.545455
Kraken:XRPEUR,2019-07-03T22:23:00Z,0.35532,0.35532,0.35532,0.35532,1.01E+3
Kraken:XRPEUR,2019-07-03T22:24:00Z,0.35524,0.35524,0.3552,0.3552,1184.613796
Kraken:XRPEUR,2019-07-03T22:25:00Z,0.35552,0.35552,0.35552,0.35552,58
Kraken:XRPEUR,2019-07-03T22:26:00Z,0.356,0.3565,0.356,0.3565,3813.03127963
Kraken:XRPEUR,2019-07-03T22:27:00Z,0.3565,0.35747,0.35645,0.35747,32284.30178368
Kraken:XRPEUR,2019-07-03T22:28:00Z,0.35741,0.35782,0.35741,0.35782,5903.02712202
Kraken:XRPEUR,2019-07-03T22:29:00Z,0.35751,0.35869,0.35699,0.358,94469.73824555
Kraken:XRPEUR,2019-07-03T22:30:00Z,0.35831,0.359,0.35826,0.359,90573.86577043
Kraken:XRPEUR,2019-07-03T22:31:00Z,0.35829,0.35829,0.35828,0.35828,7861.4804622
Kraken:XRPEUR,2019-07-03T22:32:00Z,0.35899,0.3592,0.35818,0.35818,61516.98382366
Kraken:XRPEUR,2019-07-03T22:33:00Z,0.35842,0.3588,0.35842,0.3588,1873.08
Kraken:XRPEUR,2019-07-03T22:34:00Z,0.35821,0.35821,0.35821,0.35821,5E+4
Kraken:XRPEUR,2019-07-03T22:35:00Z,0.35821,0.3594,0.3579,0.3594,1.003E+5
Kraken:XRPEUR,2019-07-03T22:36:00Z,0.35935,0.35935,0.35833,0.35917,5.015E+4
Kraken:XRPEUR,2019-07-03T22:37:00Z,0.35911,0.35942,0.35878,0.35905,3.08E+3
Kraken:XRPEUR,2019-07-03T22:38:00Z,0.35855,0.35904,0.35855,0.35904,661.82435996
Kraken:XRPEUR,2019-07-03T22:39:00Z,0.35861,0.35861,0.35861,0.35861,2E+2
Kraken:XRPEUR,2019-07-03T22:40:00Z,0.35804,0.35876,0.35789,0.35849,43070.35515281
Kraken:XRPEUR,2019-07-03T22:41:00Z,0.35829,0.3585,0.35829,0.35831,10708.8315007
Kraken:XRPEUR,2019-07-03T22:43:00Z,0.35828,0.35829,0.35828,0.35829,418.82057597
Kraken:XRPEUR,2019-07-03T22:44:00Z,0.35838,0.35849,0.35838,0.35849,2E+2
Kraken:XRPEUR,2019-07-03T22:45:00Z,0.35845,0.35845,0.35845,0.35845,139.15497279
Kraken:XRPEUR,2019-07-03T22:47:00Z,0.3585,0.3585,0.35849,0.35849,1167.57605413
Kraken:XRPEUR,2019-07-03T22:48:00Z,0.35841,0.3585,0.35841,0.3585,11112.41
Kraken:XRPEUR,2019-07-03T22:49:00Z,0.3585,0.35904,0.3585,0.35904,87367.41235681
Kraken:XRPEUR,2019-07-03T22:51:00Z,0.35871,0.35871,0.35844,0.35844,97.04108
Kraken:XRPEUR,2019-07-03T22:52:00Z,0.35866,0.35889,0.35866,0.35889,3703
Kraken:XRPEUR,2019-07-03T22:53:00Z,0.35902,0.35902,0.35838,0.35838,1051.89341644
Kraken:XRPEUR,2019-07-03T22:54:00Z,0.35838,0.35838,0.35838,0.35838,418.91083182
Kraken:XRPEUR,2019-07-03T22:55:00Z,0.3588,0.35889,0.3588,0.35889,3945.11865297
Kraken:XRPEUR,2019-07-03T22:56:00Z,0.35837,0.35837,0.35837,0.35837,834.671
Kraken:XRPEUR,2019-07-03T22:58:00Z,0.35782,0.35782,0.35762,0.35762,1E+4
Kraken:XRPEUR,2019-07-03T23:00:00Z,0.35749,0.35749,0.35749,0.35749,3E+1
Kraken:XRPEUR,2019-07-03T23:01:00Z,0.35714,0.35752,0.3568,0.35752,30383.76987634
Kraken:XRPEUR,2019-07-03T23:02:00Z,0.35781,0.35781,0.35736,0.35736,477.69139099
Kraken:XRPEUR,2019-07-03T23:03:00Z,0.35705,0.35761,0.35705,0.35761,13554.40111872
Kraken:XRPEUR,2019-07-03T23:04:00Z,0.35713,0.35713,0.35701,0.35701,13294.6151739
Kraken:XRPEUR,2019-07-03T23:05:00Z,0.35731,0.35731,0.35731,0.35731,4116.656
Kraken:XRPEUR,2019-07-03T23:06:00Z,0.3575,0.3575,0.3575,0.3575,1.6E+2
Kraken:XRPEUR,2019-07-03T23:08:00Z,0.3581,0.3581,0.3581,0.3581,175.784
Kraken:XRPEUR,2019-07-03T23:09:00Z,0.35795,0.35795,0.35791,0.35791,9542.603
Kraken:XRPEUR,2019-07-03T23:11:00Z,0.35853,0.35853,0.35853,0.35853,614.49223216
Kraken:XRPEUR,2019-07-03T23:12:00Z,0.3586,0.35887,0.3586,0.35887,2154.247894
Kraken:XRPEUR,2019-07-03T23:14:00Z,0.35842,0.35842,0.35842,0.35842,1E+2
Kraken:XRPEUR,2019-07-03T23:17:00Z,0.35867,0.35892,0.35867,0.35892,3240.7227054
Kraken:XRPEUR,2019-07-03T23:19:00Z,0.3583,0.3583,0.35816,0.35816,30372
Kraken:XRPEUR,2019-07-03T23:20:00Z,0.35872,0.35884,0.35872,0.3588,3478.91405014
Kraken:XRPEUR,2019-07-03T23:26:00Z,0.3592,0.3592,0.3592,0.3592,224.413944
Kraken:XRPEUR,2019-07-03T23:27:00Z,0.3592,0.3592,0.3592,0.3592,115.79773402
Kraken:XRPEUR,2019-07-03T23:28:00Z,0.3595,0.3597,0.3595,0.3597,646.70141784
Kraken:XRPEUR,2019-07-03T23:29:00Z,0.35971,0.35978,0.35971,0.35978,420.86492666
Kraken:XRPEUR,2019-07-03T23:30:00Z,0.35979,0.35979,0.35979,0.35979,6E+2
Kraken:XRPEUR,2019-07-03T23:31:00Z,0.3598,0.3598,0.35979,0.35979,1097.21466885
Kraken:XRPEUR,2019-07-03T23:33:00Z,0.35923,0.3595,0.35923,0.3595,2109.24475
Kraken:XRPEUR,2019-07-03T23:36:00Z,0.35976,0.35977,0.35976,0.35977,1707.84362231
Kraken:XRPEUR,2019-07-03T23:37:00Z,0.35906,0.35906,0.35895,0.35895,475.133
Kraken:XRPEUR,2019-07-03T23:38:00Z,0.35919,0.35919,0.35919,0.35919,1319
Kraken:XRPEUR,2019-07-03T23:39:00Z,0.3597,0.3597,0.3597,0.3597,96
Kraken:XRPEUR,2019-07-03T23:40:00Z,0.3598,0.3598,0.35974,0.35974,5240.26621554
Kraken:XRPEUR,2019-07-03T23:41:00Z,0.35911,0.35959,0.35896,0.35932,18164.04575679
Kraken:XRPEUR,2019-07-03T23:42:00Z,0.35971,0.35971,0.35927,0.35927,4589.42
Kraken:XRPEUR,2019-07-03T23:43:00Z,0.3598,0.3598,0.3598,0.3598,1447.653
Kraken:XRPEUR,2019-07-03T23:45:00Z,0.35969,0.35969,0.35944,0.35944,1.075E+4
Kraken:XRPEUR,2019-07-03T23:46:00Z,0.35954,0.35968,0.35954,0.35968,3654.594654
Kraken:XRPEUR,2019-07-03T23:47:00Z,0.35954,0.36138,0.35888,0.35988,353016.4002214501
Kraken:XRPEUR,2019-07-03T23:51:00Z,0.36016,0.36016,0.36016,0.36016,41.524597
Kraken:XRPEUR,2019-07-03T23:52:00Z,0.35996,0.35996,0.35968,0.35968,6124.39128422
Kraken:XRPEUR,2019-07-03T23:53:00Z,0.35957,0.35978,0.35957,0.35978,940.862597
Kraken:XRPEUR,2019-07-03T23:54:00Z,0.3596,0.3596,0.3596,0.3596,301.557
Kraken:XRPEUR,2019-07-03T23:55:00Z,0.35964,0.35965,0.35964,0.35965,13144.572012
Kraken:XRPEUR,2019-07-03T23:56:00Z,0.35984,0.35984,0.35984,0.35984,71.30628
Kraken:XRPEUR,2019-07-03T23:58:00Z,0.35957,0.35957,0.35957,0.35957,600.064039
