Kraken:ETHEUR,2019-09-30T00:01:00Z,155.78,155.78,155.58,155.58,27.05623
Kraken:ETHEUR,2019-09-30T00:02:00Z,155.55,155.59,155.55,155.59,5.70001385
Kraken:ETHEUR,2019-09-30T00:04:00Z,155.48,155.48,155.48,155.48,1E+1
Kraken:ETHEUR,2019-09-30T00:05:00Z,155.44,155.44,155.23,155.23,2.38927549
Kraken:ETHEUR,2019-09-30T00:07:00Z,155.27,155.27,155.27,155.27,2
Kraken:ETHEUR,2019-09-30T00:10:00Z,155.0,155.0,155.0,155.0,6
Kraken:ETHEUR,2019-09-30T00:11:00Z,154.94,154.94,154.94,154.94,2E+1
Kraken:ETHEUR,2019-09-30T00:13:00Z,155.22,155.23,155.22,155.23,1E+1
Kraken:ETHEUR,2019-09-30T00:14:00Z,155.21,155.21,155.21,155.21,5
Kraken:ETHEUR,2019-09-30T00:15:00Z,155.19,155.19,155.19,155.19,2.3613
Kraken:ETHEUR,2019-09-30T00:16:00Z,155.2,155.34,155.2,155.34,6.32
Kraken:ETHEUR,2019-09-30T00:17:00Z,155.38,155.38,155.38,155.38,1.84
Kraken:ETHEUR,2019-09-30T00:21:00Z,155.46,155.46,155.39,155.39,0.34089
Kraken:ETHEUR,2019-09-30T00:22:00Z,155.17,155.2,155.17,155.2,6.008
Kraken:ETHEUR,2019-09-30T00:23:00Z,155.06,155.06,155.06,155.06,3.26
Kraken:ETHEUR,2019-09-30T00:24:00Z,155.07,155.08,155.07,155.08,3.59810872
Kraken:ETHEUR,2019-09-30T00:25:00Z,154.89,154.89,154.89,154.89,1E+1
Kraken:ETHEUR,2019-09-30T00:30:00Z,154.79,154.79,154.74,154.74,3.70053772
Kraken:ETHEUR,2019-09-30T00:31:00Z,154.74,154.74,154.74,154.74,5
Kraken:ETHEUR,2019-09-30T00:32:00Z,154.73,154.73,154.73,154.73,0.078843
Kraken:ETHEUR,2019-09-30T00:38:00Z,154.95,154.95,154.88,154.88,7
Kraken:ETHEUR,2019-09-30T00:39:00Z,154.88,154.88,154.88,154.88,3.22314889
Kraken:ETHEUR,2019-09-30T00:40:00Z,155.31,155.31,155.31,155.31,0.141
Kraken:ETHEUR,2019-09-30T00:42:00Z,155.13,155.13,155.13,155.13,0.14755972
Kraken:ETHEUR,2019-09-30T00:43:00Z,154.96,154.96,154.96,154.96,0.48374
Kraken:ETHEUR,2019-09-30T00:44:00Z,154.96,154.96,154.96,154.96,0.14755972
Kraken:ETHEUR,2019-09-30T00:47:00Z,155.18,155.18,155.18,155.18,0.147
Kraken:ETHEUR,2019-09-30T00:48:00Z,155.17,155.2,155.17,155.2,0.29455972
Kraken:ETHEUR,2019-09-30T00:50:00Z,155.29,155.52,155.29,155.52,3.61070028
Kraken:ETHEUR,2019-09-30T00:58:00Z,155.31,155.31,155.31,155.31,0.094
Kraken:ETHEUR,2019-09-30T00:59:00Z,155.2,155.2,155.2,155.2,1E+1
Kraken:ETHEUR,2019-09-30T01:03:00Z,155.34,155.34,155.34,155.34,1E+1
Kraken:ETHEUR,2019-09-30T01:04:00Z,155.21,155.24,155.19,155.24,6.29927548
Kraken:ETHEUR,2019-09-30T01:06:00Z,155.24,155.24,155.12,155.12,2
Kraken:ETHEUR,2019-09-30T01:08:00Z,155.07,155.07,155.07,155.07,30.395
Kraken:ETHEUR,2019-09-30T01:09:00Z,154.63,154.88,154.63,154.81,31.769
Kraken:ETHEUR,2019-09-30T01:10:00Z,154.76,154.76,154.76,154.76,1.16563646
Kraken:ETHEUR,2019-09-30T01:11:00Z,154.83,154.83,154.73,154.73,3.1658641
Kraken:ETHEUR,2019-09-30T01:12:00Z,154.67,154.67,154.67,154.67,0.26537984
Kraken:ETHEUR,2019-09-30T01:14:00Z,154.61,154.61,154.61,154.61,0.2
Kraken:ETHEUR,2019-09-30T01:16:00Z,154.38,154.38,154.37,154.37,0.189197
Kraken:ETHEUR,2019-09-30T01:19:00Z,154.81,154.81,154.74,154.75,35
Kraken:ETHEUR,2019-09-30T01:25:00Z,154.75,154.75,154.75,154.75,26.43182352
Kraken:ETHEUR,2019-09-30T01:26:00Z,154.7,154.7,154.7,154.7,3.518
Kraken:ETHEUR,2019-09-30T01:29:00Z,155.02,155.02,155.0,155.0,2.57926109
Kraken:ETHEUR,2019-09-30T01:30:00Z,154.95,154.95,154.95,154.95,0.14590144
Kraken:ETHEUR,2019-09-30T01:35:00Z,154.89,154.93,154.89,154.93,3.05494933
Kraken:ETHEUR,2019-09-30T01:37:00Z,154.92,154.92,154.92,154.92,1.2
Kraken:ETHEUR,2019-09-30T01:40:00Z,154.89,154.89,154.89,154.89,0.24
Kraken:ETHEUR,2019-09-30T01:46:00Z,155.12,155.13,155.1,155.13,4.77403325
Kraken:ETHEUR,2019-09-30T01:47:00Z,155.15,155.15,155.15,155.15,0.1
Kraken:ETHEUR,2019-09-30T01:48:00Z,155.18,155.18,155.18,155.18,1.59
Kraken:ETHEUR,2019-09-30T01:50:00Z,155.23,155.24,155.23,155.23,8.8141359
Kraken:ETHEUR,2019-09-30T01:51:00Z,155.23,155.23,155.23,155.23,5.4708641
Kraken:ETHEUR,2019-09-30T01:58:00Z,155.21,155.21,155.21,155.21,0.2441359
Kraken:ETHEUR,2019-09-30T02:02:00Z,155.32,155.32,155.32,155.32,1.09920303
Kraken:ETHEUR,2019-09-30T02:03:00Z,155.32,155.32,155.32,155.32,0.476
Kraken:ETHEUR,2019-09-30T02:05:00Z,155.1,155.12,155.08,155.08,32.40109722
Kraken:ETHEUR,2019-09-30T02:06:00Z,155.07,155.07,155.06,155.06,0.21439091
Kraken:ETHEUR,2019-09-30T02:14:00Z,154.99,154.99,154.99,154.99,2E+1
Kraken:ETHEUR,2019-09-30T02:18:00Z,154.9,154.9,154.9,154.9,0.22973588
Kraken:ETHEUR,2019-09-30T02:20:00Z,154.9,154.9,154.9,154.9,0.45
Kraken:ETHEUR,2019-09-30T02:25:00Z,154.98,154.99,154.98,154.99,10.0899852
Kraken:ETHEUR,2019-09-30T02:27:00Z,155.06,155.06,155.06,155.06,0.04
Kraken:ETHEUR,2019-09-30T02:30:00Z,154.95,154.95,154.95,154.95,2.11292352
Kraken:ETHEUR,2019-09-30T02:31:00Z,154.94,154.94,154.94,154.94,10.3
Kraken:ETHEUR,2019-09-30T02:32:00Z,154.46,154.46,154.44,154.44,13.68
Kraken:ETHEUR,2019-09-30T02:35:00Z,154.34,154.34,154.29,154.29,31.8
Kraken:ETHEUR,2019-09-30T02:36:00Z,154.33,154.33,154.33,154.33,2
Kraken:ETHEUR,2019-09-30T02:40:00Z,154.21,154.21,154.21,154.21,1E+1
Kraken:ETHEUR,2019-09-30T02:42:00Z,154.31,154.31,154.31,154.31,0.09001272
Kraken:ETHEUR,2019-09-30T02:43:00Z,154.36,154.36,154.36,154.36,2.3
Kraken:ETHEUR,2019-09-30T02:45:00Z,154.18,154.18,154.11,154.11,0.46309905
Kraken:ETHEUR,2019-09-30T02:47:00Z,154.11,154.11,154.11,154.11,28
Kraken:ETHEUR,2019-09-30T02:48:00Z,154.09,154.09,154.09,154.09,0.06488871
Kraken:ETHEUR,2019-09-30T02:49:00Z,154.1,154.19,154.1,154.19,12.53215962
Kraken:ETHEUR,2019-09-30T02:53:00Z,154.13,154.13,154.02,154.02,18.5
Kraken:ETHEUR,2019-09-30T02:56:00Z,153.99,153.99,153.76,153.82,193.88809496
Kraken:ETHEUR,2019-09-30T02:58:00Z,153.75,153.75,153.75,153.75,0.02282998
Kraken:ETHEUR,2019-09-30T03:00:00Z,153.97,153.97,153.95,153.95,0.04296716
Kraken:ETHEUR,2019-09-30T03:02:00Z,153.86,153.86,153.86,153.86,0.29319359
Kraken:ETHEUR,2019-09-30T03:04:00Z,153.69,153.69,153.46,153.46,71.404498
Kraken:ETHEUR,2019-09-30T03:05:00Z,153.68,153.68,153.68,153.68,1.36873
Kraken:ETHEUR,2019-09-30T03:11:00Z,153.58,153.58,153.58,153.58,0.09
Kraken:ETHEUR,2019-09-30T03:12:00Z,153.57,153.57,153.23,153.23,2.74674024
Kraken:ETHEUR,2019-09-30T03:13:00Z,153.63,153.63,153.63,153.63,2
Kraken:ETHEUR,2019-09-30T03:14:00Z,153.64,153.88,153.64,153.88,12.57091754
Kraken:ETHEUR,2019-09-30T03:15:00Z,153.93,153.96,153.93,153.96,14.09670163
Kraken:ETHEUR,2019-09-30T03:16:00Z,154.14,154.14,154.14,154.14,5
Kraken:ETHEUR,2019-09-30T03:19:00Z,154.06,154.06,154.06,154.06,7.113
Kraken:ETHEUR,2019-09-30T03:23:00Z,154.01,154.01,154.01,154.01,1.88
Kraken:ETHEUR,2019-09-30T03:24:00Z,153.87,153.87,153.87,153.87,0.03575706
Kraken:ETHEUR,2019-09-30T03:30:00Z,153.97,153.97,153.97,153.97,3.74622673
Kraken:ETHEUR,2019-09-30T03:34:00Z,154.01,154.1,154.01,154.1,1.576664
Kraken:ETHEUR,2019-09-30T03:35:00Z,154.07,154.07,154.07,154.07,0.275
Kraken:ETHEUR,2019-09-30T03:41:00Z,154.06,154.06,154.06,154.06,2.532
Kraken:ETHEUR,2019-09-30T03:52:00Z,153.89,153.89,153.89,153.89,1E+1
Kraken:ETHEUR,2019-09-30T03:56:00Z,154.15,154.15,154.13,154.13,15.89381
Kraken:ETHEUR,2019-09-30T04:01:00Z,154.17,154.3,154.16,154.29,66.65524
Kraken:ETHEUR,2019-09-30T04:02:00Z,154.19,154.19,154.19,154.19,1.98875
Kraken:ETHEUR,2019-09-30T04:04:00Z,154.14,154.14,154.14,154.14,0.06
Kraken:ETHEUR,2019-09-30T04:05:00Z,153.9,153.9,153.9,153.9,1.649
Kraken:ETHEUR,2019-09-30T04:08:00Z,154.01,154.01,154.0,154.0,2.293328
Kraken:ETHEUR,2019-09-30T04:11:00Z,154.12,154.14,154.12,154.14,9.86132699
Kraken:ETHEUR,2019-09-30T04:12:00Z,153.63,153.64,153.21,153.21,169.62918154
Kraken:ETHEUR,2019-09-30T04:13:00Z,153.56,153.56,153.56,153.56,2.59512
Kraken:ETHEUR,2019-09-30T04:14:00Z,153.2,153.2,153.12,153.12,6.15551
Kraken:ETHEUR,2019-09-30T04:16:00Z,153.13,153.17,153.13,153.17,0.04
Kraken:ETHEUR,2019-09-30T04:17:00Z,153.27,153.27,153.27,153.27,0.571711
Kraken:ETHEUR,2019-09-30T04:18:00Z,153.26,153.26,152.09,152.09,55.33923308
Kraken:ETHEUR,2019-09-30T04:19:00Z,152.08,152.82,151.9,152.67,173.00038458
Kraken:ETHEUR,2019-09-30T04:20:00Z,152.63,152.65,152.46,152.46,61.86875905
Kraken:ETHEUR,2019-09-30T04:21:00Z,152.63,152.63,152.63,152.63,3.4
Kraken:ETHEUR,2019-09-30T04:22:00Z,152.65,152.65,152.43,152.43,25.02268462
Kraken:ETHEUR,2019-09-30T04:23:00Z,152.4,152.4,152.4,152.4,0.3764601
Kraken:ETHEUR,2019-09-30T04:24:00Z,152.4,152.4,151.89,151.89,95.84389202
Kraken:ETHEUR,2019-09-30T04:25:00Z,152.26,152.49,152.17,152.49,4.502783
Kraken:ETHEUR,2019-09-30T04:29:00Z,152.4,152.4,152.4,152.4,0.898
Kraken:ETHEUR,2019-09-30T04:30:00Z,152.46,152.46,152.46,152.46,0.52176833
Kraken:ETHEUR,2019-09-30T04:31:00Z,152.39,152.94,152.39,152.94,282.06812787
Kraken:ETHEUR,2019-09-30T04:32:00Z,153.21,153.3,152.57,152.69,437.57527759
Kraken:ETHEUR,2019-09-30T04:33:00Z,152.8,152.8,152.75,152.75,18
Kraken:ETHEUR,2019-09-30T04:34:00Z,152.77,152.86,152.77,152.86,11.99999998
Kraken:ETHEUR,2019-09-30T04:35:00Z,152.7,152.7,152.7,152.7,7
Kraken:ETHEUR,2019-09-30T04:36:00Z,152.73,152.73,152.73,152.73,7
Kraken:ETHEUR,2019-09-30T04:38:00Z,152.86,152.86,152.86,152.86,4.9584
Kraken:ETHEUR,2019-09-30T04:39:00Z,152.74,152.74,152.73,152.73,0.85084084
Kraken:ETHEUR,2019-09-30T04:40:00Z,152.64,152.64,152.64,152.64,7
Kraken:ETHEUR,2019-09-30T04:41:00Z,152.71,152.71,152.6,152.6,12.3
Kraken:ETHEUR,2019-09-30T04:42:00Z,152.61,152.96,152.61,152.96,20.02581356
Kraken:ETHEUR,2019-09-30T04:44:00Z,152.8,152.97,152.79,152.79,39.99712439
Kraken:ETHEUR,2019-09-30T04:45:00Z,152.61,152.61,152.6,152.6,11
Kraken:ETHEUR,2019-09-30T04:46:00Z,152.6,152.6,152.41,152.41,3.20995918
Kraken:ETHEUR,2019-09-30T04:47:00Z,152.23,152.23,152.07,152.2,52.7722153
Kraken:ETHEUR,2019-09-30T04:48:00Z,152.14,152.14,151.89,152.1,75.35327938
Kraken:ETHEUR,2019-09-30T04:49:00Z,152.07,152.07,152.07,152.07,1E+1
Kraken:ETHEUR,2019-09-30T04:50:00Z,151.99,151.99,151.14,151.65,256.44234609
Kraken:ETHEUR,2019-09-30T04:51:00Z,151.69,152.16,151.69,151.76,374.94062088
Kraken:ETHEUR,2019-09-30T04:52:00Z,151.96,151.96,151.62,151.62,45.1591343
Kraken:ETHEUR,2019-09-30T04:53:00Z,151.69,151.69,151.49,151.55,13.48
Kraken:ETHEUR,2019-09-30T04:54:00Z,151.45,151.45,151.34,151.36,30.14724457
Kraken:ETHEUR,2019-09-30T04:55:00Z,151.37,151.71,151.37,151.71,53.03714793
Kraken:ETHEUR,2019-09-30T04:56:00Z,151.58,151.74,151.57,151.74,55.35
Kraken:ETHEUR,2019-09-30T04:57:00Z,151.73,151.96,151.67,151.73,41.53
Kraken:ETHEUR,2019-09-30T04:58:00Z,151.93,151.99,151.83,151.99,55.23421052
Kraken:ETHEUR,2019-09-30T04:59:00Z,151.98,152.22,151.98,152.16,67.44999998
Kraken:ETHEUR,2019-09-30T05:00:00Z,152.14,152.71,152.12,152.34,187.1901274
Kraken:ETHEUR,2019-09-30T05:01:00Z,152.35,152.81,152.33,152.81,160.83734774
Kraken:ETHEUR,2019-09-30T05:04:00Z,152.82,153.21,152.82,153.0,126.42709905
Kraken:ETHEUR,2019-09-30T05:06:00Z,153.0,153.0,152.94,152.94,2.94
Kraken:ETHEUR,2019-09-30T05:08:00Z,152.94,152.95,152.94,152.95,0.11925
Kraken:ETHEUR,2019-09-30T05:09:00Z,152.94,152.94,152.94,152.94,0.13835
Kraken:ETHEUR,2019-09-30T05:10:00Z,152.8,152.8,152.8,152.8,1E+1
Kraken:ETHEUR,2019-09-30T05:11:00Z,153.06,153.06,153.0,153.06,4.17786
Kraken:ETHEUR,2019-09-30T05:12:00Z,153.21,153.33,153.21,153.33,1.74758
Kraken:ETHEUR,2019-09-30T05:14:00Z,153.28,153.28,153.28,153.28,0.34790943
Kraken:ETHEUR,2019-09-30T05:15:00Z,153.49,153.49,153.49,153.49,2
Kraken:ETHEUR,2019-09-30T05:16:00Z,153.33,153.33,153.26,153.26,27.44
Kraken:ETHEUR,2019-09-30T05:17:00Z,153.26,153.26,153.18,153.18,5.17
Kraken:ETHEUR,2019-09-30T05:20:00Z,153.09,153.09,153.09,153.09,0.37
Kraken:ETHEUR,2019-09-30T05:25:00Z,153.08,153.08,153.07,153.07,8.03811
Kraken:ETHEUR,2019-09-30T05:27:00Z,152.81,152.81,152.78,152.78,0.93618
Kraken:ETHEUR,2019-09-30T05:28:00Z,152.82,152.82,152.81,152.82,10.4
Kraken:ETHEUR,2019-09-30T05:29:00Z,152.79,152.79,152.75,152.75,48.75166007
Kraken:ETHEUR,2019-09-30T05:30:00Z,152.73,152.73,152.73,152.73,3.13077466
Kraken:ETHEUR,2019-09-30T05:31:00Z,152.7,152.7,152.7,152.7,0.431
Kraken:ETHEUR,2019-09-30T05:33:00Z,152.55,152.55,152.4,152.4,1E+2
Kraken:ETHEUR,2019-09-30T05:34:00Z,152.47,152.47,152.47,152.47,0.66058925
Kraken:ETHEUR,2019-09-30T05:35:00Z,152.55,152.55,152.55,152.55,0.52671344
Kraken:ETHEUR,2019-09-30T05:36:00Z,152.71,152.71,152.48,152.54,2.344
Kraken:ETHEUR,2019-09-30T05:40:00Z,152.39,152.39,152.39,152.39,0.815
Kraken:ETHEUR,2019-09-30T05:42:00Z,152.01,152.01,152.01,152.01,5
Kraken:ETHEUR,2019-09-30T05:46:00Z,152.35,152.43,152.35,152.38,5E+1
Kraken:ETHEUR,2019-09-30T05:49:00Z,152.46,152.68,152.45,152.68,21.497
Kraken:ETHEUR,2019-09-30T05:50:00Z,152.84,153.05,152.84,153.05,449.799552
Kraken:ETHEUR,2019-09-30T05:54:00Z,152.69,152.69,152.69,152.69,5
Kraken:ETHEUR,2019-09-30T05:55:00Z,152.69,152.69,152.69,152.69,8.71723075
Kraken:ETHEUR,2019-09-30T05:57:00Z,152.66,152.69,152.66,152.69,3.51826152
Kraken:ETHEUR,2019-09-30T05:58:00Z,152.59,152.59,152.59,152.59,0.858
Kraken:ETHEUR,2019-09-30T05:59:00Z,152.3,152.31,152.3,152.31,10.33
Kraken:ETHEUR,2019-09-30T06:01:00Z,152.3,152.3,152.3,152.3,1.07
Kraken:ETHEUR,2019-09-30T06:02:00Z,152.29,152.39,152.29,152.39,0.11889
Kraken:ETHEUR,2019-09-30T06:04:00Z,152.49,152.49,152.49,152.49,0.144
Kraken:ETHEUR,2019-09-30T06:06:00Z,152.56,152.56,152.56,152.56,1
Kraken:ETHEUR,2019-09-30T06:07:00Z,152.52,152.52,152.3,152.3,1.2772
Kraken:ETHEUR,2019-09-30T06:08:00Z,152.11,152.11,152.1,152.1,7.4554301
Kraken:ETHEUR,2019-09-30T06:10:00Z,152.11,152.21,152.11,152.21,1.41380234
Kraken:ETHEUR,2019-09-30T06:11:00Z,152.23,152.23,152.23,152.23,0.24
Kraken:ETHEUR,2019-09-30T06:12:00Z,152.1,152.1,151.96,151.96,4.43739
Kraken:ETHEUR,2019-09-30T06:13:00Z,152.0,152.0,152.0,152.0,0.16353
Kraken:ETHEUR,2019-09-30T06:15:00Z,152.12,152.12,152.1,152.1,5.20421401
Kraken:ETHEUR,2019-09-30T06:18:00Z,151.98,152.0,151.98,152.0,42.48
Kraken:ETHEUR,2019-09-30T06:19:00Z,152.24,152.27,152.24,152.27,5.91055
Kraken:ETHEUR,2019-09-30T06:22:00Z,152.17,152.28,152.17,152.28,1.067683
Kraken:ETHEUR,2019-09-30T06:23:00Z,152.35,152.35,152.35,152.35,0.20154
Kraken:ETHEUR,2019-09-30T06:24:00Z,152.41,152.41,152.39,152.39,1.73714745
Kraken:ETHEUR,2019-09-30T06:25:00Z,152.3,152.3,152.3,152.3,0.4
Kraken:ETHEUR,2019-09-30T06:28:00Z,152.29,152.29,152.29,152.29,0.199
Kraken:ETHEUR,2019-09-30T06:30:00Z,152.3,152.46,152.3,152.46,3.5
Kraken:ETHEUR,2019-09-30T06:33:00Z,152.49,152.49,152.49,152.49,0.243
Kraken:ETHEUR,2019-09-30T06:37:00Z,152.37,152.37,152.3,152.3,3.165761
Kraken:ETHEUR,2019-09-30T06:38:00Z,152.1,152.1,152.1,152.1,0.21594477
Kraken:ETHEUR,2019-09-30T06:39:00Z,152.07,152.07,152.07,152.07,4.784055
Kraken:ETHEUR,2019-09-30T06:43:00Z,152.01,152.01,151.89,151.89,116.3
Kraken:ETHEUR,2019-09-30T06:44:00Z,151.91,151.91,151.91,151.91,0.24997715
Kraken:ETHEUR,2019-09-30T06:45:00Z,151.92,151.93,151.92,151.93,1.06579999
Kraken:ETHEUR,2019-09-30T06:46:00Z,152.01,152.01,152.01,152.01,0.131
Kraken:ETHEUR,2019-09-30T06:47:00Z,151.92,151.92,151.92,151.92,0.1
Kraken:ETHEUR,2019-09-30T06:49:00Z,151.95,151.99,151.95,151.99,69.16887497
Kraken:ETHEUR,2019-09-30T06:50:00Z,151.89,151.91,151.88,151.91,4.90843277
Kraken:ETHEUR,2019-09-30T06:53:00Z,151.88,151.88,151.88,151.88,0.26587523
Kraken:ETHEUR,2019-09-30T06:55:00Z,151.78,151.78,151.77,151.77,4.94
Kraken:ETHEUR,2019-09-30T06:56:00Z,151.77,151.77,151.77,151.77,0.35
Kraken:ETHEUR,2019-09-30T06:57:00Z,151.62,151.65,151.62,151.62,2.93578426
Kraken:ETHEUR,2019-09-30T06:58:00Z,151.63,151.63,151.63,151.63,2.07
Kraken:ETHEUR,2019-09-30T06:59:00Z,151.65,151.87,151.65,151.87,110.12999999
Kraken:ETHEUR,2019-09-30T07:00:00Z,151.87,151.88,151.84,151.84,24.83925322
Kraken:ETHEUR,2019-09-30T07:05:00Z,151.7,151.77,151.63,151.63,4.03816725
Kraken:ETHEUR,2019-09-30T07:06:00Z,151.63,151.66,151.63,151.63,2.05615899
Kraken:ETHEUR,2019-09-30T07:07:00Z,151.62,151.62,151.27,151.27,20.94831105
Kraken:ETHEUR,2019-09-30T07:08:00Z,151.24,151.4,151.21,151.21,1.3
Kraken:ETHEUR,2019-09-30T07:09:00Z,151.37,151.39,151.33,151.39,24.15919195
Kraken:ETHEUR,2019-09-30T07:10:00Z,151.37,151.44,151.37,151.44,2.35207
Kraken:ETHEUR,2019-09-30T07:11:00Z,151.52,151.52,151.52,151.52,4
Kraken:ETHEUR,2019-09-30T07:12:00Z,151.82,151.82,151.82,151.82,8
Kraken:ETHEUR,2019-09-30T07:14:00Z,152.0,152.25,152.0,152.08,56.0687
Kraken:ETHEUR,2019-09-30T07:16:00Z,152.02,152.02,152.02,152.02,2.079526
Kraken:ETHEUR,2019-09-30T07:17:00Z,152.01,152.02,152.01,152.02,10.520474
Kraken:ETHEUR,2019-09-30T07:18:00Z,152.07,152.07,152.07,152.07,1.99417
Kraken:ETHEUR,2019-09-30T07:19:00Z,152.27,152.48,152.21,152.48,265.32735049
Kraken:ETHEUR,2019-09-30T07:20:00Z,152.34,152.34,152.34,152.34,2
Kraken:ETHEUR,2019-09-30T07:21:00Z,152.37,152.39,152.34,152.34,26.59858474
Kraken:ETHEUR,2019-09-30T07:22:00Z,152.32,152.32,152.22,152.29,29.3428
Kraken:ETHEUR,2019-09-30T07:24:00Z,152.33,152.33,152.33,152.33,0.91
Kraken:ETHEUR,2019-09-30T07:25:00Z,152.2,152.25,152.15,152.15,7.48763074
Kraken:ETHEUR,2019-09-30T07:28:00Z,152.26,152.26,152.26,152.26,0.5
Kraken:ETHEUR,2019-09-30T07:29:00Z,152.25,152.27,152.25,152.27,17
Kraken:ETHEUR,2019-09-30T07:30:00Z,152.28,152.36,152.28,152.36,24
Kraken:ETHEUR,2019-09-30T07:32:00Z,152.41,152.41,152.41,152.41,8
Kraken:ETHEUR,2019-09-30T07:33:00Z,152.46,152.48,152.43,152.43,39.24555664
Kraken:ETHEUR,2019-09-30T07:34:00Z,152.49,152.54,152.49,152.54,16.63212366
Kraken:ETHEUR,2019-09-30T07:35:00Z,152.54,152.76,152.54,152.76,65.52907
Kraken:ETHEUR,2019-09-30T07:36:00Z,152.68,152.87,152.68,152.87,77.54818269
Kraken:ETHEUR,2019-09-30T07:37:00Z,152.87,152.87,152.87,152.87,13.54948754
Kraken:ETHEUR,2019-09-30T07:38:00Z,152.88,152.88,152.87,152.87,3.14
Kraken:ETHEUR,2019-09-30T07:39:00Z,152.87,152.87,152.87,152.87,20.88051246
Kraken:ETHEUR,2019-09-30T07:41:00Z,152.97,153.02,152.97,153.02,32.29699745
Kraken:ETHEUR,2019-09-30T07:42:00Z,153.06,153.06,153.06,153.06,0.12909
Kraken:ETHEUR,2019-09-30T07:46:00Z,153.07,153.07,153.03,153.03,128
Kraken:ETHEUR,2019-09-30T07:47:00Z,153.09,153.21,153.09,153.11,2.05591147
Kraken:ETHEUR,2019-09-30T07:48:00Z,153.0,153.0,153.0,153.0,1.17839
Kraken:ETHEUR,2019-09-30T07:49:00Z,152.95,153.12,152.95,153.12,325
Kraken:ETHEUR,2019-09-30T07:50:00Z,152.72,152.72,152.72,152.72,0.44081858
Kraken:ETHEUR,2019-09-30T07:51:00Z,152.72,152.93,152.72,152.85,5.45379858
Kraken:ETHEUR,2019-09-30T07:52:00Z,152.83,152.94,152.83,152.94,2.3270325
Kraken:ETHEUR,2019-09-30T07:54:00Z,152.96,152.96,152.96,152.96,0.065
Kraken:ETHEUR,2019-09-30T07:55:00Z,152.83,152.83,152.83,152.83,0.05
Kraken:ETHEUR,2019-09-30T07:56:00Z,152.84,152.84,152.83,152.83,54.95
Kraken:ETHEUR,2019-09-30T07:57:00Z,152.73,152.84,152.73,152.84,0.5654242
Kraken:ETHEUR,2019-09-30T07:58:00Z,152.89,152.89,152.8,152.8,234.096
Kraken:ETHEUR,2019-09-30T08:00:00Z,152.69,152.69,152.69,152.69,0.98199
Kraken:ETHEUR,2019-09-30T08:01:00Z,152.63,152.63,152.63,152.63,0.42
Kraken:ETHEUR,2019-09-30T08:02:00Z,152.55,152.6,152.5,152.5,13.123931
Kraken:ETHEUR,2019-09-30T08:04:00Z,152.47,152.73,152.47,152.73,12.40101959
Kraken:ETHEUR,2019-09-30T08:05:00Z,152.65,152.65,152.65,152.65,0.3091
Kraken:ETHEUR,2019-09-30T08:06:00Z,152.7,152.7,152.47,152.47,8.7693
Kraken:ETHEUR,2019-09-30T08:07:00Z,152.35,152.4,152.35,152.4,11.078
Kraken:ETHEUR,2019-09-30T08:08:00Z,152.41,152.41,152.41,152.41,1.80517358
Kraken:ETHEUR,2019-09-30T08:09:00Z,152.53,152.53,152.49,152.49,7.5108
Kraken:ETHEUR,2019-09-30T08:10:00Z,152.51,152.51,152.51,152.51,5.485
Kraken:ETHEUR,2019-09-30T08:11:00Z,152.52,152.52,152.52,152.52,1.54175818
Kraken:ETHEUR,2019-09-30T08:12:00Z,152.52,152.53,152.52,152.53,9.52701232
Kraken:ETHEUR,2019-09-30T08:13:00Z,152.64,152.64,152.6,152.6,175.904
Kraken:ETHEUR,2019-09-30T08:14:00Z,152.6,152.68,152.6,152.68,3.30239332
Kraken:ETHEUR,2019-09-30T08:15:00Z,152.6,152.6,152.6,152.6,0.16544359
Kraken:ETHEUR,2019-09-30T08:17:00Z,152.68,152.96,152.68,152.96,27.47154698
Kraken:ETHEUR,2019-09-30T08:18:00Z,152.88,152.88,152.86,152.86,2.4
Kraken:ETHEUR,2019-09-30T08:19:00Z,153.08,153.08,153.08,153.08,1.65389402
Kraken:ETHEUR,2019-09-30T08:20:00Z,153.25,153.87,153.25,153.51,240.66701488
Kraken:ETHEUR,2019-09-30T08:21:00Z,153.62,153.71,153.47,153.47,3.20242522
Kraken:ETHEUR,2019-09-30T08:22:00Z,153.65,153.75,153.51,153.51,113.39948134
Kraken:ETHEUR,2019-09-30T08:23:00Z,153.63,153.63,153.63,153.63,0.39896269
Kraken:ETHEUR,2019-09-30T08:24:00Z,153.65,153.7,153.6,153.68,18.97395798
Kraken:ETHEUR,2019-09-30T08:25:00Z,153.62,153.65,153.62,153.65,0.04
Kraken:ETHEUR,2019-09-30T08:28:00Z,153.83,153.83,153.83,153.83,1
Kraken:ETHEUR,2019-09-30T08:29:00Z,153.89,153.89,153.86,153.86,45
Kraken:ETHEUR,2019-09-30T08:30:00Z,153.95,154.0,153.77,153.77,33.40068815
Kraken:ETHEUR,2019-09-30T08:31:00Z,153.78,153.94,153.61,153.75,11.21646094
Kraken:ETHEUR,2019-09-30T08:32:00Z,153.52,153.62,153.52,153.62,3.94507106
Kraken:ETHEUR,2019-09-30T08:33:00Z,153.68,153.68,153.63,153.66,3.8
Kraken:ETHEUR,2019-09-30T08:34:00Z,153.64,153.64,153.6,153.6,3.8
Kraken:ETHEUR,2019-09-30T08:35:00Z,153.6,153.71,153.6,153.71,2.52890118
Kraken:ETHEUR,2019-09-30T08:36:00Z,153.76,153.76,153.69,153.69,3.25138828
Kraken:ETHEUR,2019-09-30T08:37:00Z,153.56,153.58,153.46,153.48,12.91780324
Kraken:ETHEUR,2019-09-30T08:38:00Z,153.56,153.56,153.44,153.44,4.2748
Kraken:ETHEUR,2019-09-30T08:40:00Z,153.39,153.39,153.39,153.39,2.615
Kraken:ETHEUR,2019-09-30T08:41:00Z,153.34,153.34,153.34,153.34,0.11658442
Kraken:ETHEUR,2019-09-30T08:44:00Z,153.48,153.53,153.48,153.49,10.58000489
Kraken:ETHEUR,2019-09-30T08:46:00Z,153.8,153.82,153.8,153.8,13.21597525
Kraken:ETHEUR,2019-09-30T08:49:00Z,153.81,153.86,153.81,153.86,25.35280282
Kraken:ETHEUR,2019-09-30T08:51:00Z,153.64,153.64,153.63,153.63,5.1249856
Kraken:ETHEUR,2019-09-30T08:53:00Z,153.77,153.77,153.77,153.77,8.3665781
Kraken:ETHEUR,2019-09-30T08:54:00Z,153.69,153.77,153.69,153.77,3.47117244
Kraken:ETHEUR,2019-09-30T08:55:00Z,153.7,153.71,153.7,153.71,28
Kraken:ETHEUR,2019-09-30T08:56:00Z,153.71,153.71,153.71,153.71,0.02711469
Kraken:ETHEUR,2019-09-30T08:57:00Z,153.71,153.71,153.71,153.71,0.1
Kraken:ETHEUR,2019-09-30T08:58:00Z,153.76,153.76,153.76,153.76,0.9685
Kraken:ETHEUR,2019-09-30T08:59:00Z,153.75,153.75,153.75,153.75,0.0826
Kraken:ETHEUR,2019-09-30T09:00:00Z,153.75,153.77,153.75,153.77,25.04342153
Kraken:ETHEUR,2019-09-30T09:01:00Z,153.92,153.92,153.88,153.88,3.724
Kraken:ETHEUR,2019-09-30T09:02:00Z,153.89,153.89,153.89,153.89,0.54774
Kraken:ETHEUR,2019-09-30T09:03:00Z,153.94,153.95,153.91,153.95,112.56242531
Kraken:ETHEUR,2019-09-30T09:04:00Z,153.95,153.95,153.95,153.95,1E+1
Kraken:ETHEUR,2019-09-30T09:05:00Z,153.99,153.99,153.99,153.99,0.143
Kraken:ETHEUR,2019-09-30T09:06:00Z,153.92,153.92,153.91,153.91,4.90416723
Kraken:ETHEUR,2019-09-30T09:09:00Z,153.81,153.86,153.77,153.86,1.786225
Kraken:ETHEUR,2019-09-30T09:10:00Z,153.79,153.79,153.79,153.79,1.16
Kraken:ETHEUR,2019-09-30T09:11:00Z,153.79,153.79,153.76,153.76,5.00133567
Kraken:ETHEUR,2019-09-30T09:12:00Z,153.79,153.79,153.79,153.79,0.33153586
Kraken:ETHEUR,2019-09-30T09:13:00Z,153.71,153.72,153.63,153.69,16.094774
Kraken:ETHEUR,2019-09-30T09:14:00Z,153.69,153.73,153.65,153.68,13.969429
Kraken:ETHEUR,2019-09-30T09:15:00Z,153.68,153.68,153.64,153.64,5.95417247
Kraken:ETHEUR,2019-09-30T09:16:00Z,153.69,153.69,153.69,153.69,0.168647
Kraken:ETHEUR,2019-09-30T09:17:00Z,153.7,153.85,153.7,153.85,6.73218142
Kraken:ETHEUR,2019-09-30T09:18:00Z,153.82,153.82,153.82,153.82,0.32482297
Kraken:ETHEUR,2019-09-30T09:21:00Z,153.83,153.83,153.83,153.83,1.721405
Kraken:ETHEUR,2019-09-30T09:22:00Z,153.78,153.91,153.78,153.91,11.33
Kraken:ETHEUR,2019-09-30T09:23:00Z,153.96,153.96,153.93,153.93,5.82
Kraken:ETHEUR,2019-09-30T09:24:00Z,154.0,154.0,153.99,153.99,5.48545
Kraken:ETHEUR,2019-09-30T09:25:00Z,153.99,154.32,153.99,154.23,39.25661351
Kraken:ETHEUR,2019-09-30T09:26:00Z,154.23,154.38,154.23,154.38,38.01728965
Kraken:ETHEUR,2019-09-30T09:27:00Z,154.58,154.94,154.58,154.93,99.647026
Kraken:ETHEUR,2019-09-30T09:28:00Z,155.0,155.33,155.0,155.33,25.3987
Kraken:ETHEUR,2019-09-30T09:29:00Z,155.4,155.62,155.21,155.5,56.24576938
Kraken:ETHEUR,2019-09-30T09:30:00Z,155.43,155.45,155.25,155.45,28.57932106
Kraken:ETHEUR,2019-09-30T09:31:00Z,155.54,156.1,155.52,156.1,53.96626
Kraken:ETHEUR,2019-09-30T09:32:00Z,156.03,156.03,155.75,155.81,17.36595666
Kraken:ETHEUR,2019-09-30T09:33:00Z,155.81,155.97,155.53,155.53,42.6803666
Kraken:ETHEUR,2019-09-30T09:34:00Z,155.57,155.9,155.57,155.9,200.79163358
Kraken:ETHEUR,2019-09-30T09:35:00Z,156.09,156.09,156.09,156.09,11.1
Kraken:ETHEUR,2019-09-30T09:36:00Z,156.09,156.1,155.97,155.97,48.13465966
Kraken:ETHEUR,2019-09-30T09:37:00Z,156.0,156.09,155.97,156.09,117.19690989
Kraken:ETHEUR,2019-09-30T09:38:00Z,156.08,156.1,156.08,156.09,9
Kraken:ETHEUR,2019-09-30T09:39:00Z,156.09,156.09,156.01,156.01,16.51781433
Kraken:ETHEUR,2019-09-30T09:40:00Z,155.97,155.97,155.9,155.9,57.27927466
Kraken:ETHEUR,2019-09-30T09:41:00Z,155.7,155.73,155.7,155.73,38.5193
Kraken:ETHEUR,2019-09-30T09:43:00Z,155.92,155.92,155.92,155.92,0.12708184
Kraken:ETHEUR,2019-09-30T09:44:00Z,155.9,156.1,155.8,156.1,21.39569592
Kraken:ETHEUR,2019-09-30T09:45:00Z,156.08,156.1,156.05,156.05,7.60902424
Kraken:ETHEUR,2019-09-30T09:46:00Z,156.09,156.09,156.03,156.04,2.41673758
Kraken:ETHEUR,2019-09-30T09:47:00Z,156.04,156.56,156.04,156.56,188.6263792
Kraken:ETHEUR,2019-09-30T09:48:00Z,156.66,157.0,156.62,157.0,24.30609249
Kraken:ETHEUR,2019-09-30T09:49:00Z,157.0,157.48,156.9,157.32,432.01063611
Kraken:ETHEUR,2019-09-30T09:50:00Z,157.25,158.2,157.19,158.2,322.6657593
Kraken:ETHEUR,2019-09-30T09:51:00Z,158.23,158.66,158.2,158.5,426.7478189
Kraken:ETHEUR,2019-09-30T09:52:00Z,158.5,158.88,158.5,158.5,1066.32601555
Kraken:ETHEUR,2019-09-30T09:53:00Z,158.5,158.51,157.76,157.76,383.93980073
Kraken:ETHEUR,2019-09-30T09:54:00Z,158.1,158.15,157.91,157.97,17.73896744
Kraken:ETHEUR,2019-09-30T09:55:00Z,158.15,159.05,158.14,158.67,95.29567618
Kraken:ETHEUR,2019-09-30T09:56:00Z,158.5,158.65,158.5,158.65,2.38106
Kraken:ETHEUR,2019-09-30T09:57:00Z,158.75,159.22,158.69,159.21,114.03641901
Kraken:ETHEUR,2019-09-30T09:58:00Z,159.21,159.58,158.84,158.84,333.1239838
Kraken:ETHEUR,2019-09-30T09:59:00Z,158.84,158.84,158.64,158.67,50.75782655
Kraken:ETHEUR,2019-09-30T10:00:00Z,158.69,159.48,158.69,159.31,12.48795115
Kraken:ETHEUR,2019-09-30T10:01:00Z,159.31,159.97,159.31,159.8,113.13055256
Kraken:ETHEUR,2019-09-30T10:02:00Z,159.91,160.71,159.91,160.71,278.54993758
Kraken:ETHEUR,2019-09-30T10:03:00Z,160.23,160.72,159.93,159.93,118.14239911
Kraken:ETHEUR,2019-09-30T10:04:00Z,159.87,160.42,159.71,159.95,1016.07047186
Kraken:ETHEUR,2019-09-30T10:05:00Z,159.61,159.68,159.27,159.53,79.11417481
Kraken:ETHEUR,2019-09-30T10:06:00Z,159.61,159.77,159.61,159.65,15.97009031
Kraken:ETHEUR,2019-09-30T10:07:00Z,159.03,159.04,159.0,159.0,13.72806712
Kraken:ETHEUR,2019-09-30T10:08:00Z,158.74,158.74,158.74,158.74,1E+1
Kraken:ETHEUR,2019-09-30T10:09:00Z,158.61,158.61,158.14,158.14,160.99999996
Kraken:ETHEUR,2019-09-30T10:10:00Z,158.28,158.34,158.06,158.34,170.57677994
Kraken:ETHEUR,2019-09-30T10:11:00Z,158.41,158.41,158.38,158.38,22.86431554
Kraken:ETHEUR,2019-09-30T10:12:00Z,158.41,158.47,158.41,158.47,3.65568446
Kraken:ETHEUR,2019-09-30T10:13:00Z,158.77,158.98,158.77,158.93,4.53730448
Kraken:ETHEUR,2019-09-30T10:14:00Z,158.86,158.93,158.86,158.93,12.8647542
Kraken:ETHEUR,2019-09-30T10:15:00Z,158.92,158.92,158.77,158.8,53.83727834
Kraken:ETHEUR,2019-09-30T10:16:00Z,158.68,158.68,158.17,158.41,15.56186449
Kraken:ETHEUR,2019-09-30T10:17:00Z,158.34,158.34,158.33,158.33,7.07861479
Kraken:ETHEUR,2019-09-30T10:18:00Z,158.34,158.34,158.34,158.34,0.62812555
Kraken:ETHEUR,2019-09-30T10:19:00Z,158.33,158.33,158.12,158.12,21.76447563
Kraken:ETHEUR,2019-09-30T10:20:00Z,158.16,158.16,158.11,158.11,29.81223567
Kraken:ETHEUR,2019-09-30T10:21:00Z,158.0,158.2,157.98,158.19,44.14962817
Kraken:ETHEUR,2019-09-30T10:22:00Z,158.25,158.25,158.21,158.25,5.7632
Kraken:ETHEUR,2019-09-30T10:23:00Z,158.21,158.25,158.01,158.07,3.66445259
Kraken:ETHEUR,2019-09-30T10:24:00Z,158.13,158.17,158.02,158.13,10.93524691
Kraken:ETHEUR,2019-09-30T10:25:00Z,158.08,158.14,158.08,158.14,0.71
Kraken:ETHEUR,2019-09-30T10:26:00Z,158.16,158.53,158.16,158.53,28.9748
Kraken:ETHEUR,2019-09-30T10:27:00Z,158.34,158.42,158.34,158.42,18.69919351
Kraken:ETHEUR,2019-09-30T10:28:00Z,158.47,158.47,158.41,158.47,0.95
Kraken:ETHEUR,2019-09-30T10:29:00Z,158.47,158.47,158.33,158.39,3.08413117
Kraken:ETHEUR,2019-09-30T10:30:00Z,158.41,158.41,158.18,158.18,1.83329993
Kraken:ETHEUR,2019-09-30T10:31:00Z,158.05,158.1,157.78,157.88,10.85849189
Kraken:ETHEUR,2019-09-30T10:32:00Z,157.89,158.0,157.79,157.91,77.32
Kraken:ETHEUR,2019-09-30T10:33:00Z,157.93,158.1,157.93,158.1,9.38781793
Kraken:ETHEUR,2019-09-30T10:34:00Z,158.2,158.29,158.2,158.29,6.25504382
Kraken:ETHEUR,2019-09-30T10:35:00Z,158.11,158.21,158.11,158.21,5.20600527
Kraken:ETHEUR,2019-09-30T10:36:00Z,158.03,158.08,158.03,158.08,3.24
Kraken:ETHEUR,2019-09-30T10:37:00Z,158.08,158.22,158.08,158.2,40.15799999
Kraken:ETHEUR,2019-09-30T10:38:00Z,158.2,158.2,157.99,157.99,0.12895494
Kraken:ETHEUR,2019-09-30T10:39:00Z,158.03,158.03,158.03,158.03,0.05448848
Kraken:ETHEUR,2019-09-30T10:40:00Z,157.77,157.88,157.74,157.79,0.42843508
Kraken:ETHEUR,2019-09-30T10:41:00Z,157.79,157.79,157.78,157.79,7.16473461
Kraken:ETHEUR,2019-09-30T10:42:00Z,157.66,157.66,157.6,157.6,3.81486984
Kraken:ETHEUR,2019-09-30T10:43:00Z,157.57,157.73,157.48,157.72,28.66631883
Kraken:ETHEUR,2019-09-30T10:44:00Z,157.71,157.71,157.56,157.56,0.8438212
Kraken:ETHEUR,2019-09-30T10:45:00Z,157.44,157.53,157.12,157.4,456.79020067
Kraken:ETHEUR,2019-09-30T10:46:00Z,157.34,157.34,157.27,157.27,25.51607914
Kraken:ETHEUR,2019-09-30T10:47:00Z,157.19,157.39,157.19,157.39,6.87771204
Kraken:ETHEUR,2019-09-30T10:48:00Z,157.4,157.5,157.3,157.5,16.102058
Kraken:ETHEUR,2019-09-30T10:49:00Z,157.5,157.5,157.5,157.5,9E+1
Kraken:ETHEUR,2019-09-30T10:51:00Z,157.8,157.99,157.8,157.99,160.90117478
Kraken:ETHEUR,2019-09-30T10:52:00Z,157.86,158.09,157.86,158.07,26.58922484
Kraken:ETHEUR,2019-09-30T10:53:00Z,158.07,158.07,158.07,158.07,4.09781587
Kraken:ETHEUR,2019-09-30T10:54:00Z,157.94,157.94,157.93,157.93,5.45350822
Kraken:ETHEUR,2019-09-30T10:55:00Z,158.03,158.03,158.03,158.03,16
Kraken:ETHEUR,2019-09-30T10:56:00Z,158.03,158.39,158.03,158.39,30.21
Kraken:ETHEUR,2019-09-30T10:57:00Z,158.46,158.47,158.46,158.47,0.69411334
Kraken:ETHEUR,2019-09-30T10:58:00Z,158.49,158.49,158.49,158.49,0.06979998
Kraken:ETHEUR,2019-09-30T11:00:00Z,158.58,158.64,158.58,158.59,4.33243906
Kraken:ETHEUR,2019-09-30T11:01:00Z,158.47,158.67,158.47,158.54,9.27493491
Kraken:ETHEUR,2019-09-30T11:02:00Z,158.56,158.56,158.53,158.53,9.28459
Kraken:ETHEUR,2019-09-30T11:05:00Z,158.48,158.51,158.13,158.13,51.2
Kraken:ETHEUR,2019-09-30T11:06:00Z,158.1,158.23,158.07,158.23,30.51924413
Kraken:ETHEUR,2019-09-30T11:08:00Z,158.22,158.23,158.22,158.22,48.98973
Kraken:ETHEUR,2019-09-30T11:09:00Z,158.23,158.23,158.22,158.22,0.30703577
Kraken:ETHEUR,2019-09-30T11:10:00Z,158.28,158.28,158.28,158.28,1.55
Kraken:ETHEUR,2019-09-30T11:11:00Z,158.38,158.5,158.38,158.5,23.86664629
Kraken:ETHEUR,2019-09-30T11:12:00Z,158.5,158.79,158.5,158.79,33.502
Kraken:ETHEUR,2019-09-30T11:13:00Z,158.85,158.85,158.85,158.85,2.38999996
Kraken:ETHEUR,2019-09-30T11:14:00Z,158.81,158.87,158.81,158.87,33.299712
Kraken:ETHEUR,2019-09-30T11:15:00Z,158.84,158.84,158.82,158.84,2.40628302
Kraken:ETHEUR,2019-09-30T11:16:00Z,159.04,159.35,159.04,159.35,1.47188721
Kraken:ETHEUR,2019-09-30T11:17:00Z,159.42,159.42,159.1,159.1,24.15610605
Kraken:ETHEUR,2019-09-30T11:18:00Z,159.22,159.22,159.16,159.19,1.24771467
Kraken:ETHEUR,2019-09-30T11:19:00Z,159.06,159.21,159.06,159.21,11.24725675
Kraken:ETHEUR,2019-09-30T11:20:00Z,159.3,159.45,159.28,159.43,23.2858394
Kraken:ETHEUR,2019-09-30T11:21:00Z,159.45,159.6,159.31,159.31,183.76668208
Kraken:ETHEUR,2019-09-30T11:22:00Z,159.35,159.57,159.35,159.57,180.84901217
Kraken:ETHEUR,2019-09-30T11:23:00Z,159.49,159.74,159.49,159.74,80.28580236
Kraken:ETHEUR,2019-09-30T11:24:00Z,159.6,159.67,159.47,159.47,36.95
Kraken:ETHEUR,2019-09-30T11:25:00Z,159.18,159.38,159.1,159.25,27.451
Kraken:ETHEUR,2019-09-30T11:26:00Z,159.15,159.16,158.74,158.87,34.42863672
Kraken:ETHEUR,2019-09-30T11:27:00Z,158.82,158.82,158.65,158.71,2.17200143
Kraken:ETHEUR,2019-09-30T11:28:00Z,158.65,158.65,158.5,158.5,38.6868568
Kraken:ETHEUR,2019-09-30T11:29:00Z,158.45,158.65,158.45,158.51,7.22977196
Kraken:ETHEUR,2019-09-30T11:30:00Z,158.56,158.8,158.56,158.8,47.26759
Kraken:ETHEUR,2019-09-30T11:31:00Z,158.98,158.98,158.82,158.82,0.809
Kraken:ETHEUR,2019-09-30T11:33:00Z,159.03,159.04,159.03,159.04,9
Kraken:ETHEUR,2019-09-30T11:34:00Z,158.82,158.82,158.82,158.82,3.81
Kraken:ETHEUR,2019-09-30T11:35:00Z,158.82,158.83,158.43,158.43,73.17970857
Kraken:ETHEUR,2019-09-30T11:37:00Z,158.62,158.78,158.62,158.78,1.36036041
Kraken:ETHEUR,2019-09-30T11:38:00Z,158.78,158.78,158.78,158.78,2.07487959
Kraken:ETHEUR,2019-09-30T11:40:00Z,158.74,158.83,158.74,158.83,19.66693196
Kraken:ETHEUR,2019-09-30T11:41:00Z,158.59,158.68,158.59,158.68,2.07055
Kraken:ETHEUR,2019-09-30T11:42:00Z,158.54,158.54,158.54,158.54,0.56
Kraken:ETHEUR,2019-09-30T11:44:00Z,158.59,158.72,158.59,158.72,0.37
Kraken:ETHEUR,2019-09-30T11:45:00Z,158.66,158.66,158.53,158.57,1.89100995
Kraken:ETHEUR,2019-09-30T11:46:00Z,158.58,158.58,158.58,158.58,0.7
Kraken:ETHEUR,2019-09-30T11:47:00Z,158.66,158.66,158.59,158.59,0.40001246
Kraken:ETHEUR,2019-09-30T11:49:00Z,158.41,158.41,158.34,158.34,1.12405101
Kraken:ETHEUR,2019-09-30T11:50:00Z,158.41,158.41,158.28,158.39,23.21922433
Kraken:ETHEUR,2019-09-30T11:51:00Z,158.39,158.39,158.39,158.39,0.02653892
Kraken:ETHEUR,2019-09-30T11:52:00Z,158.3,158.3,158.3,158.3,1
Kraken:ETHEUR,2019-09-30T11:53:00Z,158.31,158.31,158.23,158.23,3.07703011
Kraken:ETHEUR,2019-09-30T11:54:00Z,158.36,158.36,158.36,158.36,0.2542
Kraken:ETHEUR,2019-09-30T11:56:00Z,158.64,158.64,158.59,158.59,34.68209
Kraken:ETHEUR,2019-09-30T11:57:00Z,158.7,159.28,158.68,159.05,26.78856073
Kraken:ETHEUR,2019-09-30T11:58:00Z,159.1,159.1,159.02,159.02,6.42784744
Kraken:ETHEUR,2019-09-30T11:59:00Z,158.81,158.81,158.81,158.81,0.41901923
Kraken:ETHEUR,2019-09-30T12:00:00Z,158.88,159.03,158.88,159.03,3.93400659
Kraken:ETHEUR,2019-09-30T12:01:00Z,159.01,159.33,159.01,159.33,2.17902908
Kraken:ETHEUR,2019-09-30T12:02:00Z,159.25,159.46,159.25,159.46,11.172149
Kraken:ETHEUR,2019-09-30T12:03:00Z,159.29,159.29,159.29,159.29,0.06
Kraken:ETHEUR,2019-09-30T12:04:00Z,158.97,159.03,158.89,158.89,1.70460131
Kraken:ETHEUR,2019-09-30T12:07:00Z,158.86,158.86,158.86,158.86,0.04972996
Kraken:ETHEUR,2019-09-30T12:09:00Z,158.95,158.95,158.86,158.86,2.6287727
Kraken:ETHEUR,2019-09-30T12:10:00Z,158.85,158.86,158.84,158.86,52.19557849
Kraken:ETHEUR,2019-09-30T12:11:00Z,158.94,158.94,158.93,158.93,0.87289997
Kraken:ETHEUR,2019-09-30T12:12:00Z,158.93,158.94,158.8,158.94,200.40927998
Kraken:ETHEUR,2019-09-30T12:13:00Z,158.94,158.97,158.94,158.97,2.38201051
Kraken:ETHEUR,2019-09-30T12:14:00Z,159.06,159.13,159.06,159.13,12.16829684
Kraken:ETHEUR,2019-09-30T12:15:00Z,159.02,159.02,159.02,159.02,2
Kraken:ETHEUR,2019-09-30T12:16:00Z,159.02,159.02,159.0,159.0,1.75534699
Kraken:ETHEUR,2019-09-30T12:17:00Z,159.01,159.19,159.01,159.19,1.5E+2
Kraken:ETHEUR,2019-09-30T12:18:00Z,159.04,159.04,159.0,159.0,205.9384583
Kraken:ETHEUR,2019-09-30T12:19:00Z,159.01,159.01,159.0,159.01,6.28779677
Kraken:ETHEUR,2019-09-30T12:20:00Z,159.39,159.39,159.24,159.32,10.64559703
Kraken:ETHEUR,2019-09-30T12:22:00Z,159.4,159.4,159.4,159.4,0.20420075
Kraken:ETHEUR,2019-09-30T12:24:00Z,159.5,159.5,159.5,159.5,1
Kraken:ETHEUR,2019-09-30T12:25:00Z,159.49,159.67,159.49,159.64,7.7735692
Kraken:ETHEUR,2019-09-30T12:26:00Z,159.58,159.6,159.55,159.57,2.17739521
Kraken:ETHEUR,2019-09-30T12:27:00Z,159.53,159.53,159.5,159.5,13.632
Kraken:ETHEUR,2019-09-30T12:28:00Z,159.5,159.5,159.41,159.41,22.01733769
Kraken:ETHEUR,2019-09-30T12:29:00Z,159.4,159.4,159.28,159.29,51.06114437
Kraken:ETHEUR,2019-09-30T12:30:00Z,159.25,159.25,159.2,159.2,0.20756
Kraken:ETHEUR,2019-09-30T12:31:00Z,159.01,159.05,159.01,159.05,14.371
Kraken:ETHEUR,2019-09-30T12:32:00Z,159.0,159.0,158.83,158.84,7.22928092
Kraken:ETHEUR,2019-09-30T12:36:00Z,158.74,158.74,158.7,158.7,125.9148018
Kraken:ETHEUR,2019-09-30T12:37:00Z,158.71,158.71,158.5,158.5,89.27060206
Kraken:ETHEUR,2019-09-30T12:38:00Z,158.5,158.51,158.29,158.38,215.39747119
Kraken:ETHEUR,2019-09-30T12:39:00Z,158.37,158.45,158.37,158.45,46.23432449
Kraken:ETHEUR,2019-09-30T12:40:00Z,158.45,158.6,158.45,158.6,8.47079321
Kraken:ETHEUR,2019-09-30T12:41:00Z,158.58,158.62,158.58,158.62,1.20048
Kraken:ETHEUR,2019-09-30T12:42:00Z,158.6,158.6,158.6,158.6,0.35253531
Kraken:ETHEUR,2019-09-30T12:44:00Z,158.37,158.37,158.37,158.37,6.29950717
Kraken:ETHEUR,2019-09-30T12:45:00Z,158.37,158.37,158.25,158.25,2.1
Kraken:ETHEUR,2019-09-30T12:46:00Z,158.22,158.22,158.01,158.06,15.00000003
Kraken:ETHEUR,2019-09-30T12:47:00Z,158.02,158.16,158.02,158.15,23.24221103
Kraken:ETHEUR,2019-09-30T12:48:00Z,158.25,158.25,158.24,158.25,23.83823843
Kraken:ETHEUR,2019-09-30T12:49:00Z,158.49,158.51,158.49,158.51,3.21648044
Kraken:ETHEUR,2019-09-30T12:50:00Z,158.51,158.52,158.51,158.51,0.29108
Kraken:ETHEUR,2019-09-30T12:51:00Z,158.57,158.57,158.57,158.57,9.85190753
Kraken:ETHEUR,2019-09-30T12:52:00Z,158.63,158.63,158.61,158.62,1.79452885
Kraken:ETHEUR,2019-09-30T12:53:00Z,158.77,158.79,158.64,158.64,47.4
Kraken:ETHEUR,2019-09-30T12:54:00Z,158.81,158.81,158.74,158.74,0.56367722
Kraken:ETHEUR,2019-09-30T12:55:00Z,158.51,158.51,158.51,158.51,5.82931
Kraken:ETHEUR,2019-09-30T12:56:00Z,158.52,158.52,158.52,158.52,0.1261034
Kraken:ETHEUR,2019-09-30T12:58:00Z,158.51,158.52,158.51,158.51,4.39537021
Kraken:ETHEUR,2019-09-30T12:59:00Z,158.51,158.51,158.51,158.51,2.467
Kraken:ETHEUR,2019-09-30T13:01:00Z,158.51,158.75,158.51,158.75,145.87095604
Kraken:ETHEUR,2019-09-30T13:02:00Z,158.69,158.72,158.61,158.61,82.66177844
Kraken:ETHEUR,2019-09-30T13:03:00Z,158.8,158.8,158.8,158.8,0.3
Kraken:ETHEUR,2019-09-30T13:04:00Z,158.7,158.83,158.68,158.83,21.47261644
Kraken:ETHEUR,2019-09-30T13:05:00Z,158.97,158.97,158.97,158.97,0.5
Kraken:ETHEUR,2019-09-30T13:06:00Z,158.93,158.93,158.93,158.93,1.24106434
Kraken:ETHEUR,2019-09-30T13:07:00Z,158.79,158.79,158.72,158.72,7.40196019
Kraken:ETHEUR,2019-09-30T13:08:00Z,158.7,158.7,158.7,158.7,1
Kraken:ETHEUR,2019-09-30T13:09:00Z,158.71,158.71,158.71,158.71,2.32815305
Kraken:ETHEUR,2019-09-30T13:10:00Z,158.71,158.71,158.71,158.71,0.58086293
Kraken:ETHEUR,2019-09-30T13:12:00Z,158.71,158.71,158.71,158.71,1.19536617
Kraken:ETHEUR,2019-09-30T13:13:00Z,158.7,158.7,158.58,158.58,6
Kraken:ETHEUR,2019-09-30T13:15:00Z,158.75,158.98,158.75,158.98,4.59763787
Kraken:ETHEUR,2019-09-30T13:16:00Z,158.99,158.99,158.99,158.99,0.48
Kraken:ETHEUR,2019-09-30T13:17:00Z,158.99,158.99,158.99,158.99,0.35253
Kraken:ETHEUR,2019-09-30T13:18:00Z,159.0,159.0,159.0,159.0,0.46742325
Kraken:ETHEUR,2019-09-30T13:19:00Z,158.95,158.95,158.91,158.91,1.64465587
Kraken:ETHEUR,2019-09-30T13:20:00Z,158.81,158.81,158.81,158.81,0.0612
Kraken:ETHEUR,2019-09-30T13:22:00Z,158.98,159.17,158.98,159.16,70.12034879
Kraken:ETHEUR,2019-09-30T13:24:00Z,159.13,159.13,159.13,159.13,1.11048
Kraken:ETHEUR,2019-09-30T13:25:00Z,159.2,159.21,159.2,159.21,2E+1
Kraken:ETHEUR,2019-09-30T13:26:00Z,159.1,159.22,159.1,159.22,24.71199787
Kraken:ETHEUR,2019-09-30T13:28:00Z,159.23,159.46,159.23,159.46,25.4971137
Kraken:ETHEUR,2019-09-30T13:29:00Z,159.46,159.46,159.46,159.46,6.26566416
Kraken:ETHEUR,2019-09-30T13:30:00Z,159.5,159.5,159.5,159.5,0.25
Kraken:ETHEUR,2019-09-30T13:31:00Z,159.5,160.17,159.49,160.17,346.40513225
Kraken:ETHEUR,2019-09-30T13:32:00Z,160.1,160.72,160.03,160.43,260.4548001
Kraken:ETHEUR,2019-09-30T13:33:00Z,160.68,161.0,160.68,160.93,82.78098435
Kraken:ETHEUR,2019-09-30T13:34:00Z,160.56,160.89,160.56,160.65,6.0094805
Kraken:ETHEUR,2019-09-30T13:35:00Z,160.62,160.62,160.41,160.41,4.84224812
Kraken:ETHEUR,2019-09-30T13:36:00Z,160.53,160.53,159.88,159.9,16.9487986
Kraken:ETHEUR,2019-09-30T13:37:00Z,159.84,159.84,159.45,159.45,124.17914
Kraken:ETHEUR,2019-09-30T13:38:00Z,159.38,159.86,159.37,159.86,50.42238381
Kraken:ETHEUR,2019-09-30T13:39:00Z,159.57,159.75,159.56,159.64,28.42678053
Kraken:ETHEUR,2019-09-30T13:41:00Z,159.75,160.01,159.75,159.84,41.79696465
Kraken:ETHEUR,2019-09-30T13:42:00Z,159.78,159.81,159.78,159.81,15
Kraken:ETHEUR,2019-09-30T13:43:00Z,159.65,159.65,159.58,159.62,13.85806704
Kraken:ETHEUR,2019-09-30T13:44:00Z,159.7,159.98,159.7,159.98,1.47024
Kraken:ETHEUR,2019-09-30T13:45:00Z,159.81,159.82,159.0,159.81,1858.92285646
Kraken:ETHEUR,2019-09-30T13:46:00Z,159.68,159.68,159.46,159.47,17.29660664
Kraken:ETHEUR,2019-09-30T13:47:00Z,159.37,159.37,159.37,159.37,0.02576582
Kraken:ETHEUR,2019-09-30T13:48:00Z,159.54,159.54,159.53,159.54,7.44949168
Kraken:ETHEUR,2019-09-30T13:49:00Z,159.68,159.68,159.35,159.47,4.47134226
Kraken:ETHEUR,2019-09-30T13:50:00Z,159.44,159.68,159.44,159.68,126.16452913
Kraken:ETHEUR,2019-09-30T13:51:00Z,159.54,159.75,159.54,159.71,78.01205071
Kraken:ETHEUR,2019-09-30T13:52:00Z,159.83,160.05,159.83,160.05,5
Kraken:ETHEUR,2019-09-30T13:53:00Z,160.1,160.1,160.06,160.06,0.5424
Kraken:ETHEUR,2019-09-30T13:55:00Z,160.09,160.1,160.09,160.1,19.49872205
Kraken:ETHEUR,2019-09-30T13:56:00Z,160.21,160.3,160.21,160.3,0.40054891
Kraken:ETHEUR,2019-09-30T13:57:00Z,160.23,160.81,160.16,160.81,115.73551812
Kraken:ETHEUR,2019-09-30T13:58:00Z,160.91,160.91,160.91,160.91,0.5
Kraken:ETHEUR,2019-09-30T13:59:00Z,160.68,160.74,160.56,160.74,131.15400008
Kraken:ETHEUR,2019-09-30T14:00:00Z,160.59,160.81,160.59,160.81,22.80093093
Kraken:ETHEUR,2019-09-30T14:01:00Z,160.48,160.48,160.29,160.34,9.1718688
Kraken:ETHEUR,2019-09-30T14:02:00Z,160.35,160.35,160.35,160.35,1.55263611
Kraken:ETHEUR,2019-09-30T14:03:00Z,160.32,160.32,159.98,159.98,57.79170405
Kraken:ETHEUR,2019-09-30T14:04:00Z,160.14,160.43,160.09,160.43,21.11684739
Kraken:ETHEUR,2019-09-30T14:05:00Z,160.72,160.79,160.61,160.61,17.1424
Kraken:ETHEUR,2019-09-30T14:06:00Z,160.48,160.5,160.48,160.5,1.74901039
Kraken:ETHEUR,2019-09-30T14:07:00Z,160.38,160.38,160.38,160.38,3.225319
Kraken:ETHEUR,2019-09-30T14:08:00Z,160.35,160.35,159.99,160.35,606.54646399
Kraken:ETHEUR,2019-09-30T14:09:00Z,160.35,160.36,160.19,160.35,246.01369459
Kraken:ETHEUR,2019-09-30T14:10:00Z,160.35,160.64,160.35,160.52,32.96629164
Kraken:ETHEUR,2019-09-30T14:11:00Z,160.53,160.53,160.36,160.36,0.404163
Kraken:ETHEUR,2019-09-30T14:12:00Z,160.37,160.48,160.37,160.48,33.15131
Kraken:ETHEUR,2019-09-30T14:13:00Z,160.52,160.55,160.4,160.55,168.23459768
Kraken:ETHEUR,2019-09-30T14:14:00Z,160.55,160.55,160.26,160.26,36.74108112
Kraken:ETHEUR,2019-09-30T14:15:00Z,160.22,160.22,160.0,160.0,0.56958801
Kraken:ETHEUR,2019-09-30T14:16:00Z,160.0,160.04,160.0,160.04,114.609
Kraken:ETHEUR,2019-09-30T14:17:00Z,160.19,160.19,160.19,160.19,5.14944
Kraken:ETHEUR,2019-09-30T14:18:00Z,160.13,160.25,160.13,160.25,75.55897323
Kraken:ETHEUR,2019-09-30T14:19:00Z,160.41,160.41,160.41,160.41,0.03549899
Kraken:ETHEUR,2019-09-30T14:20:00Z,160.68,160.79,160.68,160.79,7.01116902
Kraken:ETHEUR,2019-09-30T14:21:00Z,160.79,160.79,160.69,160.7,34.401
Kraken:ETHEUR,2019-09-30T14:22:00Z,160.7,160.7,160.69,160.69,22.53390664
Kraken:ETHEUR,2019-09-30T14:23:00Z,160.69,160.69,160.69,160.69,2.499
Kraken:ETHEUR,2019-09-30T14:24:00Z,160.67,160.67,160.58,160.62,4.68618393
Kraken:ETHEUR,2019-09-30T14:25:00Z,160.69,160.69,160.69,160.69,0.62
Kraken:ETHEUR,2019-09-30T14:26:00Z,160.56,160.56,160.36,160.36,21.22196228
Kraken:ETHEUR,2019-09-30T14:27:00Z,160.38,160.39,160.38,160.39,5
Kraken:ETHEUR,2019-09-30T14:28:00Z,160.26,160.26,160.26,160.26,1
Kraken:ETHEUR,2019-09-30T14:29:00Z,160.33,160.64,160.33,160.64,2.43093868
Kraken:ETHEUR,2019-09-30T14:30:00Z,160.67,160.75,160.67,160.75,58.08838015
Kraken:ETHEUR,2019-09-30T14:31:00Z,160.75,160.87,160.75,160.87,7
Kraken:ETHEUR,2019-09-30T14:32:00Z,160.67,160.8,160.67,160.69,256
Kraken:ETHEUR,2019-09-30T14:33:00Z,160.67,160.67,160.5,160.5,15.64834381
Kraken:ETHEUR,2019-09-30T14:34:00Z,160.5,160.59,160.4,160.59,283.75999947
Kraken:ETHEUR,2019-09-30T14:35:00Z,160.42,160.42,160.41,160.41,4
Kraken:ETHEUR,2019-09-30T14:36:00Z,160.41,160.41,160.41,160.41,0.297
Kraken:ETHEUR,2019-09-30T14:37:00Z,160.4,160.4,160.4,160.4,5.25142852
Kraken:ETHEUR,2019-09-30T14:39:00Z,160.4,160.4,160.34,160.34,6.44788565
Kraken:ETHEUR,2019-09-30T14:40:00Z,160.3,160.3,160.28,160.28,3.45788226
Kraken:ETHEUR,2019-09-30T14:41:00Z,160.28,160.28,160.26,160.26,1.02597778
Kraken:ETHEUR,2019-09-30T14:42:00Z,160.22,160.22,160.22,160.22,2
Kraken:ETHEUR,2019-09-30T14:43:00Z,160.23,160.35,160.23,160.35,14.58146764
Kraken:ETHEUR,2019-09-30T14:44:00Z,160.39,160.39,160.39,160.39,2.17162
Kraken:ETHEUR,2019-09-30T14:45:00Z,160.4,160.48,160.4,160.48,41.50737202
Kraken:ETHEUR,2019-09-30T14:46:00Z,160.61,160.85,160.58,160.81,33.72623405
Kraken:ETHEUR,2019-09-30T14:47:00Z,160.8,160.98,160.8,160.85,12.58598072
Kraken:ETHEUR,2019-09-30T14:48:00Z,160.82,160.83,160.82,160.83,0.2380586
Kraken:ETHEUR,2019-09-30T14:49:00Z,160.81,160.81,160.63,160.71,26.83619837
Kraken:ETHEUR,2019-09-30T14:50:00Z,160.73,160.81,160.73,160.79,2.2944773
Kraken:ETHEUR,2019-09-30T14:51:00Z,160.95,160.95,160.75,160.75,19.452904
Kraken:ETHEUR,2019-09-30T14:52:00Z,160.75,160.75,160.75,160.75,0.06979998
Kraken:ETHEUR,2019-09-30T14:53:00Z,160.76,163.7,160.4,162.71,5048.6389121
Kraken:ETHEUR,2019-09-30T14:54:00Z,162.65,162.82,162.29,162.3,1743.04690744
Kraken:ETHEUR,2019-09-30T14:55:00Z,162.3,162.84,162.01,162.84,491.57318878
Kraken:ETHEUR,2019-09-30T14:56:00Z,162.82,163.58,162.82,163.19,2222.32580315
Kraken:ETHEUR,2019-09-30T14:57:00Z,163.23,163.23,162.85,162.96,48.73922948
Kraken:ETHEUR,2019-09-30T14:58:00Z,162.99,162.99,162.69,162.69,21.92834489
Kraken:ETHEUR,2019-09-30T14:59:00Z,162.69,162.7,162.44,162.45,981.79281914
Kraken:ETHEUR,2019-09-30T15:00:00Z,162.45,163.47,162.44,163.47,1356.95169172
Kraken:ETHEUR,2019-09-30T15:01:00Z,163.52,163.7,163.46,163.61,128.7241995
Kraken:ETHEUR,2019-09-30T15:02:00Z,163.63,163.7,163.63,163.7,302.78772073
Kraken:ETHEUR,2019-09-30T15:03:00Z,163.7,164.16,163.7,164.16,2759.54206269
Kraken:ETHEUR,2019-09-30T15:04:00Z,164.2,165.42,163.92,163.92,1985.16995588
Kraken:ETHEUR,2019-09-30T15:05:00Z,163.93,164.07,163.7,163.8,25.43394768
Kraken:ETHEUR,2019-09-30T15:06:00Z,163.74,163.79,163.55,163.74,65.26981329
Kraken:ETHEUR,2019-09-30T15:07:00Z,163.74,163.74,163.18,163.27,112.085943
Kraken:ETHEUR,2019-09-30T15:08:00Z,163.24,163.24,163.23,163.23,17.15723076
Kraken:ETHEUR,2019-09-30T15:09:00Z,163.24,163.36,163.24,163.36,83.60832016
Kraken:ETHEUR,2019-09-30T15:10:00Z,163.56,163.99,163.56,163.92,296.50974609
Kraken:ETHEUR,2019-09-30T15:11:00Z,163.92,164.28,163.92,164.01,14.21147637
Kraken:ETHEUR,2019-09-30T15:12:00Z,163.75,164.2,163.75,164.07,191.3
Kraken:ETHEUR,2019-09-30T15:13:00Z,163.93,164.03,163.52,163.93,153.20290377
Kraken:ETHEUR,2019-09-30T15:15:00Z,163.88,163.88,163.72,163.72,50.60921512
Kraken:ETHEUR,2019-09-30T15:16:00Z,163.51,163.51,163.23,163.23,4.49538
Kraken:ETHEUR,2019-09-30T15:17:00Z,163.24,163.41,163.13,163.36,45.32370688
Kraken:ETHEUR,2019-09-30T15:18:00Z,163.49,163.58,162.68,163.03,793.45091965
Kraken:ETHEUR,2019-09-30T15:19:00Z,163.11,163.11,162.95,163.0,6.31673114
Kraken:ETHEUR,2019-09-30T15:20:00Z,163.25,163.25,163.25,163.25,1
Kraken:ETHEUR,2019-09-30T15:21:00Z,163.47,163.47,163.07,163.07,47.47807123
Kraken:ETHEUR,2019-09-30T15:22:00Z,163.07,163.14,162.46,162.72,754.06717323
Kraken:ETHEUR,2019-09-30T15:23:00Z,162.78,162.95,162.47,162.95,600.9277852
Kraken:ETHEUR,2019-09-30T15:24:00Z,162.95,163.0,162.89,162.98,14.76104915
Kraken:ETHEUR,2019-09-30T15:25:00Z,163.1,163.11,163.1,163.11,0.19757157
Kraken:ETHEUR,2019-09-30T15:26:00Z,163.12,163.2,163.1,163.1,3.8703
Kraken:ETHEUR,2019-09-30T15:27:00Z,163.1,163.1,163.0,163.02,15.34309039
Kraken:ETHEUR,2019-09-30T15:28:00Z,163.07,163.07,163.07,163.07,0.72372865
Kraken:ETHEUR,2019-09-30T15:29:00Z,163.1,163.1,163.1,163.1,0.04035561
Kraken:ETHEUR,2019-09-30T15:30:00Z,163.1,163.48,163.09,163.26,92.7549347
Kraken:ETHEUR,2019-09-30T15:31:00Z,163.5,163.85,163.5,163.85,19
Kraken:ETHEUR,2019-09-30T15:32:00Z,163.52,163.52,163.5,163.5,39.00304515
Kraken:ETHEUR,2019-09-30T15:33:00Z,163.64,163.66,163.5,163.66,20.94860857
Kraken:ETHEUR,2019-09-30T15:34:00Z,163.55,163.69,163.55,163.69,32.62933882
Kraken:ETHEUR,2019-09-30T15:35:00Z,163.69,163.69,163.45,163.45,184.34899635
Kraken:ETHEUR,2019-09-30T15:36:00Z,163.21,163.21,163.05,163.05,74.64108999
Kraken:ETHEUR,2019-09-30T15:37:00Z,163.03,163.16,163.03,163.16,22.07184463
Kraken:ETHEUR,2019-09-30T15:38:00Z,163.07,163.07,163.02,163.02,15.6469827
Kraken:ETHEUR,2019-09-30T15:39:00Z,163.06,163.08,163.05,163.05,2.33075766
Kraken:ETHEUR,2019-09-30T15:40:00Z,163.04,163.04,163.04,163.04,2.99126
Kraken:ETHEUR,2019-09-30T15:41:00Z,163.03,163.18,163.03,163.18,2.69210636
Kraken:ETHEUR,2019-09-30T15:42:00Z,163.17,163.19,163.17,163.19,1.01669904
Kraken:ETHEUR,2019-09-30T15:43:00Z,163.12,163.18,162.72,162.72,11.42760254
Kraken:ETHEUR,2019-09-30T15:44:00Z,162.57,162.57,162.31,162.46,3.61038894
Kraken:ETHEUR,2019-09-30T15:45:00Z,162.57,162.76,162.57,162.69,27.84101096
Kraken:ETHEUR,2019-09-30T15:46:00Z,162.76,162.94,162.76,162.94,25.77782739
Kraken:ETHEUR,2019-09-30T15:47:00Z,162.94,163.01,162.94,163.01,0.56461307
Kraken:ETHEUR,2019-09-30T15:48:00Z,162.86,162.86,162.66,162.66,28.98
Kraken:ETHEUR,2019-09-30T15:49:00Z,162.67,162.71,162.59,162.71,28.51858749
Kraken:ETHEUR,2019-09-30T15:50:00Z,162.84,163.09,162.84,163.09,1.33223223
Kraken:ETHEUR,2019-09-30T15:51:00Z,163.0,163.0,163.0,163.0,66.41870352
Kraken:ETHEUR,2019-09-30T15:52:00Z,163.2,163.3,163.0,163.3,91.65332113
Kraken:ETHEUR,2019-09-30T15:53:00Z,163.38,163.39,163.38,163.39,29.34604456
Kraken:ETHEUR,2019-09-30T15:54:00Z,163.29,163.95,163.24,163.95,27.09393312
Kraken:ETHEUR,2019-09-30T15:55:00Z,163.87,163.87,163.46,163.46,11.72857251
Kraken:ETHEUR,2019-09-30T15:56:00Z,163.46,163.62,163.46,163.62,4.20013017
Kraken:ETHEUR,2019-09-30T15:57:00Z,163.99,164.04,163.92,163.97,88.03019146
Kraken:ETHEUR,2019-09-30T15:59:00Z,164.02,164.02,164.02,164.02,0.20856594
Kraken:ETHEUR,2019-09-30T16:00:00Z,164.43,165.06,164.43,165.06,51.90673403
Kraken:ETHEUR,2019-09-30T16:01:00Z,165.05,166.0,164.83,165.77,283.76801684
Kraken:ETHEUR,2019-09-30T16:02:00Z,165.84,165.97,165.38,165.64,332.11575839
Kraken:ETHEUR,2019-09-30T16:03:00Z,165.27,165.3,165.27,165.27,75.99999996
Kraken:ETHEUR,2019-09-30T16:04:00Z,165.1,165.1,164.43,164.43,2.13834448
Kraken:ETHEUR,2019-09-30T16:05:00Z,164.17,164.17,163.77,163.87,50.48468825
Kraken:ETHEUR,2019-09-30T16:06:00Z,163.91,163.91,163.63,163.63,0.49246088
Kraken:ETHEUR,2019-09-30T16:07:00Z,163.6,163.6,163.43,163.44,222.78087988
Kraken:ETHEUR,2019-09-30T16:08:00Z,163.9,163.9,163.68,163.69,1.11876336
Kraken:ETHEUR,2019-09-30T16:09:00Z,163.64,163.64,163.63,163.63,2.3505
Kraken:ETHEUR,2019-09-30T16:10:00Z,163.63,163.63,163.63,163.63,0.30915387
Kraken:ETHEUR,2019-09-30T16:11:00Z,163.64,163.64,163.56,163.56,26.35252402
Kraken:ETHEUR,2019-09-30T16:12:00Z,163.45,163.81,163.45,163.81,61.80905679
Kraken:ETHEUR,2019-09-30T16:13:00Z,163.9,164.42,163.85,164.42,49.64883999
Kraken:ETHEUR,2019-09-30T16:14:00Z,164.26,164.52,164.23,164.24,26.175
Kraken:ETHEUR,2019-09-30T16:15:00Z,164.07,164.07,164.07,164.07,3.271
Kraken:ETHEUR,2019-09-30T16:16:00Z,163.94,163.94,163.85,163.85,25.61455
Kraken:ETHEUR,2019-09-30T16:17:00Z,163.98,163.98,163.46,163.72,20.57226527
Kraken:ETHEUR,2019-09-30T16:18:00Z,163.43,163.59,163.35,163.59,134.41991257
Kraken:ETHEUR,2019-09-30T16:19:00Z,163.8,163.8,163.59,163.59,1.81158339
Kraken:ETHEUR,2019-09-30T16:20:00Z,163.46,163.55,163.11,163.17,177.13698196
Kraken:ETHEUR,2019-09-30T16:21:00Z,163.01,163.43,163.01,163.17,8.64
Kraken:ETHEUR,2019-09-30T16:22:00Z,163.01,163.01,162.85,162.9,240.74918
Kraken:ETHEUR,2019-09-30T16:23:00Z,163.07,163.07,163.07,163.07,1.572
Kraken:ETHEUR,2019-09-30T16:24:00Z,163.03,163.04,163.01,163.04,7.43994
Kraken:ETHEUR,2019-09-30T16:25:00Z,163.02,163.02,163.02,163.02,5
Kraken:ETHEUR,2019-09-30T16:26:00Z,163.42,163.42,163.4,163.4,1E+1
Kraken:ETHEUR,2019-09-30T16:27:00Z,163.39,163.42,163.3,163.3,7.07632712
Kraken:ETHEUR,2019-09-30T16:28:00Z,163.3,163.3,163.15,163.15,23.60795071
Kraken:ETHEUR,2019-09-30T16:29:00Z,163.21,163.21,163.1,163.1,197.41043232
Kraken:ETHEUR,2019-09-30T16:30:00Z,163.1,163.21,163.09,163.21,65.05763532
Kraken:ETHEUR,2019-09-30T16:31:00Z,163.22,163.25,163.1,163.1,123.69356579
Kraken:ETHEUR,2019-09-30T16:33:00Z,163.18,163.18,163.18,163.18,2.50764576
Kraken:ETHEUR,2019-09-30T16:35:00Z,163.12,163.12,163.11,163.11,8.4709898
Kraken:ETHEUR,2019-09-30T16:36:00Z,163.1,163.1,162.82,162.87,7.05621697
Kraken:ETHEUR,2019-09-30T16:37:00Z,162.9,162.9,162.9,162.9,0.13834532
Kraken:ETHEUR,2019-09-30T16:38:00Z,162.89,162.89,162.79,162.79,5.45206251
Kraken:ETHEUR,2019-09-30T16:39:00Z,162.73,162.75,162.73,162.75,1.30336734
Kraken:ETHEUR,2019-09-30T16:40:00Z,162.57,162.61,162.55,162.6,6.06478319
Kraken:ETHEUR,2019-09-30T16:41:00Z,162.55,162.75,162.55,162.75,115.07658724
Kraken:ETHEUR,2019-09-30T16:42:00Z,162.75,162.85,162.74,162.85,67.96471633
Kraken:ETHEUR,2019-09-30T16:43:00Z,162.71,162.72,162.71,162.72,4.18590592
Kraken:ETHEUR,2019-09-30T16:44:00Z,162.72,162.72,162.72,162.72,0.97818706
Kraken:ETHEUR,2019-09-30T16:45:00Z,162.66,162.66,162.66,162.66,0.99003319
Kraken:ETHEUR,2019-09-30T16:47:00Z,163.09,163.27,163.09,163.27,119.08241
Kraken:ETHEUR,2019-09-30T16:48:00Z,163.34,163.34,163.26,163.32,0.80724284
Kraken:ETHEUR,2019-09-30T16:49:00Z,163.43,163.47,163.43,163.47,0.5
Kraken:ETHEUR,2019-09-30T16:50:00Z,163.45,163.58,163.26,163.26,18.5
Kraken:ETHEUR,2019-09-30T16:51:00Z,162.99,162.99,162.99,162.99,0.06
Kraken:ETHEUR,2019-09-30T16:52:00Z,163.2,163.32,163.2,163.32,0.37106
Kraken:ETHEUR,2019-09-30T16:53:00Z,163.75,163.75,163.75,163.75,5
Kraken:ETHEUR,2019-09-30T16:54:00Z,163.75,163.75,163.53,163.53,6.08695401
Kraken:ETHEUR,2019-09-30T16:55:00Z,163.85,163.86,163.85,163.86,0.24314794
Kraken:ETHEUR,2019-09-30T16:56:00Z,163.83,164.05,163.83,164.05,6.37041962
Kraken:ETHEUR,2019-09-30T16:57:00Z,164.07,164.07,164.01,164.01,1.05898467
Kraken:ETHEUR,2019-09-30T16:58:00Z,164.14,164.14,163.86,163.86,14.45766695
Kraken:ETHEUR,2019-09-30T16:59:00Z,163.95,164.03,163.95,164.03,5.05376376
Kraken:ETHEUR,2019-09-30T17:00:00Z,164.09,164.15,163.92,163.92,0.28580729
Kraken:ETHEUR,2019-09-30T17:01:00Z,163.89,163.89,163.89,163.89,0.23197081
Kraken:ETHEUR,2019-09-30T17:02:00Z,163.85,163.85,163.73,163.73,3.77440136
Kraken:ETHEUR,2019-09-30T17:03:00Z,163.66,163.66,163.6,163.6,68.64003581
Kraken:ETHEUR,2019-09-30T17:04:00Z,163.6,163.6,163.6,163.6,1.35388188
Kraken:ETHEUR,2019-09-30T17:05:00Z,163.6,163.6,163.5,163.57,4.46064266
Kraken:ETHEUR,2019-09-30T17:06:00Z,163.6,163.6,163.6,163.6,34.69241544
Kraken:ETHEUR,2019-09-30T17:07:00Z,163.59,163.81,163.59,163.68,14.00496981
Kraken:ETHEUR,2019-09-30T17:08:00Z,163.72,163.84,163.6,163.84,1.28154833
Kraken:ETHEUR,2019-09-30T17:09:00Z,163.91,163.91,163.81,163.81,0.10806606
Kraken:ETHEUR,2019-09-30T17:10:00Z,163.59,163.62,163.47,163.62,18.85607263
Kraken:ETHEUR,2019-09-30T17:11:00Z,163.36,163.36,163.36,163.36,0.1245
Kraken:ETHEUR,2019-09-30T17:13:00Z,163.2,163.25,163.2,163.25,9.56300474
Kraken:ETHEUR,2019-09-30T17:14:00Z,163.22,163.25,163.22,163.25,5
Kraken:ETHEUR,2019-09-30T17:15:00Z,163.25,163.41,163.25,163.35,10.77141371
Kraken:ETHEUR,2019-09-30T17:16:00Z,163.4,163.41,163.4,163.41,1.91913017
Kraken:ETHEUR,2019-09-30T17:17:00Z,163.46,163.46,163.27,163.29,23.96169864
Kraken:ETHEUR,2019-09-30T17:18:00Z,163.28,163.5,163.24,163.46,8.44164322
Kraken:ETHEUR,2019-09-30T17:19:00Z,163.48,163.48,163.48,163.48,1.152567
Kraken:ETHEUR,2019-09-30T17:20:00Z,163.31,163.31,163.14,163.14,7.90142272
Kraken:ETHEUR,2019-09-30T17:21:00Z,163.39,163.39,163.32,163.38,119.38992451
Kraken:ETHEUR,2019-09-30T17:22:00Z,163.38,163.38,163.31,163.31,2.52140251
Kraken:ETHEUR,2019-09-30T17:23:00Z,163.36,163.57,163.36,163.57,10.04969903
Kraken:ETHEUR,2019-09-30T17:24:00Z,163.45,163.45,163.27,163.27,1.11834385
Kraken:ETHEUR,2019-09-30T17:26:00Z,163.43,163.57,163.39,163.53,29.32489343
Kraken:ETHEUR,2019-09-30T17:27:00Z,163.28,163.28,163.28,163.28,2.5
Kraken:ETHEUR,2019-09-30T17:29:00Z,163.31,163.31,163.3,163.3,20.4971695
Kraken:ETHEUR,2019-09-30T17:30:00Z,163.22,163.25,163.22,163.25,0.04
Kraken:ETHEUR,2019-09-30T17:32:00Z,163.32,163.32,163.32,163.32,2
Kraken:ETHEUR,2019-09-30T17:33:00Z,163.29,163.29,163.2,163.2,18.17045
Kraken:ETHEUR,2019-09-30T17:34:00Z,163.02,163.17,163.02,163.17,6.7010266
Kraken:ETHEUR,2019-09-30T17:37:00Z,163.14,163.14,163.14,163.14,0.1935384
Kraken:ETHEUR,2019-09-30T17:38:00Z,163.12,163.12,162.8,162.97,6.87302265
Kraken:ETHEUR,2019-09-30T17:39:00Z,162.76,162.89,162.61,162.89,161.64334016
Kraken:ETHEUR,2019-09-30T17:40:00Z,162.88,162.88,162.88,162.88,1.41913017
Kraken:ETHEUR,2019-09-30T17:41:00Z,162.9,162.9,162.9,162.9,6.21157569
Kraken:ETHEUR,2019-09-30T17:42:00Z,162.81,162.81,162.77,162.77,4.15140722
Kraken:ETHEUR,2019-09-30T17:43:00Z,162.86,162.93,162.86,162.93,3.20709163
Kraken:ETHEUR,2019-09-30T17:44:00Z,162.98,163.11,162.98,163.11,1.27321651
Kraken:ETHEUR,2019-09-30T17:45:00Z,163.1,163.11,163.1,163.11,5.08487089
Kraken:ETHEUR,2019-09-30T17:46:00Z,163.18,163.18,163.13,163.13,1.73342879
Kraken:ETHEUR,2019-09-30T17:47:00Z,163.22,163.22,163.22,163.22,0.73758
Kraken:ETHEUR,2019-09-30T17:49:00Z,163.38,163.38,163.38,163.38,0.11511657
Kraken:ETHEUR,2019-09-30T17:50:00Z,163.4,163.4,163.39,163.39,2.306088
Kraken:ETHEUR,2019-09-30T17:51:00Z,163.35,163.35,163.23,163.23,0.36084615
Kraken:ETHEUR,2019-09-30T17:52:00Z,163.32,163.32,163.29,163.29,0.09920374
Kraken:ETHEUR,2019-09-30T17:53:00Z,163.3,163.3,163.29,163.29,1.39754025
Kraken:ETHEUR,2019-09-30T17:55:00Z,163.38,163.46,163.3,163.35,279.62701358
Kraken:ETHEUR,2019-09-30T17:56:00Z,163.36,163.36,163.31,163.31,1.65887484
Kraken:ETHEUR,2019-09-30T17:57:00Z,163.43,163.44,163.42,163.42,9.35794926
Kraken:ETHEUR,2019-09-30T17:58:00Z,163.44,163.44,163.41,163.42,4.3839219
Kraken:ETHEUR,2019-09-30T18:00:00Z,163.41,163.49,163.41,163.49,1.8549
Kraken:ETHEUR,2019-09-30T18:01:00Z,163.5,163.5,163.49,163.5,18.75841476
Kraken:ETHEUR,2019-09-30T18:02:00Z,163.5,163.73,163.5,163.69,42.25113127
Kraken:ETHEUR,2019-09-30T18:03:00Z,163.76,163.76,163.73,163.73,4.04518564
Kraken:ETHEUR,2019-09-30T18:04:00Z,163.75,163.81,163.75,163.81,1.9976633
Kraken:ETHEUR,2019-09-30T18:05:00Z,163.88,163.96,163.85,163.96,8.22580645
Kraken:ETHEUR,2019-09-30T18:06:00Z,163.86,163.99,163.86,163.97,110.83061726
Kraken:ETHEUR,2019-09-30T18:07:00Z,163.84,163.84,163.74,163.74,4.45761253
Kraken:ETHEUR,2019-09-30T18:08:00Z,163.72,163.72,163.68,163.68,7.51666632
Kraken:ETHEUR,2019-09-30T18:09:00Z,163.99,164.19,163.99,164.19,7.63773099
Kraken:ETHEUR,2019-09-30T18:10:00Z,164.13,164.13,164.13,164.13,0.11812825
Kraken:ETHEUR,2019-09-30T18:11:00Z,164.08,164.17,164.08,164.17,44.12659
Kraken:ETHEUR,2019-09-30T18:12:00Z,164.16,164.16,164.16,164.16,11.038
Kraken:ETHEUR,2019-09-30T18:13:00Z,164.16,164.16,164.03,164.04,45.96110406
Kraken:ETHEUR,2019-09-30T18:14:00Z,164.04,164.17,164.04,164.16,8.14761199
Kraken:ETHEUR,2019-09-30T18:15:00Z,164.11,164.11,164.11,164.11,2.00002073
Kraken:ETHEUR,2019-09-30T18:16:00Z,164.14,164.14,163.9,163.9,50.14495
Kraken:ETHEUR,2019-09-30T18:17:00Z,164.1,164.1,164.1,164.1,0.14070744
Kraken:ETHEUR,2019-09-30T18:19:00Z,163.83,163.83,163.58,163.61,12.104926
Kraken:ETHEUR,2019-09-30T18:20:00Z,163.54,163.72,163.49,163.53,50.05975574
Kraken:ETHEUR,2019-09-30T18:21:00Z,163.53,163.87,163.53,163.87,4.29981121
Kraken:ETHEUR,2019-09-30T18:22:00Z,164.0,164.0,164.0,164.0,0.11288398
Kraken:ETHEUR,2019-09-30T18:23:00Z,163.99,164.0,163.97,163.97,5.21395982
Kraken:ETHEUR,2019-09-30T18:25:00Z,164.31,164.31,164.26,164.26,1.98252349
Kraken:ETHEUR,2019-09-30T18:26:00Z,164.17,164.17,164.02,164.02,1.19494872
Kraken:ETHEUR,2019-09-30T18:27:00Z,164.01,164.01,164.01,164.01,0.44830618
Kraken:ETHEUR,2019-09-30T18:28:00Z,164.03,164.11,164.03,164.05,4.14922297
Kraken:ETHEUR,2019-09-30T18:29:00Z,164.1,164.16,164.1,164.15,40.79626272
Kraken:ETHEUR,2019-09-30T18:30:00Z,164.08,164.26,164.08,164.26,0.76451696
Kraken:ETHEUR,2019-09-30T18:31:00Z,164.25,164.41,164.25,164.41,1.5885065
Kraken:ETHEUR,2019-09-30T18:32:00Z,164.4,164.48,164.35,164.47,65.21354359
Kraken:ETHEUR,2019-09-30T18:33:00Z,164.43,164.43,164.21,164.21,1.17932
Kraken:ETHEUR,2019-09-30T18:34:00Z,164.34,164.34,164.34,164.34,0.58184016
Kraken:ETHEUR,2019-09-30T18:35:00Z,164.33,164.33,164.24,164.24,2.02020201
Kraken:ETHEUR,2019-09-30T18:36:00Z,164.01,164.01,164.01,164.01,0.020202
Kraken:ETHEUR,2019-09-30T18:37:00Z,164.0,164.02,164.0,164.0,2.40607405
Kraken:ETHEUR,2019-09-30T18:38:00Z,164.01,164.01,164.0,164.0,10.21
Kraken:ETHEUR,2019-09-30T18:40:00Z,164.0,164.0,163.67,163.67,72.40005053
Kraken:ETHEUR,2019-09-30T18:41:00Z,163.8,163.8,163.71,163.78,17.49171511
Kraken:ETHEUR,2019-09-30T18:42:00Z,163.78,163.78,163.73,163.73,0.48441557
Kraken:ETHEUR,2019-09-30T18:43:00Z,163.76,163.76,163.73,163.73,7.27562622
Kraken:ETHEUR,2019-09-30T18:45:00Z,163.74,163.74,163.7,163.7,1.63098083
Kraken:ETHEUR,2019-09-30T18:46:00Z,163.75,163.75,163.7,163.7,0.99937755
Kraken:ETHEUR,2019-09-30T18:47:00Z,163.71,163.71,163.7,163.7,5.04520665
Kraken:ETHEUR,2019-09-30T18:48:00Z,163.7,163.71,163.7,163.7,8.52506636
Kraken:ETHEUR,2019-09-30T18:49:00Z,163.7,163.7,163.49,163.56,80.92806384
Kraken:ETHEUR,2019-09-30T18:50:00Z,163.55,163.57,163.55,163.57,1.40742742
Kraken:ETHEUR,2019-09-30T18:51:00Z,163.57,163.57,163.57,163.57,0.08308308
Kraken:ETHEUR,2019-09-30T18:52:00Z,163.57,163.57,163.56,163.56,1.66397051
Kraken:ETHEUR,2019-09-30T18:53:00Z,163.61,163.61,163.61,163.61,1.19557488
Kraken:ETHEUR,2019-09-30T18:54:00Z,163.61,163.61,163.61,163.61,0.020202
Kraken:ETHEUR,2019-09-30T18:55:00Z,163.59,163.59,163.59,163.59,0.50067923
Kraken:ETHEUR,2019-09-30T18:56:00Z,163.63,163.63,163.63,163.63,1.45604916
Kraken:ETHEUR,2019-09-30T18:57:00Z,163.63,163.63,163.63,163.63,12.6737047
Kraken:ETHEUR,2019-09-30T18:58:00Z,163.62,163.62,163.62,163.62,1.77262281
Kraken:ETHEUR,2019-09-30T18:59:00Z,163.63,163.63,163.62,163.63,1.08509171
Kraken:ETHEUR,2019-09-30T19:00:00Z,163.7,163.7,163.7,163.7,0.22186927
Kraken:ETHEUR,2019-09-30T19:02:00Z,163.69,163.69,163.68,163.69,0.98983386
Kraken:ETHEUR,2019-09-30T19:03:00Z,163.68,163.68,163.68,163.68,1
Kraken:ETHEUR,2019-09-30T19:04:00Z,163.68,163.68,163.68,163.68,22.88545418
Kraken:ETHEUR,2019-09-30T19:06:00Z,163.56,163.56,163.56,163.56,0.02
Kraken:ETHEUR,2019-09-30T19:08:00Z,163.63,163.67,163.63,163.67,17.10182729
Kraken:ETHEUR,2019-09-30T19:09:00Z,163.56,163.56,163.56,163.56,2.437789
Kraken:ETHEUR,2019-09-30T19:10:00Z,163.67,163.67,163.67,163.67,0.020202
Kraken:ETHEUR,2019-09-30T19:11:00Z,163.63,163.63,163.56,163.56,0.2063214
Kraken:ETHEUR,2019-09-30T19:12:00Z,163.57,163.62,163.55,163.55,64.59850071
Kraken:ETHEUR,2019-09-30T19:13:00Z,163.53,163.53,163.53,163.53,0.184
Kraken:ETHEUR,2019-09-30T19:14:00Z,163.52,163.52,163.52,163.52,1
Kraken:ETHEUR,2019-09-30T19:15:00Z,163.52,163.52,163.44,163.44,28.6608736
Kraken:ETHEUR,2019-09-30T19:16:00Z,163.5,163.5,163.5,163.5,0.22216785
Kraken:ETHEUR,2019-09-30T19:20:00Z,163.46,163.46,163.46,163.46,10.44432889
Kraken:ETHEUR,2019-09-30T19:22:00Z,163.36,163.36,163.36,163.36,0.24159
Kraken:ETHEUR,2019-09-30T19:24:00Z,163.37,163.37,163.21,163.21,7.19579669
Kraken:ETHEUR,2019-09-30T19:25:00Z,163.37,163.37,163.37,163.37,0.99999999
Kraken:ETHEUR,2019-09-30T19:26:00Z,163.44,163.44,163.44,163.44,0.15
Kraken:ETHEUR,2019-09-30T19:30:00Z,163.11,163.11,163.11,163.11,0.42445834
Kraken:ETHEUR,2019-09-30T19:31:00Z,163.1,163.1,163.1,163.1,11.98807382
Kraken:ETHEUR,2019-09-30T19:32:00Z,163.01,163.05,163.01,163.05,1.11760024
Kraken:ETHEUR,2019-09-30T19:33:00Z,163.04,163.04,163.0,163.0,6.32847822
Kraken:ETHEUR,2019-09-30T19:34:00Z,163.01,163.01,162.86,162.86,94.32389287
Kraken:ETHEUR,2019-09-30T19:35:00Z,162.83,162.86,162.83,162.86,25
Kraken:ETHEUR,2019-09-30T19:36:00Z,162.86,162.87,162.82,162.82,82.27380918
Kraken:ETHEUR,2019-09-30T19:37:00Z,162.95,162.97,162.95,162.97,4.21658514
Kraken:ETHEUR,2019-09-30T19:38:00Z,163.04,163.04,163.02,163.02,6.02415581
Kraken:ETHEUR,2019-09-30T19:39:00Z,163.05,163.05,162.95,162.95,4.09190466
Kraken:ETHEUR,2019-09-30T19:40:00Z,163.08,163.08,163.08,163.08,2
Kraken:ETHEUR,2019-09-30T19:41:00Z,163.04,163.04,162.94,163.04,22.77045427
Kraken:ETHEUR,2019-09-30T19:42:00Z,163.04,163.04,163.04,163.04,1.0607713
Kraken:ETHEUR,2019-09-30T19:44:00Z,163.05,163.08,163.05,163.05,4.475
Kraken:ETHEUR,2019-09-30T19:45:00Z,163.05,163.05,163.05,163.05,15
Kraken:ETHEUR,2019-09-30T19:46:00Z,163.04,163.04,163.04,163.04,2.94415219
Kraken:ETHEUR,2019-09-30T19:47:00Z,163.04,163.04,163.04,163.04,0.31999999
Kraken:ETHEUR,2019-09-30T19:48:00Z,163.04,163.04,163.04,163.04,1E+1
Kraken:ETHEUR,2019-09-30T19:50:00Z,163.04,163.1,162.98,162.98,69.4019262
Kraken:ETHEUR,2019-09-30T19:51:00Z,163.04,163.04,162.99,162.99,2.51763013
Kraken:ETHEUR,2019-09-30T19:52:00Z,162.95,162.95,162.95,162.95,2.10433
Kraken:ETHEUR,2019-09-30T19:55:00Z,163.0,163.69,163.0,163.69,1203.5
Kraken:ETHEUR,2019-09-30T19:56:00Z,163.3,163.3,163.3,163.3,3.53999999
Kraken:ETHEUR,2019-09-30T19:57:00Z,163.35,163.66,163.35,163.42,137.6495916
Kraken:ETHEUR,2019-09-30T19:58:00Z,163.6,163.6,163.49,163.49,178.47507825
Kraken:ETHEUR,2019-09-30T19:59:00Z,163.5,163.85,163.5,163.85,103.62677125
Kraken:ETHEUR,2019-09-30T20:00:00Z,163.54,163.84,163.54,163.6,18.15485461
Kraken:ETHEUR,2019-09-30T20:01:00Z,163.65,163.76,163.65,163.76,1.9
Kraken:ETHEUR,2019-09-30T20:02:00Z,163.52,163.52,163.42,163.42,14.5
Kraken:ETHEUR,2019-09-30T20:04:00Z,163.06,163.09,162.98,162.98,5.4947
Kraken:ETHEUR,2019-09-30T20:05:00Z,162.93,162.93,162.6,162.67,147.7280792
Kraken:ETHEUR,2019-09-30T20:06:00Z,162.5,162.52,162.35,162.35,8.11512417
Kraken:ETHEUR,2019-09-30T20:07:00Z,162.48,162.73,162.48,162.73,0.5665
Kraken:ETHEUR,2019-09-30T20:09:00Z,162.55,162.62,162.42,162.42,69.66008434
Kraken:ETHEUR,2019-09-30T20:10:00Z,162.43,162.43,162.33,162.33,5.12157
Kraken:ETHEUR,2019-09-30T20:11:00Z,162.33,162.38,162.23,162.23,301.00377586
Kraken:ETHEUR,2019-09-30T20:12:00Z,162.25,162.25,161.83,161.89,60.79844649
Kraken:ETHEUR,2019-09-30T20:13:00Z,161.96,161.96,161.62,161.7,27.70992144
Kraken:ETHEUR,2019-09-30T20:14:00Z,161.94,161.94,161.9,161.9,23.65357403
Kraken:ETHEUR,2019-09-30T20:15:00Z,161.9,161.9,161.67,161.67,16.75108272
Kraken:ETHEUR,2019-09-30T20:16:00Z,161.64,161.74,161.57,161.74,156.47375856
Kraken:ETHEUR,2019-09-30T20:17:00Z,161.57,161.71,161.57,161.71,9.01590772
Kraken:ETHEUR,2019-09-30T20:18:00Z,161.56,161.56,161.42,161.42,82.35239831
Kraken:ETHEUR,2019-09-30T20:19:00Z,161.43,161.89,161.43,161.89,29.31949917
Kraken:ETHEUR,2019-09-30T20:20:00Z,162.02,162.02,161.8,161.8,2.91902572
Kraken:ETHEUR,2019-09-30T20:21:00Z,161.53,161.77,161.53,161.77,2.51725118
Kraken:ETHEUR,2019-09-30T20:23:00Z,161.7,161.7,161.7,161.7,1.16
Kraken:ETHEUR,2019-09-30T20:24:00Z,162.12,162.33,162.12,162.33,207
Kraken:ETHEUR,2019-09-30T20:25:00Z,162.04,162.04,162.04,162.04,2.08
Kraken:ETHEUR,2019-09-30T20:27:00Z,162.04,162.26,162.04,162.26,6.33341729
Kraken:ETHEUR,2019-09-30T20:29:00Z,162.3,162.3,162.3,162.3,0.2
Kraken:ETHEUR,2019-09-30T20:30:00Z,162.44,162.5,162.44,162.5,90.24131807
Kraken:ETHEUR,2019-09-30T20:31:00Z,162.62,162.62,162.62,162.62,0.98267
Kraken:ETHEUR,2019-09-30T20:32:00Z,162.7,162.85,162.7,162.85,9.58
Kraken:ETHEUR,2019-09-30T20:33:00Z,162.68,162.68,162.45,162.45,25.91716066
Kraken:ETHEUR,2019-09-30T20:38:00Z,162.37,162.37,162.1,162.1,11.84144417
Kraken:ETHEUR,2019-09-30T20:39:00Z,162.12,162.18,162.12,162.18,4E+1
Kraken:ETHEUR,2019-09-30T20:40:00Z,162.13,162.13,162.13,162.13,0.5
Kraken:ETHEUR,2019-09-30T20:43:00Z,162.16,162.16,162.11,162.11,3.275563
Kraken:ETHEUR,2019-09-30T20:44:00Z,162.13,162.13,162.09,162.1,6.14649245
Kraken:ETHEUR,2019-09-30T20:45:00Z,162.1,162.1,162.09,162.1,15.01850754
Kraken:ETHEUR,2019-09-30T20:46:00Z,162.1,162.1,162.09,162.09,3.08375205
Kraken:ETHEUR,2019-09-30T20:47:00Z,161.76,161.76,161.76,161.76,0.65
Kraken:ETHEUR,2019-09-30T20:48:00Z,161.78,161.84,161.78,161.84,2.00225919
Kraken:ETHEUR,2019-09-30T20:49:00Z,161.82,161.88,161.69,161.7,103.67706931
Kraken:ETHEUR,2019-09-30T20:50:00Z,161.74,161.74,161.63,161.7,6.18024999
Kraken:ETHEUR,2019-09-30T20:51:00Z,161.65,161.72,161.62,161.72,22.80250328
Kraken:ETHEUR,2019-09-30T20:52:00Z,161.66,161.66,161.66,161.66,0.09945375
Kraken:ETHEUR,2019-09-30T20:53:00Z,161.67,161.67,161.67,161.67,11.01761859
Kraken:ETHEUR,2019-09-30T20:54:00Z,161.66,161.76,161.62,161.76,11.76795
Kraken:ETHEUR,2019-09-30T20:55:00Z,161.92,161.92,161.91,161.91,6.9904147
Kraken:ETHEUR,2019-09-30T20:56:00Z,161.98,161.99,161.98,161.99,0.77379921
Kraken:ETHEUR,2019-09-30T20:57:00Z,162.03,162.18,162.01,162.18,8.71630016
Kraken:ETHEUR,2019-09-30T20:58:00Z,162.21,162.21,162.21,162.21,0.551139
Kraken:ETHEUR,2019-09-30T20:59:00Z,162.34,162.34,162.25,162.25,1.58659087
Kraken:ETHEUR,2019-09-30T21:00:00Z,162.37,162.38,162.29,162.3,1.3416135
Kraken:ETHEUR,2019-09-30T21:01:00Z,162.43,162.43,162.43,162.43,0.55999999
Kraken:ETHEUR,2019-09-30T21:02:00Z,162.44,162.49,162.44,162.48,4.57
Kraken:ETHEUR,2019-09-30T21:03:00Z,162.48,162.48,162.48,162.48,5.20121951
Kraken:ETHEUR,2019-09-30T21:04:00Z,162.52,162.52,162.51,162.51,1.36014
Kraken:ETHEUR,2019-09-30T21:05:00Z,162.52,162.64,162.52,162.64,17.0428
Kraken:ETHEUR,2019-09-30T21:06:00Z,162.65,162.7,162.51,162.51,80.53274208
Kraken:ETHEUR,2019-09-30T21:07:00Z,162.63,162.63,162.63,162.63,1.20202029
Kraken:ETHEUR,2019-09-30T21:10:00Z,162.63,162.63,162.63,162.63,0.47588
Kraken:ETHEUR,2019-09-30T21:11:00Z,162.71,162.9,162.71,162.9,18
Kraken:ETHEUR,2019-09-30T21:12:00Z,162.8,162.8,162.8,162.8,0.743871
Kraken:ETHEUR,2019-09-30T21:14:00Z,162.8,162.8,162.8,162.8,0.75122
Kraken:ETHEUR,2019-09-30T21:15:00Z,162.7,162.7,162.7,162.7,0.04176982
Kraken:ETHEUR,2019-09-30T21:16:00Z,162.6,162.6,162.21,162.21,8.62699066
Kraken:ETHEUR,2019-09-30T21:17:00Z,162.23,162.23,162.21,162.21,25
Kraken:ETHEUR,2019-09-30T21:18:00Z,162.21,162.26,162.21,162.23,34.21927448
Kraken:ETHEUR,2019-09-30T21:21:00Z,162.24,162.24,162.24,162.24,6.55123997
Kraken:ETHEUR,2019-09-30T21:22:00Z,162.23,162.23,162.23,162.23,0.54393453
Kraken:ETHEUR,2019-09-30T21:24:00Z,162.24,162.27,162.24,162.27,3.29330843
Kraken:ETHEUR,2019-09-30T21:25:00Z,162.23,162.27,162.23,162.27,11.83886268
Kraken:ETHEUR,2019-09-30T21:26:00Z,162.21,162.21,162.2,162.2,0.80096252
Kraken:ETHEUR,2019-09-30T21:27:00Z,162.25,162.26,162.25,162.26,1.66907004
Kraken:ETHEUR,2019-09-30T21:28:00Z,162.24,162.24,162.23,162.23,3.55974398
Kraken:ETHEUR,2019-09-30T21:29:00Z,162.23,162.25,162.21,162.25,15.85628347
Kraken:ETHEUR,2019-09-30T21:31:00Z,162.22,162.22,162.22,162.22,6.03187669
Kraken:ETHEUR,2019-09-30T21:32:00Z,162.21,162.21,162.15,162.15,5.17835604
Kraken:ETHEUR,2019-09-30T21:33:00Z,162.2,162.2,162.19,162.19,0.63290705
Kraken:ETHEUR,2019-09-30T21:34:00Z,162.19,162.19,162.16,162.16,3.65615606
Kraken:ETHEUR,2019-09-30T21:35:00Z,162.19,162.27,162.19,162.27,12.84290705
Kraken:ETHEUR,2019-09-30T21:36:00Z,162.27,162.27,162.27,162.27,0.46477291
Kraken:ETHEUR,2019-09-30T21:37:00Z,162.27,162.28,162.27,162.27,97.2357593
Kraken:ETHEUR,2019-09-30T21:38:00Z,162.27,162.27,162.27,162.27,22.36967879
Kraken:ETHEUR,2019-09-30T21:39:00Z,162.27,162.43,162.27,162.43,0.49484358
Kraken:ETHEUR,2019-09-30T21:40:00Z,162.41,162.44,162.4,162.4,1.8498008
Kraken:ETHEUR,2019-09-30T21:41:00Z,162.4,162.47,162.4,162.47,3.91009313
Kraken:ETHEUR,2019-09-30T21:42:00Z,162.44,162.44,162.41,162.41,1.74299999
Kraken:ETHEUR,2019-09-30T21:47:00Z,162.24,162.24,162.22,162.22,1.05499999
Kraken:ETHEUR,2019-09-30T21:48:00Z,162.22,162.22,162.2,162.2,4.38847859
Kraken:ETHEUR,2019-09-30T21:49:00Z,162.2,162.25,162.2,162.25,1.97
Kraken:ETHEUR,2019-09-30T21:50:00Z,162.25,162.25,162.24,162.24,4.05007322
Kraken:ETHEUR,2019-09-30T21:51:00Z,162.25,162.25,162.25,162.25,2.113
Kraken:ETHEUR,2019-09-30T21:52:00Z,162.19,162.38,162.19,162.38,18.55634768
Kraken:ETHEUR,2019-09-30T21:53:00Z,162.45,162.45,162.45,162.45,2.99321
Kraken:ETHEUR,2019-09-30T21:54:00Z,162.56,163.05,162.56,163.0,76.02104454
Kraken:ETHEUR,2019-09-30T21:55:00Z,162.82,162.82,162.73,162.77,21.39370745
Kraken:ETHEUR,2019-09-30T21:56:00Z,163.07,163.09,163.07,163.09,4.142086
Kraken:ETHEUR,2019-09-30T21:58:00Z,163.07,163.07,163.06,163.06,1.90657918
Kraken:ETHEUR,2019-09-30T21:59:00Z,163.08,163.08,163.08,163.08,13.4813772
Kraken:ETHEUR,2019-09-30T22:00:00Z,163.09,163.09,163.09,163.09,0.0235795
Kraken:ETHEUR,2019-09-30T22:02:00Z,163.08,163.09,163.08,163.09,2.56598079
Kraken:ETHEUR,2019-09-30T22:03:00Z,163.09,163.33,163.09,163.33,1.83273854
Kraken:ETHEUR,2019-09-30T22:05:00Z,163.33,163.33,163.3,163.3,5
Kraken:ETHEUR,2019-09-30T22:07:00Z,163.43,163.43,163.43,163.43,0.1
Kraken:ETHEUR,2019-09-30T22:08:00Z,163.48,163.72,163.48,163.72,5.24137369
Kraken:ETHEUR,2019-09-30T22:09:00Z,163.79,163.79,163.79,163.79,0.29922202
Kraken:ETHEUR,2019-09-30T22:10:00Z,163.8,163.88,163.8,163.88,0.23317223
Kraken:ETHEUR,2019-09-30T22:11:00Z,164.0,164.11,164.0,164.11,35.58718513
Kraken:ETHEUR,2019-09-30T22:12:00Z,164.05,164.13,164.05,164.13,0.21950172
Kraken:ETHEUR,2019-09-30T22:15:00Z,164.15,164.19,164.05,164.05,23.47503685
Kraken:ETHEUR,2019-09-30T22:16:00Z,163.66,163.66,163.66,163.66,5
Kraken:ETHEUR,2019-09-30T22:17:00Z,163.58,163.58,163.58,163.58,4
Kraken:ETHEUR,2019-09-30T22:18:00Z,163.58,163.58,163.58,163.58,4
Kraken:ETHEUR,2019-09-30T22:19:00Z,163.41,163.41,163.41,163.41,1.21409378
Kraken:ETHEUR,2019-09-30T22:20:00Z,163.34,163.34,163.33,163.33,0.864253
Kraken:ETHEUR,2019-09-30T22:23:00Z,163.47,163.85,163.47,163.85,3E+2
Kraken:ETHEUR,2019-09-30T22:24:00Z,163.4,163.4,163.4,163.4,1
Kraken:ETHEUR,2019-09-30T22:25:00Z,163.43,163.59,163.43,163.5,146.497902
Kraken:ETHEUR,2019-09-30T22:26:00Z,163.32,163.32,163.18,163.18,8.58059921
Kraken:ETHEUR,2019-09-30T22:28:00Z,163.28,163.38,163.28,163.38,4.65
Kraken:ETHEUR,2019-09-30T22:31:00Z,163.46,163.46,163.46,163.46,0.6
Kraken:ETHEUR,2019-09-30T22:32:00Z,163.43,163.51,163.43,163.47,33.96846579
Kraken:ETHEUR,2019-09-30T22:38:00Z,163.42,163.42,163.42,163.42,0.06
Kraken:ETHEUR,2019-09-30T22:39:00Z,163.32,163.41,163.29,163.41,36.53
Kraken:ETHEUR,2019-09-30T22:41:00Z,163.3,163.3,163.25,163.29,21.57
Kraken:ETHEUR,2019-09-30T22:42:00Z,163.29,163.29,163.16,163.16,7.47199999
Kraken:ETHEUR,2019-09-30T22:43:00Z,163.16,163.24,163.16,163.24,0.91652046
Kraken:ETHEUR,2019-09-30T22:44:00Z,163.0,163.0,162.88,162.88,3.49114
Kraken:ETHEUR,2019-09-30T22:50:00Z,163.18,163.18,163.18,163.18,0.141
Kraken:ETHEUR,2019-09-30T22:51:00Z,163.11,163.11,163.11,163.11,0.35381691
Kraken:ETHEUR,2019-09-30T22:54:00Z,163.13,163.13,163.13,163.13,0.50552175
Kraken:ETHEUR,2019-09-30T22:55:00Z,163.03,163.03,163.03,163.03,0.06176
Kraken:ETHEUR,2019-09-30T22:57:00Z,163.02,163.02,162.92,162.92,4.99999999
Kraken:ETHEUR,2019-09-30T22:59:00Z,162.98,162.98,162.98,162.98,0.13652204
Kraken:ETHEUR,2019-09-30T23:00:00Z,162.99,163.01,162.99,163.01,30.488
Kraken:ETHEUR,2019-09-30T23:02:00Z,163.47,163.47,163.47,163.47,0.218
Kraken:ETHEUR,2019-09-30T23:04:00Z,163.46,163.46,163.44,163.44,2.05807226
Kraken:ETHEUR,2019-09-30T23:09:00Z,163.31,163.31,163.31,163.31,0.311
Kraken:ETHEUR,2019-09-30T23:10:00Z,163.61,163.61,163.61,163.61,0.104
Kraken:ETHEUR,2019-09-30T23:12:00Z,163.79,163.81,163.79,163.81,1.75033234
Kraken:ETHEUR,2019-09-30T23:14:00Z,163.81,163.81,163.81,163.81,0.157
Kraken:ETHEUR,2019-09-30T23:15:00Z,163.99,163.99,163.99,163.99,2E+1
Kraken:ETHEUR,2019-09-30T23:17:00Z,163.96,163.96,163.9,163.9,2.07
Kraken:ETHEUR,2019-09-30T23:18:00Z,164.0,164.05,164.0,164.05,5E+1
Kraken:ETHEUR,2019-09-30T23:19:00Z,164.14,164.14,164.14,164.14,0.49999095
Kraken:ETHEUR,2019-09-30T23:20:00Z,164.11,164.11,164.11,164.11,0.1103595
Kraken:ETHEUR,2019-09-30T23:21:00Z,164.22,164.22,164.22,164.22,0.04315795
Kraken:ETHEUR,2019-09-30T23:22:00Z,164.22,164.22,164.22,164.22,0.59978433
Kraken:ETHEUR,2019-09-30T23:23:00Z,164.2,164.2,163.92,164.14,23.0963705
Kraken:ETHEUR,2019-09-30T23:24:00Z,163.86,163.86,163.86,163.86,1
Kraken:ETHEUR,2019-09-30T23:25:00Z,163.81,163.81,163.81,163.81,0.597
Kraken:ETHEUR,2019-09-30T23:27:00Z,163.8,163.8,163.8,163.8,0.1
Kraken:ETHEUR,2019-09-30T23:28:00Z,163.81,163.81,163.81,163.81,0.31
Kraken:ETHEUR,2019-09-30T23:29:00Z,163.81,163.81,163.81,163.81,5
Kraken:ETHEUR,2019-09-30T23:31:00Z,164.08,164.08,164.08,164.08,1.02898467
Kraken:ETHEUR,2019-09-30T23:33:00Z,164.18,164.18,164.18,164.18,6.09013
Kraken:ETHEUR,2019-09-30T23:34:00Z,164.15,164.15,164.15,164.15,0.835164
Kraken:ETHEUR,2019-09-30T23:37:00Z,164.26,164.26,164.26,164.26,0.262
Kraken:ETHEUR,2019-09-30T23:39:00Z,164.33,164.66,164.33,164.66,5.1988
Kraken:ETHEUR,2019-09-30T23:41:00Z,164.66,164.67,164.66,164.67,2.29922202
Kraken:ETHEUR,2019-09-30T23:42:00Z,164.88,165.29,164.76,164.76,60.52023167
Kraken:ETHEUR,2019-09-30T23:43:00Z,165.0,165.0,165.0,165.0,2
Kraken:ETHEUR,2019-09-30T23:44:00Z,165.32,165.4,165.08,165.08,24.844724
Kraken:ETHEUR,2019-09-30T23:45:00Z,165.09,165.13,165.0,165.0,66.5
Kraken:ETHEUR,2019-09-30T23:46:00Z,164.93,164.94,164.79,164.79,162.73067294
Kraken:ETHEUR,2019-09-30T23:48:00Z,164.91,165.18,164.91,165.18,95
Kraken:ETHEUR,2019-09-30T23:49:00Z,165.08,165.08,165.04,165.04,2.12
Kraken:ETHEUR,2019-09-30T23:51:00Z,164.75,164.75,164.75,164.75,0.1
Kraken:ETHEUR,2019-09-30T23:52:00Z,164.87,164.87,164.85,164.85,10.611
Kraken:ETHEUR,2019-09-30T23:53:00Z,164.65,164.65,164.64,164.64,5
Kraken:ETHEUR,2019-09-30T23:55:00Z,164.85,164.85,164.83,164.83,41.999
Kraken:ETHEUR,2019-09-30T23:56:00Z,165.1,165.25,165.1,165.25,2.33814067
Kraken:ETHEUR,2019-09-30T23:58:00Z,165.39,166.78,165.39,166.2,545.10625247
Kraken:ETHEUR,2019-09-30T23:59:00Z,166.22,166.32,165.6,166.32,1039.99535251
