Kraken:ADAUSD,2022-04-27T00:00:00Z,0.826112,0.826112,0.826112,0.826112,1E+1
Kraken:ADAUSD,2022-04-27T00:01:00Z,0.825805,0.825805,0.82517,0.825703,2703.57433278
Kraken:ADAUSD,2022-04-27T00:02:00Z,0.8249,0.8249,0.824279,0.824279,2633.28115502
Kraken:ADAUSD,2022-04-27T00:03:00Z,0.823535,0.824445,0.823336,0.824445,1775.10871839
Kraken:ADAUSD,2022-04-27T00:04:00Z,0.825646,0.827808,0.825646,0.827808,1435.86539093
Kraken:ADAUSD,2022-04-27T00:07:00Z,0.827501,0.827501,0.827501,0.827501,23.684529
Kraken:ADAUSD,2022-04-27T00:08:00Z,0.827775,0.828438,0.82773,0.82773,2802.86098067
Kraken:ADAUSD,2022-04-27T00:09:00Z,0.828437,0.828927,0.828437,0.828927,334.15004967
Kraken:ADAUSD,2022-04-27T00:10:00Z,0.829464,0.830347,0.829464,0.830347,1188.32621484
Kraken:ADAUSD,2022-04-27T00:11:00Z,0.830384,0.832186,0.830384,0.832185,12999.25717925
Kraken:ADAUSD,2022-04-27T00:12:00Z,0.832083,0.832276,0.832083,0.832276,108.16870658
Kraken:ADAUSD,2022-04-27T00:14:00Z,0.83067,0.830696,0.829778,0.829778,2825.77140533
Kraken:ADAUSD,2022-04-27T00:15:00Z,0.829764,0.829764,0.829764,0.829764,2.5
Kraken:ADAUSD,2022-04-27T00:16:00Z,0.830628,0.83065,0.830628,0.83065,32.35273162
Kraken:ADAUSD,2022-04-27T00:19:00Z,0.830374,0.830374,0.830374,0.830374,59.022732
Kraken:ADAUSD,2022-04-27T00:20:00Z,0.831135,0.831135,0.831135,0.831135,1.603195
Kraken:ADAUSD,2022-04-27T00:21:00Z,0.831232,0.831232,0.831232,0.831232,46.991493
Kraken:ADAUSD,2022-04-27T00:23:00Z,0.830723,0.830723,0.830723,0.830723,113.820247
Kraken:ADAUSD,2022-04-27T00:26:00Z,0.83008,0.83008,0.83008,0.83008,11.809182
Kraken:ADAUSD,2022-04-27T00:28:00Z,0.83,0.83,0.829649,0.829649,1835.44517685
Kraken:ADAUSD,2022-04-27T00:29:00Z,0.830527,0.832156,0.830527,0.832156,64491.63768919
Kraken:ADAUSD,2022-04-27T00:31:00Z,0.832072,0.833083,0.832072,0.833083,750.85139746
Kraken:ADAUSD,2022-04-27T00:32:00Z,0.832757,0.832757,0.832757,0.832757,18
Kraken:ADAUSD,2022-04-27T00:33:00Z,0.833028,0.833035,0.833028,0.833035,3E+3
Kraken:ADAUSD,2022-04-27T00:34:00Z,0.833276,0.833733,0.833276,0.833733,1221.22491862
Kraken:ADAUSD,2022-04-27T00:35:00Z,0.833791,0.833978,0.833791,0.833978,663.00694457
Kraken:ADAUSD,2022-04-27T00:36:00Z,0.833999,0.834338,0.833999,0.834338,210.8461334
Kraken:ADAUSD,2022-04-27T00:38:00Z,0.833768,0.833768,0.833768,0.833768,1804.199025
Kraken:ADAUSD,2022-04-27T00:39:00Z,0.834001,0.834001,0.834001,0.834001,113.392671
Kraken:ADAUSD,2022-04-27T00:40:00Z,0.834,0.834,0.832873,0.832873,33662.21966093
Kraken:ADAUSD,2022-04-27T00:41:00Z,0.831741,0.831741,0.831741,0.831741,28.88900781
Kraken:ADAUSD,2022-04-27T00:42:00Z,0.831755,0.831757,0.830838,0.830838,5399
Kraken:ADAUSD,2022-04-27T00:43:00Z,0.83,0.83,0.83,0.83,1.5E+2
Kraken:ADAUSD,2022-04-27T00:44:00Z,0.827553,0.827553,0.8255,0.8255,1502.95991657
Kraken:ADAUSD,2022-04-27T00:45:00Z,0.82635,0.82635,0.822216,0.822216,45886.2229193
Kraken:ADAUSD,2022-04-27T00:46:00Z,0.821676,0.821676,0.819011,0.819011,6483.68008285
Kraken:ADAUSD,2022-04-27T00:47:00Z,0.820999,0.821648,0.820999,0.821648,370.52388638
Kraken:ADAUSD,2022-04-27T00:48:00Z,0.82191,0.82194,0.82191,0.82194,54.53483422
Kraken:ADAUSD,2022-04-27T00:49:00Z,0.823049,0.826677,0.823049,0.826677,31191.55390259
Kraken:ADAUSD,2022-04-27T00:50:00Z,0.826771,0.826921,0.826771,0.826921,179.00143332
Kraken:ADAUSD,2022-04-27T00:52:00Z,0.826905,0.826905,0.826905,0.826905,25
Kraken:ADAUSD,2022-04-27T00:53:00Z,0.82688,0.82688,0.82688,0.82688,114.367887
Kraken:ADAUSD,2022-04-27T00:54:00Z,0.826923,0.826923,0.826923,0.826923,61.58030568
Kraken:ADAUSD,2022-04-27T00:55:00Z,0.82706,0.827694,0.82706,0.827694,380.41403251
Kraken:ADAUSD,2022-04-27T00:57:00Z,0.825645,0.825955,0.825645,0.825745,10018
Kraken:ADAUSD,2022-04-27T00:58:00Z,0.826777,0.826777,0.826198,0.826198,442.610511
Kraken:ADAUSD,2022-04-27T01:01:00Z,0.826855,0.827248,0.826855,0.827248,167.595489
Kraken:ADAUSD,2022-04-27T01:02:00Z,0.827248,0.828434,0.827248,0.828434,360.68385781
Kraken:ADAUSD,2022-04-27T01:04:00Z,0.828782,0.828958,0.828782,0.828958,230.01003924
Kraken:ADAUSD,2022-04-27T01:05:00Z,0.828958,0.829149,0.828958,0.829093,367.02011035
Kraken:ADAUSD,2022-04-27T01:06:00Z,0.829149,0.829985,0.829149,0.829985,1E+4
Kraken:ADAUSD,2022-04-27T01:07:00Z,0.829897,0.829897,0.829897,0.829897,4.88285639
Kraken:ADAUSD,2022-04-27T01:08:00Z,0.829719,0.830097,0.829719,0.829975,33049.9253356
Kraken:ADAUSD,2022-04-27T01:09:00Z,0.830099,0.831093,0.830099,0.831093,1290.27296284
Kraken:ADAUSD,2022-04-27T01:10:00Z,0.830201,0.830201,0.82967,0.829887,74.88196699
Kraken:ADAUSD,2022-04-27T01:11:00Z,0.830434,0.830434,0.830433,0.830433,257.44288245
Kraken:ADAUSD,2022-04-27T01:12:00Z,0.830297,0.830297,0.830297,0.830297,123.231143
Kraken:ADAUSD,2022-04-27T01:13:00Z,0.830084,0.830084,0.830084,0.830084,12.04697356
Kraken:ADAUSD,2022-04-27T01:14:00Z,0.830311,0.830311,0.830311,0.830311,9.896774
Kraken:ADAUSD,2022-04-27T01:16:00Z,0.831209,0.831853,0.831209,0.831853,504.13385646
Kraken:ADAUSD,2022-04-27T01:18:00Z,0.831275,0.831275,0.831275,0.831275,33
Kraken:ADAUSD,2022-04-27T01:19:00Z,0.831222,0.831222,0.831222,0.831222,18.05
Kraken:ADAUSD,2022-04-27T01:20:00Z,0.831853,0.831853,0.831736,0.831754,893.68388156
Kraken:ADAUSD,2022-04-27T01:21:00Z,0.831842,0.831853,0.831842,0.831853,2392.45180113
Kraken:ADAUSD,2022-04-27T01:22:00Z,0.831853,0.832688,0.831853,0.832688,2555.97587022
Kraken:ADAUSD,2022-04-27T01:23:00Z,0.832266,0.832266,0.831939,0.831939,781.60383573
Kraken:ADAUSD,2022-04-27T01:24:00Z,0.831637,0.831637,0.831148,0.831148,49.45919483
Kraken:ADAUSD,2022-04-27T01:27:00Z,0.830816,0.831181,0.830816,0.831181,474.18056606
Kraken:ADAUSD,2022-04-27T01:29:00Z,0.831723,0.831723,0.831723,0.831723,3.266826
Kraken:ADAUSD,2022-04-27T01:30:00Z,0.832095,0.832095,0.832093,0.832093,87.066478
Kraken:ADAUSD,2022-04-27T01:31:00Z,0.832257,0.832309,0.832257,0.832309,299.47402807
Kraken:ADAUSD,2022-04-27T01:32:00Z,0.832211,0.832211,0.831931,0.831931,480.72822069
Kraken:ADAUSD,2022-04-27T01:33:00Z,0.831276,0.831276,0.831276,0.831276,70.202216
Kraken:ADAUSD,2022-04-27T01:34:00Z,0.831091,0.831119,0.831091,0.831119,696.170408
Kraken:ADAUSD,2022-04-27T01:35:00Z,0.8311,0.8311,0.8311,0.8311,5E+2
Kraken:ADAUSD,2022-04-27T01:38:00Z,0.831319,0.831319,0.831319,0.831319,8.85784186
Kraken:ADAUSD,2022-04-27T01:39:00Z,0.83177,0.833083,0.83177,0.833083,502.83273786
Kraken:ADAUSD,2022-04-27T01:41:00Z,0.833083,0.833141,0.833083,0.833141,4.59270314
Kraken:ADAUSD,2022-04-27T01:47:00Z,0.83294,0.83294,0.83294,0.83294,35.30116
Kraken:ADAUSD,2022-04-27T01:48:00Z,0.831934,0.831934,0.831465,0.831465,30339.805825
Kraken:ADAUSD,2022-04-27T01:50:00Z,0.831269,0.832521,0.831269,0.832521,393.8137932
Kraken:ADAUSD,2022-04-27T01:52:00Z,0.832987,0.832987,0.832987,0.832987,2965.25701901
Kraken:ADAUSD,2022-04-27T01:53:00Z,0.833065,0.833277,0.833065,0.833277,29.40932
Kraken:ADAUSD,2022-04-27T01:54:00Z,0.83327,0.83327,0.832551,0.832551,183.73870944
Kraken:ADAUSD,2022-04-27T01:55:00Z,0.832043,0.832043,0.832043,0.832043,1E+1
Kraken:ADAUSD,2022-04-27T01:56:00Z,0.832218,0.832936,0.832218,0.832936,1040.379481
Kraken:ADAUSD,2022-04-27T01:57:00Z,0.832936,0.833261,0.832936,0.833261,195.16763119
Kraken:ADAUSD,2022-04-27T01:58:00Z,0.833217,0.833217,0.833217,0.833217,960.23199204
Kraken:ADAUSD,2022-04-27T02:03:00Z,0.832944,0.832944,0.832944,0.832944,231.15503441
Kraken:ADAUSD,2022-04-27T02:05:00Z,0.833277,0.833544,0.833277,0.833544,452.2649
Kraken:ADAUSD,2022-04-27T02:06:00Z,0.833543,0.833543,0.833543,0.833543,211.1651302
Kraken:ADAUSD,2022-04-27T02:07:00Z,0.832925,0.832925,0.832699,0.832713,32968.39957915
Kraken:ADAUSD,2022-04-27T02:08:00Z,0.833006,0.833006,0.833006,0.833006,1E+3
Kraken:ADAUSD,2022-04-27T02:09:00Z,0.832871,0.832871,0.832871,0.832871,960.38300074
Kraken:ADAUSD,2022-04-27T02:12:00Z,0.833544,0.833999,0.833544,0.833999,150.72528778
Kraken:ADAUSD,2022-04-27T02:13:00Z,0.833999,0.834822,0.833999,0.834703,32868.26356206
Kraken:ADAUSD,2022-04-27T02:16:00Z,0.834265,0.834265,0.833408,0.833408,742.606064
Kraken:ADAUSD,2022-04-27T02:19:00Z,0.834493,0.834493,0.834306,0.834306,82.273137
Kraken:ADAUSD,2022-04-27T02:21:00Z,0.833926,0.833926,0.833926,0.833926,29.379452
Kraken:ADAUSD,2022-04-27T02:22:00Z,0.833379,0.833379,0.832648,0.832648,191995
Kraken:ADAUSD,2022-04-27T02:24:00Z,0.833942,0.833942,0.83384,0.83384,4807.25887687
Kraken:ADAUSD,2022-04-27T02:25:00Z,0.833586,0.833586,0.833586,0.833586,5
Kraken:ADAUSD,2022-04-27T02:29:00Z,0.834918,0.834918,0.834918,0.834918,23.13695977
Kraken:ADAUSD,2022-04-27T02:30:00Z,0.835042,0.835237,0.835042,0.835237,197.62853544
Kraken:ADAUSD,2022-04-27T02:31:00Z,0.835364,0.835653,0.835364,0.835653,256.75353521
Kraken:ADAUSD,2022-04-27T02:34:00Z,0.835723,0.835723,0.835723,0.835723,2.5
Kraken:ADAUSD,2022-04-27T02:36:00Z,0.835679,0.836066,0.835679,0.836057,20477.9492982
Kraken:ADAUSD,2022-04-27T02:37:00Z,0.836167,0.836167,0.836167,0.836167,11.723597
Kraken:ADAUSD,2022-04-27T02:38:00Z,0.836165,0.836165,0.836165,0.836165,117.227631
Kraken:ADAUSD,2022-04-27T02:41:00Z,0.836173,0.836458,0.836173,0.836458,275.75979168
Kraken:ADAUSD,2022-04-27T02:48:00Z,0.836407,0.836407,0.836389,0.836389,3.5E+3
Kraken:ADAUSD,2022-04-27T02:50:00Z,0.835419,0.835839,0.835419,0.835839,72.2
Kraken:ADAUSD,2022-04-27T02:51:00Z,0.835674,0.835674,0.835674,0.835674,30.16538329
Kraken:ADAUSD,2022-04-27T02:52:00Z,0.83616,0.83616,0.83616,0.83616,37.702319
Kraken:ADAUSD,2022-04-27T02:55:00Z,0.836861,0.836861,0.836861,0.836861,12
Kraken:ADAUSD,2022-04-27T02:56:00Z,0.836861,0.836861,0.836861,0.836861,292.854931
Kraken:ADAUSD,2022-04-27T02:58:00Z,0.836608,0.836608,0.836591,0.836591,6E+3
Kraken:ADAUSD,2022-04-27T02:59:00Z,0.836927,0.837036,0.836927,0.837035,1280.03000864
Kraken:ADAUSD,2022-04-27T03:00:00Z,0.837027,0.837027,0.837027,0.837027,617.34125
Kraken:ADAUSD,2022-04-27T03:08:00Z,0.83548,0.83548,0.83548,0.83548,6.85903303
Kraken:ADAUSD,2022-04-27T03:09:00Z,0.835504,0.835504,0.835455,0.835455,1E+4
Kraken:ADAUSD,2022-04-27T03:12:00Z,0.835343,0.83648,0.835217,0.83648,25007.74976611
Kraken:ADAUSD,2022-04-27T03:13:00Z,0.836481,0.836998,0.836481,0.836894,25294.16544241
Kraken:ADAUSD,2022-04-27T03:14:00Z,0.836928,0.836928,0.836663,0.836663,236.138841
Kraken:ADAUSD,2022-04-27T03:19:00Z,0.835572,0.835572,0.835572,0.835572,3.59061223
Kraken:ADAUSD,2022-04-27T03:20:00Z,0.835275,0.835275,0.835275,0.835275,9.436142
Kraken:ADAUSD,2022-04-27T03:24:00Z,0.836268,0.836268,0.836268,0.836268,1179.222672
Kraken:ADAUSD,2022-04-27T03:25:00Z,0.836276,0.836276,0.836276,0.836276,702.998149
Kraken:ADAUSD,2022-04-27T03:27:00Z,0.836336,0.836336,0.836203,0.836203,14752.11567848
Kraken:ADAUSD,2022-04-27T03:28:00Z,0.835292,0.835292,0.835102,0.835102,3802.625957
Kraken:ADAUSD,2022-04-27T03:29:00Z,0.835291,0.835291,0.835291,0.835291,46.262314
Kraken:ADAUSD,2022-04-27T03:30:00Z,0.835047,0.835055,0.834472,0.834472,3829.318178
Kraken:ADAUSD,2022-04-27T03:31:00Z,0.833608,0.833608,0.833608,0.833608,2672.7
Kraken:ADAUSD,2022-04-27T03:32:00Z,0.834306,0.834472,0.834306,0.834472,1181.696432
Kraken:ADAUSD,2022-04-27T03:33:00Z,0.834633,0.834633,0.834169,0.834169,82.732155
Kraken:ADAUSD,2022-04-27T03:38:00Z,0.834142,0.834142,0.834142,0.834142,158.42626314
Kraken:ADAUSD,2022-04-27T03:39:00Z,0.834433,0.834433,0.834433,0.834433,86.01370945
Kraken:ADAUSD,2022-04-27T03:42:00Z,0.832738,0.832738,0.832738,0.832738,5
Kraken:ADAUSD,2022-04-27T03:44:00Z,0.83149,0.83149,0.83149,0.83149,125.07260824
Kraken:ADAUSD,2022-04-27T03:47:00Z,0.831876,0.831876,0.831876,0.831876,18.034
Kraken:ADAUSD,2022-04-27T03:49:00Z,0.8322,0.8322,0.8322,0.8322,294.489175
Kraken:ADAUSD,2022-04-27T03:53:00Z,0.831705,0.831705,0.831206,0.831206,5E+4
Kraken:ADAUSD,2022-04-27T03:54:00Z,0.830177,0.830177,0.830177,0.830177,862.06896551
Kraken:ADAUSD,2022-04-27T03:57:00Z,0.829808,0.829808,0.829633,0.829633,643.39823676
Kraken:ADAUSD,2022-04-27T03:58:00Z,0.829401,0.8296,0.829401,0.829427,134.74273971
Kraken:ADAUSD,2022-04-27T03:59:00Z,0.829401,0.829401,0.829401,0.829401,2759.284861
Kraken:ADAUSD,2022-04-27T04:00:00Z,0.829469,0.829469,0.829469,0.829469,122
Kraken:ADAUSD,2022-04-27T04:01:00Z,0.829418,0.829418,0.829418,0.829418,1E+3
Kraken:ADAUSD,2022-04-27T04:02:00Z,0.829517,0.829517,0.829474,0.829474,1470.704423
Kraken:ADAUSD,2022-04-27T04:04:00Z,0.830099,0.83035,0.830099,0.83035,740.97456746
Kraken:ADAUSD,2022-04-27T04:08:00Z,0.830949,0.831021,0.830949,0.831021,637.282921
Kraken:ADAUSD,2022-04-27T04:09:00Z,0.831022,0.831022,0.831022,0.831022,7.93199532
Kraken:ADAUSD,2022-04-27T04:10:00Z,0.830768,0.830865,0.830768,0.830865,45.48406293
Kraken:ADAUSD,2022-04-27T04:11:00Z,0.831001,0.83113,0.831001,0.83113,130.406512
Kraken:ADAUSD,2022-04-27T04:12:00Z,0.83082,0.832351,0.83082,0.83209,23025.51301637
Kraken:ADAUSD,2022-04-27T04:13:00Z,0.832427,0.833206,0.832427,0.833206,72.06404895
Kraken:ADAUSD,2022-04-27T04:14:00Z,0.833259,0.833259,0.833257,0.833257,1112.53056
Kraken:ADAUSD,2022-04-27T04:19:00Z,0.832819,0.832819,0.832819,0.832819,18.515938
Kraken:ADAUSD,2022-04-27T04:20:00Z,0.833029,0.833029,0.83302,0.83302,111.607639
Kraken:ADAUSD,2022-04-27T04:21:00Z,0.832128,0.832128,0.831907,0.831907,15376.702663
Kraken:ADAUSD,2022-04-27T04:24:00Z,0.83217,0.83217,0.83217,0.83217,1.2E+3
Kraken:ADAUSD,2022-04-27T04:27:00Z,0.832185,0.832661,0.832185,0.832661,1E+1
Kraken:ADAUSD,2022-04-27T04:28:00Z,0.833,0.833,0.832982,0.833,1813.22705513
Kraken:ADAUSD,2022-04-27T04:30:00Z,0.832999,0.832999,0.832999,0.832999,4E+1
Kraken:ADAUSD,2022-04-27T04:32:00Z,0.833,0.833525,0.833,0.833511,1276.38874185
Kraken:ADAUSD,2022-04-27T04:33:00Z,0.833661,0.833661,0.833661,0.833661,2E+3
Kraken:ADAUSD,2022-04-27T04:34:00Z,0.833664,0.833664,0.833664,0.833664,13.77632298
Kraken:ADAUSD,2022-04-27T04:35:00Z,0.833802,0.833802,0.833802,0.833802,1175.558122
Kraken:ADAUSD,2022-04-27T04:38:00Z,0.834501,0.834501,0.834501,0.834501,19.58577025
Kraken:ADAUSD,2022-04-27T04:39:00Z,0.833469,0.833587,0.833469,0.833587,1759.12008608
Kraken:ADAUSD,2022-04-27T04:40:00Z,0.833469,0.833469,0.833469,0.833469,1.2E+3
Kraken:ADAUSD,2022-04-27T04:43:00Z,0.833674,0.833674,0.833674,0.833674,58.792571
Kraken:ADAUSD,2022-04-27T04:45:00Z,0.833825,0.833825,0.833825,0.833825,28.134437
Kraken:ADAUSD,2022-04-27T04:48:00Z,0.83361,0.83361,0.83361,0.83361,1275.96772726
Kraken:ADAUSD,2022-04-27T04:49:00Z,0.83361,0.834083,0.83361,0.834083,4121.05788029
Kraken:ADAUSD,2022-04-27T04:50:00Z,0.833776,0.833776,0.833776,0.833776,590.791527
Kraken:ADAUSD,2022-04-27T04:51:00Z,0.833468,0.833468,0.833468,0.833468,23.99612222
Kraken:ADAUSD,2022-04-27T04:58:00Z,0.833763,0.834448,0.833763,0.834448,6E+4
Kraken:ADAUSD,2022-04-27T05:00:00Z,0.834084,0.835331,0.834084,0.835331,1303.56952626
Kraken:ADAUSD,2022-04-27T05:01:00Z,0.83521,0.83521,0.83521,0.83521,28.828395
Kraken:ADAUSD,2022-04-27T05:06:00Z,0.834548,0.834549,0.834548,0.834549,4193.83603859
Kraken:ADAUSD,2022-04-27T05:08:00Z,0.834384,0.834384,0.834384,0.834384,4.85461071
Kraken:ADAUSD,2022-04-27T05:09:00Z,0.834324,0.834324,0.834324,0.834324,4.038413
Kraken:ADAUSD,2022-04-27T05:12:00Z,0.835303,0.835381,0.835303,0.835381,1324.55906268
Kraken:ADAUSD,2022-04-27T05:13:00Z,0.835668,0.836275,0.835668,0.836257,1273.35978458
Kraken:ADAUSD,2022-04-27T05:15:00Z,0.836435,0.837089,0.836435,0.837066,1402.14353299
Kraken:ADAUSD,2022-04-27T05:16:00Z,0.837093,0.837852,0.837093,0.837788,1699.85751728
Kraken:ADAUSD,2022-04-27T05:18:00Z,0.836929,0.836993,0.836929,0.836993,4152.88610705
Kraken:ADAUSD,2022-04-27T05:19:00Z,0.837007,0.837031,0.837007,0.837031,606.7
Kraken:ADAUSD,2022-04-27T05:21:00Z,0.836596,0.836598,0.836596,0.836598,1.2E+3
Kraken:ADAUSD,2022-04-27T05:23:00Z,0.836013,0.836013,0.836013,0.836013,176.544206
Kraken:ADAUSD,2022-04-27T05:25:00Z,0.835241,0.835241,0.835241,0.835241,58.976522
Kraken:ADAUSD,2022-04-27T05:27:00Z,0.835809,0.836094,0.835809,0.836072,3933.351899
Kraken:ADAUSD,2022-04-27T05:28:00Z,0.836006,0.836006,0.836006,0.836006,97.912637
Kraken:ADAUSD,2022-04-27T05:29:00Z,0.836444,0.836607,0.836444,0.836607,240.25691471
Kraken:ADAUSD,2022-04-27T05:30:00Z,0.836603,0.836603,0.836603,0.836603,146.215047
Kraken:ADAUSD,2022-04-27T05:31:00Z,0.837069,0.837418,0.837069,0.837418,1621.39564445
Kraken:ADAUSD,2022-04-27T05:32:00Z,0.836062,0.836062,0.836062,0.836062,6.871208
Kraken:ADAUSD,2022-04-27T05:33:00Z,0.835744,0.835744,0.835744,0.835744,23.452636
Kraken:ADAUSD,2022-04-27T05:35:00Z,0.836153,0.836153,0.836153,0.836153,63.080211
Kraken:ADAUSD,2022-04-27T05:37:00Z,0.836759,0.838004,0.836405,0.838004,3300.02612474
Kraken:ADAUSD,2022-04-27T05:38:00Z,0.838143,0.838143,0.838143,0.838143,11.014263
Kraken:ADAUSD,2022-04-27T05:39:00Z,0.838143,0.839165,0.838143,0.839107,1372.35017257
Kraken:ADAUSD,2022-04-27T05:40:00Z,0.838186,0.838186,0.838186,0.838186,53.249888
Kraken:ADAUSD,2022-04-27T05:41:00Z,0.8385,0.8385,0.8385,0.8385,25
Kraken:ADAUSD,2022-04-27T05:42:00Z,0.838806,0.838878,0.838806,0.838878,412.36949646
Kraken:ADAUSD,2022-04-27T05:45:00Z,0.839149,0.839597,0.839149,0.839597,582.70198749
Kraken:ADAUSD,2022-04-27T05:46:00Z,0.839597,0.839628,0.839597,0.839628,5.29685396
Kraken:ADAUSD,2022-04-27T05:52:00Z,0.8389,0.8389,0.838,0.838,134743.7709476
Kraken:ADAUSD,2022-04-27T05:55:00Z,0.837808,0.837808,0.837808,0.837808,119.682882
Kraken:ADAUSD,2022-04-27T05:57:00Z,0.837188,0.837188,0.836,0.836,772823.9772767596
Kraken:ADAUSD,2022-04-27T06:03:00Z,0.835451,0.835451,0.834999,0.834999,35038.34941398
Kraken:ADAUSD,2022-04-27T06:04:00Z,0.834999,0.835049,0.834999,0.834999,81741.5382748399
Kraken:ADAUSD,2022-04-27T06:05:00Z,0.835049,0.835049,0.833999,0.834,667573.7710011201
Kraken:ADAUSD,2022-04-27T06:06:00Z,0.834,0.834,0.833999,0.834,3295.34181505
Kraken:ADAUSD,2022-04-27T06:07:00Z,0.834,0.834,0.834,0.834,22612.01999063
Kraken:ADAUSD,2022-04-27T06:08:00Z,0.834,0.834,0.834,0.834,61592.98728891
Kraken:ADAUSD,2022-04-27T06:09:00Z,0.833999,0.834,0.833999,0.834,24000.30651753
Kraken:ADAUSD,2022-04-27T06:10:00Z,0.834,0.834,0.834,0.834,235174.3870065
Kraken:ADAUSD,2022-04-27T06:12:00Z,0.833159,0.833159,0.833066,0.833066,12860.465378
Kraken:ADAUSD,2022-04-27T06:13:00Z,0.832966,0.833,0.832966,0.833,13297.03235149
Kraken:ADAUSD,2022-04-27T06:14:00Z,0.833,0.833,0.833,0.833,600.2098
Kraken:ADAUSD,2022-04-27T06:15:00Z,0.83327,0.833455,0.8325,0.8325,100607.34650256
Kraken:ADAUSD,2022-04-27T06:16:00Z,0.8325,0.8325,0.8325,0.8325,74624.39564146
Kraken:ADAUSD,2022-04-27T06:17:00Z,0.8325,0.8325,0.8325,0.8325,39547.31712734
Kraken:ADAUSD,2022-04-27T06:18:00Z,0.8325,0.8325,0.8325,0.8325,79636.16209741
Kraken:ADAUSD,2022-04-27T06:19:00Z,0.8325,0.8325,0.8325,0.8325,52762.8360555
Kraken:ADAUSD,2022-04-27T06:20:00Z,0.8325,0.8325,0.832499,0.8325,20764.76350069
Kraken:ADAUSD,2022-04-27T06:21:00Z,0.8325,0.8325,0.8325,0.8325,46956.85867471
Kraken:ADAUSD,2022-04-27T06:22:00Z,0.832499,0.8325,0.832499,0.8325,8500.72376861
Kraken:ADAUSD,2022-04-27T06:23:00Z,0.8325,0.8325,0.8325,0.8325,19268.04347981
Kraken:ADAUSD,2022-04-27T06:24:00Z,0.8325,0.8325,0.8325,0.8325,3E+3
Kraken:ADAUSD,2022-04-27T06:25:00Z,0.8325,0.832962,0.8325,0.832962,25467.63656136
Kraken:ADAUSD,2022-04-27T06:26:00Z,0.833113,0.833257,0.833113,0.833257,36661.85023668
Kraken:ADAUSD,2022-04-27T06:29:00Z,0.833729,0.833855,0.833729,0.833855,4006.13550747
Kraken:ADAUSD,2022-04-27T06:30:00Z,0.833977,0.835831,0.833977,0.835831,401657.22970153
Kraken:ADAUSD,2022-04-27T06:31:00Z,0.836273,0.836455,0.836273,0.836455,4.25E+3
Kraken:ADAUSD,2022-04-27T06:32:00Z,0.836611,0.836611,0.836611,0.836611,47.296328
Kraken:ADAUSD,2022-04-27T06:33:00Z,0.837021,0.837021,0.837021,0.837021,67.13814572
Kraken:ADAUSD,2022-04-27T06:34:00Z,0.836877,0.836877,0.836877,0.836877,1E+2
Kraken:ADAUSD,2022-04-27T06:35:00Z,0.836876,0.836876,0.836876,0.836876,4.25602694
Kraken:ADAUSD,2022-04-27T06:36:00Z,0.837031,0.837031,0.836897,0.836897,23127.32489535
Kraken:ADAUSD,2022-04-27T06:37:00Z,0.837101,0.837101,0.837101,0.837101,5.17490885
Kraken:ADAUSD,2022-04-27T06:38:00Z,0.836876,0.836876,0.836107,0.836107,384.43967308
Kraken:ADAUSD,2022-04-27T06:39:00Z,0.835907,0.835907,0.835907,0.835907,2.468815
Kraken:ADAUSD,2022-04-27T06:40:00Z,0.836299,0.836299,0.836299,0.836299,5.64945
Kraken:ADAUSD,2022-04-27T06:43:00Z,0.837265,0.837792,0.837265,0.837792,794.89280323
Kraken:ADAUSD,2022-04-27T06:46:00Z,0.83792,0.838239,0.83792,0.838239,520.415433
Kraken:ADAUSD,2022-04-27T06:47:00Z,0.838239,0.838239,0.838239,0.838239,2.16708309
Kraken:ADAUSD,2022-04-27T06:48:00Z,0.838715,0.839241,0.838715,0.839241,8236.24413657
Kraken:ADAUSD,2022-04-27T06:49:00Z,0.839344,0.840254,0.839344,0.840254,12677.91973229
Kraken:ADAUSD,2022-04-27T06:50:00Z,0.840112,0.841149,0.840112,0.841149,32495.69504832
Kraken:ADAUSD,2022-04-27T06:52:00Z,0.841231,0.841627,0.841231,0.841621,1527.089511
Kraken:ADAUSD,2022-04-27T06:54:00Z,0.841647,0.841647,0.841621,0.841621,27.19314115
Kraken:ADAUSD,2022-04-27T06:56:00Z,0.840874,0.841258,0.840874,0.841258,55.687
Kraken:ADAUSD,2022-04-27T06:59:00Z,0.841647,0.84166,0.841647,0.84166,206.695293
Kraken:ADAUSD,2022-04-27T07:00:00Z,0.84166,0.842461,0.84166,0.842461,568.49017814
Kraken:ADAUSD,2022-04-27T07:01:00Z,0.842461,0.844138,0.84246,0.844138,2226.3762073
Kraken:ADAUSD,2022-04-27T07:02:00Z,0.844138,0.844241,0.844138,0.844241,81.97307735
Kraken:ADAUSD,2022-04-27T07:03:00Z,0.844319,0.844319,0.844319,0.844319,59.66751709
Kraken:ADAUSD,2022-04-27T07:04:00Z,0.843774,0.843774,0.843774,0.843774,2.7936738
Kraken:ADAUSD,2022-04-27T07:05:00Z,0.844275,0.844275,0.844275,0.844275,12
Kraken:ADAUSD,2022-04-27T07:07:00Z,0.84342,0.84342,0.843301,0.843301,69.41947712
Kraken:ADAUSD,2022-04-27T07:08:00Z,0.844409,0.846192,0.844409,0.846192,2398.07553671
Kraken:ADAUSD,2022-04-27T07:09:00Z,0.845939,0.845939,0.845939,0.845939,3.20268102
Kraken:ADAUSD,2022-04-27T07:10:00Z,0.845998,0.845998,0.845997,0.845997,6.9E+2
Kraken:ADAUSD,2022-04-27T07:12:00Z,0.846207,0.846207,0.846207,0.846207,35.4523184
Kraken:ADAUSD,2022-04-27T07:13:00Z,0.845839,0.845944,0.845839,0.845944,10073.8181
Kraken:ADAUSD,2022-04-27T07:14:00Z,0.844756,0.844956,0.842001,0.844956,528399.15797959
Kraken:ADAUSD,2022-04-27T07:15:00Z,0.844582,0.846621,0.844582,0.846621,37044.34451098
Kraken:ADAUSD,2022-04-27T07:17:00Z,0.846503,0.846706,0.846501,0.846706,5220.01787176
Kraken:ADAUSD,2022-04-27T07:18:00Z,0.846708,0.847198,0.846708,0.847175,24767.60361783
Kraken:ADAUSD,2022-04-27T07:19:00Z,0.846939,0.846967,0.846706,0.846706,43281.83378358
Kraken:ADAUSD,2022-04-27T07:20:00Z,0.846116,0.846116,0.846116,0.846116,17
Kraken:ADAUSD,2022-04-27T07:21:00Z,0.844999,0.845683,0.844999,0.845683,6399.69597545
Kraken:ADAUSD,2022-04-27T07:24:00Z,0.845369,0.845369,0.845369,0.845369,12.6832
Kraken:ADAUSD,2022-04-27T07:26:00Z,0.843365,0.843365,0.843365,0.843365,155.5881
Kraken:ADAUSD,2022-04-27T07:27:00Z,0.843799,0.844074,0.843799,0.844074,1169.155013
Kraken:ADAUSD,2022-04-27T07:28:00Z,0.844074,0.844074,0.843759,0.843759,32810.3375882
Kraken:ADAUSD,2022-04-27T07:30:00Z,0.844171,0.844171,0.844171,0.844171,120.000385
Kraken:ADAUSD,2022-04-27T07:32:00Z,0.844083,0.844691,0.844083,0.844691,3461.174517
Kraken:ADAUSD,2022-04-27T07:33:00Z,0.844794,0.845286,0.844794,0.845286,2011.03950623
Kraken:ADAUSD,2022-04-27T07:34:00Z,0.845488,0.845488,0.845488,0.845488,25
Kraken:ADAUSD,2022-04-27T07:35:00Z,0.845558,0.846428,0.845558,0.846428,20435.01413139
Kraken:ADAUSD,2022-04-27T07:36:00Z,0.846429,0.847124,0.846429,0.847124,32665.09408362
Kraken:ADAUSD,2022-04-27T07:38:00Z,0.847074,0.847864,0.847074,0.847864,436.45715149
Kraken:ADAUSD,2022-04-27T07:40:00Z,0.847912,0.849636,0.847912,0.849636,11138.16261608
Kraken:ADAUSD,2022-04-27T07:44:00Z,0.849184,0.849184,0.849184,0.849184,141.34123296
Kraken:ADAUSD,2022-04-27T07:53:00Z,0.848679,0.849049,0.848679,0.849049,63.32078651
Kraken:ADAUSD,2022-04-27T07:54:00Z,0.849388,0.849794,0.849388,0.849794,529.17402504
Kraken:ADAUSD,2022-04-27T07:55:00Z,0.849999,0.849999,0.849999,0.849999,2770.144263
Kraken:ADAUSD,2022-04-27T07:56:00Z,0.85,0.850788,0.85,0.85056,14694.0934965
Kraken:ADAUSD,2022-04-27T07:57:00Z,0.850799,0.850831,0.850772,0.850831,5728.339138
Kraken:ADAUSD,2022-04-27T07:59:00Z,0.850835,0.850986,0.850835,0.850986,339.72947567
Kraken:ADAUSD,2022-04-27T08:00:00Z,0.850986,0.851703,0.850986,0.851703,6363.9343254
Kraken:ADAUSD,2022-04-27T08:01:00Z,0.850618,0.852876,0.850618,0.851414,511470.79410551
Kraken:ADAUSD,2022-04-27T08:03:00Z,0.852256,0.852256,0.852256,0.852256,230.059355
Kraken:ADAUSD,2022-04-27T08:05:00Z,0.851924,0.851924,0.851924,0.851924,63.2934689
Kraken:ADAUSD,2022-04-27T08:07:00Z,0.8504,0.8504,0.850394,0.850394,46.67040511
Kraken:ADAUSD,2022-04-27T08:13:00Z,0.851105,0.851105,0.851105,0.851105,289.383987
Kraken:ADAUSD,2022-04-27T08:14:00Z,0.851228,0.851429,0.851181,0.851181,6056.39138175
Kraken:ADAUSD,2022-04-27T08:15:00Z,0.851466,0.85322,0.851466,0.85322,5178.48514838
Kraken:ADAUSD,2022-04-27T08:16:00Z,0.853284,0.853477,0.852493,0.852631,4305.78750315
Kraken:ADAUSD,2022-04-27T08:18:00Z,0.852524,0.852524,0.852177,0.852177,15376.58754713
Kraken:ADAUSD,2022-04-27T08:20:00Z,0.852177,0.852177,0.852177,0.852177,115.034267
Kraken:ADAUSD,2022-04-27T08:24:00Z,0.849508,0.849508,0.849482,0.849482,6E+3
Kraken:ADAUSD,2022-04-27T08:29:00Z,0.84828,0.84828,0.84828,0.84828,206.7535079
Kraken:ADAUSD,2022-04-27T08:33:00Z,0.846344,0.846344,0.84514,0.845582,35358.50703319
Kraken:ADAUSD,2022-04-27T08:34:00Z,0.84457,0.84457,0.841789,0.841789,5562.3018531
Kraken:ADAUSD,2022-04-27T08:35:00Z,0.842123,0.842771,0.84144,0.84144,296832.07026039
Kraken:ADAUSD,2022-04-27T08:36:00Z,0.842316,0.842316,0.841298,0.841298,540.89212033
Kraken:ADAUSD,2022-04-27T08:37:00Z,0.841187,0.841498,0.840698,0.841498,544.99504667
Kraken:ADAUSD,2022-04-27T08:40:00Z,0.841475,0.841475,0.841442,0.841442,29.473563
Kraken:ADAUSD,2022-04-27T08:41:00Z,0.841334,0.841334,0.841334,0.841334,29.70793534
Kraken:ADAUSD,2022-04-27T08:47:00Z,0.840992,0.840992,0.839713,0.839713,1491.06051604
Kraken:ADAUSD,2022-04-27T08:48:00Z,0.839611,0.839611,0.838976,0.838976,707.04860058
Kraken:ADAUSD,2022-04-27T08:49:00Z,0.838942,0.838942,0.838578,0.838578,796.64376217
Kraken:ADAUSD,2022-04-27T08:50:00Z,0.83814,0.83814,0.836091,0.836807,4248.04819003
Kraken:ADAUSD,2022-04-27T08:52:00Z,0.838859,0.838859,0.838859,0.838859,8.81445605
Kraken:ADAUSD,2022-04-27T08:53:00Z,0.83916,0.83916,0.83916,0.83916,20.83936662
Kraken:ADAUSD,2022-04-27T08:54:00Z,0.839377,0.839377,0.839377,0.839377,5.33022262
Kraken:ADAUSD,2022-04-27T08:55:00Z,0.840228,0.841247,0.840228,0.841247,169.96798208
Kraken:ADAUSD,2022-04-27T08:56:00Z,0.841248,0.843647,0.841248,0.843647,19132.40153646
Kraken:ADAUSD,2022-04-27T08:57:00Z,0.842666,0.842666,0.842666,0.842666,17.28640523
Kraken:ADAUSD,2022-04-27T08:58:00Z,0.842424,0.842559,0.842303,0.842303,163.44545424
Kraken:ADAUSD,2022-04-27T09:03:00Z,0.843738,0.843746,0.843738,0.843746,45.80957598
Kraken:ADAUSD,2022-04-27T09:04:00Z,0.843805,0.844319,0.843805,0.844319,581.84793286
Kraken:ADAUSD,2022-04-27T09:05:00Z,0.844567,0.84524,0.844567,0.84524,228.40870657
Kraken:ADAUSD,2022-04-27T09:06:00Z,0.845336,0.845339,0.845228,0.845228,7039.55319395
Kraken:ADAUSD,2022-04-27T09:08:00Z,0.844363,0.844579,0.844363,0.844473,1715.79781027
Kraken:ADAUSD,2022-04-27T09:09:00Z,0.8438,0.8438,0.8438,0.8438,954.19042402
Kraken:ADAUSD,2022-04-27T09:11:00Z,0.842176,0.842176,0.842176,0.842176,7.1104584
Kraken:ADAUSD,2022-04-27T09:13:00Z,0.842169,0.842169,0.842169,0.842169,1298.64891001
Kraken:ADAUSD,2022-04-27T09:16:00Z,0.842812,0.842812,0.842812,0.842812,26.58120894
Kraken:ADAUSD,2022-04-27T09:19:00Z,0.842745,0.842745,0.842734,0.842734,468.0837414
Kraken:ADAUSD,2022-04-27T09:20:00Z,0.843489,0.843909,0.843489,0.843813,222.06864226
Kraken:ADAUSD,2022-04-27T09:21:00Z,0.844055,0.844811,0.844055,0.844811,1484.72869487
Kraken:ADAUSD,2022-04-27T09:22:00Z,0.844968,0.845322,0.844455,0.844455,4171.96394194
Kraken:ADAUSD,2022-04-27T09:23:00Z,0.845347,0.845347,0.845347,0.845347,284.68485115
Kraken:ADAUSD,2022-04-27T09:24:00Z,0.845537,0.846043,0.845537,0.846043,909.32454252
Kraken:ADAUSD,2022-04-27T09:25:00Z,0.846082,0.847103,0.846082,0.847103,19585.52415933
Kraken:ADAUSD,2022-04-27T09:26:00Z,0.846569,0.846569,0.846569,0.846569,591.1395
Kraken:ADAUSD,2022-04-27T09:27:00Z,0.846616,0.846616,0.845943,0.845943,41.350519
Kraken:ADAUSD,2022-04-27T09:28:00Z,0.845865,0.847551,0.845865,0.847551,6758.3182592
Kraken:ADAUSD,2022-04-27T09:29:00Z,0.847706,0.847863,0.847331,0.847331,1156.53406581
Kraken:ADAUSD,2022-04-27T09:30:00Z,0.847864,0.847996,0.847717,0.847717,1727.597061
Kraken:ADAUSD,2022-04-27T09:31:00Z,0.847715,0.847715,0.847065,0.847065,435247.9454103
Kraken:ADAUSD,2022-04-27T09:32:00Z,0.847066,0.847066,0.847066,0.847066,325.93426175
Kraken:ADAUSD,2022-04-27T09:33:00Z,0.847133,0.847133,0.847133,0.847133,590.3348
Kraken:ADAUSD,2022-04-27T09:34:00Z,0.847066,0.847066,0.847066,0.847066,354.15404992
Kraken:ADAUSD,2022-04-27T09:35:00Z,0.847065,0.847065,0.847065,0.847065,590.3989
Kraken:ADAUSD,2022-04-27T09:36:00Z,0.847065,0.847065,0.847065,0.847065,556388.0773478
Kraken:ADAUSD,2022-04-27T09:38:00Z,0.846997,0.847061,0.846997,0.847061,590.320863
Kraken:ADAUSD,2022-04-27T09:40:00Z,0.847282,0.847385,0.847282,0.847385,37.37355839
Kraken:ADAUSD,2022-04-27T09:42:00Z,0.847524,0.847709,0.847524,0.847709,798.04891423
Kraken:ADAUSD,2022-04-27T09:43:00Z,0.847448,0.847658,0.847448,0.847646,12469.90965816
Kraken:ADAUSD,2022-04-27T09:44:00Z,0.847715,0.847715,0.847715,0.847715,57.918488
Kraken:ADAUSD,2022-04-27T09:53:00Z,0.847828,0.848402,0.847828,0.848402,202.69780093
Kraken:ADAUSD,2022-04-27T09:54:00Z,0.848377,0.848377,0.848377,0.848377,5.5
Kraken:ADAUSD,2022-04-27T09:56:00Z,0.848424,0.849408,0.848424,0.849408,225000.39588948
Kraken:ADAUSD,2022-04-27T09:57:00Z,0.849408,0.849408,0.849408,0.849408,297691.72648929
Kraken:ADAUSD,2022-04-27T09:58:00Z,0.849386,0.849408,0.848672,0.848672,58115.45698
Kraken:ADAUSD,2022-04-27T09:59:00Z,0.848367,0.848367,0.847736,0.847736,201110.15407113
Kraken:ADAUSD,2022-04-27T10:00:00Z,0.847708,0.847708,0.847708,0.847708,166810.61022401
Kraken:ADAUSD,2022-04-27T10:01:00Z,0.84749,0.84749,0.847267,0.847267,19323.75037169
Kraken:ADAUSD,2022-04-27T10:02:00Z,0.84723,0.847236,0.84723,0.847236,3.5E+3
Kraken:ADAUSD,2022-04-27T10:05:00Z,0.846298,0.846298,0.845655,0.845655,32728.90650904
Kraken:ADAUSD,2022-04-27T10:06:00Z,0.8455,0.846091,0.8455,0.845675,33189.86463916
Kraken:ADAUSD,2022-04-27T10:10:00Z,0.84465,0.84465,0.844303,0.84465,28027.38993109
Kraken:ADAUSD,2022-04-27T10:13:00Z,0.844449,0.844449,0.844449,0.844449,17.236157
Kraken:ADAUSD,2022-04-27T10:15:00Z,0.844013,0.844014,0.844013,0.844014,1302.5
Kraken:ADAUSD,2022-04-27T10:16:00Z,0.84362,0.843762,0.843619,0.843619,19581.90264782
Kraken:ADAUSD,2022-04-27T10:19:00Z,0.843667,0.843667,0.843667,0.843667,1E+2
Kraken:ADAUSD,2022-04-27T10:20:00Z,0.843957,0.843957,0.843957,0.843957,46.461652
Kraken:ADAUSD,2022-04-27T10:22:00Z,0.844403,0.844403,0.844323,0.844323,39.775489
Kraken:ADAUSD,2022-04-27T10:27:00Z,0.842712,0.842712,0.842712,0.842712,17
Kraken:ADAUSD,2022-04-27T10:31:00Z,0.843822,0.84417,0.843822,0.84417,30.48141109
Kraken:ADAUSD,2022-04-27T10:32:00Z,0.844379,0.845035,0.843268,0.843268,16000.52540143
Kraken:ADAUSD,2022-04-27T10:36:00Z,0.843217,0.843217,0.843217,0.843217,604.479664
Kraken:ADAUSD,2022-04-27T10:37:00Z,0.844276,0.844336,0.844276,0.844336,16.92906091
Kraken:ADAUSD,2022-04-27T10:38:00Z,0.844339,0.8444,0.844339,0.8444,694.96780883
Kraken:ADAUSD,2022-04-27T10:40:00Z,0.845242,0.845665,0.845242,0.845665,51.50406629
Kraken:ADAUSD,2022-04-27T10:41:00Z,0.845462,0.845462,0.845462,0.845462,1.6E+3
Kraken:ADAUSD,2022-04-27T10:43:00Z,0.845696,0.845696,0.845696,0.845696,2.61154205
Kraken:ADAUSD,2022-04-27T10:44:00Z,0.846576,0.846576,0.846576,0.846576,1E+3
Kraken:ADAUSD,2022-04-27T10:45:00Z,0.845947,0.846012,0.845946,0.846012,1761.80044516
Kraken:ADAUSD,2022-04-27T10:46:00Z,0.845636,0.845636,0.844417,0.844427,3.4E+3
Kraken:ADAUSD,2022-04-27T10:47:00Z,0.843356,0.843362,0.842849,0.842849,3995.41962128
Kraken:ADAUSD,2022-04-27T10:48:00Z,0.843336,0.843336,0.843336,0.843336,1E+3
Kraken:ADAUSD,2022-04-27T10:49:00Z,0.842981,0.842981,0.842704,0.842704,2102.613939
Kraken:ADAUSD,2022-04-27T10:51:00Z,0.843918,0.843983,0.843918,0.843983,272.4348725
Kraken:ADAUSD,2022-04-27T10:52:00Z,0.844116,0.844173,0.844116,0.844173,20.7907
Kraken:ADAUSD,2022-04-27T10:53:00Z,0.844299,0.844689,0.844299,0.844689,1198.46945121
Kraken:ADAUSD,2022-04-27T10:56:00Z,0.845558,0.845558,0.845558,0.845558,26.583924
Kraken:ADAUSD,2022-04-27T11:00:00Z,0.845617,0.845836,0.845617,0.845836,2315
Kraken:ADAUSD,2022-04-27T11:02:00Z,0.845525,0.845525,0.844529,0.844529,72.84530498
Kraken:ADAUSD,2022-04-27T11:03:00Z,0.844582,0.844964,0.844582,0.844633,1370.574427
Kraken:ADAUSD,2022-04-27T11:04:00Z,0.844151,0.844164,0.844023,0.844023,19890.08954054
Kraken:ADAUSD,2022-04-27T11:05:00Z,0.842154,0.842154,0.839891,0.839891,39733.11236003
Kraken:ADAUSD,2022-04-27T11:06:00Z,0.839751,0.839751,0.838578,0.83871,21356.27129145
Kraken:ADAUSD,2022-04-27T11:07:00Z,0.838914,0.838914,0.838914,0.838914,596.0086
Kraken:ADAUSD,2022-04-27T11:08:00Z,0.837948,0.837948,0.837948,0.837948,35.04634132
Kraken:ADAUSD,2022-04-27T11:09:00Z,0.837947,0.837947,0.837284,0.837284,365.81993324
Kraken:ADAUSD,2022-04-27T11:10:00Z,0.837284,0.837284,0.837224,0.837224,127.83304681
Kraken:ADAUSD,2022-04-27T11:11:00Z,0.837225,0.837225,0.837225,0.837225,23.412503
Kraken:ADAUSD,2022-04-27T11:13:00Z,0.837415,0.837718,0.837415,0.837718,35.25496916
Kraken:ADAUSD,2022-04-27T11:14:00Z,0.837224,0.837224,0.835441,0.835441,2206.4736689
Kraken:ADAUSD,2022-04-27T11:15:00Z,0.836081,0.836081,0.836081,0.836081,2451.46357206
Kraken:ADAUSD,2022-04-27T11:16:00Z,0.836359,0.836359,0.836359,0.836359,7.02276577
Kraken:ADAUSD,2022-04-27T11:18:00Z,0.837249,0.837249,0.837249,0.837249,29.85969526
Kraken:ADAUSD,2022-04-27T11:19:00Z,0.837076,0.837076,0.837076,0.837076,17.915
Kraken:ADAUSD,2022-04-27T11:21:00Z,0.835356,0.835356,0.833525,0.833525,12103.3051429
Kraken:ADAUSD,2022-04-27T11:22:00Z,0.833272,0.833272,0.831255,0.8322,3459.57529662
Kraken:ADAUSD,2022-04-27T11:23:00Z,0.833965,0.833965,0.833965,0.833965,17.986
Kraken:ADAUSD,2022-04-27T11:24:00Z,0.833156,0.833156,0.833156,0.833156,11.765359
Kraken:ADAUSD,2022-04-27T11:26:00Z,0.831789,0.831789,0.831789,0.831789,1E+3
Kraken:ADAUSD,2022-04-27T11:29:00Z,0.832205,0.832205,0.83219,0.83219,9657.82427954
Kraken:ADAUSD,2022-04-27T11:30:00Z,0.832188,0.833956,0.83215,0.833956,12021.56005928
Kraken:ADAUSD,2022-04-27T11:31:00Z,0.834165,0.83493,0.834165,0.83493,107.16628889
Kraken:ADAUSD,2022-04-27T11:33:00Z,0.835131,0.835257,0.835131,0.835257,33.36975826
Kraken:ADAUSD,2022-04-27T11:34:00Z,0.835634,0.836216,0.835634,0.836195,979.13818704
Kraken:ADAUSD,2022-04-27T11:36:00Z,0.835257,0.835257,0.835078,0.835078,30.97910643
Kraken:ADAUSD,2022-04-27T11:39:00Z,0.835624,0.835624,0.835624,0.835624,8.726966
Kraken:ADAUSD,2022-04-27T11:40:00Z,0.835591,0.835591,0.835591,0.835591,59.10171
Kraken:ADAUSD,2022-04-27T11:41:00Z,0.836278,0.836377,0.836278,0.836377,18.37229745
Kraken:ADAUSD,2022-04-27T11:42:00Z,0.836377,0.836944,0.836377,0.836944,43.7660285
Kraken:ADAUSD,2022-04-27T11:43:00Z,0.837036,0.837036,0.837036,0.837036,210.77935685
Kraken:ADAUSD,2022-04-27T11:45:00Z,0.836342,0.836342,0.836342,0.836342,202.950835
Kraken:ADAUSD,2022-04-27T11:47:00Z,0.837473,0.837717,0.837473,0.837717,23.49020132
Kraken:ADAUSD,2022-04-27T11:49:00Z,0.836809,0.836809,0.836617,0.836617,3207.5
Kraken:ADAUSD,2022-04-27T11:50:00Z,0.836536,0.836536,0.836536,0.836536,2.6E+3
Kraken:ADAUSD,2022-04-27T11:56:00Z,0.836814,0.836814,0.836814,0.836814,138.872415
Kraken:ADAUSD,2022-04-27T11:57:00Z,0.837683,0.839721,0.837683,0.839721,4816.34667479
Kraken:ADAUSD,2022-04-27T11:58:00Z,0.837412,0.837412,0.837412,0.837412,514.95915372
Kraken:ADAUSD,2022-04-27T11:59:00Z,0.837733,0.837733,0.837733,0.837733,117.596566
Kraken:ADAUSD,2022-04-27T12:00:00Z,0.838601,0.839085,0.838601,0.839085,1037.14398739
Kraken:ADAUSD,2022-04-27T12:01:00Z,0.83953,0.83953,0.83953,0.83953,22.320223
Kraken:ADAUSD,2022-04-27T12:02:00Z,0.839895,0.841239,0.839895,0.841239,1765.44712806
Kraken:ADAUSD,2022-04-27T12:03:00Z,0.84124,0.841271,0.84124,0.841271,313.18783871
Kraken:ADAUSD,2022-04-27T12:04:00Z,0.841397,0.841847,0.841397,0.841847,823.11598262
Kraken:ADAUSD,2022-04-27T12:05:00Z,0.841881,0.841881,0.841881,0.841881,236.116157
Kraken:ADAUSD,2022-04-27T12:06:00Z,0.841882,0.841882,0.841882,0.841882,3.86086464
Kraken:ADAUSD,2022-04-27T12:07:00Z,0.841102,0.841102,0.841102,0.841102,17
Kraken:ADAUSD,2022-04-27T12:08:00Z,0.841584,0.841584,0.841584,0.841584,8.57730804
Kraken:ADAUSD,2022-04-27T12:10:00Z,0.841828,0.842184,0.841828,0.842102,20357.68
Kraken:ADAUSD,2022-04-27T12:12:00Z,0.841632,0.841632,0.841632,0.841632,1165.008891
Kraken:ADAUSD,2022-04-27T12:17:00Z,0.841618,0.841618,0.841618,0.841618,100.13133
Kraken:ADAUSD,2022-04-27T12:18:00Z,0.841285,0.841285,0.839955,0.840042,11494.39322367
Kraken:ADAUSD,2022-04-27T12:20:00Z,0.839918,0.839918,0.839511,0.839655,4404.33561395
Kraken:ADAUSD,2022-04-27T12:21:00Z,0.839202,0.839202,0.839202,0.839202,208.6920747
Kraken:ADAUSD,2022-04-27T12:23:00Z,0.83806,0.83806,0.837969,0.837969,2620.868099
Kraken:ADAUSD,2022-04-27T12:24:00Z,0.838122,0.838122,0.838122,0.838122,1.4E+3
Kraken:ADAUSD,2022-04-27T12:25:00Z,0.838812,0.838812,0.838812,0.838812,6.12
Kraken:ADAUSD,2022-04-27T12:26:00Z,0.838886,0.838886,0.838886,0.838886,297.9393324
Kraken:ADAUSD,2022-04-27T12:27:00Z,0.839247,0.839247,0.839247,0.839247,68.693175
Kraken:ADAUSD,2022-04-27T12:29:00Z,0.839421,0.840058,0.839421,0.840058,22.29213879
Kraken:ADAUSD,2022-04-27T12:30:00Z,0.840221,0.840221,0.84012,0.84012,75.624288
Kraken:ADAUSD,2022-04-27T12:32:00Z,0.840228,0.840228,0.840058,0.840058,594.04214456
Kraken:ADAUSD,2022-04-27T12:33:00Z,0.840058,0.840058,0.838788,0.838788,44830.264388
Kraken:ADAUSD,2022-04-27T12:44:00Z,0.838479,0.838479,0.838479,0.838479,9.23446
Kraken:ADAUSD,2022-04-27T12:45:00Z,0.838585,0.838585,0.838585,0.838585,37.778482
Kraken:ADAUSD,2022-04-27T12:49:00Z,0.836675,0.836675,0.836675,0.836675,209.62125758
Kraken:ADAUSD,2022-04-27T12:51:00Z,0.835813,0.835813,0.835759,0.835759,6239.832365
Kraken:ADAUSD,2022-04-27T12:53:00Z,0.835181,0.8352,0.835181,0.8352,8638.64524842
Kraken:ADAUSD,2022-04-27T12:55:00Z,0.835582,0.835886,0.835582,0.835636,8033.23316234
Kraken:ADAUSD,2022-04-27T12:58:00Z,0.83518,0.83518,0.834741,0.834748,13967.72577837
Kraken:ADAUSD,2022-04-27T12:59:00Z,0.834554,0.834554,0.833909,0.833909,3322.75030039
Kraken:ADAUSD,2022-04-27T13:00:00Z,0.83534,0.835465,0.83534,0.835465,38.18099049
Kraken:ADAUSD,2022-04-27T13:03:00Z,0.835378,0.835561,0.835374,0.835561,5690.7873512
Kraken:ADAUSD,2022-04-27T13:05:00Z,0.833882,0.833882,0.833284,0.833284,4559.93221092
Kraken:ADAUSD,2022-04-27T13:06:00Z,0.833843,0.833843,0.833843,0.833843,35.262473
Kraken:ADAUSD,2022-04-27T13:07:00Z,0.833376,0.833376,0.833376,0.833376,3.42379658
Kraken:ADAUSD,2022-04-27T13:08:00Z,0.833273,0.833273,0.833064,0.833064,673.75493121
Kraken:ADAUSD,2022-04-27T13:09:00Z,0.832758,0.832758,0.832598,0.832598,123.6272385
Kraken:ADAUSD,2022-04-27T13:10:00Z,0.83266,0.83266,0.83266,0.83266,21
Kraken:ADAUSD,2022-04-27T13:11:00Z,0.832483,0.832483,0.832391,0.832391,421.432
Kraken:ADAUSD,2022-04-27T13:16:00Z,0.833142,0.833142,0.833142,0.833142,167.579006
Kraken:ADAUSD,2022-04-27T13:17:00Z,0.833113,0.833396,0.833113,0.833396,56.59070122
Kraken:ADAUSD,2022-04-27T13:18:00Z,0.834222,0.835541,0.834222,0.835541,35699.34364494
Kraken:ADAUSD,2022-04-27T13:19:00Z,0.834742,0.835329,0.83474,0.835329,3358.79332619
Kraken:ADAUSD,2022-04-27T13:20:00Z,0.835897,0.837074,0.835897,0.837074,221.78616112
Kraken:ADAUSD,2022-04-27T13:21:00Z,0.836962,0.84002,0.836962,0.84002,967.24048351
Kraken:ADAUSD,2022-04-27T13:22:00Z,0.840104,0.843982,0.840104,0.843982,5244.89744256
Kraken:ADAUSD,2022-04-27T13:23:00Z,0.844089,0.846835,0.844089,0.846835,5288.73089245
Kraken:ADAUSD,2022-04-27T13:24:00Z,0.845663,0.845844,0.845663,0.845844,2021.27322975
Kraken:ADAUSD,2022-04-27T13:25:00Z,0.845113,0.845238,0.844498,0.844498,2369.1927
Kraken:ADAUSD,2022-04-27T13:27:00Z,0.844426,0.846493,0.844426,0.84639,15454.56020307
Kraken:ADAUSD,2022-04-27T13:28:00Z,0.846966,0.847857,0.846608,0.846765,5097.55711972
Kraken:ADAUSD,2022-04-27T13:29:00Z,0.845923,0.845923,0.845923,0.845923,17
Kraken:ADAUSD,2022-04-27T13:30:00Z,0.847375,0.847956,0.847375,0.847956,2329.9262541
Kraken:ADAUSD,2022-04-27T13:31:00Z,0.848034,0.850997,0.848034,0.850082,25673.98510793
Kraken:ADAUSD,2022-04-27T13:32:00Z,0.849785,0.850772,0.849386,0.84949,28290.52112262
Kraken:ADAUSD,2022-04-27T13:33:00Z,0.847797,0.848583,0.847374,0.848583,312.68239457
Kraken:ADAUSD,2022-04-27T13:34:00Z,0.849261,0.849762,0.848271,0.848271,21244.70748936
Kraken:ADAUSD,2022-04-27T13:35:00Z,0.848045,0.848045,0.848009,0.848009,1081.558454
Kraken:ADAUSD,2022-04-27T13:36:00Z,0.848162,0.848162,0.848162,0.848162,67.209195
Kraken:ADAUSD,2022-04-27T13:37:00Z,0.847818,0.848363,0.847818,0.848363,38183.2967
Kraken:ADAUSD,2022-04-27T13:38:00Z,0.848362,0.848363,0.8481,0.848363,32941.36595705
Kraken:ADAUSD,2022-04-27T13:39:00Z,0.847898,0.847898,0.847374,0.847565,1308.20043152
Kraken:ADAUSD,2022-04-27T13:40:00Z,0.847861,0.848168,0.847861,0.848168,32897.02823621
Kraken:ADAUSD,2022-04-27T13:41:00Z,0.846948,0.846948,0.846948,0.846948,590.2825
Kraken:ADAUSD,2022-04-27T13:43:00Z,0.84846,0.848766,0.84846,0.848766,1078.123849
Kraken:ADAUSD,2022-04-27T13:44:00Z,0.848551,0.848551,0.848419,0.848419,1009.652463
Kraken:ADAUSD,2022-04-27T13:45:00Z,0.849049,0.850375,0.849049,0.850375,160.22621484
Kraken:ADAUSD,2022-04-27T13:46:00Z,0.850398,0.850551,0.849245,0.849245,1312.237
Kraken:ADAUSD,2022-04-27T13:48:00Z,0.850518,0.85196,0.850518,0.85196,6649.27557322
Kraken:ADAUSD,2022-04-27T13:49:00Z,0.851458,0.851458,0.851458,0.851458,34.94838103
Kraken:ADAUSD,2022-04-27T13:50:00Z,0.851998,0.852116,0.851998,0.852116,10660.67667114
Kraken:ADAUSD,2022-04-27T13:51:00Z,0.852195,0.856319,0.852195,0.856319,31584.93937484
Kraken:ADAUSD,2022-04-27T13:52:00Z,0.854539,0.854539,0.852068,0.852068,117
Kraken:ADAUSD,2022-04-27T13:53:00Z,0.851055,0.851055,0.850212,0.850375,3038.82412045
Kraken:ADAUSD,2022-04-27T13:56:00Z,0.850212,0.850212,0.848431,0.848431,50020.58310163
Kraken:ADAUSD,2022-04-27T13:58:00Z,0.848282,0.848282,0.847977,0.847977,390.42198861
Kraken:ADAUSD,2022-04-27T13:59:00Z,0.847974,0.848114,0.847974,0.848114,914.98067409
Kraken:ADAUSD,2022-04-27T14:00:00Z,0.848847,0.848847,0.848505,0.848505,75.43196687
Kraken:ADAUSD,2022-04-27T14:01:00Z,0.847809,0.848189,0.847809,0.848189,102.83262342
Kraken:ADAUSD,2022-04-27T14:02:00Z,0.847677,0.847677,0.842998,0.843241,5508.90613002
Kraken:ADAUSD,2022-04-27T14:03:00Z,0.842998,0.842998,0.837826,0.837826,27750.98459634
Kraken:ADAUSD,2022-04-27T14:04:00Z,0.837755,0.83841,0.837755,0.83841,26316.37441702
Kraken:ADAUSD,2022-04-27T14:05:00Z,0.837889,0.837923,0.836293,0.836293,19908.04193995
Kraken:ADAUSD,2022-04-27T14:06:00Z,0.838419,0.840432,0.838272,0.840236,6509.7381234
Kraken:ADAUSD,2022-04-27T14:07:00Z,0.839865,0.843396,0.839865,0.843396,36381.11803266
Kraken:ADAUSD,2022-04-27T14:09:00Z,0.840117,0.84122,0.840032,0.84122,1.09E+4
Kraken:ADAUSD,2022-04-27T14:10:00Z,0.840748,0.840748,0.840748,0.840748,17.686311
Kraken:ADAUSD,2022-04-27T14:11:00Z,0.840372,0.840372,0.840372,0.840372,1117.91870987
Kraken:ADAUSD,2022-04-27T14:12:00Z,0.836675,0.837897,0.836037,0.837897,30117.556435
Kraken:ADAUSD,2022-04-27T14:14:00Z,0.838634,0.839097,0.835205,0.836299,115195.89170708
Kraken:ADAUSD,2022-04-27T14:15:00Z,0.835196,0.835196,0.833568,0.833568,4818.69871552
Kraken:ADAUSD,2022-04-27T14:16:00Z,0.833567,0.833567,0.831708,0.831708,48643.8254492
Kraken:ADAUSD,2022-04-27T14:17:00Z,0.832139,0.832139,0.831075,0.831075,544.977006
Kraken:ADAUSD,2022-04-27T14:18:00Z,0.831208,0.833475,0.831208,0.833475,2059.3544
Kraken:ADAUSD,2022-04-27T14:19:00Z,0.833861,0.836405,0.833861,0.836214,6734.41123552
Kraken:ADAUSD,2022-04-27T14:20:00Z,0.835753,0.835753,0.835001,0.835001,535.935798
Kraken:ADAUSD,2022-04-27T14:21:00Z,0.836973,0.839893,0.836973,0.839883,2524.48281368
Kraken:ADAUSD,2022-04-27T14:22:00Z,0.839144,0.839144,0.839143,0.839143,32496.36536142
Kraken:ADAUSD,2022-04-27T14:23:00Z,0.83768,0.83768,0.83768,0.83768,17.891
Kraken:ADAUSD,2022-04-27T14:24:00Z,0.838722,0.838722,0.837331,0.837331,8728.68376461
Kraken:ADAUSD,2022-04-27T14:25:00Z,0.837737,0.839795,0.837737,0.839795,101.59264929
Kraken:ADAUSD,2022-04-27T14:27:00Z,0.837131,0.837131,0.837131,0.837131,312.250562
Kraken:ADAUSD,2022-04-27T14:29:00Z,0.835173,0.835173,0.834373,0.834373,490.70433385
Kraken:ADAUSD,2022-04-27T14:31:00Z,0.832758,0.832758,0.831189,0.831189,1946.27065425
Kraken:ADAUSD,2022-04-27T14:32:00Z,0.831057,0.831069,0.830627,0.830627,6300.53034488
Kraken:ADAUSD,2022-04-27T14:33:00Z,0.830893,0.830894,0.82935,0.82935,61097.69358628
Kraken:ADAUSD,2022-04-27T14:34:00Z,0.830894,0.832325,0.830894,0.832325,808.062214
Kraken:ADAUSD,2022-04-27T14:35:00Z,0.833714,0.83526,0.833714,0.83526,3000.73990961
Kraken:ADAUSD,2022-04-27T14:36:00Z,0.835777,0.846082,0.835777,0.840625,285800.47445639
Kraken:ADAUSD,2022-04-27T14:37:00Z,0.840772,0.840823,0.840453,0.840735,21458.00402537
Kraken:ADAUSD,2022-04-27T14:38:00Z,0.84,0.841772,0.84,0.841772,693.82881332
Kraken:ADAUSD,2022-04-27T14:39:00Z,0.84189,0.84189,0.840826,0.840826,113.61547155
Kraken:ADAUSD,2022-04-27T14:40:00Z,0.84,0.84,0.839162,0.839162,281.34425472
Kraken:ADAUSD,2022-04-27T14:41:00Z,0.838995,0.838995,0.838286,0.838286,1665.08644322
Kraken:ADAUSD,2022-04-27T14:42:00Z,0.838903,0.838903,0.838286,0.838698,6066.0165
Kraken:ADAUSD,2022-04-27T14:43:00Z,0.839606,0.839628,0.839606,0.839628,497.50959254
Kraken:ADAUSD,2022-04-27T14:44:00Z,0.83871,0.83871,0.83871,0.83871,596.1536
Kraken:ADAUSD,2022-04-27T14:45:00Z,0.837947,0.837947,0.837947,0.837947,41.84612596
Kraken:ADAUSD,2022-04-27T14:46:00Z,0.838727,0.840658,0.838727,0.840658,2919.71448525
Kraken:ADAUSD,2022-04-27T14:47:00Z,0.840387,0.84087,0.839961,0.840068,19304.620247
Kraken:ADAUSD,2022-04-27T14:48:00Z,0.83987,0.83987,0.83987,0.83987,5E+1
Kraken:ADAUSD,2022-04-27T14:49:00Z,0.839367,0.839367,0.839093,0.839093,1795.8815
Kraken:ADAUSD,2022-04-27T14:50:00Z,0.837947,0.837947,0.837698,0.837698,812.07770728
Kraken:ADAUSD,2022-04-27T14:51:00Z,0.837456,0.837585,0.837298,0.837585,835.34104411
Kraken:ADAUSD,2022-04-27T14:52:00Z,0.837285,0.837285,0.837285,0.837285,2.93745518
Kraken:ADAUSD,2022-04-27T14:53:00Z,0.837284,0.837284,0.836675,0.836675,981.22996036
Kraken:ADAUSD,2022-04-27T14:54:00Z,0.836601,0.836601,0.834554,0.834554,1345.53000734
Kraken:ADAUSD,2022-04-27T14:56:00Z,0.835551,0.835551,0.835081,0.835081,974.52
Kraken:ADAUSD,2022-04-27T14:58:00Z,0.834579,0.834579,0.834579,0.834579,583.53034017
Kraken:ADAUSD,2022-04-27T14:59:00Z,0.834649,0.83474,0.834649,0.83474,5657.397797
Kraken:ADAUSD,2022-04-27T15:00:00Z,0.835337,0.836933,0.835337,0.836933,2517.06078641
Kraken:ADAUSD,2022-04-27T15:01:00Z,0.836479,0.83667,0.836173,0.836173,30060.370047
Kraken:ADAUSD,2022-04-27T15:02:00Z,0.83749,0.838374,0.83749,0.838374,119.84751217
Kraken:ADAUSD,2022-04-27T15:03:00Z,0.835776,0.835776,0.83483,0.83483,373.86071375
Kraken:ADAUSD,2022-04-27T15:05:00Z,0.834373,0.834373,0.83378,0.83378,1325.07763516
Kraken:ADAUSD,2022-04-27T15:06:00Z,0.834592,0.83545,0.834592,0.835426,1170.76113028
Kraken:ADAUSD,2022-04-27T15:08:00Z,0.835593,0.835593,0.835593,0.835593,5.9837744
Kraken:ADAUSD,2022-04-27T15:09:00Z,0.834571,0.834571,0.834571,0.834571,269.533361
Kraken:ADAUSD,2022-04-27T15:10:00Z,0.833686,0.833686,0.832759,0.832759,2197.15283951
Kraken:ADAUSD,2022-04-27T15:12:00Z,0.833281,0.833281,0.832882,0.832882,140.8
Kraken:ADAUSD,2022-04-27T15:13:00Z,0.833124,0.835721,0.833124,0.835721,3401.46544759
Kraken:ADAUSD,2022-04-27T15:14:00Z,0.834744,0.834744,0.833207,0.833207,4281.60824916
Kraken:ADAUSD,2022-04-27T15:15:00Z,0.834194,0.836741,0.834194,0.836741,2804.99743382
Kraken:ADAUSD,2022-04-27T15:16:00Z,0.835322,0.835322,0.835322,0.835322,59.82858
Kraken:ADAUSD,2022-04-27T15:17:00Z,0.834754,0.835537,0.834754,0.835537,1261.59491245
Kraken:ADAUSD,2022-04-27T15:19:00Z,0.834242,0.834958,0.834242,0.834958,3852.346593
Kraken:ADAUSD,2022-04-27T15:21:00Z,0.835597,0.835597,0.835597,0.835597,11.045735
Kraken:ADAUSD,2022-04-27T15:22:00Z,0.835008,0.837276,0.835008,0.837276,2836.84051405
Kraken:ADAUSD,2022-04-27T15:23:00Z,0.836528,0.836528,0.836528,0.836528,3E+2
Kraken:ADAUSD,2022-04-27T15:24:00Z,0.837136,0.837136,0.836333,0.836333,128.867343
Kraken:ADAUSD,2022-04-27T15:25:00Z,0.835946,0.835958,0.835946,0.835958,269.71464934
Kraken:ADAUSD,2022-04-27T15:26:00Z,0.836478,0.836478,0.836478,0.836478,16.11860899
Kraken:ADAUSD,2022-04-27T15:27:00Z,0.835289,0.835289,0.835289,0.835289,46.4
Kraken:ADAUSD,2022-04-27T15:28:00Z,0.835401,0.835401,0.835395,0.835395,548.069043
Kraken:ADAUSD,2022-04-27T15:29:00Z,0.835976,0.836382,0.835976,0.836382,89.73964847
Kraken:ADAUSD,2022-04-27T15:30:00Z,0.837067,0.838938,0.837067,0.838938,108.03201043
Kraken:ADAUSD,2022-04-27T15:31:00Z,0.838092,0.838155,0.838092,0.838155,159.97233984
Kraken:ADAUSD,2022-04-27T15:32:00Z,0.839344,0.840795,0.839344,0.840225,1734.34520206
Kraken:ADAUSD,2022-04-27T15:33:00Z,0.841271,0.842461,0.841271,0.842461,2493.42960502
Kraken:ADAUSD,2022-04-27T15:34:00Z,0.842223,0.842223,0.842223,0.842223,5.93461244
Kraken:ADAUSD,2022-04-27T15:37:00Z,0.84034,0.84034,0.84034,0.84034,117.222845
Kraken:ADAUSD,2022-04-27T15:38:00Z,0.839682,0.839682,0.839682,0.839682,17
Kraken:ADAUSD,2022-04-27T15:39:00Z,0.840027,0.840027,0.840027,0.840027,238.19387402
Kraken:ADAUSD,2022-04-27T15:40:00Z,0.839806,0.840033,0.839099,0.840004,6641.86218254
Kraken:ADAUSD,2022-04-27T15:41:00Z,0.840342,0.841668,0.840342,0.841668,359.36328337
Kraken:ADAUSD,2022-04-27T15:42:00Z,0.840494,0.840494,0.840227,0.840227,50637.738687
Kraken:ADAUSD,2022-04-27T15:43:00Z,0.841693,0.84279,0.839705,0.839746,3793.9851031
Kraken:ADAUSD,2022-04-27T15:44:00Z,0.839313,0.839314,0.839221,0.839221,2812.5
Kraken:ADAUSD,2022-04-27T15:45:00Z,0.838574,0.838574,0.838574,0.838574,146.638736
Kraken:ADAUSD,2022-04-27T15:47:00Z,0.839901,0.84087,0.839901,0.840491,1873.78907647
Kraken:ADAUSD,2022-04-27T15:50:00Z,0.838996,0.838996,0.838996,0.838996,60.7632
Kraken:ADAUSD,2022-04-27T15:51:00Z,0.839355,0.840247,0.839355,0.840247,1740.03312565
Kraken:ADAUSD,2022-04-27T15:52:00Z,0.839143,0.839143,0.839143,0.839143,98.21925464
Kraken:ADAUSD,2022-04-27T15:54:00Z,0.837689,0.837806,0.837689,0.837806,141.04755086
Kraken:ADAUSD,2022-04-27T15:55:00Z,0.837745,0.837745,0.836728,0.836728,2340.60135679
Kraken:ADAUSD,2022-04-27T15:56:00Z,0.838116,0.838116,0.838116,0.838116,59.65562003
Kraken:ADAUSD,2022-04-27T15:58:00Z,0.838144,0.839269,0.838144,0.839254,1386.78408561
Kraken:ADAUSD,2022-04-27T16:00:00Z,0.839389,0.841629,0.839389,0.841629,561.63130294
Kraken:ADAUSD,2022-04-27T16:02:00Z,0.838877,0.840768,0.838877,0.840768,1287.8599469
Kraken:ADAUSD,2022-04-27T16:06:00Z,0.841954,0.842475,0.841943,0.842475,7366.31671573
Kraken:ADAUSD,2022-04-27T16:08:00Z,0.842332,0.842332,0.842332,0.842332,44.732357
Kraken:ADAUSD,2022-04-27T16:09:00Z,0.842073,0.842073,0.842073,0.842073,5.5
Kraken:ADAUSD,2022-04-27T16:12:00Z,0.842353,0.842353,0.842353,0.842353,1E+3
Kraken:ADAUSD,2022-04-27T16:13:00Z,0.842628,0.842628,0.842628,0.842628,296.5
Kraken:ADAUSD,2022-04-27T16:15:00Z,0.842429,0.842429,0.842292,0.842292,179.645936
Kraken:ADAUSD,2022-04-27T16:16:00Z,0.842623,0.843218,0.842623,0.843218,3591.97785783
Kraken:ADAUSD,2022-04-27T16:17:00Z,0.842021,0.842021,0.842021,0.842021,93.876151
Kraken:ADAUSD,2022-04-27T16:18:00Z,0.840868,0.840886,0.840793,0.840843,3762.79531382
Kraken:ADAUSD,2022-04-27T16:19:00Z,0.840891,0.840914,0.840891,0.840914,1254.26607183
Kraken:ADAUSD,2022-04-27T16:20:00Z,0.84067,0.84067,0.84067,0.84067,116.624797
Kraken:ADAUSD,2022-04-27T16:21:00Z,0.841442,0.842258,0.841442,0.842251,1253.74395479
Kraken:ADAUSD,2022-04-27T16:24:00Z,0.843396,0.843396,0.843396,0.843396,45.635894
Kraken:ADAUSD,2022-04-27T16:25:00Z,0.843396,0.843396,0.843396,0.843396,1.199195
Kraken:ADAUSD,2022-04-27T16:26:00Z,0.843382,0.843382,0.843382,0.843382,75.37095
Kraken:ADAUSD,2022-04-27T16:27:00Z,0.843326,0.843326,0.843326,0.843326,4.004404
Kraken:ADAUSD,2022-04-27T16:29:00Z,0.843145,0.843159,0.843145,0.843159,60.448847
Kraken:ADAUSD,2022-04-27T16:31:00Z,0.843396,0.844005,0.843127,0.843127,19756.106973
Kraken:ADAUSD,2022-04-27T16:32:00Z,0.843906,0.843906,0.843895,0.843895,637.56427103
Kraken:ADAUSD,2022-04-27T16:35:00Z,0.843858,0.843858,0.843858,0.843858,17.316804
Kraken:ADAUSD,2022-04-27T16:36:00Z,0.842464,0.842464,0.842464,0.842464,833.19941922
Kraken:ADAUSD,2022-04-27T16:38:00Z,0.841737,0.841737,0.841737,0.841737,117.049319
Kraken:ADAUSD,2022-04-27T16:40:00Z,0.841826,0.841826,0.841826,0.841826,232.731832
Kraken:ADAUSD,2022-04-27T16:42:00Z,0.842448,0.842448,0.842448,0.842448,108.167921
Kraken:ADAUSD,2022-04-27T16:43:00Z,0.842661,0.843798,0.842661,0.843798,3963.06704992
Kraken:ADAUSD,2022-04-27T16:44:00Z,0.843711,0.843711,0.843285,0.843285,121.53101786
Kraken:ADAUSD,2022-04-27T16:45:00Z,0.842498,0.842498,0.842498,0.842498,1E+3
Kraken:ADAUSD,2022-04-27T16:46:00Z,0.841172,0.841172,0.84117,0.84117,3618.915327
Kraken:ADAUSD,2022-04-27T16:50:00Z,0.840184,0.840184,0.840184,0.840184,4.583991
Kraken:ADAUSD,2022-04-27T16:52:00Z,0.838984,0.838984,0.838324,0.838441,1459.54897259
Kraken:ADAUSD,2022-04-27T16:54:00Z,0.838129,0.838525,0.838129,0.838525,65.59655127
Kraken:ADAUSD,2022-04-27T16:56:00Z,0.837895,0.838146,0.837822,0.838146,4056.779001
Kraken:ADAUSD,2022-04-27T16:59:00Z,0.838622,0.839097,0.838622,0.839097,345.89704379
Kraken:ADAUSD,2022-04-27T17:01:00Z,0.837284,0.837284,0.834629,0.834629,31744.75102981
Kraken:ADAUSD,2022-04-27T17:02:00Z,0.834868,0.835312,0.834868,0.835312,1796.9353
Kraken:ADAUSD,2022-04-27T17:04:00Z,0.837086,0.838808,0.837086,0.838808,754.86923727
Kraken:ADAUSD,2022-04-27T17:05:00Z,0.838901,0.839744,0.838901,0.839744,523.382487
Kraken:ADAUSD,2022-04-27T17:11:00Z,0.837249,0.837787,0.837249,0.837787,63.44927353
Kraken:ADAUSD,2022-04-27T17:12:00Z,0.837394,0.837394,0.837394,0.837394,1E+1
Kraken:ADAUSD,2022-04-27T17:15:00Z,0.835745,0.835745,0.835745,0.835745,119.65372212
Kraken:ADAUSD,2022-04-27T17:16:00Z,0.835239,0.835239,0.835239,0.835239,66.410319
Kraken:ADAUSD,2022-04-27T17:19:00Z,0.8352,0.8352,0.8352,0.8352,5.0009263
Kraken:ADAUSD,2022-04-27T17:20:00Z,0.8356,0.836122,0.8356,0.836122,4254.20319463
Kraken:ADAUSD,2022-04-27T17:21:00Z,0.83591,0.83591,0.835015,0.835406,376.960739
Kraken:ADAUSD,2022-04-27T17:23:00Z,0.835466,0.835466,0.835466,0.835466,17.949
Kraken:ADAUSD,2022-04-27T17:26:00Z,0.836415,0.836415,0.835441,0.835444,104.76336161
Kraken:ADAUSD,2022-04-27T17:27:00Z,0.834965,0.834965,0.834554,0.834554,470.19327478
Kraken:ADAUSD,2022-04-27T17:28:00Z,0.835053,0.836919,0.835053,0.836919,268.52514537
Kraken:ADAUSD,2022-04-27T17:29:00Z,0.836535,0.836686,0.836535,0.836686,1762.718921
Kraken:ADAUSD,2022-04-27T17:30:00Z,0.837102,0.837102,0.837102,0.837102,117.133014
Kraken:ADAUSD,2022-04-27T17:34:00Z,0.838762,0.838789,0.838762,0.838789,1984.196931
Kraken:ADAUSD,2022-04-27T17:37:00Z,0.837114,0.837154,0.837114,0.837154,2342.50354
Kraken:ADAUSD,2022-04-27T17:39:00Z,0.836731,0.836731,0.836731,0.836731,358
Kraken:ADAUSD,2022-04-27T17:44:00Z,0.835842,0.835842,0.835842,0.835842,4E+2
Kraken:ADAUSD,2022-04-27T17:45:00Z,0.835883,0.836377,0.835883,0.836377,108.617016
Kraken:ADAUSD,2022-04-27T17:49:00Z,0.836093,0.836093,0.836093,0.836093,10.01461944
Kraken:ADAUSD,2022-04-27T17:51:00Z,0.836815,0.836815,0.836815,0.836815,396.875215
Kraken:ADAUSD,2022-04-27T17:52:00Z,0.836816,0.837773,0.836816,0.837773,1379.27419688
Kraken:ADAUSD,2022-04-27T17:53:00Z,0.837878,0.838602,0.837878,0.838587,1566.02609889
Kraken:ADAUSD,2022-04-27T17:54:00Z,0.837928,0.837928,0.837829,0.837829,465.566219
Kraken:ADAUSD,2022-04-27T17:55:00Z,0.837135,0.837234,0.837135,0.837234,263.88127123
Kraken:ADAUSD,2022-04-27T17:58:00Z,0.838178,0.838178,0.838178,0.838178,94
Kraken:ADAUSD,2022-04-27T18:00:00Z,0.837657,0.837657,0.837657,0.837657,4.21018733
Kraken:ADAUSD,2022-04-27T18:01:00Z,0.837634,0.83764,0.837634,0.83764,596.1707
Kraken:ADAUSD,2022-04-27T18:03:00Z,0.837973,0.837973,0.837973,0.837973,6.35827765
Kraken:ADAUSD,2022-04-27T18:04:00Z,0.83799,0.83799,0.83799,0.83799,301
Kraken:ADAUSD,2022-04-27T18:05:00Z,0.837286,0.837286,0.837286,0.837286,120.982694
Kraken:ADAUSD,2022-04-27T18:08:00Z,0.838016,0.838016,0.838016,0.838016,124.74742
Kraken:ADAUSD,2022-04-27T18:10:00Z,0.837598,0.837598,0.837598,0.837598,1075
Kraken:ADAUSD,2022-04-27T18:12:00Z,0.837649,0.837721,0.837649,0.837721,658.25051007
Kraken:ADAUSD,2022-04-27T18:13:00Z,0.837614,0.837614,0.837612,0.837612,2.3E+3
Kraken:ADAUSD,2022-04-27T18:14:00Z,0.837757,0.838252,0.837757,0.838252,1854.408246
Kraken:ADAUSD,2022-04-27T18:15:00Z,0.837831,0.837831,0.836654,0.836654,360.942456
Kraken:ADAUSD,2022-04-27T18:16:00Z,0.836811,0.836934,0.836811,0.836932,4674
Kraken:ADAUSD,2022-04-27T18:17:00Z,0.837145,0.837145,0.83633,0.83633,177.605927
Kraken:ADAUSD,2022-04-27T18:18:00Z,0.835103,0.835104,0.835103,0.835104,2E+3
Kraken:ADAUSD,2022-04-27T18:19:00Z,0.835454,0.835454,0.835454,0.835454,16.2582543
Kraken:ADAUSD,2022-04-27T18:20:00Z,0.835605,0.835611,0.835605,0.835611,1E+3
Kraken:ADAUSD,2022-04-27T18:25:00Z,0.834373,0.834373,0.834373,0.834373,210.19959381
Kraken:ADAUSD,2022-04-27T18:26:00Z,0.835437,0.835437,0.835437,0.835437,4756.2343835
Kraken:ADAUSD,2022-04-27T18:28:00Z,0.834845,0.834845,0.834845,0.834845,900.804213
Kraken:ADAUSD,2022-04-27T18:29:00Z,0.834885,0.835194,0.834885,0.835194,832.26838867
Kraken:ADAUSD,2022-04-27T18:30:00Z,0.834355,0.834355,0.834,0.834,829.3967
Kraken:ADAUSD,2022-04-27T18:31:00Z,0.834472,0.834491,0.834472,0.834491,386.161863
Kraken:ADAUSD,2022-04-27T18:32:00Z,0.834878,0.834878,0.834878,0.834878,301.473238
Kraken:ADAUSD,2022-04-27T18:33:00Z,0.834592,0.834592,0.834592,0.834592,2.432317
Kraken:ADAUSD,2022-04-27T18:34:00Z,0.835138,0.835138,0.835138,0.835138,351.718778
Kraken:ADAUSD,2022-04-27T18:35:00Z,0.835173,0.835629,0.835173,0.835629,1080.50982044
Kraken:ADAUSD,2022-04-27T18:36:00Z,0.835327,0.835327,0.83527,0.835278,242.485132
Kraken:ADAUSD,2022-04-27T18:37:00Z,0.834122,0.834204,0.834122,0.834204,1681.636924
Kraken:ADAUSD,2022-04-27T18:38:00Z,0.834,0.834,0.832598,0.832823,1411.04190481
Kraken:ADAUSD,2022-04-27T18:39:00Z,0.833314,0.834264,0.833314,0.834264,1321.08710836
Kraken:ADAUSD,2022-04-27T18:40:00Z,0.834492,0.835273,0.834492,0.835273,491.87859163
Kraken:ADAUSD,2022-04-27T18:41:00Z,0.835334,0.835334,0.835334,0.835334,29.93338026
Kraken:ADAUSD,2022-04-27T18:45:00Z,0.83603,0.83603,0.83603,0.83603,124.291389
Kraken:ADAUSD,2022-04-27T18:46:00Z,0.835897,0.835897,0.835714,0.835714,901.601771
Kraken:ADAUSD,2022-04-27T18:47:00Z,0.834723,0.834723,0.834586,0.834586,1329.25316226
Kraken:ADAUSD,2022-04-27T18:48:00Z,0.833937,0.833937,0.833606,0.833701,622.112548
Kraken:ADAUSD,2022-04-27T18:50:00Z,0.833264,0.833264,0.833264,0.833264,23.450925
Kraken:ADAUSD,2022-04-27T18:53:00Z,0.832745,0.832745,0.832745,0.832745,3E+1
Kraken:ADAUSD,2022-04-27T18:55:00Z,0.832841,0.832841,0.832841,0.832841,3E+2
Kraken:ADAUSD,2022-04-27T18:56:00Z,0.832483,0.832483,0.831584,0.831705,743.98140311
Kraken:ADAUSD,2022-04-27T18:57:00Z,0.831637,0.831637,0.831332,0.831611,1573
Kraken:ADAUSD,2022-04-27T18:58:00Z,0.831346,0.831714,0.831327,0.831327,155.20045239
Kraken:ADAUSD,2022-04-27T18:59:00Z,0.83119,0.831314,0.830859,0.831314,540.64875293
Kraken:ADAUSD,2022-04-27T19:00:00Z,0.83096,0.83096,0.830956,0.830956,2223.184693
Kraken:ADAUSD,2022-04-27T19:01:00Z,0.83096,0.83096,0.830353,0.830353,32945.92495474
Kraken:ADAUSD,2022-04-27T19:03:00Z,0.830071,0.830086,0.830071,0.830086,482.5
Kraken:ADAUSD,2022-04-27T19:04:00Z,0.830447,0.830617,0.830389,0.830572,11037.46918159
Kraken:ADAUSD,2022-04-27T19:05:00Z,0.830116,0.830116,0.830062,0.830062,19749.93141823
Kraken:ADAUSD,2022-04-27T19:06:00Z,0.830062,0.830062,0.830062,0.830062,29245.11817763
Kraken:ADAUSD,2022-04-27T19:08:00Z,0.830062,0.830062,0.829808,0.829808,1207.18354865
Kraken:ADAUSD,2022-04-27T19:09:00Z,0.829808,0.829808,0.828928,0.828928,1006.30778164
Kraken:ADAUSD,2022-04-27T19:10:00Z,0.828926,0.828926,0.828926,0.828926,2.942593
Kraken:ADAUSD,2022-04-27T19:12:00Z,0.828985,0.828985,0.828985,0.828985,22.37821607
Kraken:ADAUSD,2022-04-27T19:13:00Z,0.828926,0.828926,0.828678,0.828678,660.70753428
Kraken:ADAUSD,2022-04-27T19:15:00Z,0.828949,0.830059,0.828605,0.828616,33190.96212295
Kraken:ADAUSD,2022-04-27T19:16:00Z,0.828612,0.828612,0.827814,0.827814,3589.59292841
Kraken:ADAUSD,2022-04-27T19:17:00Z,0.827749,0.827749,0.827461,0.827565,1681.8537282
Kraken:ADAUSD,2022-04-27T19:19:00Z,0.82788,0.82788,0.82788,0.82788,2.5E+3
Kraken:ADAUSD,2022-04-27T19:20:00Z,0.828103,0.828293,0.82788,0.82788,17037.53093694
Kraken:ADAUSD,2022-04-27T19:21:00Z,0.827216,0.827216,0.825,0.825,395539.15187779
Kraken:ADAUSD,2022-04-27T19:23:00Z,0.825178,0.826267,0.825178,0.826267,1006.047051
Kraken:ADAUSD,2022-04-27T19:26:00Z,0.82584,0.82584,0.825334,0.825334,51156.038383
Kraken:ADAUSD,2022-04-27T19:27:00Z,0.826006,0.826574,0.826006,0.82619,73349.70920367
Kraken:ADAUSD,2022-04-27T19:28:00Z,0.826487,0.826487,0.826487,0.826487,18
Kraken:ADAUSD,2022-04-27T19:31:00Z,0.826337,0.826337,0.826333,0.826333,6.8E+2
Kraken:ADAUSD,2022-04-27T19:34:00Z,0.82642,0.82642,0.82642,0.82642,6.24426034
Kraken:ADAUSD,2022-04-27T19:35:00Z,0.826391,0.826411,0.826391,0.826411,2.8E+3
Kraken:ADAUSD,2022-04-27T19:36:00Z,0.825945,0.825945,0.825945,0.825945,593.175915
Kraken:ADAUSD,2022-04-27T19:37:00Z,0.825944,0.825944,0.824975,0.824998,14647.90148197
Kraken:ADAUSD,2022-04-27T19:38:00Z,0.825785,0.827335,0.825785,0.827335,5496.41554058
Kraken:ADAUSD,2022-04-27T19:40:00Z,0.826787,0.828401,0.826787,0.828401,101664.57798012
Kraken:ADAUSD,2022-04-27T19:41:00Z,0.827438,0.827438,0.827438,0.827438,3.40332785
Kraken:ADAUSD,2022-04-27T19:42:00Z,0.827392,0.827392,0.827392,0.827392,5
Kraken:ADAUSD,2022-04-27T19:43:00Z,0.826874,0.826874,0.826874,0.826874,2.97811797
Kraken:ADAUSD,2022-04-27T19:44:00Z,0.827759,0.829432,0.827759,0.829432,65.21451275
Kraken:ADAUSD,2022-04-27T19:45:00Z,0.82906,0.82906,0.82906,0.82906,105.54216867
Kraken:ADAUSD,2022-04-27T19:46:00Z,0.830053,0.830703,0.830053,0.830703,56.42803471
Kraken:ADAUSD,2022-04-27T19:47:00Z,0.831187,0.831187,0.830155,0.830155,5030.1
Kraken:ADAUSD,2022-04-27T19:48:00Z,0.829927,0.830015,0.829592,0.829744,10790.84349828
Kraken:ADAUSD,2022-04-27T19:49:00Z,0.829431,0.829431,0.829431,0.829431,2.5
Kraken:ADAUSD,2022-04-27T19:52:00Z,0.828486,0.828786,0.828486,0.828786,1.937E+4
Kraken:ADAUSD,2022-04-27T19:55:00Z,0.829464,0.829996,0.829464,0.829996,893.00937543
Kraken:ADAUSD,2022-04-27T19:56:00Z,0.83,0.83,0.83,0.83,604
Kraken:ADAUSD,2022-04-27T19:57:00Z,0.83,0.83,0.83,0.83,359.05395
Kraken:ADAUSD,2022-04-27T19:58:00Z,0.829996,0.829996,0.829995,0.829995,5E+3
Kraken:ADAUSD,2022-04-27T19:59:00Z,0.83,0.83,0.83,0.83,104.51215
Kraken:ADAUSD,2022-04-27T20:02:00Z,0.829797,0.829797,0.829797,0.829797,1E+2
Kraken:ADAUSD,2022-04-27T20:05:00Z,0.829181,0.832783,0.829181,0.832783,5859.38650321
Kraken:ADAUSD,2022-04-27T20:06:00Z,0.833083,0.834909,0.833083,0.83472,17670.88929028
Kraken:ADAUSD,2022-04-27T20:07:00Z,0.834399,0.834401,0.834316,0.834316,2463.67955427
Kraken:ADAUSD,2022-04-27T20:09:00Z,0.83316,0.833743,0.83316,0.833722,397.38325251
Kraken:ADAUSD,2022-04-27T20:12:00Z,0.834156,0.834156,0.833702,0.833702,227.07324073
Kraken:ADAUSD,2022-04-27T20:14:00Z,0.833234,0.833234,0.833234,0.833234,5.5E+2
Kraken:ADAUSD,2022-04-27T20:15:00Z,0.833724,0.833724,0.833724,0.833724,394.574442
Kraken:ADAUSD,2022-04-27T20:16:00Z,0.834085,0.835911,0.834085,0.835911,1236.9235802
Kraken:ADAUSD,2022-04-27T20:17:00Z,0.836107,0.836201,0.836107,0.836201,102.63789578
Kraken:ADAUSD,2022-04-27T20:18:00Z,0.83635,0.838709,0.836333,0.838709,9009.33405643
Kraken:ADAUSD,2022-04-27T20:19:00Z,0.839279,0.840104,0.839188,0.840104,24115.62629881
Kraken:ADAUSD,2022-04-27T20:20:00Z,0.839598,0.839598,0.839598,0.839598,17.873
Kraken:ADAUSD,2022-04-27T20:21:00Z,0.840359,0.842903,0.840359,0.842903,3998.40304753
Kraken:ADAUSD,2022-04-27T20:22:00Z,0.843025,0.843339,0.843025,0.843339,56.51922028
Kraken:ADAUSD,2022-04-27T20:23:00Z,0.84334,0.847515,0.84334,0.846304,9717.25673143
Kraken:ADAUSD,2022-04-27T20:24:00Z,0.847569,0.851412,0.847569,0.851175,20599.1633998
Kraken:ADAUSD,2022-04-27T20:25:00Z,0.849759,0.849759,0.845161,0.845161,1799.51644937
Kraken:ADAUSD,2022-04-27T20:26:00Z,0.844565,0.844581,0.844201,0.844201,8974.97748738
Kraken:ADAUSD,2022-04-27T20:27:00Z,0.844127,0.844127,0.842888,0.842888,1623.99731251
Kraken:ADAUSD,2022-04-27T20:28:00Z,0.842883,0.842883,0.842858,0.842858,462.12190392
Kraken:ADAUSD,2022-04-27T20:29:00Z,0.842135,0.842135,0.840349,0.840668,3000.53820614
Kraken:ADAUSD,2022-04-27T20:30:00Z,0.841128,0.841775,0.841128,0.841775,9786.224534
Kraken:ADAUSD,2022-04-27T20:31:00Z,0.840451,0.840451,0.840451,0.840451,58.248272
Kraken:ADAUSD,2022-04-27T20:32:00Z,0.840349,0.840349,0.839501,0.839501,12357.41435922
Kraken:ADAUSD,2022-04-27T20:33:00Z,0.839325,0.839325,0.838578,0.838578,1359.56985073
Kraken:ADAUSD,2022-04-27T20:34:00Z,0.839074,0.839074,0.839074,0.839074,610.83155091
Kraken:ADAUSD,2022-04-27T20:35:00Z,0.837947,0.838847,0.837927,0.838847,5597.13182255
Kraken:ADAUSD,2022-04-27T20:36:00Z,0.840103,0.842004,0.840103,0.840854,339.33831641
Kraken:ADAUSD,2022-04-27T20:37:00Z,0.839781,0.840534,0.839781,0.840534,3482.963919
Kraken:ADAUSD,2022-04-27T20:38:00Z,0.840646,0.840655,0.840646,0.840655,172.20043568
Kraken:ADAUSD,2022-04-27T20:39:00Z,0.840684,0.840685,0.840684,0.840685,219.36842053
Kraken:ADAUSD,2022-04-27T20:40:00Z,0.83975,0.83975,0.839212,0.839212,2499.25104895
Kraken:ADAUSD,2022-04-27T20:41:00Z,0.839303,0.839303,0.838638,0.838638,13137.15740202
Kraken:ADAUSD,2022-04-27T20:46:00Z,0.838838,0.838846,0.838838,0.838846,793.58639352
Kraken:ADAUSD,2022-04-27T20:47:00Z,0.837826,0.83793,0.837826,0.83793,12.59714901
Kraken:ADAUSD,2022-04-27T20:48:00Z,0.838327,0.838327,0.838327,0.838327,5.88355733
Kraken:ADAUSD,2022-04-27T20:50:00Z,0.837755,0.837755,0.837452,0.837452,87.32194566
Kraken:ADAUSD,2022-04-27T20:51:00Z,0.837452,0.837452,0.837284,0.837285,1234.8517358
Kraken:ADAUSD,2022-04-27T20:53:00Z,0.837284,0.837284,0.836142,0.836142,2097.40314547
Kraken:ADAUSD,2022-04-27T20:54:00Z,0.83719,0.83719,0.83719,0.83719,117.094958
Kraken:ADAUSD,2022-04-27T20:56:00Z,0.8365,0.8365,0.8365,0.8365,40.044685
Kraken:ADAUSD,2022-04-27T20:57:00Z,0.837168,0.837168,0.837168,0.837168,58.53762
Kraken:ADAUSD,2022-04-27T20:58:00Z,0.837463,0.837463,0.83731,0.83731,50.43037148
Kraken:ADAUSD,2022-04-27T21:01:00Z,0.836349,0.836349,0.83634,0.83634,62
Kraken:ADAUSD,2022-04-27T21:02:00Z,0.836982,0.837148,0.836982,0.837148,110.26990376
Kraken:ADAUSD,2022-04-27T21:03:00Z,0.837438,0.837438,0.837438,0.837438,17
Kraken:ADAUSD,2022-04-27T21:04:00Z,0.836946,0.837126,0.836946,0.837126,6.46494092
Kraken:ADAUSD,2022-04-27T21:08:00Z,0.83745,0.838253,0.83745,0.838253,119.25425739
Kraken:ADAUSD,2022-04-27T21:09:00Z,0.838162,0.838162,0.838162,0.838162,45.874341
Kraken:ADAUSD,2022-04-27T21:11:00Z,0.837439,0.837439,0.837418,0.837418,82.343872
Kraken:ADAUSD,2022-04-27T21:12:00Z,0.837687,0.837687,0.837687,0.837687,2.52217649
Kraken:ADAUSD,2022-04-27T21:16:00Z,0.838665,0.838665,0.83865,0.83865,9E+3
Kraken:ADAUSD,2022-04-27T21:17:00Z,0.838666,0.839723,0.838666,0.839723,121.9918839
Kraken:ADAUSD,2022-04-27T21:20:00Z,0.838531,0.838531,0.838531,0.838531,1.522595
Kraken:ADAUSD,2022-04-27T21:21:00Z,0.838464,0.838464,0.838464,0.838464,102.4
Kraken:ADAUSD,2022-04-27T21:24:00Z,0.837848,0.837848,0.837848,0.837848,1175.778544
Kraken:ADAUSD,2022-04-27T21:26:00Z,0.838558,0.839158,0.838558,0.839158,595.8027
Kraken:ADAUSD,2022-04-27T21:27:00Z,0.839381,0.839381,0.839381,0.839381,343.989929
Kraken:ADAUSD,2022-04-27T21:33:00Z,0.83981,0.841415,0.83981,0.841415,5514.638949
Kraken:ADAUSD,2022-04-27T21:34:00Z,0.841418,0.84166,0.841418,0.84166,225.47102949
Kraken:ADAUSD,2022-04-27T21:36:00Z,0.842565,0.843134,0.842565,0.843134,265.21820996
Kraken:ADAUSD,2022-04-27T21:40:00Z,0.843046,0.84344,0.843046,0.843148,23832.85050803
Kraken:ADAUSD,2022-04-27T21:41:00Z,0.843556,0.843556,0.843556,0.843556,2.5043135
Kraken:ADAUSD,2022-04-27T21:42:00Z,0.843508,0.843508,0.843508,0.843508,352.571105
Kraken:ADAUSD,2022-04-27T21:43:00Z,0.842375,0.842375,0.842375,0.842375,17
Kraken:ADAUSD,2022-04-27T21:45:00Z,0.842527,0.842527,0.842527,0.842527,69.23
Kraken:ADAUSD,2022-04-27T21:49:00Z,0.842906,0.843061,0.842906,0.843061,11258.17358257
Kraken:ADAUSD,2022-04-27T21:50:00Z,0.8431,0.8431,0.842906,0.842906,60413.23491501
Kraken:ADAUSD,2022-04-27T21:54:00Z,0.841905,0.841905,0.841905,0.841905,274.241089
Kraken:ADAUSD,2022-04-27T21:55:00Z,0.840712,0.840712,0.840592,0.840592,18282.14589115
Kraken:ADAUSD,2022-04-27T21:57:00Z,0.841156,0.841156,0.840928,0.840928,84.688268
Kraken:ADAUSD,2022-04-27T21:58:00Z,0.840546,0.840546,0.840546,0.840546,566.677634
Kraken:ADAUSD,2022-04-27T21:59:00Z,0.840418,0.840418,0.840418,0.840418,1.3E+3
Kraken:ADAUSD,2022-04-27T22:02:00Z,0.84,0.843641,0.84,0.843641,3049.49222759
Kraken:ADAUSD,2022-04-27T22:03:00Z,0.842132,0.84276,0.842132,0.84276,18.82780611
Kraken:ADAUSD,2022-04-27T22:04:00Z,0.843641,0.845705,0.843641,0.845705,1684.65966683
Kraken:ADAUSD,2022-04-27T22:05:00Z,0.844974,0.844974,0.84496,0.84496,8.5E+3
Kraken:ADAUSD,2022-04-27T22:09:00Z,0.843936,0.84397,0.843936,0.84397,125.72665372
Kraken:ADAUSD,2022-04-27T22:12:00Z,0.84343,0.84343,0.843426,0.843426,3003.440503
Kraken:ADAUSD,2022-04-27T22:13:00Z,0.843355,0.843355,0.843355,0.843355,24.16859552
Kraken:ADAUSD,2022-04-27T22:14:00Z,0.843287,0.843287,0.843287,0.843287,92.689156
Kraken:ADAUSD,2022-04-27T22:15:00Z,0.843953,0.844198,0.843534,0.843534,1299
Kraken:ADAUSD,2022-04-27T22:18:00Z,0.842342,0.842354,0.841795,0.841795,32744.36618677
Kraken:ADAUSD,2022-04-27T22:23:00Z,0.841347,0.841347,0.841347,0.841347,90.1338795
Kraken:ADAUSD,2022-04-27T22:24:00Z,0.840996,0.840996,0.840996,0.840996,85.62625074
Kraken:ADAUSD,2022-04-27T22:25:00Z,0.841361,0.841361,0.841057,0.841057,2452.1560631
Kraken:ADAUSD,2022-04-27T22:26:00Z,0.839828,0.839828,0.83971,0.83971,5053.60608264
Kraken:ADAUSD,2022-04-27T22:28:00Z,0.839853,0.84,0.839853,0.84,368.75144266
Kraken:ADAUSD,2022-04-27T22:29:00Z,0.840268,0.840866,0.840268,0.840866,161.81842586
Kraken:ADAUSD,2022-04-27T22:30:00Z,0.840118,0.840118,0.840118,0.840118,4.46618
Kraken:ADAUSD,2022-04-27T22:31:00Z,0.840996,0.841022,0.840781,0.840805,548.068255
Kraken:ADAUSD,2022-04-27T22:32:00Z,0.8409,0.8409,0.8409,0.8409,58.281821
Kraken:ADAUSD,2022-04-27T22:36:00Z,0.839015,0.839015,0.839015,0.839015,250.34578557
Kraken:ADAUSD,2022-04-27T22:37:00Z,0.839486,0.839486,0.839486,0.839486,3.72231951
Kraken:ADAUSD,2022-04-27T22:40:00Z,0.838983,0.838983,0.838709,0.838709,220.71454404
Kraken:ADAUSD,2022-04-27T22:42:00Z,0.838708,0.838708,0.83835,0.83835,3.5E+3
Kraken:ADAUSD,2022-04-27T22:43:00Z,0.8385,0.8385,0.838412,0.838412,2148.81868613
Kraken:ADAUSD,2022-04-27T22:44:00Z,0.838354,0.83869,0.838354,0.83869,247.608681
Kraken:ADAUSD,2022-04-27T22:45:00Z,0.838676,0.838676,0.838676,0.838676,3.50545243
Kraken:ADAUSD,2022-04-27T22:47:00Z,0.838315,0.838354,0.838315,0.838354,549.6693555
Kraken:ADAUSD,2022-04-27T22:57:00Z,0.838146,0.838699,0.838146,0.838699,688.141019
Kraken:ADAUSD,2022-04-27T23:00:00Z,0.837947,0.837947,0.837357,0.837357,475.514766
Kraken:ADAUSD,2022-04-27T23:01:00Z,0.838581,0.838581,0.838581,0.838581,20.57212471
Kraken:ADAUSD,2022-04-27T23:02:00Z,0.8387,0.838708,0.8387,0.838708,17
Kraken:ADAUSD,2022-04-27T23:05:00Z,0.837419,0.837419,0.837221,0.837221,1.1E+4
Kraken:ADAUSD,2022-04-27T23:06:00Z,0.837534,0.837534,0.837534,0.837534,21.294121
Kraken:ADAUSD,2022-04-27T23:09:00Z,0.837181,0.837181,0.837181,0.837181,7.53404047
Kraken:ADAUSD,2022-04-27T23:10:00Z,0.837446,0.837446,0.837423,0.837423,5E+3
Kraken:ADAUSD,2022-04-27T23:14:00Z,0.838422,0.838506,0.838421,0.838506,1851.523583
Kraken:ADAUSD,2022-04-27T23:15:00Z,0.838373,0.838373,0.838373,0.838373,1.1E+2
Kraken:ADAUSD,2022-04-27T23:16:00Z,0.838709,0.840173,0.838709,0.840173,2349.43956808
Kraken:ADAUSD,2022-04-27T23:20:00Z,0.839213,0.839213,0.839213,0.839213,75
Kraken:ADAUSD,2022-04-27T23:23:00Z,0.838807,0.838807,0.838807,0.838807,36.665659
Kraken:ADAUSD,2022-04-27T23:24:00Z,0.838808,0.838851,0.838808,0.838851,6032.626975
Kraken:ADAUSD,2022-04-27T23:25:00Z,0.838845,0.838845,0.838845,0.838845,2.83337884
Kraken:ADAUSD,2022-04-27T23:26:00Z,0.8389,0.8389,0.8389,0.8389,22.52
Kraken:ADAUSD,2022-04-27T23:28:00Z,0.839338,0.839338,0.839338,0.839338,489.8312837
Kraken:ADAUSD,2022-04-27T23:30:00Z,0.839179,0.839179,0.839179,0.839179,40.52749017
Kraken:ADAUSD,2022-04-27T23:31:00Z,0.838808,0.838808,0.838808,0.838808,175.301541
Kraken:ADAUSD,2022-04-27T23:32:00Z,0.839586,0.839586,0.839586,0.839586,2992.76660123
Kraken:ADAUSD,2022-04-27T23:33:00Z,0.840394,0.841626,0.840394,0.841626,2106.71668677
Kraken:ADAUSD,2022-04-27T23:34:00Z,0.841312,0.841312,0.841312,0.841312,4747.81612759
Kraken:ADAUSD,2022-04-27T23:41:00Z,0.841174,0.841174,0.840649,0.840751,2029.965046
Kraken:ADAUSD,2022-04-27T23:43:00Z,0.840448,0.840448,0.840448,0.840448,5E+2
Kraken:ADAUSD,2022-04-27T23:44:00Z,0.840973,0.840973,0.840973,0.840973,90.29726516
Kraken:ADAUSD,2022-04-27T23:45:00Z,0.840954,0.840954,0.840954,0.840954,1E+2
Kraken:ADAUSD,2022-04-27T23:46:00Z,0.840899,0.840899,0.840875,0.840875,2201.69387355
Kraken:ADAUSD,2022-04-27T23:49:00Z,0.840875,0.840875,0.840875,0.840875,4081.8728836
Kraken:ADAUSD,2022-04-27T23:50:00Z,0.841547,0.841547,0.840913,0.840913,181.570088
Kraken:ADAUSD,2022-04-27T23:51:00Z,0.840876,0.840876,0.840875,0.840875,2954.42961678
Kraken:ADAUSD,2022-04-27T23:52:00Z,0.840876,0.840876,0.840174,0.840174,33165.64185177
Kraken:ADAUSD,2022-04-27T23:53:00Z,0.839695,0.840183,0.839695,0.840183,160.448601
Kraken:ADAUSD,2022-04-27T23:54:00Z,0.839911,0.839911,0.83968,0.83968,186.061212
