Kraken:SOLUSD,2022-04-06T00:00:00Z,126.72,126.81,126.64,126.72,250.27724954
Kraken:SOLUSD,2022-04-06T00:01:00Z,126.63,126.64,126.36,126.48,233.2664162
Kraken:SOLUSD,2022-04-06T00:02:00Z,126.31,126.38,126.19,126.38,46.44105112
Kraken:SOLUSD,2022-04-06T00:03:00Z,126.69,126.81,126.68,126.73,32.09344093
Kraken:SOLUSD,2022-04-06T00:04:00Z,126.86,126.88,126.6,126.6,50.75422562
Kraken:SOLUSD,2022-04-06T00:05:00Z,126.54,126.54,126.54,126.54,1
Kraken:SOLUSD,2022-04-06T00:06:00Z,126.58,126.72,126.46,126.47,60.16112992
Kraken:SOLUSD,2022-04-06T00:07:00Z,126.48,126.48,125.81,125.9,1705.81510155
Kraken:SOLUSD,2022-04-06T00:08:00Z,125.91,126.23,125.8,126.23,9.76020257
Kraken:SOLUSD,2022-04-06T00:09:00Z,125.96,125.96,125.67,125.67,191.44264138
Kraken:SOLUSD,2022-04-06T00:10:00Z,125.67,125.67,125.11,125.36,1524.92669513
Kraken:SOLUSD,2022-04-06T00:11:00Z,125.6,126.1,125.6,125.86,51.01089536
Kraken:SOLUSD,2022-04-06T00:12:00Z,125.39,125.39,124.63,124.63,2024.2509868
Kraken:SOLUSD,2022-04-06T00:13:00Z,124.63,124.63,123.03,123.33,2524.5131019
Kraken:SOLUSD,2022-04-06T00:14:00Z,123.47,123.47,122.53,122.74,2389.56221836
Kraken:SOLUSD,2022-04-06T00:15:00Z,122.75,124.27,122.41,123.79,2609.68732746
Kraken:SOLUSD,2022-04-06T00:16:00Z,123.98,124.08,123.47,123.73,592.80582322
Kraken:SOLUSD,2022-04-06T00:17:00Z,123.61,123.81,123.22,123.53,1392.15271193
Kraken:SOLUSD,2022-04-06T00:18:00Z,123.53,123.53,122.43,122.45,642.47832933
Kraken:SOLUSD,2022-04-06T00:19:00Z,122.42,122.57,122.0,122.15,1510.71230816
Kraken:SOLUSD,2022-04-06T00:20:00Z,122.02,122.02,120.18,120.51,3771.29905358
Kraken:SOLUSD,2022-04-06T00:21:00Z,120.51,121.58,120.18,121.4,1345.85823523
Kraken:SOLUSD,2022-04-06T00:22:00Z,121.17,121.36,120.66,121.36,998.95994314
Kraken:SOLUSD,2022-04-06T00:23:00Z,121.43,122.36,121.24,122.36,427.35362608
Kraken:SOLUSD,2022-04-06T00:24:00Z,122.3,123.47,122.3,123.29,1661.96190124
Kraken:SOLUSD,2022-04-06T00:25:00Z,123.46,123.57,122.87,122.96,1068.20456045
Kraken:SOLUSD,2022-04-06T00:26:00Z,122.99,123.84,122.99,123.77,136.16818046
Kraken:SOLUSD,2022-04-06T00:27:00Z,123.73,124.23,123.73,124.23,85.02077906
Kraken:SOLUSD,2022-04-06T00:28:00Z,124.24,124.32,123.9,123.9,687.04972324
Kraken:SOLUSD,2022-04-06T00:29:00Z,124.0,124.07,123.89,124.01,564.50091556
Kraken:SOLUSD,2022-04-06T00:30:00Z,123.87,124.39,123.86,124.33,1231.44846877
Kraken:SOLUSD,2022-04-06T00:31:00Z,124.09,124.18,123.36,123.55,887.84293007
Kraken:SOLUSD,2022-04-06T00:32:00Z,123.61,124.3,123.61,124.29,425.49325588
Kraken:SOLUSD,2022-04-06T00:33:00Z,124.29,124.88,124.29,124.76,275.61138378
Kraken:SOLUSD,2022-04-06T00:34:00Z,124.88,124.93,124.29,124.37,221.12440444
Kraken:SOLUSD,2022-04-06T00:35:00Z,124.4,124.58,124.14,124.58,50.66788099
Kraken:SOLUSD,2022-04-06T00:36:00Z,124.53,124.82,124.52,124.54,190.46603349
Kraken:SOLUSD,2022-04-06T00:37:00Z,124.51,124.51,124.15,124.47,112.93342932
Kraken:SOLUSD,2022-04-06T00:38:00Z,124.56,124.95,124.56,124.86,96.76790488
Kraken:SOLUSD,2022-04-06T00:39:00Z,124.79,124.88,124.51,124.51,85.47800658
Kraken:SOLUSD,2022-04-06T00:40:00Z,124.51,124.51,124.35,124.35,265.42344616
Kraken:SOLUSD,2022-04-06T00:41:00Z,124.43,124.52,124.1,124.1,1933.34504046
Kraken:SOLUSD,2022-04-06T00:42:00Z,124.14,124.51,124.07,124.51,1431.45765801
Kraken:SOLUSD,2022-04-06T00:43:00Z,124.38,124.61,124.38,124.47,46.90064414
Kraken:SOLUSD,2022-04-06T00:44:00Z,124.43,124.62,124.38,124.38,36.71449636
Kraken:SOLUSD,2022-04-06T00:45:00Z,124.2,124.51,124.15,124.51,184.67428917
Kraken:SOLUSD,2022-04-06T00:46:00Z,124.33,124.36,124.3,124.3,259.45645015
Kraken:SOLUSD,2022-04-06T00:47:00Z,124.52,124.72,124.4,124.68,317.04788948
Kraken:SOLUSD,2022-04-06T00:48:00Z,124.66,125.16,124.66,124.98,347.89736542
Kraken:SOLUSD,2022-04-06T00:49:00Z,124.82,124.9,124.66,124.79,486.91460602
Kraken:SOLUSD,2022-04-06T00:50:00Z,124.77,124.85,124.75,124.75,403.63664077
Kraken:SOLUSD,2022-04-06T00:51:00Z,124.76,124.81,124.49,124.49,33.86509039
Kraken:SOLUSD,2022-04-06T00:52:00Z,124.62,124.95,124.62,124.8,102.38508654
Kraken:SOLUSD,2022-04-06T00:53:00Z,124.97,124.97,124.97,124.97,0.9
Kraken:SOLUSD,2022-04-06T00:54:00Z,125.1,125.1,125.05,125.05,2.12398
Kraken:SOLUSD,2022-04-06T00:55:00Z,125.06,125.06,125.06,125.06,7.64257
Kraken:SOLUSD,2022-04-06T00:56:00Z,125.07,125.26,125.0,125.19,345.70108963
Kraken:SOLUSD,2022-04-06T00:57:00Z,125.18,125.38,125.18,125.38,1022.59223023
Kraken:SOLUSD,2022-04-06T00:58:00Z,125.31,125.31,124.84,124.84,268.43305465
Kraken:SOLUSD,2022-04-06T00:59:00Z,124.72,124.84,124.57,124.63,369.08888546
Kraken:SOLUSD,2022-04-06T01:00:00Z,124.54,124.95,124.47,124.95,184.97352762
Kraken:SOLUSD,2022-04-06T01:01:00Z,124.87,124.87,124.49,124.49,76.82500121
Kraken:SOLUSD,2022-04-06T01:02:00Z,124.51,124.51,124.37,124.37,18.2928953
Kraken:SOLUSD,2022-04-06T01:03:00Z,124.37,124.72,124.29,124.72,99.75041583
Kraken:SOLUSD,2022-04-06T01:04:00Z,124.73,124.75,124.62,124.62,33.82917867
Kraken:SOLUSD,2022-04-06T01:05:00Z,124.68,124.89,124.68,124.8,59.59993608
Kraken:SOLUSD,2022-04-06T01:06:00Z,124.89,125.45,124.89,125.42,155.76886219
Kraken:SOLUSD,2022-04-06T01:07:00Z,125.16,125.48,125.16,125.48,51.0884576
Kraken:SOLUSD,2022-04-06T01:08:00Z,125.25,125.35,125.22,125.22,193.35328435
Kraken:SOLUSD,2022-04-06T01:09:00Z,125.24,125.25,125.14,125.17,147.61506366
Kraken:SOLUSD,2022-04-06T01:10:00Z,125.15,125.28,125.15,125.28,0.17001172
Kraken:SOLUSD,2022-04-06T01:11:00Z,125.0,125.0,125.0,125.0,25
Kraken:SOLUSD,2022-04-06T01:12:00Z,125.03,125.03,124.77,124.77,28.66058583
Kraken:SOLUSD,2022-04-06T01:13:00Z,124.75,124.75,124.7,124.7,25.802004
Kraken:SOLUSD,2022-04-06T01:14:00Z,124.73,124.73,124.44,124.44,99.90544143
Kraken:SOLUSD,2022-04-06T01:15:00Z,124.42,124.68,124.4,124.68,1063.65495638
Kraken:SOLUSD,2022-04-06T01:16:00Z,124.76,125.01,124.76,125.01,99.97141405
Kraken:SOLUSD,2022-04-06T01:17:00Z,124.91,125.08,124.88,124.88,309.1477412
Kraken:SOLUSD,2022-04-06T01:18:00Z,125.0,125.15,124.98,125.15,504.37290982
Kraken:SOLUSD,2022-04-06T01:19:00Z,125.15,125.23,125.15,125.23,182.64161809
Kraken:SOLUSD,2022-04-06T01:20:00Z,125.15,125.24,125.12,125.12,368.98528062
Kraken:SOLUSD,2022-04-06T01:21:00Z,125.2,125.26,125.2,125.26,190.85086987
Kraken:SOLUSD,2022-04-06T01:22:00Z,125.25,125.56,125.25,125.56,111.39931716
Kraken:SOLUSD,2022-04-06T01:23:00Z,125.57,125.58,125.51,125.51,11.9209859
Kraken:SOLUSD,2022-04-06T01:24:00Z,125.48,125.48,125.37,125.43,453.60127548
Kraken:SOLUSD,2022-04-06T01:25:00Z,125.2,125.25,125.13,125.25,66.56087
Kraken:SOLUSD,2022-04-06T01:26:00Z,125.23,125.37,125.2,125.32,129.94339389
Kraken:SOLUSD,2022-04-06T01:27:00Z,125.3,125.34,125.3,125.34,14.083074
Kraken:SOLUSD,2022-04-06T01:28:00Z,125.28,125.28,125.04,125.04,82.95077886
Kraken:SOLUSD,2022-04-06T01:29:00Z,124.99,125.12,124.89,125.12,50.01874093
Kraken:SOLUSD,2022-04-06T01:30:00Z,124.99,125.09,124.88,124.92,51.595915
Kraken:SOLUSD,2022-04-06T01:31:00Z,125.09,125.09,125.09,125.09,0.00788
Kraken:SOLUSD,2022-04-06T01:32:00Z,125.1,125.1,125.1,125.1,7.99488327
Kraken:SOLUSD,2022-04-06T01:33:00Z,125.13,125.13,125.13,125.13,0.23975065
Kraken:SOLUSD,2022-04-06T01:34:00Z,125.1,125.1,125.1,125.1,25
Kraken:SOLUSD,2022-04-06T01:35:00Z,125.13,125.18,125.13,125.18,116.64528
Kraken:SOLUSD,2022-04-06T01:36:00Z,124.98,125.12,124.89,125.12,113.3253022
Kraken:SOLUSD,2022-04-06T01:37:00Z,125.24,125.24,125.24,125.24,25
Kraken:SOLUSD,2022-04-06T01:38:00Z,125.15,125.15,124.87,124.87,28.62998109
Kraken:SOLUSD,2022-04-06T01:39:00Z,124.83,124.83,124.67,124.67,76.48673132
Kraken:SOLUSD,2022-04-06T01:40:00Z,124.79,124.88,124.64,124.88,17.30593253
Kraken:SOLUSD,2022-04-06T01:41:00Z,124.87,124.87,124.83,124.85,112.19813743
Kraken:SOLUSD,2022-04-06T01:43:00Z,124.77,124.77,124.77,124.77,12.018745
Kraken:SOLUSD,2022-04-06T01:44:00Z,124.83,124.83,124.83,124.83,0.61059
Kraken:SOLUSD,2022-04-06T01:45:00Z,124.78,124.78,124.68,124.73,11.38130284
Kraken:SOLUSD,2022-04-06T01:46:00Z,124.62,124.81,124.57,124.81,188.06757
Kraken:SOLUSD,2022-04-06T01:47:00Z,124.94,125.08,124.94,125.08,74.95022798
Kraken:SOLUSD,2022-04-06T01:48:00Z,125.06,125.06,125.06,125.06,0.32768271
Kraken:SOLUSD,2022-04-06T01:50:00Z,124.95,124.95,124.95,124.95,0.04713517
Kraken:SOLUSD,2022-04-06T01:51:00Z,124.94,124.97,124.89,124.97,134.98712
Kraken:SOLUSD,2022-04-06T01:52:00Z,125.0,125.0,125.0,125.0,3.26112
Kraken:SOLUSD,2022-04-06T01:53:00Z,124.9,124.97,124.82,124.82,176.86511525
Kraken:SOLUSD,2022-04-06T01:54:00Z,124.87,124.91,124.87,124.9,37.396622
Kraken:SOLUSD,2022-04-06T01:55:00Z,124.94,124.97,124.94,124.97,2.3451
Kraken:SOLUSD,2022-04-06T01:56:00Z,124.95,124.96,124.95,124.96,25
Kraken:SOLUSD,2022-04-06T01:57:00Z,124.98,124.99,124.81,124.97,38.85606631
Kraken:SOLUSD,2022-04-06T02:00:00Z,124.95,124.95,124.9,124.9,46.834598
Kraken:SOLUSD,2022-04-06T02:01:00Z,124.82,124.91,124.82,124.91,52.65230482
Kraken:SOLUSD,2022-04-06T02:02:00Z,125.16,125.17,125.16,125.17,1.17143238
Kraken:SOLUSD,2022-04-06T02:03:00Z,125.19,125.26,125.19,125.25,18.53042327
Kraken:SOLUSD,2022-04-06T02:04:00Z,125.27,125.4,125.26,125.4,1.7E+2
Kraken:SOLUSD,2022-04-06T02:05:00Z,125.47,125.76,125.47,125.7,272.10872413
Kraken:SOLUSD,2022-04-06T02:06:00Z,125.61,125.61,125.57,125.6,112.18917518
Kraken:SOLUSD,2022-04-06T02:07:00Z,125.63,125.66,125.63,125.66,10.397
Kraken:SOLUSD,2022-04-06T02:08:00Z,125.72,125.72,125.64,125.64,3.96464004
Kraken:SOLUSD,2022-04-06T02:10:00Z,125.53,125.53,125.44,125.45,30.5794043
Kraken:SOLUSD,2022-04-06T02:11:00Z,125.53,125.53,125.37,125.4,98.82715467
Kraken:SOLUSD,2022-04-06T02:13:00Z,125.5,125.51,125.48,125.48,52.21259
Kraken:SOLUSD,2022-04-06T02:14:00Z,125.5,125.56,125.5,125.56,33.537
Kraken:SOLUSD,2022-04-06T02:15:00Z,125.6,125.6,125.51,125.51,25.4
Kraken:SOLUSD,2022-04-06T02:16:00Z,125.51,125.51,125.44,125.5,16.06574017
Kraken:SOLUSD,2022-04-06T02:17:00Z,125.44,125.77,125.44,125.77,29.04736116
Kraken:SOLUSD,2022-04-06T02:18:00Z,125.73,125.79,125.73,125.79,10.30339639
Kraken:SOLUSD,2022-04-06T02:19:00Z,125.74,125.76,125.74,125.76,15.84716
Kraken:SOLUSD,2022-04-06T02:20:00Z,125.69,125.69,125.67,125.67,47.94834989
Kraken:SOLUSD,2022-04-06T02:21:00Z,125.71,125.71,125.71,125.71,1.11932
Kraken:SOLUSD,2022-04-06T02:23:00Z,125.78,125.8,125.78,125.8,50.07692327
Kraken:SOLUSD,2022-04-06T02:24:00Z,125.79,125.79,125.74,125.74,54.41912205
Kraken:SOLUSD,2022-04-06T02:25:00Z,125.8,125.89,125.8,125.89,66.49694947
Kraken:SOLUSD,2022-04-06T02:26:00Z,125.9,125.96,125.9,125.96,25.93196637
Kraken:SOLUSD,2022-04-06T02:27:00Z,125.97,126.13,125.97,126.13,156.07974774
Kraken:SOLUSD,2022-04-06T02:29:00Z,125.91,125.91,125.74,125.74,283.2787623
Kraken:SOLUSD,2022-04-06T02:30:00Z,125.65,125.7,125.65,125.67,75.82598592
Kraken:SOLUSD,2022-04-06T02:31:00Z,125.88,125.88,125.88,125.88,3.9
Kraken:SOLUSD,2022-04-06T02:32:00Z,125.7,125.75,125.7,125.75,112.08426795
Kraken:SOLUSD,2022-04-06T02:34:00Z,125.7,125.72,125.7,125.72,53.30755691
Kraken:SOLUSD,2022-04-06T02:36:00Z,125.77,125.8,125.77,125.8,33.231
Kraken:SOLUSD,2022-04-06T02:37:00Z,125.83,125.92,125.83,125.92,35.087
Kraken:SOLUSD,2022-04-06T02:38:00Z,125.92,125.96,125.92,125.96,2.35
Kraken:SOLUSD,2022-04-06T02:41:00Z,125.92,125.93,125.89,125.89,65.158
Kraken:SOLUSD,2022-04-06T02:42:00Z,125.88,125.9,125.75,125.79,996.53556643
Kraken:SOLUSD,2022-04-06T02:43:00Z,125.77,125.77,125.77,125.77,2.966
Kraken:SOLUSD,2022-04-06T02:44:00Z,125.8,125.93,125.8,125.91,314.88352218
Kraken:SOLUSD,2022-04-06T02:45:00Z,125.82,125.82,125.82,125.82,1.25
Kraken:SOLUSD,2022-04-06T02:46:00Z,125.71,125.72,125.71,125.71,152.2430159
Kraken:SOLUSD,2022-04-06T02:47:00Z,125.63,125.63,125.63,125.63,0.5
Kraken:SOLUSD,2022-04-06T02:48:00Z,125.54,125.54,125.49,125.49,7.21756784
Kraken:SOLUSD,2022-04-06T02:50:00Z,125.46,125.46,125.33,125.33,19.23423298
Kraken:SOLUSD,2022-04-06T02:53:00Z,125.4,125.55,125.4,125.55,1043.36995722
Kraken:SOLUSD,2022-04-06T02:54:00Z,125.47,125.51,125.47,125.51,26.58481865
Kraken:SOLUSD,2022-04-06T02:56:00Z,125.31,125.31,125.08,125.08,41.94348691
Kraken:SOLUSD,2022-04-06T02:57:00Z,125.06,125.17,124.92,125.17,323.36310054
Kraken:SOLUSD,2022-04-06T02:58:00Z,125.12,125.12,125.12,125.12,0.03710227
Kraken:SOLUSD,2022-04-06T02:59:00Z,125.13,125.24,125.13,125.24,4.56440344
Kraken:SOLUSD,2022-04-06T03:00:00Z,125.14,125.14,125.1,125.1,0.58286281
Kraken:SOLUSD,2022-04-06T03:01:00Z,125.08,125.09,124.97,125.09,475.05311757
Kraken:SOLUSD,2022-04-06T03:02:00Z,125.13,125.27,125.02,125.16,504.11125493
Kraken:SOLUSD,2022-04-06T03:03:00Z,125.11,125.11,125.02,125.02,52.52569987
Kraken:SOLUSD,2022-04-06T03:05:00Z,125.16,125.16,124.68,124.68,207.63935969
Kraken:SOLUSD,2022-04-06T03:06:00Z,124.67,124.69,124.33,124.45,186.7532417
Kraken:SOLUSD,2022-04-06T03:07:00Z,124.32,124.49,124.32,124.49,41.18508214
Kraken:SOLUSD,2022-04-06T03:08:00Z,124.35,124.55,124.26,124.46,57.45798556
Kraken:SOLUSD,2022-04-06T03:09:00Z,124.43,124.43,124.26,124.34,52.1833399
Kraken:SOLUSD,2022-04-06T03:10:00Z,124.27,124.27,124.07,124.07,24.98144342
Kraken:SOLUSD,2022-04-06T03:11:00Z,124.06,124.06,123.76,123.98,134.93748524
Kraken:SOLUSD,2022-04-06T03:12:00Z,124.02,124.17,124.02,124.17,54.667
Kraken:SOLUSD,2022-04-06T03:13:00Z,124.17,124.17,124.17,124.17,0.01169
Kraken:SOLUSD,2022-04-06T03:14:00Z,124.19,124.19,124.08,124.1,37.59617
Kraken:SOLUSD,2022-04-06T03:15:00Z,124.06,124.06,124.01,124.01,7.615194
Kraken:SOLUSD,2022-04-06T03:16:00Z,124.11,124.13,124.11,124.11,2.19376245
Kraken:SOLUSD,2022-04-06T03:17:00Z,124.06,124.2,124.01,124.2,64.90349887
Kraken:SOLUSD,2022-04-06T03:18:00Z,124.21,124.34,124.21,124.34,121.80315561
Kraken:SOLUSD,2022-04-06T03:19:00Z,124.43,124.56,124.12,124.12,833.55606851
Kraken:SOLUSD,2022-04-06T03:20:00Z,124.16,124.16,124.07,124.12,65.81065387
Kraken:SOLUSD,2022-04-06T03:21:00Z,124.2,124.39,124.2,124.39,67.38032
Kraken:SOLUSD,2022-04-06T03:23:00Z,124.24,124.24,124.24,124.24,25
Kraken:SOLUSD,2022-04-06T03:24:00Z,124.11,124.11,123.89,123.89,353.74088096
Kraken:SOLUSD,2022-04-06T03:26:00Z,124.0,124.0,124.0,124.0,82.83159
Kraken:SOLUSD,2022-04-06T03:27:00Z,123.97,123.97,123.75,123.76,129.41191903
Kraken:SOLUSD,2022-04-06T03:28:00Z,123.76,123.88,123.76,123.88,269.06150555
Kraken:SOLUSD,2022-04-06T03:29:00Z,123.83,123.9,123.83,123.9,9.93020478
Kraken:SOLUSD,2022-04-06T03:30:00Z,123.9,124.0,123.9,124.0,57.71401158
Kraken:SOLUSD,2022-04-06T03:31:00Z,124.04,124.06,123.99,124.03,207.05981587
Kraken:SOLUSD,2022-04-06T03:32:00Z,124.05,124.06,124.05,124.06,26.04
Kraken:SOLUSD,2022-04-06T03:33:00Z,124.13,124.29,124.13,124.29,87.89941831
Kraken:SOLUSD,2022-04-06T03:34:00Z,124.33,124.33,124.33,124.33,25
Kraken:SOLUSD,2022-04-06T03:36:00Z,124.51,124.54,124.51,124.54,5.1286
Kraken:SOLUSD,2022-04-06T03:37:00Z,124.54,124.54,124.42,124.42,119.35675804
Kraken:SOLUSD,2022-04-06T03:38:00Z,124.41,124.41,124.4,124.4,5.05905089
Kraken:SOLUSD,2022-04-06T03:39:00Z,124.38,124.53,124.38,124.53,74.47993148
Kraken:SOLUSD,2022-04-06T03:40:00Z,124.59,124.61,124.57,124.57,9.10892553
Kraken:SOLUSD,2022-04-06T03:41:00Z,124.56,124.56,124.51,124.51,115
Kraken:SOLUSD,2022-04-06T03:42:00Z,124.6,124.6,124.6,124.6,20.186
Kraken:SOLUSD,2022-04-06T03:43:00Z,124.7,124.72,124.7,124.72,5.13064031
Kraken:SOLUSD,2022-04-06T03:47:00Z,124.5,124.5,124.5,124.5,25
Kraken:SOLUSD,2022-04-06T03:49:00Z,124.27,124.27,124.11,124.11,33.27844
Kraken:SOLUSD,2022-04-06T03:50:00Z,124.13,124.13,124.13,124.13,5E+1
Kraken:SOLUSD,2022-04-06T03:51:00Z,124.18,124.18,124.03,124.03,54.77135011
Kraken:SOLUSD,2022-04-06T03:52:00Z,124.09,124.24,124.09,124.24,45.34466
Kraken:SOLUSD,2022-04-06T03:54:00Z,124.23,124.23,124.1,124.1,27.90641616
Kraken:SOLUSD,2022-04-06T03:55:00Z,124.0,124.0,124.0,124.0,25
Kraken:SOLUSD,2022-04-06T03:56:00Z,123.97,123.97,123.52,123.55,463.15876422
Kraken:SOLUSD,2022-04-06T03:57:00Z,123.58,123.58,123.51,123.57,53.94962758
Kraken:SOLUSD,2022-04-06T03:58:00Z,123.5,123.5,123.4,123.4,18.27131862
Kraken:SOLUSD,2022-04-06T03:59:00Z,123.51,123.57,123.46,123.57,130.00797
Kraken:SOLUSD,2022-04-06T04:00:00Z,123.77,123.81,123.77,123.81,30.39038808
Kraken:SOLUSD,2022-04-06T04:01:00Z,123.95,123.95,123.95,123.95,25
Kraken:SOLUSD,2022-04-06T04:02:00Z,123.95,123.95,123.51,123.51,69.8044972
Kraken:SOLUSD,2022-04-06T04:03:00Z,123.4,123.4,123.09,123.09,85.43021375
Kraken:SOLUSD,2022-04-06T04:04:00Z,123.19,123.39,123.16,123.39,100.02399715
Kraken:SOLUSD,2022-04-06T04:06:00Z,123.7,123.7,123.64,123.64,229.06167
Kraken:SOLUSD,2022-04-06T04:07:00Z,123.57,123.65,123.57,123.64,56.21584785
Kraken:SOLUSD,2022-04-06T04:08:00Z,123.61,123.62,123.61,123.62,7
Kraken:SOLUSD,2022-04-06T04:10:00Z,123.64,123.87,123.64,123.87,68.74997818
Kraken:SOLUSD,2022-04-06T04:11:00Z,123.89,124.01,123.89,124.01,27.03774815
Kraken:SOLUSD,2022-04-06T04:13:00Z,123.97,123.98,123.97,123.98,2.66094967
Kraken:SOLUSD,2022-04-06T04:14:00Z,124.06,124.21,124.06,124.1,53.41644029
Kraken:SOLUSD,2022-04-06T04:15:00Z,124.23,124.36,124.23,124.36,49.28827125
Kraken:SOLUSD,2022-04-06T04:16:00Z,124.34,124.45,124.34,124.45,38.16370636
Kraken:SOLUSD,2022-04-06T04:17:00Z,124.45,124.53,124.39,124.53,122.90771861
Kraken:SOLUSD,2022-04-06T04:18:00Z,124.55,124.73,124.55,124.73,104.22506992
Kraken:SOLUSD,2022-04-06T04:19:00Z,124.75,124.88,124.75,124.85,215.7583752
Kraken:SOLUSD,2022-04-06T04:20:00Z,124.9,124.92,124.86,124.86,24.11358599
Kraken:SOLUSD,2022-04-06T04:21:00Z,124.93,124.99,124.87,124.88,29.4773541
Kraken:SOLUSD,2022-04-06T04:22:00Z,124.85,124.85,124.85,124.85,23.91858
Kraken:SOLUSD,2022-04-06T04:23:00Z,124.7,124.7,124.69,124.69,14.6000054
Kraken:SOLUSD,2022-04-06T04:24:00Z,124.8,124.8,124.8,124.8,0.9665
Kraken:SOLUSD,2022-04-06T04:25:00Z,124.95,124.95,124.89,124.91,140.01919794
Kraken:SOLUSD,2022-04-06T04:26:00Z,124.8,124.8,124.73,124.73,4.23000116
Kraken:SOLUSD,2022-04-06T04:27:00Z,124.74,124.78,124.74,124.78,3.52
Kraken:SOLUSD,2022-04-06T04:28:00Z,124.77,124.78,124.77,124.78,25.1378
Kraken:SOLUSD,2022-04-06T04:30:00Z,124.71,124.71,124.71,124.71,0.23441577
Kraken:SOLUSD,2022-04-06T04:31:00Z,124.77,124.77,124.77,124.77,21.49
Kraken:SOLUSD,2022-04-06T04:32:00Z,124.67,125.22,124.67,125.22,487.60771151
Kraken:SOLUSD,2022-04-06T04:33:00Z,124.99,124.99,124.99,124.99,0.19236
Kraken:SOLUSD,2022-04-06T04:35:00Z,125.15,125.29,125.15,125.24,318.65858088
Kraken:SOLUSD,2022-04-06T04:36:00Z,125.09,125.11,125.09,125.11,10.35097289
Kraken:SOLUSD,2022-04-06T04:37:00Z,125.11,125.11,125.05,125.1,16.3014383
Kraken:SOLUSD,2022-04-06T04:38:00Z,125.12,125.12,125.12,125.12,0.06
Kraken:SOLUSD,2022-04-06T04:40:00Z,125.11,125.35,125.11,125.35,27.08264003
Kraken:SOLUSD,2022-04-06T04:41:00Z,125.35,125.52,125.35,125.52,38.85467259
Kraken:SOLUSD,2022-04-06T04:43:00Z,125.52,125.52,125.52,125.52,0.15933715
Kraken:SOLUSD,2022-04-06T04:44:00Z,125.38,125.38,125.38,125.38,3.77844
Kraken:SOLUSD,2022-04-06T04:45:00Z,125.3,125.33,125.3,125.33,80.55511245
Kraken:SOLUSD,2022-04-06T04:46:00Z,125.3,125.3,125.3,125.3,0.37431
Kraken:SOLUSD,2022-04-06T04:48:00Z,125.3,125.31,125.21,125.21,22.06202895
Kraken:SOLUSD,2022-04-06T04:49:00Z,125.28,125.33,125.28,125.33,45
Kraken:SOLUSD,2022-04-06T04:50:00Z,125.45,125.45,125.45,125.45,25
Kraken:SOLUSD,2022-04-06T04:51:00Z,125.43,125.43,125.37,125.37,0.45584008
Kraken:SOLUSD,2022-04-06T04:52:00Z,125.36,125.36,125.05,125.05,790.5404065
Kraken:SOLUSD,2022-04-06T04:53:00Z,125.19,125.19,125.19,125.19,0.28386913
Kraken:SOLUSD,2022-04-06T04:54:00Z,125.15,125.15,125.15,125.15,3
Kraken:SOLUSD,2022-04-06T04:55:00Z,125.2,125.39,125.2,125.39,23.61252929
Kraken:SOLUSD,2022-04-06T04:56:00Z,125.48,125.48,125.34,125.34,16.68862
Kraken:SOLUSD,2022-04-06T04:57:00Z,125.39,125.4,125.39,125.4,1.2367
Kraken:SOLUSD,2022-04-06T04:58:00Z,125.32,125.45,125.28,125.45,52.06131
Kraken:SOLUSD,2022-04-06T05:00:00Z,125.45,125.53,125.45,125.53,53.29628756
Kraken:SOLUSD,2022-04-06T05:01:00Z,125.54,125.62,125.54,125.62,27.02594723
Kraken:SOLUSD,2022-04-06T05:02:00Z,125.61,125.79,125.61,125.77,41.36824441
Kraken:SOLUSD,2022-04-06T05:03:00Z,125.76,125.76,125.63,125.63,7.80787296
Kraken:SOLUSD,2022-04-06T05:05:00Z,125.69,125.8,125.69,125.8,22.91618391
Kraken:SOLUSD,2022-04-06T05:06:00Z,125.7,125.75,125.7,125.75,1.98177803
Kraken:SOLUSD,2022-04-06T05:07:00Z,125.84,126.07,125.84,125.84,311.45657267
Kraken:SOLUSD,2022-04-06T05:08:00Z,125.77,125.86,125.77,125.85,522.87077
Kraken:SOLUSD,2022-04-06T05:09:00Z,125.83,125.83,125.76,125.76,12.08104416
Kraken:SOLUSD,2022-04-06T05:10:00Z,125.74,125.77,125.74,125.77,51.5665395
Kraken:SOLUSD,2022-04-06T05:11:00Z,125.84,125.9,125.84,125.9,4E+1
Kraken:SOLUSD,2022-04-06T05:12:00Z,126.01,126.21,126.01,126.21,63.24172876
Kraken:SOLUSD,2022-04-06T05:13:00Z,126.18,126.25,126.18,126.25,2.3188257
Kraken:SOLUSD,2022-04-06T05:14:00Z,126.26,126.56,126.26,126.56,98.32528413
Kraken:SOLUSD,2022-04-06T05:15:00Z,126.34,126.34,126.33,126.33,8.2644628
Kraken:SOLUSD,2022-04-06T05:16:00Z,126.43,126.84,126.4,126.84,218.01399288
Kraken:SOLUSD,2022-04-06T05:17:00Z,126.67,126.67,126.6,126.61,112.07228795
Kraken:SOLUSD,2022-04-06T05:18:00Z,126.29,126.37,126.28,126.33,3.02751791
Kraken:SOLUSD,2022-04-06T05:19:00Z,126.3,126.3,126.3,126.3,3.61434
Kraken:SOLUSD,2022-04-06T05:20:00Z,126.25,126.33,126.19,126.33,25.58516
Kraken:SOLUSD,2022-04-06T05:21:00Z,126.35,126.37,126.35,126.37,2.185
Kraken:SOLUSD,2022-04-06T05:22:00Z,126.4,126.5,126.38,126.5,18.94727
Kraken:SOLUSD,2022-04-06T05:23:00Z,126.46,126.48,126.41,126.43,50.1473
Kraken:SOLUSD,2022-04-06T05:24:00Z,126.26,126.27,126.26,126.27,11
Kraken:SOLUSD,2022-04-06T05:25:00Z,126.27,126.28,126.27,126.28,6.24153
Kraken:SOLUSD,2022-04-06T05:29:00Z,126.36,126.41,126.36,126.41,6.62183553
Kraken:SOLUSD,2022-04-06T05:30:00Z,126.34,126.34,126.34,126.34,16.2666712
Kraken:SOLUSD,2022-04-06T05:32:00Z,126.24,126.34,126.24,126.34,71
Kraken:SOLUSD,2022-04-06T05:33:00Z,126.38,126.38,126.31,126.31,2.3E+2
Kraken:SOLUSD,2022-04-06T05:34:00Z,126.35,126.35,126.32,126.32,37.21157
Kraken:SOLUSD,2022-04-06T05:36:00Z,126.24,126.24,126.24,126.24,0.05640698
Kraken:SOLUSD,2022-04-06T05:39:00Z,126.29,126.29,126.29,126.29,2.552
Kraken:SOLUSD,2022-04-06T05:40:00Z,126.23,126.31,126.23,126.31,0.74111032
Kraken:SOLUSD,2022-04-06T05:41:00Z,126.3,126.3,126.3,126.3,5.71882
Kraken:SOLUSD,2022-04-06T05:42:00Z,126.32,126.32,126.32,126.32,1E+1
Kraken:SOLUSD,2022-04-06T05:43:00Z,126.31,126.34,126.31,126.34,5E+1
Kraken:SOLUSD,2022-04-06T05:45:00Z,126.25,126.25,126.25,126.25,110.8910891
Kraken:SOLUSD,2022-04-06T05:46:00Z,126.25,126.25,126.25,126.25,0.02657683
Kraken:SOLUSD,2022-04-06T05:47:00Z,126.38,126.64,126.38,126.64,5.70571193
Kraken:SOLUSD,2022-04-06T05:48:00Z,126.66,126.66,126.62,126.62,4.54658293
Kraken:SOLUSD,2022-04-06T05:49:00Z,126.73,126.78,126.73,126.78,21
Kraken:SOLUSD,2022-04-06T05:50:00Z,126.72,126.77,126.72,126.77,3.02148739
Kraken:SOLUSD,2022-04-06T05:51:00Z,126.81,126.81,126.8,126.8,2.18156
Kraken:SOLUSD,2022-04-06T05:52:00Z,126.85,126.87,126.84,126.85,18.48281894
Kraken:SOLUSD,2022-04-06T05:53:00Z,126.8,126.87,126.8,126.87,12.02616
Kraken:SOLUSD,2022-04-06T05:54:00Z,126.77,126.84,126.77,126.84,5E+1
Kraken:SOLUSD,2022-04-06T05:55:00Z,126.79,126.8,126.72,126.8,150.30929466
Kraken:SOLUSD,2022-04-06T05:57:00Z,126.46,126.46,126.46,126.46,1E+1
Kraken:SOLUSD,2022-04-06T05:59:00Z,126.46,126.64,126.46,126.63,1054.77128771
Kraken:SOLUSD,2022-04-06T06:01:00Z,126.26,126.26,126.09,126.09,135.35091914
Kraken:SOLUSD,2022-04-06T06:02:00Z,126.01,126.01,125.89,125.98,21.14106355
Kraken:SOLUSD,2022-04-06T06:03:00Z,125.92,126.1,125.92,126.1,1.16242995
Kraken:SOLUSD,2022-04-06T06:04:00Z,126.16,126.16,125.95,125.95,9.50259435
Kraken:SOLUSD,2022-04-06T06:05:00Z,125.87,125.87,125.68,125.68,58.51284266
Kraken:SOLUSD,2022-04-06T06:07:00Z,125.74,125.74,125.74,125.74,3.89904
Kraken:SOLUSD,2022-04-06T06:08:00Z,125.74,125.83,125.74,125.83,138.11156666
Kraken:SOLUSD,2022-04-06T06:11:00Z,125.81,125.81,125.81,125.81,2E+1
Kraken:SOLUSD,2022-04-06T06:12:00Z,125.81,125.82,125.72,125.81,113.05625
Kraken:SOLUSD,2022-04-06T06:13:00Z,125.78,125.78,125.77,125.77,5
Kraken:SOLUSD,2022-04-06T06:14:00Z,126.0,126.01,126.0,126.01,3E+1
Kraken:SOLUSD,2022-04-06T06:15:00Z,126.12,126.12,126.12,126.12,0.23752969
Kraken:SOLUSD,2022-04-06T06:19:00Z,125.99,125.99,125.82,125.82,20.23170833
Kraken:SOLUSD,2022-04-06T06:20:00Z,125.85,125.91,125.85,125.91,41.27031082
Kraken:SOLUSD,2022-04-06T06:21:00Z,125.93,125.93,125.93,125.93,0.13788448
Kraken:SOLUSD,2022-04-06T06:23:00Z,125.79,125.79,125.49,125.51,61.16335854
Kraken:SOLUSD,2022-04-06T06:24:00Z,125.65,125.65,125.62,125.62,1E+1
Kraken:SOLUSD,2022-04-06T06:26:00Z,125.97,126.0,125.97,126.0,47.92803782
Kraken:SOLUSD,2022-04-06T06:27:00Z,126.0,126.12,126.0,126.12,461.11590712
Kraken:SOLUSD,2022-04-06T06:28:00Z,126.0,126.11,126.0,126.1,9.10925314
Kraken:SOLUSD,2022-04-06T06:29:00Z,126.17,126.18,126.17,126.18,3.621
Kraken:SOLUSD,2022-04-06T06:30:00Z,126.02,126.22,126.02,126.22,32.0213084
Kraken:SOLUSD,2022-04-06T06:31:00Z,126.13,126.13,126.13,126.13,2.22392
Kraken:SOLUSD,2022-04-06T06:32:00Z,126.18,126.18,126.18,126.18,3.22302
Kraken:SOLUSD,2022-04-06T06:33:00Z,126.1,126.1,126.1,126.1,6.16886
Kraken:SOLUSD,2022-04-06T06:34:00Z,126.23,126.25,126.23,126.25,134.098862
Kraken:SOLUSD,2022-04-06T06:35:00Z,126.25,126.25,126.25,126.25,0.05806267
Kraken:SOLUSD,2022-04-06T06:36:00Z,126.27,126.47,126.27,126.47,2.1429368
Kraken:SOLUSD,2022-04-06T06:37:00Z,126.5,126.54,126.5,126.5,552.49670212
Kraken:SOLUSD,2022-04-06T06:38:00Z,126.43,126.43,126.43,126.43,0.03562149
Kraken:SOLUSD,2022-04-06T06:39:00Z,126.55,126.65,126.55,126.65,10.39836588
Kraken:SOLUSD,2022-04-06T06:40:00Z,126.66,126.73,126.66,126.67,55.90968194
Kraken:SOLUSD,2022-04-06T06:41:00Z,126.5,126.51,126.5,126.51,13.87594696
Kraken:SOLUSD,2022-04-06T06:45:00Z,126.53,126.53,126.53,126.53,118.49122142
Kraken:SOLUSD,2022-04-06T06:46:00Z,126.53,126.53,126.53,126.53,0.82686858
Kraken:SOLUSD,2022-04-06T06:48:00Z,126.7,126.79,126.7,126.79,40.13097
Kraken:SOLUSD,2022-04-06T06:49:00Z,126.67,126.74,126.64,126.74,37.74623698
Kraken:SOLUSD,2022-04-06T06:51:00Z,126.69,126.69,126.69,126.69,0.44712
Kraken:SOLUSD,2022-04-06T06:52:00Z,126.63,126.63,126.6,126.61,31.12
Kraken:SOLUSD,2022-04-06T06:53:00Z,126.67,126.7,126.67,126.7,31.838176
Kraken:SOLUSD,2022-04-06T06:54:00Z,126.78,126.81,126.73,126.73,54.90990094
Kraken:SOLUSD,2022-04-06T06:55:00Z,126.74,126.74,126.74,126.74,27.66825139
Kraken:SOLUSD,2022-04-06T06:56:00Z,126.71,126.71,126.71,126.71,0.03379
Kraken:SOLUSD,2022-04-06T06:57:00Z,126.82,126.85,126.82,126.85,4.10359921
Kraken:SOLUSD,2022-04-06T06:58:00Z,126.87,126.98,126.87,126.98,15.44938234
Kraken:SOLUSD,2022-04-06T06:59:00Z,127.0,127.04,127.0,127.04,242.34633613
Kraken:SOLUSD,2022-04-06T07:00:00Z,127.04,127.15,127.01,127.15,118.75563489
Kraken:SOLUSD,2022-04-06T07:01:00Z,127.16,127.32,127.16,127.32,518.15432345
Kraken:SOLUSD,2022-04-06T07:02:00Z,127.33,127.33,127.33,127.33,1.03885728
Kraken:SOLUSD,2022-04-06T07:03:00Z,127.34,127.36,127.25,127.25,31.19739171
Kraken:SOLUSD,2022-04-06T07:04:00Z,127.22,127.22,127.13,127.13,3.711
Kraken:SOLUSD,2022-04-06T07:05:00Z,127.16,127.16,127.16,127.16,3
Kraken:SOLUSD,2022-04-06T07:06:00Z,127.21,127.21,127.11,127.11,28.4887974
Kraken:SOLUSD,2022-04-06T07:07:00Z,127.32,127.34,127.25,127.34,96.59717869
Kraken:SOLUSD,2022-04-06T07:08:00Z,127.37,127.39,127.37,127.39,5.52
Kraken:SOLUSD,2022-04-06T07:09:00Z,127.24,127.24,127.24,127.24,0.03922899
Kraken:SOLUSD,2022-04-06T07:10:00Z,127.26,127.31,127.26,127.31,2.35201715
Kraken:SOLUSD,2022-04-06T07:12:00Z,127.4,127.41,127.4,127.41,1E+1
Kraken:SOLUSD,2022-04-06T07:13:00Z,127.31,127.31,127.31,127.31,3.61434
Kraken:SOLUSD,2022-04-06T07:14:00Z,127.3,127.3,127.24,127.24,3.846
Kraken:SOLUSD,2022-04-06T07:16:00Z,127.2,127.2,127.2,127.2,7.05475613
Kraken:SOLUSD,2022-04-06T07:17:00Z,127.14,127.14,127.14,127.14,7.00430025
Kraken:SOLUSD,2022-04-06T07:18:00Z,127.26,127.26,127.26,127.26,18
Kraken:SOLUSD,2022-04-06T07:19:00Z,127.27,127.32,127.16,127.16,300.04021553
Kraken:SOLUSD,2022-04-06T07:20:00Z,127.0,127.01,127.0,127.0,57.82669918
Kraken:SOLUSD,2022-04-06T07:21:00Z,127.02,127.02,126.84,126.84,188.797463
Kraken:SOLUSD,2022-04-06T07:23:00Z,126.72,126.72,126.67,126.67,120.54580469
Kraken:SOLUSD,2022-04-06T07:24:00Z,126.71,126.71,126.71,126.71,0.02889
Kraken:SOLUSD,2022-04-06T07:25:00Z,126.71,126.71,126.71,126.71,4.39111
Kraken:SOLUSD,2022-04-06T07:26:00Z,126.69,126.69,126.69,126.69,0.2
Kraken:SOLUSD,2022-04-06T07:27:00Z,126.69,126.69,126.69,126.69,23.6794
Kraken:SOLUSD,2022-04-06T07:28:00Z,126.7,126.7,126.65,126.65,1.44221216
Kraken:SOLUSD,2022-04-06T07:30:00Z,126.7,126.7,126.53,126.65,10.93409661
Kraken:SOLUSD,2022-04-06T07:32:00Z,126.39,126.39,126.26,126.26,21.35389041
Kraken:SOLUSD,2022-04-06T07:33:00Z,126.34,126.36,126.33,126.33,6.37419346
Kraken:SOLUSD,2022-04-06T07:34:00Z,126.32,126.32,126.32,126.32,2.4
Kraken:SOLUSD,2022-04-06T07:35:00Z,126.32,126.32,125.99,125.99,55.66339327
Kraken:SOLUSD,2022-04-06T07:36:00Z,125.97,126.0,125.96,126.0,70.47303676
Kraken:SOLUSD,2022-04-06T07:37:00Z,125.95,125.95,125.84,125.84,9.42598835
Kraken:SOLUSD,2022-04-06T07:38:00Z,125.82,125.82,125.82,125.82,0.73566249
Kraken:SOLUSD,2022-04-06T07:39:00Z,125.91,125.91,125.87,125.87,7.31872
Kraken:SOLUSD,2022-04-06T07:40:00Z,126.1,126.2,126.1,126.2,43
Kraken:SOLUSD,2022-04-06T07:41:00Z,126.27,126.27,126.27,126.27,2E+1
Kraken:SOLUSD,2022-04-06T07:42:00Z,126.27,126.27,126.17,126.17,5.34622563
Kraken:SOLUSD,2022-04-06T07:43:00Z,126.09,126.09,126.08,126.08,35
Kraken:SOLUSD,2022-04-06T07:44:00Z,126.2,126.2,126.13,126.13,104.17058323
Kraken:SOLUSD,2022-04-06T07:45:00Z,126.0,126.0,125.93,125.93,7.26096122
Kraken:SOLUSD,2022-04-06T07:46:00Z,126.06,126.06,126.06,126.06,0.05762625
Kraken:SOLUSD,2022-04-06T07:47:00Z,126.2,126.23,126.2,126.2,33.115
Kraken:SOLUSD,2022-04-06T07:48:00Z,126.21,126.37,126.19,126.37,176.01377437
Kraken:SOLUSD,2022-04-06T07:49:00Z,126.28,126.33,126.28,126.33,0.90359884
Kraken:SOLUSD,2022-04-06T07:50:00Z,126.29,126.29,126.28,126.28,3.92695475
Kraken:SOLUSD,2022-04-06T07:52:00Z,126.22,126.22,126.21,126.21,37.88085
Kraken:SOLUSD,2022-04-06T07:53:00Z,126.07,126.07,126.07,126.07,2
Kraken:SOLUSD,2022-04-06T07:54:00Z,126.04,126.04,126.02,126.02,4.808
Kraken:SOLUSD,2022-04-06T07:56:00Z,125.91,125.91,125.91,125.91,0.8225
Kraken:SOLUSD,2022-04-06T07:57:00Z,125.91,126.07,125.91,126.03,41.37518
Kraken:SOLUSD,2022-04-06T07:58:00Z,125.81,125.81,125.35,125.35,100.9321226
Kraken:SOLUSD,2022-04-06T07:59:00Z,125.45,125.52,125.45,125.52,27.40278221
Kraken:SOLUSD,2022-04-06T08:00:00Z,125.51,125.51,125.29,125.33,11.49355112
Kraken:SOLUSD,2022-04-06T08:01:00Z,125.39,125.39,125.39,125.39,0.15892621
Kraken:SOLUSD,2022-04-06T08:02:00Z,125.42,125.42,125.38,125.38,9.17459566
Kraken:SOLUSD,2022-04-06T08:03:00Z,125.78,125.78,125.74,125.74,15.05404981
Kraken:SOLUSD,2022-04-06T08:05:00Z,125.65,125.65,125.51,125.51,15.08471924
Kraken:SOLUSD,2022-04-06T08:06:00Z,125.59,125.59,125.5,125.5,282
Kraken:SOLUSD,2022-04-06T08:07:00Z,125.59,125.61,125.59,125.61,0.07926406
Kraken:SOLUSD,2022-04-06T08:08:00Z,125.59,125.59,125.55,125.55,13.13192509
Kraken:SOLUSD,2022-04-06T08:09:00Z,125.32,125.42,125.32,125.42,29.10185
Kraken:SOLUSD,2022-04-06T08:10:00Z,125.45,125.45,125.37,125.37,3.88
Kraken:SOLUSD,2022-04-06T08:11:00Z,125.28,125.28,124.79,124.79,173.37231518
Kraken:SOLUSD,2022-04-06T08:12:00Z,124.79,124.87,124.79,124.79,161.841
Kraken:SOLUSD,2022-04-06T08:13:00Z,124.79,124.79,124.6,124.67,139.28899919
Kraken:SOLUSD,2022-04-06T08:14:00Z,124.75,124.75,124.63,124.63,5.627
Kraken:SOLUSD,2022-04-06T08:16:00Z,125.0,125.21,125.0,125.1,105.52928511
Kraken:SOLUSD,2022-04-06T08:17:00Z,125.11,125.11,124.73,124.8,58.5390594
Kraken:SOLUSD,2022-04-06T08:19:00Z,125.02,125.02,124.97,124.97,10.0329
Kraken:SOLUSD,2022-04-06T08:20:00Z,125.0,125.03,124.99,124.99,1.42059
Kraken:SOLUSD,2022-04-06T08:21:00Z,125.04,125.04,125.04,125.04,1.715
Kraken:SOLUSD,2022-04-06T08:22:00Z,125.1,125.13,125.1,125.13,32.065
Kraken:SOLUSD,2022-04-06T08:24:00Z,125.2,125.25,125.2,125.25,89.89438288
Kraken:SOLUSD,2022-04-06T08:25:00Z,125.25,125.37,125.25,125.37,227.95338248
Kraken:SOLUSD,2022-04-06T08:26:00Z,125.37,125.4,125.37,125.4,37.93423199
Kraken:SOLUSD,2022-04-06T08:27:00Z,125.33,125.33,125.33,125.33,5
Kraken:SOLUSD,2022-04-06T08:28:00Z,125.4,125.4,125.4,125.4,2.01
Kraken:SOLUSD,2022-04-06T08:29:00Z,125.23,125.23,125.19,125.19,38.622
Kraken:SOLUSD,2022-04-06T08:30:00Z,125.09,125.2,125.09,125.2,50.286
Kraken:SOLUSD,2022-04-06T08:31:00Z,125.04,125.04,125.04,125.04,0.05988
Kraken:SOLUSD,2022-04-06T08:32:00Z,125.06,125.06,125.06,125.06,0.22635536
Kraken:SOLUSD,2022-04-06T08:34:00Z,125.19,125.19,125.19,125.19,0.17912
Kraken:SOLUSD,2022-04-06T08:35:00Z,125.19,125.28,125.18,125.28,392.97044694
Kraken:SOLUSD,2022-04-06T08:36:00Z,125.18,125.19,125.13,125.19,4.03428396
Kraken:SOLUSD,2022-04-06T08:37:00Z,125.09,125.09,124.84,124.84,56.93377672
Kraken:SOLUSD,2022-04-06T08:39:00Z,125.01,125.01,124.97,124.97,5E+1
Kraken:SOLUSD,2022-04-06T08:40:00Z,125.08,125.12,125.04,125.12,51.7394
Kraken:SOLUSD,2022-04-06T08:41:00Z,125.13,125.13,125.13,125.13,4.11
Kraken:SOLUSD,2022-04-06T08:42:00Z,125.11,125.11,125.11,125.11,5E+1
Kraken:SOLUSD,2022-04-06T08:43:00Z,125.07,125.07,124.91,124.91,15.15210416
Kraken:SOLUSD,2022-04-06T08:45:00Z,125.17,125.17,125.17,125.17,0.8617
Kraken:SOLUSD,2022-04-06T08:46:00Z,125.19,125.19,125.19,125.19,1.02
Kraken:SOLUSD,2022-04-06T08:47:00Z,125.2,125.25,125.2,125.25,2.1E+2
Kraken:SOLUSD,2022-04-06T08:49:00Z,125.25,125.27,125.25,125.27,5E+1
Kraken:SOLUSD,2022-04-06T08:51:00Z,125.4,125.44,125.38,125.38,179.40293804
Kraken:SOLUSD,2022-04-06T08:52:00Z,125.5,125.66,125.5,125.66,105.72306701
Kraken:SOLUSD,2022-04-06T08:54:00Z,125.62,125.62,125.62,125.62,8.762
Kraken:SOLUSD,2022-04-06T08:55:00Z,125.63,125.63,125.42,125.42,61.02229134
Kraken:SOLUSD,2022-04-06T08:57:00Z,125.36,125.42,125.36,125.42,6.50592931
Kraken:SOLUSD,2022-04-06T08:58:00Z,125.43,125.43,125.42,125.42,109.12500374
Kraken:SOLUSD,2022-04-06T09:00:00Z,125.45,125.53,125.45,125.53,3.6092
Kraken:SOLUSD,2022-04-06T09:01:00Z,125.38,125.38,125.35,125.35,17.157
Kraken:SOLUSD,2022-04-06T09:02:00Z,125.32,125.32,125.32,125.32,0.1997
Kraken:SOLUSD,2022-04-06T09:04:00Z,125.13,125.13,125.13,125.13,0.03638
Kraken:SOLUSD,2022-04-06T09:05:00Z,125.01,125.01,125.01,125.01,2.712
Kraken:SOLUSD,2022-04-06T09:06:00Z,125.0,125.0,124.85,124.94,504.12245
Kraken:SOLUSD,2022-04-06T09:07:00Z,124.81,124.81,124.8,124.81,35.20420051
Kraken:SOLUSD,2022-04-06T09:08:00Z,124.77,124.77,124.64,124.64,339.5
Kraken:SOLUSD,2022-04-06T09:10:00Z,124.73,124.8,124.7,124.7,45.19773756
Kraken:SOLUSD,2022-04-06T09:11:00Z,124.65,124.65,124.65,124.65,5.129
Kraken:SOLUSD,2022-04-06T09:12:00Z,124.63,124.63,124.18,124.18,181.65660063
Kraken:SOLUSD,2022-04-06T09:14:00Z,124.58,124.61,124.58,124.61,0.97934752
Kraken:SOLUSD,2022-04-06T09:15:00Z,124.61,124.81,124.61,124.81,4.81245433
Kraken:SOLUSD,2022-04-06T09:16:00Z,124.68,124.68,124.59,124.59,3.559
Kraken:SOLUSD,2022-04-06T09:17:00Z,124.61,124.61,124.52,124.52,38.1599
Kraken:SOLUSD,2022-04-06T09:18:00Z,124.46,124.46,124.46,124.46,8.713
Kraken:SOLUSD,2022-04-06T09:19:00Z,124.48,124.48,124.48,124.48,11.953962
Kraken:SOLUSD,2022-04-06T09:20:00Z,124.54,124.54,124.48,124.48,37.521
Kraken:SOLUSD,2022-04-06T09:21:00Z,124.44,124.44,124.25,124.25,60.48848093
Kraken:SOLUSD,2022-04-06T09:22:00Z,124.16,124.16,124.16,124.16,0.48096122
Kraken:SOLUSD,2022-04-06T09:23:00Z,124.23,124.23,123.86,123.86,167.12322844
Kraken:SOLUSD,2022-04-06T09:25:00Z,124.14,124.14,124.06,124.06,2.72
Kraken:SOLUSD,2022-04-06T09:26:00Z,123.96,123.96,123.9,123.9,7.418
Kraken:SOLUSD,2022-04-06T09:27:00Z,124.03,124.13,124.03,124.13,17.81643886
Kraken:SOLUSD,2022-04-06T09:28:00Z,124.2,124.22,124.2,124.22,2.41354794
Kraken:SOLUSD,2022-04-06T09:29:00Z,124.2,124.2,124.03,124.06,365.41338314
Kraken:SOLUSD,2022-04-06T09:30:00Z,124.05,124.1,124.05,124.1,3.65939615
Kraken:SOLUSD,2022-04-06T09:31:00Z,124.24,124.24,124.24,124.24,5.42
Kraken:SOLUSD,2022-04-06T09:32:00Z,124.41,124.41,124.39,124.39,6E+2
Kraken:SOLUSD,2022-04-06T09:33:00Z,124.46,124.46,124.4,124.4,65.522
Kraken:SOLUSD,2022-04-06T09:34:00Z,124.43,124.43,124.43,124.43,4.75422562
Kraken:SOLUSD,2022-04-06T09:35:00Z,124.51,124.52,124.43,124.43,62.93677225
Kraken:SOLUSD,2022-04-06T09:37:00Z,124.35,124.36,124.32,124.32,7
Kraken:SOLUSD,2022-04-06T09:39:00Z,124.32,124.32,124.19,124.22,193.716
Kraken:SOLUSD,2022-04-06T09:40:00Z,124.27,124.32,124.27,124.3,7.49733
Kraken:SOLUSD,2022-04-06T09:41:00Z,124.37,124.38,124.37,124.38,4
Kraken:SOLUSD,2022-04-06T09:42:00Z,124.39,124.39,124.39,124.39,11
Kraken:SOLUSD,2022-04-06T09:43:00Z,124.47,124.47,124.47,124.47,31.538
Kraken:SOLUSD,2022-04-06T09:45:00Z,124.59,124.59,124.59,124.59,1E+1
Kraken:SOLUSD,2022-04-06T09:46:00Z,124.55,124.57,124.49,124.49,23.9
Kraken:SOLUSD,2022-04-06T09:47:00Z,124.4,124.4,124.35,124.35,10.661
Kraken:SOLUSD,2022-04-06T09:48:00Z,124.23,124.23,124.05,124.05,34.999542
Kraken:SOLUSD,2022-04-06T09:49:00Z,124.04,124.04,123.79,123.79,84.99498331
Kraken:SOLUSD,2022-04-06T09:50:00Z,123.78,123.79,123.63,123.79,101.0011192
Kraken:SOLUSD,2022-04-06T09:51:00Z,123.73,124.01,123.73,123.8,1647.40613059
Kraken:SOLUSD,2022-04-06T09:52:00Z,123.8,123.8,123.79,123.8,1484.96463595
Kraken:SOLUSD,2022-04-06T09:53:00Z,123.8,123.8,123.79,123.8,636.26059186
Kraken:SOLUSD,2022-04-06T09:54:00Z,123.8,123.8,123.8,123.8,1106.645318
Kraken:SOLUSD,2022-04-06T09:55:00Z,123.8,123.8,123.8,123.8,566.43452053
Kraken:SOLUSD,2022-04-06T09:56:00Z,123.8,124.06,123.8,124.06,540.02193381
Kraken:SOLUSD,2022-04-06T09:57:00Z,124.35,124.35,124.34,124.35,32.048
Kraken:SOLUSD,2022-04-06T09:58:00Z,124.39,124.39,124.39,124.39,5.78889657
Kraken:SOLUSD,2022-04-06T09:59:00Z,124.51,124.57,124.51,124.57,1.93419637
Kraken:SOLUSD,2022-04-06T10:00:00Z,124.55,124.59,124.53,124.59,87.63042264
Kraken:SOLUSD,2022-04-06T10:01:00Z,124.52,124.52,124.48,124.48,13.212
Kraken:SOLUSD,2022-04-06T10:02:00Z,124.3,124.3,124.3,124.3,24.122
Kraken:SOLUSD,2022-04-06T10:04:00Z,124.23,124.23,123.84,123.84,29.19700809
Kraken:SOLUSD,2022-04-06T10:05:00Z,123.78,123.78,123.78,123.78,9.9176
Kraken:SOLUSD,2022-04-06T10:06:00Z,123.64,123.89,123.64,123.89,35.70346194
Kraken:SOLUSD,2022-04-06T10:08:00Z,123.98,123.98,123.83,123.83,241.97451201
Kraken:SOLUSD,2022-04-06T10:09:00Z,123.77,123.77,123.77,123.77,17.077
Kraken:SOLUSD,2022-04-06T10:10:00Z,123.85,123.85,123.61,123.61,12.03417304
Kraken:SOLUSD,2022-04-06T10:11:00Z,123.6,123.6,123.31,123.31,70.22239161
Kraken:SOLUSD,2022-04-06T10:12:00Z,123.45,123.45,123.15,123.24,172.87730422
Kraken:SOLUSD,2022-04-06T10:13:00Z,123.17,123.17,122.49,122.75,690.68445458
Kraken:SOLUSD,2022-04-06T10:14:00Z,122.62,122.62,122.62,122.62,6.01580705
Kraken:SOLUSD,2022-04-06T10:15:00Z,122.57,122.84,122.53,122.84,19.41045284
Kraken:SOLUSD,2022-04-06T10:16:00Z,122.99,123.05,122.9,123.0,414.94755808
Kraken:SOLUSD,2022-04-06T10:17:00Z,122.83,123.01,122.7,122.71,7478.59572727
Kraken:SOLUSD,2022-04-06T10:18:00Z,122.7,122.7,122.14,122.14,366.94848512
Kraken:SOLUSD,2022-04-06T10:19:00Z,122.14,122.73,121.86,122.73,538.2906466
Kraken:SOLUSD,2022-04-06T10:20:00Z,122.81,123.33,122.81,123.24,79.15447488
Kraken:SOLUSD,2022-04-06T10:21:00Z,123.36,123.38,123.11,123.11,10.92312549
Kraken:SOLUSD,2022-04-06T10:23:00Z,123.29,123.35,123.22,123.35,32.6281
Kraken:SOLUSD,2022-04-06T10:24:00Z,123.4,123.54,123.4,123.54,44.77210895
Kraken:SOLUSD,2022-04-06T10:25:00Z,123.55,123.8,123.55,123.8,16.25791204
Kraken:SOLUSD,2022-04-06T10:26:00Z,123.81,123.82,123.74,123.74,2.54957469
Kraken:SOLUSD,2022-04-06T10:27:00Z,123.76,123.91,123.76,123.88,18.5738232
Kraken:SOLUSD,2022-04-06T10:28:00Z,123.83,123.95,123.83,123.95,6.71200471
Kraken:SOLUSD,2022-04-06T10:29:00Z,123.96,124.06,123.83,123.98,105.9754865
Kraken:SOLUSD,2022-04-06T10:30:00Z,123.92,123.92,123.83,123.83,116.74291925
Kraken:SOLUSD,2022-04-06T10:32:00Z,123.72,123.77,123.72,123.77,28.884
Kraken:SOLUSD,2022-04-06T10:33:00Z,123.64,123.64,123.64,123.64,1.94238916
Kraken:SOLUSD,2022-04-06T10:34:00Z,123.56,123.72,123.56,123.68,1.78818768
Kraken:SOLUSD,2022-04-06T10:35:00Z,123.69,123.72,123.5,123.52,175.33180826
Kraken:SOLUSD,2022-04-06T10:36:00Z,123.49,123.5,123.31,123.31,53.90504316
Kraken:SOLUSD,2022-04-06T10:37:00Z,123.34,123.34,122.91,122.91,50.19604726
Kraken:SOLUSD,2022-04-06T10:38:00Z,122.9,122.9,122.76,122.85,145.40583183
Kraken:SOLUSD,2022-04-06T10:39:00Z,122.85,122.89,122.71,122.72,1151.15968594
Kraken:SOLUSD,2022-04-06T10:40:00Z,122.71,122.95,122.68,122.95,3.42588973
Kraken:SOLUSD,2022-04-06T10:41:00Z,122.96,122.96,122.96,122.96,1.05255499
Kraken:SOLUSD,2022-04-06T10:42:00Z,122.98,122.98,122.82,122.82,0.27652629
Kraken:SOLUSD,2022-04-06T10:43:00Z,122.85,123.01,122.85,123.01,0.65257694
Kraken:SOLUSD,2022-04-06T10:44:00Z,123.34,123.34,123.3,123.3,3.61349513
Kraken:SOLUSD,2022-04-06T10:45:00Z,123.39,123.39,123.02,123.06,62.71910608
Kraken:SOLUSD,2022-04-06T10:46:00Z,123.01,123.01,122.86,122.86,11.4081133
Kraken:SOLUSD,2022-04-06T10:47:00Z,122.73,122.73,122.65,122.65,26.08493069
Kraken:SOLUSD,2022-04-06T10:49:00Z,122.73,122.76,122.59,122.59,185.60283274
Kraken:SOLUSD,2022-04-06T10:50:00Z,122.57,122.76,122.57,122.76,4.31465321
Kraken:SOLUSD,2022-04-06T10:51:00Z,122.72,122.72,122.72,122.72,1.49629
Kraken:SOLUSD,2022-04-06T10:52:00Z,122.93,123.04,122.93,123.04,166.92738511
Kraken:SOLUSD,2022-04-06T10:53:00Z,123.01,123.01,123.01,123.01,4.957
Kraken:SOLUSD,2022-04-06T10:54:00Z,122.84,122.84,122.84,122.84,4.53
Kraken:SOLUSD,2022-04-06T10:55:00Z,122.83,122.83,122.53,122.66,148.9603414
Kraken:SOLUSD,2022-04-06T10:56:00Z,122.66,122.66,122.49,122.49,27.26308442
Kraken:SOLUSD,2022-04-06T10:57:00Z,122.48,122.48,122.37,122.37,28.93683341
Kraken:SOLUSD,2022-04-06T10:58:00Z,122.59,122.59,122.35,122.35,22.80552802
Kraken:SOLUSD,2022-04-06T10:59:00Z,122.32,122.32,122.08,122.08,22.76416004
Kraken:SOLUSD,2022-04-06T11:00:00Z,122.2,122.2,122.07,122.07,47.40509388
Kraken:SOLUSD,2022-04-06T11:01:00Z,122.06,122.12,122.01,122.05,30.96570939
Kraken:SOLUSD,2022-04-06T11:02:00Z,122.0,122.0,121.39,121.39,847.97108408
Kraken:SOLUSD,2022-04-06T11:03:00Z,121.51,121.51,121.15,121.42,171.45783482
Kraken:SOLUSD,2022-04-06T11:04:00Z,121.37,121.8,121.31,121.8,426.36840669
Kraken:SOLUSD,2022-04-06T11:05:00Z,121.88,121.96,121.58,121.75,1545.15354355
Kraken:SOLUSD,2022-04-06T11:06:00Z,121.55,121.64,121.12,121.16,317.24006786
Kraken:SOLUSD,2022-04-06T11:07:00Z,121.09,121.2,120.93,121.04,565.00615871
Kraken:SOLUSD,2022-04-06T11:08:00Z,121.04,121.12,120.91,120.91,338.47355087
Kraken:SOLUSD,2022-04-06T11:09:00Z,120.99,121.01,120.75,120.94,539.30809962
Kraken:SOLUSD,2022-04-06T11:10:00Z,120.96,121.01,120.76,121.0,527.34858811
Kraken:SOLUSD,2022-04-06T11:11:00Z,121.08,121.08,120.7,120.7,530.17983436
Kraken:SOLUSD,2022-04-06T11:12:00Z,120.78,120.78,120.59,120.59,636.02358629
Kraken:SOLUSD,2022-04-06T11:13:00Z,120.59,120.68,120.39,120.39,222.16748696
Kraken:SOLUSD,2022-04-06T11:14:00Z,120.4,120.41,120.13,120.16,605.48611971
Kraken:SOLUSD,2022-04-06T11:15:00Z,120.48,120.65,120.38,120.65,1079.1357003
Kraken:SOLUSD,2022-04-06T11:16:00Z,120.63,120.63,120.39,120.6,785.27456092
Kraken:SOLUSD,2022-04-06T11:17:00Z,120.49,120.5,120.44,120.49,339.13044516
Kraken:SOLUSD,2022-04-06T11:18:00Z,120.49,120.49,120.32,120.32,283.54326693
Kraken:SOLUSD,2022-04-06T11:19:00Z,120.32,120.49,120.32,120.44,670.15373418
Kraken:SOLUSD,2022-04-06T11:20:00Z,120.49,120.67,120.42,120.46,609.25051016
Kraken:SOLUSD,2022-04-06T11:21:00Z,120.67,121.2,120.67,121.19,780.49528965
Kraken:SOLUSD,2022-04-06T11:22:00Z,121.2,121.22,121.09,121.13,1113.55743462
Kraken:SOLUSD,2022-04-06T11:23:00Z,121.07,121.07,120.62,120.62,381.37395491
Kraken:SOLUSD,2022-04-06T11:24:00Z,120.57,120.99,120.57,120.98,798.07083298
Kraken:SOLUSD,2022-04-06T11:25:00Z,120.85,120.93,120.83,120.93,384.83783301
Kraken:SOLUSD,2022-04-06T11:26:00Z,120.77,120.77,120.5,120.5,328.91981915
Kraken:SOLUSD,2022-04-06T11:27:00Z,120.4,120.4,120.09,120.09,277.58520015
Kraken:SOLUSD,2022-04-06T11:28:00Z,120.08,120.08,119.15,119.4,1740.51897665
Kraken:SOLUSD,2022-04-06T11:29:00Z,119.48,119.75,119.45,119.75,601.65717603
Kraken:SOLUSD,2022-04-06T11:30:00Z,119.9,120.09,119.87,120.09,253.78075491
Kraken:SOLUSD,2022-04-06T11:31:00Z,119.99,121.04,119.98,120.86,1173.16291994
Kraken:SOLUSD,2022-04-06T11:32:00Z,120.86,121.26,120.86,121.21,480.04179133
Kraken:SOLUSD,2022-04-06T11:33:00Z,121.25,121.61,121.01,121.61,759.54973573
Kraken:SOLUSD,2022-04-06T11:34:00Z,121.56,121.56,121.2,121.32,637.36918982
Kraken:SOLUSD,2022-04-06T11:35:00Z,121.19,121.53,121.12,121.28,549.34005189
Kraken:SOLUSD,2022-04-06T11:36:00Z,121.19,121.55,121.19,121.55,485.36887188
Kraken:SOLUSD,2022-04-06T11:37:00Z,121.61,121.64,121.45,121.52,668.90112081
Kraken:SOLUSD,2022-04-06T11:38:00Z,121.5,121.74,121.44,121.74,448.56795696
Kraken:SOLUSD,2022-04-06T11:39:00Z,121.63,121.72,121.47,121.47,283.98735012
Kraken:SOLUSD,2022-04-06T11:40:00Z,121.36,121.36,120.96,120.96,185.95293236
Kraken:SOLUSD,2022-04-06T11:41:00Z,121.16,121.16,120.97,120.97,2.1304
Kraken:SOLUSD,2022-04-06T11:42:00Z,121.29,121.36,121.23,121.23,118.85405132
Kraken:SOLUSD,2022-04-06T11:43:00Z,121.36,121.52,121.36,121.52,216.44241677
Kraken:SOLUSD,2022-04-06T11:44:00Z,121.51,121.53,121.5,121.53,15.25760148
Kraken:SOLUSD,2022-04-06T11:45:00Z,121.65,122.28,121.62,122.28,379.06585061
Kraken:SOLUSD,2022-04-06T11:46:00Z,122.29,122.61,122.21,122.56,202.43351499
Kraken:SOLUSD,2022-04-06T11:47:00Z,122.58,122.58,122.31,122.31,16.883
Kraken:SOLUSD,2022-04-06T11:48:00Z,122.2,122.49,122.19,122.49,128.29362
Kraken:SOLUSD,2022-04-06T11:50:00Z,122.56,122.56,122.27,122.27,46.24885868
Kraken:SOLUSD,2022-04-06T11:51:00Z,122.16,122.16,122.16,122.16,2.13685
Kraken:SOLUSD,2022-04-06T11:52:00Z,122.16,122.16,122.16,122.16,1.8
Kraken:SOLUSD,2022-04-06T11:53:00Z,122.28,122.28,122.28,122.28,20.4448806
Kraken:SOLUSD,2022-04-06T11:54:00Z,122.13,122.13,122.13,122.13,12.435849
Kraken:SOLUSD,2022-04-06T11:55:00Z,122.02,122.02,121.57,121.96,2601.33124159
Kraken:SOLUSD,2022-04-06T11:56:00Z,121.7,121.97,121.69,121.92,76.88439275
Kraken:SOLUSD,2022-04-06T11:57:00Z,121.9,121.9,121.9,121.9,18.047
Kraken:SOLUSD,2022-04-06T11:58:00Z,121.67,121.67,121.46,121.53,17.1698259
Kraken:SOLUSD,2022-04-06T11:59:00Z,121.46,121.61,121.4,121.61,111.64274068
Kraken:SOLUSD,2022-04-06T12:00:00Z,121.65,121.94,121.55,121.65,91.90384727
Kraken:SOLUSD,2022-04-06T12:01:00Z,121.55,121.57,121.21,121.26,143.13935807
Kraken:SOLUSD,2022-04-06T12:02:00Z,121.2,121.28,121.09,121.23,38.71567544
Kraken:SOLUSD,2022-04-06T12:03:00Z,121.78,121.94,121.78,121.94,1.10471431
Kraken:SOLUSD,2022-04-06T12:04:00Z,122.03,122.13,121.93,121.94,37.33651135
Kraken:SOLUSD,2022-04-06T12:05:00Z,121.81,121.81,121.52,121.52,31.064825
Kraken:SOLUSD,2022-04-06T12:06:00Z,121.4,121.48,121.39,121.48,236.74471198
Kraken:SOLUSD,2022-04-06T12:07:00Z,121.28,121.28,121.04,121.04,284.61098528
Kraken:SOLUSD,2022-04-06T12:08:00Z,121.2,121.3,120.98,121.1,46.66993188
Kraken:SOLUSD,2022-04-06T12:09:00Z,121.03,121.03,120.76,120.76,38.45609724
Kraken:SOLUSD,2022-04-06T12:10:00Z,120.85,121.02,120.84,121.02,15.53060566
Kraken:SOLUSD,2022-04-06T12:11:00Z,121.15,121.48,121.15,121.48,212
Kraken:SOLUSD,2022-04-06T12:12:00Z,121.64,122.24,121.64,122.24,1386.24665265
Kraken:SOLUSD,2022-04-06T12:13:00Z,122.15,122.25,122.15,122.23,35.37030742
Kraken:SOLUSD,2022-04-06T12:14:00Z,122.05,122.36,122.05,122.36,326.36040909
Kraken:SOLUSD,2022-04-06T12:15:00Z,122.38,122.57,122.38,122.42,85.29485853
Kraken:SOLUSD,2022-04-06T12:16:00Z,122.44,122.82,122.42,122.63,205.71752872
Kraken:SOLUSD,2022-04-06T12:17:00Z,122.57,122.72,122.57,122.59,22.90571998
Kraken:SOLUSD,2022-04-06T12:18:00Z,122.62,122.86,122.62,122.86,21.03199183
Kraken:SOLUSD,2022-04-06T12:19:00Z,122.87,122.89,122.87,122.87,32.26466101
Kraken:SOLUSD,2022-04-06T12:20:00Z,122.84,122.9,122.82,122.9,18.73505478
Kraken:SOLUSD,2022-04-06T12:21:00Z,122.91,123.09,122.91,123.09,16.63161525
Kraken:SOLUSD,2022-04-06T12:22:00Z,123.1,123.2,123.08,123.09,55.49205315
Kraken:SOLUSD,2022-04-06T12:23:00Z,123.05,123.08,123.01,123.02,318.85035737
Kraken:SOLUSD,2022-04-06T12:24:00Z,122.97,122.97,122.48,122.51,115.85251666
Kraken:SOLUSD,2022-04-06T12:25:00Z,122.43,122.43,122.18,122.43,17.7690537
Kraken:SOLUSD,2022-04-06T12:26:00Z,122.22,122.86,122.22,122.86,78.7897152
Kraken:SOLUSD,2022-04-06T12:27:00Z,123.0,123.0,122.54,122.63,74.3832
Kraken:SOLUSD,2022-04-06T12:28:00Z,122.52,122.54,122.51,122.54,41.46431275
Kraken:SOLUSD,2022-04-06T12:29:00Z,122.72,122.72,122.72,122.72,13.61078
Kraken:SOLUSD,2022-04-06T12:30:00Z,122.6,122.6,122.34,122.34,98.81621
Kraken:SOLUSD,2022-04-06T12:31:00Z,122.23,122.23,121.91,121.91,66.13014353
Kraken:SOLUSD,2022-04-06T12:32:00Z,122.26,122.32,122.26,122.27,18.989
Kraken:SOLUSD,2022-04-06T12:33:00Z,122.06,122.08,121.97,121.98,208.99030786
Kraken:SOLUSD,2022-04-06T12:34:00Z,121.89,122.02,121.89,122.02,13.99124214
Kraken:SOLUSD,2022-04-06T12:35:00Z,122.13,122.13,122.12,122.12,42.79190907
Kraken:SOLUSD,2022-04-06T12:36:00Z,121.95,122.3,121.95,122.3,202.95749174
Kraken:SOLUSD,2022-04-06T12:37:00Z,122.07,122.07,122.01,122.01,4.58548212
Kraken:SOLUSD,2022-04-06T12:38:00Z,122.04,122.1,121.95,121.95,5.71188143
Kraken:SOLUSD,2022-04-06T12:39:00Z,122.06,122.07,121.99,121.99,40.91625821
Kraken:SOLUSD,2022-04-06T12:40:00Z,122.11,122.36,122.11,122.36,88.54184699
Kraken:SOLUSD,2022-04-06T12:41:00Z,122.46,122.59,122.46,122.58,75.00480389
Kraken:SOLUSD,2022-04-06T12:42:00Z,122.53,122.57,122.48,122.54,18.25139998
Kraken:SOLUSD,2022-04-06T12:43:00Z,122.54,122.68,122.54,122.68,169.97574416
Kraken:SOLUSD,2022-04-06T12:44:00Z,122.9,123.11,122.9,123.08,30.77704611
Kraken:SOLUSD,2022-04-06T12:45:00Z,122.99,122.99,122.53,122.53,7.81867785
Kraken:SOLUSD,2022-04-06T12:46:00Z,122.59,122.59,122.42,122.42,15.54121814
Kraken:SOLUSD,2022-04-06T12:47:00Z,122.38,122.5,122.34,122.5,173.97709145
Kraken:SOLUSD,2022-04-06T12:48:00Z,122.67,122.67,122.65,122.65,82.241
Kraken:SOLUSD,2022-04-06T12:49:00Z,122.4,122.4,122.31,122.31,20.176
Kraken:SOLUSD,2022-04-06T12:50:00Z,122.41,122.41,122.41,122.41,6.084
Kraken:SOLUSD,2022-04-06T12:51:00Z,122.32,122.32,122.32,122.32,3.276
Kraken:SOLUSD,2022-04-06T12:52:00Z,122.32,122.41,122.3,122.41,35.59048697
Kraken:SOLUSD,2022-04-06T12:53:00Z,122.64,122.64,122.43,122.43,8.5E+2
Kraken:SOLUSD,2022-04-06T12:54:00Z,122.43,122.43,122.21,122.21,881.69998069
Kraken:SOLUSD,2022-04-06T12:55:00Z,122.14,122.27,122.03,122.27,46.91149829
Kraken:SOLUSD,2022-04-06T12:56:00Z,122.24,122.24,122.19,122.19,26.62184188
Kraken:SOLUSD,2022-04-06T12:58:00Z,122.44,122.44,122.44,122.44,5.17808
Kraken:SOLUSD,2022-04-06T12:59:00Z,122.41,122.41,121.96,121.96,202.79191095
Kraken:SOLUSD,2022-04-06T13:00:00Z,121.95,122.52,121.82,122.48,48.79655767
Kraken:SOLUSD,2022-04-06T13:01:00Z,122.7,122.81,122.65,122.81,9.79278284
Kraken:SOLUSD,2022-04-06T13:02:00Z,122.76,122.79,122.63,122.63,175.89296472
Kraken:SOLUSD,2022-04-06T13:03:00Z,122.81,122.93,122.81,122.93,41.46417567
Kraken:SOLUSD,2022-04-06T13:04:00Z,122.74,122.74,122.64,122.64,32.61595
Kraken:SOLUSD,2022-04-06T13:05:00Z,122.73,122.74,122.7,122.7,17.2022873
Kraken:SOLUSD,2022-04-06T13:06:00Z,122.64,122.68,122.59,122.59,196.803785
Kraken:SOLUSD,2022-04-06T13:07:00Z,122.59,122.75,122.59,122.75,21.25004
Kraken:SOLUSD,2022-04-06T13:08:00Z,122.81,123.13,122.81,123.13,59.46009328
Kraken:SOLUSD,2022-04-06T13:09:00Z,123.08,123.09,122.81,122.81,24.15845736
Kraken:SOLUSD,2022-04-06T13:10:00Z,122.82,123.03,122.78,123.03,40.17487
Kraken:SOLUSD,2022-04-06T13:11:00Z,123.06,123.06,122.86,122.86,3.43251
Kraken:SOLUSD,2022-04-06T13:12:00Z,122.88,122.89,122.75,122.75,16.51736632
Kraken:SOLUSD,2022-04-06T13:13:00Z,122.82,122.82,122.74,122.78,120.70707
Kraken:SOLUSD,2022-04-06T13:14:00Z,122.72,122.74,122.66,122.66,92.59504065
Kraken:SOLUSD,2022-04-06T13:15:00Z,122.71,122.71,122.4,122.4,45.14036165
Kraken:SOLUSD,2022-04-06T13:16:00Z,122.14,122.14,121.88,122.12,60.77573265
Kraken:SOLUSD,2022-04-06T13:17:00Z,122.12,122.39,122.12,122.26,52.47379125
Kraken:SOLUSD,2022-04-06T13:18:00Z,122.32,122.32,122.31,122.31,45.14051753
Kraken:SOLUSD,2022-04-06T13:19:00Z,122.31,122.44,122.31,122.31,11.94695348
Kraken:SOLUSD,2022-04-06T13:20:00Z,122.57,122.57,122.45,122.45,9.65758
Kraken:SOLUSD,2022-04-06T13:21:00Z,122.5,122.5,122.42,122.42,50.30734
Kraken:SOLUSD,2022-04-06T13:22:00Z,122.46,122.46,122.46,122.46,1.5997
Kraken:SOLUSD,2022-04-06T13:23:00Z,122.81,122.84,122.81,122.84,1.48008573
Kraken:SOLUSD,2022-04-06T13:24:00Z,122.75,122.75,122.69,122.69,11.11691
Kraken:SOLUSD,2022-04-06T13:25:00Z,122.68,122.71,122.59,122.7,51.743
Kraken:SOLUSD,2022-04-06T13:26:00Z,122.62,122.62,122.62,122.62,1.92799416
Kraken:SOLUSD,2022-04-06T13:27:00Z,122.56,122.67,122.56,122.67,1.94461312
Kraken:SOLUSD,2022-04-06T13:28:00Z,122.78,122.81,122.78,122.81,32.89543757
Kraken:SOLUSD,2022-04-06T13:29:00Z,122.76,123.01,122.76,123.01,33.27230183
Kraken:SOLUSD,2022-04-06T13:30:00Z,122.61,122.88,122.48,122.88,101.398
Kraken:SOLUSD,2022-04-06T13:31:00Z,122.96,122.98,122.96,122.98,8.11620727
Kraken:SOLUSD,2022-04-06T13:32:00Z,122.44,122.44,121.98,122.1,80.98893346
Kraken:SOLUSD,2022-04-06T13:33:00Z,122.14,122.15,122.13,122.13,47.95001
Kraken:SOLUSD,2022-04-06T13:34:00Z,122.14,122.14,122.14,122.14,0.05
Kraken:SOLUSD,2022-04-06T13:35:00Z,121.99,121.99,121.39,121.39,86.66580065
Kraken:SOLUSD,2022-04-06T13:36:00Z,121.37,121.39,121.23,121.39,53.76798483
Kraken:SOLUSD,2022-04-06T13:37:00Z,121.48,121.62,121.48,121.62,9.00742
Kraken:SOLUSD,2022-04-06T13:38:00Z,121.46,121.51,121.23,121.3,288.03205247
Kraken:SOLUSD,2022-04-06T13:39:00Z,121.27,121.27,121.13,121.22,12.46406601
Kraken:SOLUSD,2022-04-06T13:40:00Z,121.3,121.3,121.3,121.3,0.0655
Kraken:SOLUSD,2022-04-06T13:41:00Z,121.25,121.25,120.85,120.85,90.11935784
Kraken:SOLUSD,2022-04-06T13:42:00Z,120.82,120.82,120.27,120.58,324.28378699
Kraken:SOLUSD,2022-04-06T13:43:00Z,120.78,121.12,120.54,120.57,65.91291941
Kraken:SOLUSD,2022-04-06T13:44:00Z,120.4,120.56,119.96,120.56,1212.59011034
Kraken:SOLUSD,2022-04-06T13:45:00Z,120.36,121.02,120.36,120.93,1176.35568112
Kraken:SOLUSD,2022-04-06T13:46:00Z,120.91,120.91,119.9,120.47,971.03197345
Kraken:SOLUSD,2022-04-06T13:47:00Z,120.23,120.26,119.82,119.86,668.44283253
Kraken:SOLUSD,2022-04-06T13:48:00Z,119.88,119.9,119.43,119.43,517.32995035
Kraken:SOLUSD,2022-04-06T13:49:00Z,119.42,119.5,118.84,118.98,2364.24019552
Kraken:SOLUSD,2022-04-06T13:50:00Z,119.01,119.14,118.39,119.14,678.71961504
Kraken:SOLUSD,2022-04-06T13:51:00Z,119.17,119.42,119.07,119.17,475.25772356
Kraken:SOLUSD,2022-04-06T13:52:00Z,119.14,119.46,119.14,119.46,93.06175423
Kraken:SOLUSD,2022-04-06T13:53:00Z,119.28,119.66,119.21,119.32,126.1928655
Kraken:SOLUSD,2022-04-06T13:54:00Z,119.24,119.45,119.17,119.45,233.44512372
Kraken:SOLUSD,2022-04-06T13:55:00Z,119.27,119.46,119.2,119.46,33.5451932
Kraken:SOLUSD,2022-04-06T13:56:00Z,119.67,120.26,119.67,120.14,215.32429049
Kraken:SOLUSD,2022-04-06T13:57:00Z,120.05,120.07,119.6,119.63,108.15861263
Kraken:SOLUSD,2022-04-06T13:58:00Z,119.64,119.64,119.35,119.44,112.21640781
Kraken:SOLUSD,2022-04-06T13:59:00Z,119.27,119.27,119.1,119.1,24.96904381
Kraken:SOLUSD,2022-04-06T14:00:00Z,119.08,119.31,118.97,119.31,409.69039563
Kraken:SOLUSD,2022-04-06T14:01:00Z,119.32,119.32,118.75,118.75,1135.68722319
Kraken:SOLUSD,2022-04-06T14:02:00Z,118.81,118.86,118.36,118.7,788.11188029
Kraken:SOLUSD,2022-04-06T14:03:00Z,118.58,118.61,118.1,118.19,2345.90461566
Kraken:SOLUSD,2022-04-06T14:04:00Z,118.11,118.11,117.2,117.2,1997.93663071
Kraken:SOLUSD,2022-04-06T14:05:00Z,117.2,117.85,116.44,117.76,4872.78482686
Kraken:SOLUSD,2022-04-06T14:06:00Z,117.78,117.97,117.42,117.97,1124.42589469
Kraken:SOLUSD,2022-04-06T14:07:00Z,118.0,118.38,117.87,117.87,254.07500542
Kraken:SOLUSD,2022-04-06T14:08:00Z,117.89,118.12,117.75,117.99,88.55415315
Kraken:SOLUSD,2022-04-06T14:09:00Z,118.0,118.34,117.96,118.34,574.61841484
Kraken:SOLUSD,2022-04-06T14:10:00Z,118.2,118.2,117.78,118.12,193.56221318
Kraken:SOLUSD,2022-04-06T14:11:00Z,118.23,118.28,117.9,117.9,46.49619449
Kraken:SOLUSD,2022-04-06T14:12:00Z,117.9,117.9,117.67,117.75,78.80021128
Kraken:SOLUSD,2022-04-06T14:13:00Z,117.54,117.54,117.39,117.39,98.49837151
Kraken:SOLUSD,2022-04-06T14:14:00Z,117.51,117.73,117.25,117.42,2769.51969217
Kraken:SOLUSD,2022-04-06T14:15:00Z,117.49,118.03,117.4,117.99,740.10952054
Kraken:SOLUSD,2022-04-06T14:16:00Z,118.05,118.46,118.05,118.46,524.22279893
Kraken:SOLUSD,2022-04-06T14:17:00Z,118.21,119.02,118.0,118.72,2637.94410864
Kraken:SOLUSD,2022-04-06T14:18:00Z,118.84,119.43,118.84,118.99,840.3857633
Kraken:SOLUSD,2022-04-06T14:19:00Z,118.77,118.83,118.51,118.72,16.42688949
Kraken:SOLUSD,2022-04-06T14:20:00Z,118.69,118.83,118.2,118.21,685.55474748
Kraken:SOLUSD,2022-04-06T14:21:00Z,118.32,118.32,117.93,118.03,411.0603913
Kraken:SOLUSD,2022-04-06T14:22:00Z,118.0,118.1,118.0,118.05,114.44603096
Kraken:SOLUSD,2022-04-06T14:23:00Z,118.08,118.08,117.92,117.98,100.03159212
Kraken:SOLUSD,2022-04-06T14:24:00Z,118.01,118.01,117.94,118.0,6.38067447
Kraken:SOLUSD,2022-04-06T14:25:00Z,118.17,118.17,117.85,117.99,361.44157
Kraken:SOLUSD,2022-04-06T14:26:00Z,117.9,118.06,117.89,118.05,16.84373763
Kraken:SOLUSD,2022-04-06T14:27:00Z,118.02,118.31,118.02,118.22,917.6540141
Kraken:SOLUSD,2022-04-06T14:28:00Z,118.12,118.13,117.96,118.0,53.68736939
Kraken:SOLUSD,2022-04-06T14:29:00Z,118.19,118.19,118.06,118.18,128.61268031
Kraken:SOLUSD,2022-04-06T14:30:00Z,118.07,118.17,118.02,118.12,46.62283579
Kraken:SOLUSD,2022-04-06T14:31:00Z,118.23,118.53,118.23,118.5,46.63756583
Kraken:SOLUSD,2022-04-06T14:32:00Z,118.48,118.85,118.42,118.78,403.5805304
Kraken:SOLUSD,2022-04-06T14:33:00Z,118.87,119.12,118.87,119.12,125.03394392
Kraken:SOLUSD,2022-04-06T14:34:00Z,119.12,119.12,118.41,118.41,4135.20665649
Kraken:SOLUSD,2022-04-06T14:35:00Z,118.39,118.5,118.0,118.44,11667.96886772
Kraken:SOLUSD,2022-04-06T14:36:00Z,118.51,118.65,118.33,118.35,141.26649164
Kraken:SOLUSD,2022-04-06T14:37:00Z,118.42,118.55,118.42,118.55,0.99625
Kraken:SOLUSD,2022-04-06T14:38:00Z,118.17,118.26,118.04,118.26,87.66474394
Kraken:SOLUSD,2022-04-06T14:39:00Z,118.42,118.77,118.42,118.63,192.41947757
Kraken:SOLUSD,2022-04-06T14:40:00Z,118.53,118.53,118.14,118.14,164.57883453
Kraken:SOLUSD,2022-04-06T14:41:00Z,118.1,118.35,118.1,118.13,17.08965632
Kraken:SOLUSD,2022-04-06T14:42:00Z,118.0,118.0,117.69,117.88,97.17802795
Kraken:SOLUSD,2022-04-06T14:43:00Z,117.81,117.97,117.81,117.97,63.16655647
Kraken:SOLUSD,2022-04-06T14:44:00Z,117.9,118.02,117.9,118.02,141.15714542
Kraken:SOLUSD,2022-04-06T14:45:00Z,117.82,117.82,117.63,117.78,439.67945688
Kraken:SOLUSD,2022-04-06T14:46:00Z,117.79,118.07,117.79,118.07,98.5832193
Kraken:SOLUSD,2022-04-06T14:47:00Z,118.24,118.37,118.24,118.37,171.43005216
Kraken:SOLUSD,2022-04-06T14:48:00Z,118.37,118.39,118.13,118.2,130.10247103
Kraken:SOLUSD,2022-04-06T14:49:00Z,118.17,118.31,118.16,118.31,1.94719226
Kraken:SOLUSD,2022-04-06T14:50:00Z,118.35,118.68,118.35,118.68,117.23595447
Kraken:SOLUSD,2022-04-06T14:51:00Z,118.68,118.68,118.63,118.63,6.55590651
Kraken:SOLUSD,2022-04-06T14:52:00Z,118.42,118.42,118.13,118.13,41.347
Kraken:SOLUSD,2022-04-06T14:53:00Z,118.13,118.33,118.13,118.24,0.64937182
Kraken:SOLUSD,2022-04-06T14:54:00Z,118.23,118.26,118.05,118.05,36.99702712
Kraken:SOLUSD,2022-04-06T14:55:00Z,118.02,118.19,118.02,118.05,34.10958234
Kraken:SOLUSD,2022-04-06T14:56:00Z,118.05,118.08,118.0,118.0,77.1590084
Kraken:SOLUSD,2022-04-06T14:57:00Z,118.01,118.05,117.92,117.92,23.04132541
Kraken:SOLUSD,2022-04-06T14:58:00Z,117.87,117.87,117.72,117.76,121.28864249
Kraken:SOLUSD,2022-04-06T14:59:00Z,117.72,117.72,117.5,117.56,114.51071532
Kraken:SOLUSD,2022-04-06T15:00:00Z,117.71,117.71,117.32,117.32,111.05005028
Kraken:SOLUSD,2022-04-06T15:01:00Z,117.47,117.68,117.47,117.67,581.05458569
Kraken:SOLUSD,2022-04-06T15:02:00Z,117.74,117.91,117.74,117.91,826.32449
Kraken:SOLUSD,2022-04-06T15:03:00Z,117.87,117.87,117.48,117.48,106.51868911
Kraken:SOLUSD,2022-04-06T15:04:00Z,117.35,117.35,117.0,117.22,1425.30722835
Kraken:SOLUSD,2022-04-06T15:05:00Z,117.5,117.5,117.3,117.3,173.62203749
Kraken:SOLUSD,2022-04-06T15:06:00Z,117.47,117.51,117.0,117.0,1260.41568667
Kraken:SOLUSD,2022-04-06T15:07:00Z,117.0,117.0,116.43,116.65,3980.20761663
Kraken:SOLUSD,2022-04-06T15:08:00Z,116.9,117.2,116.59,117.0,4173.45730781
Kraken:SOLUSD,2022-04-06T15:09:00Z,116.97,116.98,116.87,116.88,62.61024378
Kraken:SOLUSD,2022-04-06T15:10:00Z,116.87,116.92,116.75,116.79,45.06687361
Kraken:SOLUSD,2022-04-06T15:11:00Z,116.76,116.76,116.54,116.54,57.6806
Kraken:SOLUSD,2022-04-06T15:12:00Z,116.42,116.59,116.27,116.59,232.89296568
Kraken:SOLUSD,2022-04-06T15:13:00Z,116.77,116.9,116.7,116.9,201.41447537
Kraken:SOLUSD,2022-04-06T15:14:00Z,116.9,117.11,116.87,117.0,105.7194316
Kraken:SOLUSD,2022-04-06T15:15:00Z,116.73,116.92,116.73,116.82,30.778
Kraken:SOLUSD,2022-04-06T15:16:00Z,116.91,117.07,116.83,117.07,88.29422687
Kraken:SOLUSD,2022-04-06T15:17:00Z,116.73,116.73,116.53,116.53,352.08259713
Kraken:SOLUSD,2022-04-06T15:18:00Z,116.44,116.45,115.83,115.88,2853.82664781
Kraken:SOLUSD,2022-04-06T15:19:00Z,115.86,116.04,115.8,115.95,1069.03656756
Kraken:SOLUSD,2022-04-06T15:20:00Z,115.89,116.04,115.3,115.5,2051.66120832
Kraken:SOLUSD,2022-04-06T15:21:00Z,115.52,116.18,115.52,116.18,281.79426895
Kraken:SOLUSD,2022-04-06T15:22:00Z,116.11,116.3,115.99,115.99,449.56648858
Kraken:SOLUSD,2022-04-06T15:23:00Z,116.31,116.73,116.31,116.62,99.05074653
Kraken:SOLUSD,2022-04-06T15:24:00Z,116.74,116.91,116.74,116.91,30.44723719
Kraken:SOLUSD,2022-04-06T15:25:00Z,116.72,116.73,116.15,116.15,3439.36193016
Kraken:SOLUSD,2022-04-06T15:26:00Z,116.16,116.28,116.12,116.22,249.47661873
Kraken:SOLUSD,2022-04-06T15:27:00Z,116.6,116.6,116.18,116.18,278.66724293
Kraken:SOLUSD,2022-04-06T15:28:00Z,116.15,116.15,115.9,115.9,68.53808275
Kraken:SOLUSD,2022-04-06T15:29:00Z,115.89,115.91,115.76,115.91,84.80025876
Kraken:SOLUSD,2022-04-06T15:30:00Z,115.84,115.98,115.74,115.92,1520.38884136
Kraken:SOLUSD,2022-04-06T15:31:00Z,115.98,115.98,115.69,115.69,859.95123143
Kraken:SOLUSD,2022-04-06T15:32:00Z,115.68,115.68,114.51,114.94,1915.70812795
Kraken:SOLUSD,2022-04-06T15:33:00Z,114.96,116.12,114.96,116.03,1672.20942909
Kraken:SOLUSD,2022-04-06T15:34:00Z,116.03,116.75,116.03,116.63,1338.41817396
Kraken:SOLUSD,2022-04-06T15:35:00Z,116.56,116.63,116.26,116.49,281.97949914
Kraken:SOLUSD,2022-04-06T15:36:00Z,116.43,116.51,116.35,116.42,51.8292434
Kraken:SOLUSD,2022-04-06T15:37:00Z,116.24,116.4,116.24,116.28,8.7562985
Kraken:SOLUSD,2022-04-06T15:38:00Z,116.42,116.57,116.42,116.5,51.69090677
Kraken:SOLUSD,2022-04-06T15:39:00Z,116.33,116.73,116.3,116.73,79.95212077
Kraken:SOLUSD,2022-04-06T15:40:00Z,116.77,117.03,116.77,116.9,99.73483574
Kraken:SOLUSD,2022-04-06T15:41:00Z,116.92,117.0,116.92,116.95,216.56495079
Kraken:SOLUSD,2022-04-06T15:42:00Z,116.95,116.96,116.95,116.95,1148.13303865
Kraken:SOLUSD,2022-04-06T15:43:00Z,117.03,117.22,117.03,117.19,62.14357205
Kraken:SOLUSD,2022-04-06T15:44:00Z,117.23,117.57,117.23,117.57,97.57242776
Kraken:SOLUSD,2022-04-06T15:45:00Z,117.58,117.78,117.53,117.53,1085.97708688
Kraken:SOLUSD,2022-04-06T15:46:00Z,117.55,117.59,117.47,117.55,43.34684811
Kraken:SOLUSD,2022-04-06T15:47:00Z,117.66,117.8,117.6,117.68,268.6546056
Kraken:SOLUSD,2022-04-06T15:48:00Z,117.68,117.8,117.48,117.8,397.10482777
Kraken:SOLUSD,2022-04-06T15:49:00Z,117.77,117.99,117.7,117.99,1287.44948432
Kraken:SOLUSD,2022-04-06T15:50:00Z,117.91,118.06,117.82,117.82,1081.70720844
Kraken:SOLUSD,2022-04-06T15:51:00Z,117.8,118.01,117.79,118.01,140.73257951
Kraken:SOLUSD,2022-04-06T15:52:00Z,117.96,117.96,117.96,117.96,12.609432
Kraken:SOLUSD,2022-04-06T15:53:00Z,117.83,117.86,117.81,117.82,39.56615382
Kraken:SOLUSD,2022-04-06T15:54:00Z,117.7,117.83,117.7,117.82,367.11497344
Kraken:SOLUSD,2022-04-06T15:55:00Z,117.8,117.85,117.65,117.65,395.40973027
Kraken:SOLUSD,2022-04-06T15:56:00Z,117.63,117.63,117.24,117.24,1437.84539029
Kraken:SOLUSD,2022-04-06T15:58:00Z,117.7,117.79,117.64,117.71,221.09428
Kraken:SOLUSD,2022-04-06T15:59:00Z,117.48,117.7,117.48,117.7,4.51350914
Kraken:SOLUSD,2022-04-06T16:00:00Z,117.64,117.67,117.44,117.46,666.3363712
Kraken:SOLUSD,2022-04-06T16:01:00Z,117.71,118.16,117.57,118.16,75.48408304
Kraken:SOLUSD,2022-04-06T16:02:00Z,118.0,118.08,117.81,117.86,49.39336768
Kraken:SOLUSD,2022-04-06T16:03:00Z,117.73,117.73,117.51,117.62,77.94096112
Kraken:SOLUSD,2022-04-06T16:04:00Z,117.47,117.47,117.3,117.3,27.72156
Kraken:SOLUSD,2022-04-06T16:05:00Z,117.26,117.91,117.26,117.91,261.90806382
Kraken:SOLUSD,2022-04-06T16:06:00Z,118.17,118.4,118.17,118.31,51.84416308
Kraken:SOLUSD,2022-04-06T16:07:00Z,118.05,118.08,117.91,118.01,73.63974326
Kraken:SOLUSD,2022-04-06T16:08:00Z,118.31,118.31,118.25,118.25,1.9128524
Kraken:SOLUSD,2022-04-06T16:09:00Z,118.31,118.42,118.19,118.42,467.32145556
Kraken:SOLUSD,2022-04-06T16:10:00Z,118.1,118.1,117.81,117.99,104.83
Kraken:SOLUSD,2022-04-06T16:11:00Z,117.95,117.95,117.57,117.79,38.91020973
Kraken:SOLUSD,2022-04-06T16:12:00Z,117.58,117.58,117.58,117.58,16.74123
Kraken:SOLUSD,2022-04-06T16:13:00Z,117.62,117.66,117.43,117.43,448.00475226
Kraken:SOLUSD,2022-04-06T16:14:00Z,117.41,117.41,117.19,117.3,2057.68691252
Kraken:SOLUSD,2022-04-06T16:15:00Z,117.27,117.51,117.26,117.46,53.90765751
Kraken:SOLUSD,2022-04-06T16:16:00Z,117.4,117.4,116.76,116.86,153.80010475
Kraken:SOLUSD,2022-04-06T16:17:00Z,116.75,116.8,116.68,116.68,52.03816515
Kraken:SOLUSD,2022-04-06T16:18:00Z,116.64,116.88,116.61,116.61,39.88053701
Kraken:SOLUSD,2022-04-06T16:19:00Z,116.65,116.73,116.54,116.54,71.78187052
Kraken:SOLUSD,2022-04-06T16:20:00Z,116.53,116.53,116.35,116.36,25.91370625
Kraken:SOLUSD,2022-04-06T16:21:00Z,116.49,116.49,116.22,116.22,176.25515094
Kraken:SOLUSD,2022-04-06T16:22:00Z,116.29,116.29,115.92,115.95,183.17169375
Kraken:SOLUSD,2022-04-06T16:23:00Z,116.03,117.02,116.03,117.02,189.19622957
Kraken:SOLUSD,2022-04-06T16:24:00Z,116.92,117.0,116.54,116.72,201.36381282
Kraken:SOLUSD,2022-04-06T16:25:00Z,116.49,116.49,116.11,116.11,96.251791
Kraken:SOLUSD,2022-04-06T16:26:00Z,116.25,116.45,116.25,116.25,95.69777227
Kraken:SOLUSD,2022-04-06T16:27:00Z,116.08,116.51,116.08,116.32,7.96310785
Kraken:SOLUSD,2022-04-06T16:28:00Z,116.35,116.47,116.3,116.34,169.28300549
Kraken:SOLUSD,2022-04-06T16:29:00Z,116.38,116.38,116.35,116.35,90.53256
Kraken:SOLUSD,2022-04-06T16:30:00Z,116.24,116.3,116.1,116.1,164.47531999
Kraken:SOLUSD,2022-04-06T16:31:00Z,116.1,116.52,116.04,116.52,78.18695455
Kraken:SOLUSD,2022-04-06T16:32:00Z,116.3,116.48,116.28,116.31,20.33743358
Kraken:SOLUSD,2022-04-06T16:33:00Z,116.16,116.49,116.16,116.48,44.226
Kraken:SOLUSD,2022-04-06T16:34:00Z,116.78,116.78,116.57,116.57,37.04601489
Kraken:SOLUSD,2022-04-06T16:35:00Z,116.31,116.31,116.29,116.29,1.23119508
Kraken:SOLUSD,2022-04-06T16:36:00Z,116.14,116.31,116.14,116.15,35.55072441
Kraken:SOLUSD,2022-04-06T16:37:00Z,116.1,116.1,115.94,115.94,687.88001
Kraken:SOLUSD,2022-04-06T16:38:00Z,115.93,115.93,115.44,115.77,3313.57114584
Kraken:SOLUSD,2022-04-06T16:39:00Z,116.0,116.05,115.2,115.2,2756.16170723
Kraken:SOLUSD,2022-04-06T16:40:00Z,115.2,115.63,115.01,115.53,1707.69205112
Kraken:SOLUSD,2022-04-06T16:41:00Z,115.61,115.84,115.42,115.42,1752.65742395
Kraken:SOLUSD,2022-04-06T16:42:00Z,115.55,115.86,115.37,115.67,38.14650318
Kraken:SOLUSD,2022-04-06T16:43:00Z,115.73,116.34,115.73,116.34,70.27887227
Kraken:SOLUSD,2022-04-06T16:44:00Z,116.35,116.51,116.27,116.42,17.35255664
Kraken:SOLUSD,2022-04-06T16:45:00Z,116.14,116.43,116.14,116.14,48.2520047
Kraken:SOLUSD,2022-04-06T16:46:00Z,115.81,115.85,115.55,115.81,44.58154247
Kraken:SOLUSD,2022-04-06T16:47:00Z,115.57,115.57,115.57,115.57,24.98304856
Kraken:SOLUSD,2022-04-06T16:48:00Z,116.11,116.34,116.11,116.34,13.7979
Kraken:SOLUSD,2022-04-06T16:50:00Z,116.03,116.06,115.97,116.06,9.51811321
Kraken:SOLUSD,2022-04-06T16:51:00Z,116.21,116.21,116.2,116.2,4.47831
Kraken:SOLUSD,2022-04-06T16:52:00Z,115.89,116.08,115.89,115.91,8.241694
Kraken:SOLUSD,2022-04-06T16:53:00Z,115.93,115.93,115.74,115.77,40.1485
Kraken:SOLUSD,2022-04-06T16:54:00Z,115.58,115.98,115.39,115.98,139.81474702
Kraken:SOLUSD,2022-04-06T16:55:00Z,115.98,116.31,115.97,116.24,75.23004951
Kraken:SOLUSD,2022-04-06T16:56:00Z,116.22,116.48,116.19,116.45,14.93214161
Kraken:SOLUSD,2022-04-06T16:57:00Z,116.49,116.49,116.31,116.31,515.62250216
Kraken:SOLUSD,2022-04-06T16:58:00Z,116.13,116.33,116.05,116.33,56.66280139
Kraken:SOLUSD,2022-04-06T16:59:00Z,116.31,116.41,116.17,116.17,131.88803034
Kraken:SOLUSD,2022-04-06T17:00:00Z,115.95,115.95,115.86,115.89,11.23737546
Kraken:SOLUSD,2022-04-06T17:01:00Z,115.76,115.82,115.76,115.77,100.06175669
Kraken:SOLUSD,2022-04-06T17:02:00Z,115.54,115.56,115.44,115.56,1229.24119913
Kraken:SOLUSD,2022-04-06T17:03:00Z,115.49,115.49,115.07,115.07,55.52266019
Kraken:SOLUSD,2022-04-06T17:04:00Z,115.07,115.46,114.73,115.35,528.24083726
Kraken:SOLUSD,2022-04-06T17:05:00Z,115.15,115.55,115.13,115.55,68.77234831
Kraken:SOLUSD,2022-04-06T17:06:00Z,115.2,115.46,114.89,115.46,109.10429245
Kraken:SOLUSD,2022-04-06T17:07:00Z,115.53,115.7,115.25,115.44,429.97441233
Kraken:SOLUSD,2022-04-06T17:08:00Z,115.19,115.19,114.98,115.07,31.291
Kraken:SOLUSD,2022-04-06T17:09:00Z,115.11,115.11,115.05,115.05,11.45749015
Kraken:SOLUSD,2022-04-06T17:10:00Z,115.01,115.49,114.97,115.27,1707.19040459
Kraken:SOLUSD,2022-04-06T17:11:00Z,115.13,115.14,114.74,114.74,3124.55546443
Kraken:SOLUSD,2022-04-06T17:12:00Z,114.79,114.9,114.79,114.9,17.4054005
Kraken:SOLUSD,2022-04-06T17:13:00Z,114.96,115.31,114.92,115.31,13.87542963
Kraken:SOLUSD,2022-04-06T17:14:00Z,115.28,115.28,115.28,115.28,5.6
Kraken:SOLUSD,2022-04-06T17:15:00Z,115.2,115.92,115.09,115.92,69.90111885
Kraken:SOLUSD,2022-04-06T17:16:00Z,115.93,116.21,115.93,116.07,917.66338941
Kraken:SOLUSD,2022-04-06T17:17:00Z,115.73,115.97,115.5,115.81,998.60344083
Kraken:SOLUSD,2022-04-06T17:18:00Z,115.76,115.78,115.65,115.68,309.64237
Kraken:SOLUSD,2022-04-06T17:19:00Z,115.81,115.92,115.81,115.92,96.83160984
Kraken:SOLUSD,2022-04-06T17:20:00Z,115.82,115.96,115.82,115.96,96.65662085
Kraken:SOLUSD,2022-04-06T17:21:00Z,116.03,116.05,115.88,115.88,15.69354607
Kraken:SOLUSD,2022-04-06T17:22:00Z,115.81,116.43,115.81,116.43,347.14412987
Kraken:SOLUSD,2022-04-06T17:23:00Z,116.45,116.65,116.45,116.65,323.28054456
Kraken:SOLUSD,2022-04-06T17:24:00Z,116.66,116.93,116.41,116.44,2326.96739287
Kraken:SOLUSD,2022-04-06T17:25:00Z,116.5,116.54,116.48,116.5,348.0870133
Kraken:SOLUSD,2022-04-06T17:26:00Z,116.51,116.77,116.47,116.57,413.59660987
Kraken:SOLUSD,2022-04-06T17:27:00Z,116.61,116.66,116.34,116.34,192.08007114
Kraken:SOLUSD,2022-04-06T17:28:00Z,116.36,116.36,116.36,116.36,0.48701
Kraken:SOLUSD,2022-04-06T17:29:00Z,116.36,116.36,116.36,116.36,0.14465
Kraken:SOLUSD,2022-04-06T17:30:00Z,116.47,116.49,116.47,116.49,8.05136531
Kraken:SOLUSD,2022-04-06T17:31:00Z,116.68,116.68,116.49,116.49,2.5737874
Kraken:SOLUSD,2022-04-06T17:32:00Z,116.14,116.26,116.14,116.21,121.96107891
Kraken:SOLUSD,2022-04-06T17:34:00Z,116.69,116.69,116.51,116.51,8.77837123
Kraken:SOLUSD,2022-04-06T17:35:00Z,116.29,116.35,116.29,116.35,85.740721
Kraken:SOLUSD,2022-04-06T17:36:00Z,116.17,116.47,116.17,116.47,13.10690636
Kraken:SOLUSD,2022-04-06T17:37:00Z,116.46,116.59,116.27,116.27,65.63029882
Kraken:SOLUSD,2022-04-06T17:38:00Z,116.49,116.49,116.4,116.4,30.714
Kraken:SOLUSD,2022-04-06T17:39:00Z,116.35,116.39,116.18,116.39,110.78684508
Kraken:SOLUSD,2022-04-06T17:40:00Z,116.33,116.8,116.31,116.79,116.42909489
Kraken:SOLUSD,2022-04-06T17:41:00Z,116.84,117.39,116.84,117.32,487.16640328
Kraken:SOLUSD,2022-04-06T17:42:00Z,117.15,117.16,117.01,117.04,104.46411071
Kraken:SOLUSD,2022-04-06T17:43:00Z,117.06,117.26,117.01,117.12,546.82755868
Kraken:SOLUSD,2022-04-06T17:44:00Z,117.11,117.31,117.06,117.3,2543.59720656
Kraken:SOLUSD,2022-04-06T17:45:00Z,117.19,117.35,117.13,117.31,534.70370551
Kraken:SOLUSD,2022-04-06T17:46:00Z,117.27,117.5,117.27,117.5,1137.78835722
Kraken:SOLUSD,2022-04-06T17:47:00Z,117.22,117.77,117.22,117.77,747.39716735
Kraken:SOLUSD,2022-04-06T17:48:00Z,117.78,117.97,117.71,117.83,1536.73711039
Kraken:SOLUSD,2022-04-06T17:49:00Z,117.87,118.28,117.87,118.15,1864.83935818
Kraken:SOLUSD,2022-04-06T17:50:00Z,118.13,118.2,117.93,118.06,1295.4800988
Kraken:SOLUSD,2022-04-06T17:51:00Z,118.06,118.09,117.79,117.87,569.30740983
Kraken:SOLUSD,2022-04-06T17:52:00Z,117.83,118.26,117.83,118.19,943.7398974
Kraken:SOLUSD,2022-04-06T17:53:00Z,118.12,118.24,118.12,118.2,115.65391616
Kraken:SOLUSD,2022-04-06T17:54:00Z,118.2,118.36,118.2,118.29,224.92304897
Kraken:SOLUSD,2022-04-06T17:55:00Z,118.3,118.32,118.12,118.12,1154.24563466
Kraken:SOLUSD,2022-04-06T17:56:00Z,118.13,118.22,118.0,118.0,496.28318226
Kraken:SOLUSD,2022-04-06T17:57:00Z,118.05,118.1,117.83,117.83,880.72963292
Kraken:SOLUSD,2022-04-06T17:58:00Z,117.83,117.89,117.72,117.82,506.60943389
Kraken:SOLUSD,2022-04-06T17:59:00Z,117.76,117.85,117.73,117.73,285.75225301
Kraken:SOLUSD,2022-04-06T18:00:00Z,117.74,118.57,117.71,118.56,1133.3800497
Kraken:SOLUSD,2022-04-06T18:01:00Z,118.56,119.12,118.41,119.12,680.12565993
Kraken:SOLUSD,2022-04-06T18:02:00Z,119.15,120.05,119.15,119.7,1008.15056356
Kraken:SOLUSD,2022-04-06T18:03:00Z,119.61,120.35,119.61,119.97,1932.50928148
Kraken:SOLUSD,2022-04-06T18:04:00Z,119.98,119.99,119.57,119.72,913.45205498
Kraken:SOLUSD,2022-04-06T18:05:00Z,119.66,119.71,119.11,119.11,981.41916957
Kraken:SOLUSD,2022-04-06T18:06:00Z,119.24,119.37,119.17,119.27,526.83895836
Kraken:SOLUSD,2022-04-06T18:07:00Z,119.12,119.17,118.54,118.7,928.77035803
Kraken:SOLUSD,2022-04-06T18:08:00Z,118.76,118.76,118.07,118.48,643.06393718
Kraken:SOLUSD,2022-04-06T18:09:00Z,118.48,118.65,118.35,118.35,382.37857236
Kraken:SOLUSD,2022-04-06T18:10:00Z,118.35,118.35,117.51,117.92,3541.01582822
Kraken:SOLUSD,2022-04-06T18:11:00Z,117.72,117.73,117.56,117.64,627.47085807
Kraken:SOLUSD,2022-04-06T18:12:00Z,117.5,117.88,117.34,117.34,248.23013316
Kraken:SOLUSD,2022-04-06T18:13:00Z,117.33,117.33,117.03,117.33,919.87993896
Kraken:SOLUSD,2022-04-06T18:14:00Z,117.1,117.22,116.49,116.6,490.69581378
Kraken:SOLUSD,2022-04-06T18:15:00Z,116.55,116.55,115.95,115.96,155.01807364
Kraken:SOLUSD,2022-04-06T18:16:00Z,115.94,116.17,115.5,116.05,1812.35885204
Kraken:SOLUSD,2022-04-06T18:17:00Z,116.04,116.04,115.59,115.64,277.46074022
Kraken:SOLUSD,2022-04-06T18:18:00Z,115.62,115.85,115.46,115.72,1097.00286994
Kraken:SOLUSD,2022-04-06T18:19:00Z,115.63,115.88,115.61,115.61,42.27494512
Kraken:SOLUSD,2022-04-06T18:20:00Z,115.82,116.24,115.82,116.18,47.1149628
Kraken:SOLUSD,2022-04-06T18:21:00Z,116.07,116.62,116.0,116.41,274.60893241
Kraken:SOLUSD,2022-04-06T18:22:00Z,116.51,116.55,116.22,116.22,155.61472274
Kraken:SOLUSD,2022-04-06T18:23:00Z,115.86,115.86,115.42,115.42,56.51709927
Kraken:SOLUSD,2022-04-06T18:24:00Z,115.49,115.49,114.64,115.28,4779.84001531
Kraken:SOLUSD,2022-04-06T18:25:00Z,115.3,116.64,115.2,116.64,355.6345182
Kraken:SOLUSD,2022-04-06T18:26:00Z,116.65,116.88,116.3,116.3,281.5211232
Kraken:SOLUSD,2022-04-06T18:27:00Z,116.62,116.62,116.14,116.47,44.65625746
Kraken:SOLUSD,2022-04-06T18:28:00Z,116.11,116.16,115.75,115.99,93.76943746
Kraken:SOLUSD,2022-04-06T18:29:00Z,115.83,115.99,115.83,115.96,918.88329741
Kraken:SOLUSD,2022-04-06T18:30:00Z,115.98,116.28,115.97,116.28,5.16266771
Kraken:SOLUSD,2022-04-06T18:31:00Z,116.45,116.74,116.4,116.68,532.8258774
Kraken:SOLUSD,2022-04-06T18:32:00Z,116.73,117.78,116.73,117.78,469.92504488
Kraken:SOLUSD,2022-04-06T18:33:00Z,117.65,117.65,117.25,117.64,137.08199717
Kraken:SOLUSD,2022-04-06T18:34:00Z,117.65,118.08,117.58,118.03,1182.7743203
Kraken:SOLUSD,2022-04-06T18:35:00Z,118.06,118.28,118.06,118.28,69.368664
Kraken:SOLUSD,2022-04-06T18:36:00Z,117.61,117.61,117.19,117.47,564.21067879
Kraken:SOLUSD,2022-04-06T18:37:00Z,117.34,117.52,117.32,117.52,94.47854045
Kraken:SOLUSD,2022-04-06T18:38:00Z,117.5,117.91,117.5,117.91,8.03602395
Kraken:SOLUSD,2022-04-06T18:39:00Z,117.61,117.86,117.58,117.68,41.78867191
Kraken:SOLUSD,2022-04-06T18:40:00Z,117.66,117.76,117.41,117.76,34.04616176
Kraken:SOLUSD,2022-04-06T18:41:00Z,117.85,117.9,117.75,117.75,8.27583
Kraken:SOLUSD,2022-04-06T18:42:00Z,117.89,118.12,117.42,117.42,1249.72428787
Kraken:SOLUSD,2022-04-06T18:43:00Z,117.46,117.68,117.19,117.68,43.09019107
Kraken:SOLUSD,2022-04-06T18:44:00Z,117.87,118.48,117.87,118.37,803.39558834
Kraken:SOLUSD,2022-04-06T18:45:00Z,118.27,118.91,118.16,118.41,1009.38492056
Kraken:SOLUSD,2022-04-06T18:46:00Z,118.5,118.5,117.86,117.86,583.6477474
Kraken:SOLUSD,2022-04-06T18:47:00Z,117.97,118.26,117.84,118.17,71.6370217
Kraken:SOLUSD,2022-04-06T18:48:00Z,118.15,118.41,118.04,118.2,257.93790077
Kraken:SOLUSD,2022-04-06T18:49:00Z,117.82,117.82,117.59,117.64,518.35177742
Kraken:SOLUSD,2022-04-06T18:50:00Z,117.94,118.08,117.86,118.08,10.10239606
Kraken:SOLUSD,2022-04-06T18:51:00Z,118.01,118.22,118.01,118.16,8.37715212
Kraken:SOLUSD,2022-04-06T18:52:00Z,118.26,118.45,118.26,118.39,179.86216117
Kraken:SOLUSD,2022-04-06T18:53:00Z,118.47,118.62,118.47,118.5,14.91361332
Kraken:SOLUSD,2022-04-06T18:54:00Z,118.47,118.89,118.47,118.87,55.71650551
Kraken:SOLUSD,2022-04-06T18:55:00Z,118.74,119.15,118.74,118.97,1219.17435629
Kraken:SOLUSD,2022-04-06T18:56:00Z,119.03,119.03,118.63,118.64,602.15512657
Kraken:SOLUSD,2022-04-06T18:57:00Z,118.52,119.23,118.52,119.23,45.07732528
Kraken:SOLUSD,2022-04-06T18:58:00Z,119.11,119.28,118.79,119.28,101.26471326
Kraken:SOLUSD,2022-04-06T18:59:00Z,119.28,119.35,119.21,119.21,98.93427041
Kraken:SOLUSD,2022-04-06T19:00:00Z,119.19,119.5,119.01,119.5,183.86968025
Kraken:SOLUSD,2022-04-06T19:01:00Z,119.45,119.56,119.3,119.3,48.51646868
Kraken:SOLUSD,2022-04-06T19:02:00Z,119.35,119.68,119.35,119.54,37.9953651
Kraken:SOLUSD,2022-04-06T19:03:00Z,119.62,119.71,119.35,119.46,52.84278944
Kraken:SOLUSD,2022-04-06T19:04:00Z,119.52,119.53,119.08,119.13,202.09064749
Kraken:SOLUSD,2022-04-06T19:05:00Z,119.1,119.1,118.59,118.59,39.61325542
Kraken:SOLUSD,2022-04-06T19:06:00Z,118.62,118.62,118.25,118.25,144.79282828
Kraken:SOLUSD,2022-04-06T19:07:00Z,118.26,118.37,118.12,118.37,428.38854
Kraken:SOLUSD,2022-04-06T19:08:00Z,118.45,118.69,118.45,118.68,52.0520282
Kraken:SOLUSD,2022-04-06T19:09:00Z,118.66,118.92,118.66,118.9,58.96383548
Kraken:SOLUSD,2022-04-06T19:10:00Z,118.88,119.16,118.85,119.13,467.45401055
Kraken:SOLUSD,2022-04-06T19:11:00Z,119.06,119.06,119.06,119.06,0.02188664
Kraken:SOLUSD,2022-04-06T19:12:00Z,118.81,118.81,118.71,118.78,49.80589684
Kraken:SOLUSD,2022-04-06T19:13:00Z,118.69,118.71,118.66,118.71,31.157
Kraken:SOLUSD,2022-04-06T19:14:00Z,118.76,118.76,118.76,118.76,5.90894
Kraken:SOLUSD,2022-04-06T19:15:00Z,118.69,119.06,118.63,119.06,107.29523342
Kraken:SOLUSD,2022-04-06T19:16:00Z,118.97,118.97,118.58,118.58,121.44863485
Kraken:SOLUSD,2022-04-06T19:17:00Z,118.55,118.55,118.23,118.23,210.16319225
Kraken:SOLUSD,2022-04-06T19:18:00Z,118.31,118.49,118.31,118.48,252.69209296
Kraken:SOLUSD,2022-04-06T19:19:00Z,118.58,118.58,118.19,118.19,14.08424716
Kraken:SOLUSD,2022-04-06T19:20:00Z,118.16,118.2,118.07,118.13,285.52914723
Kraken:SOLUSD,2022-04-06T19:21:00Z,118.04,118.04,117.86,118.0,37.97486439
Kraken:SOLUSD,2022-04-06T19:22:00Z,117.94,117.94,117.84,117.84,3.20868296
Kraken:SOLUSD,2022-04-06T19:24:00Z,118.13,118.22,118.13,118.22,46.4051245
Kraken:SOLUSD,2022-04-06T19:25:00Z,118.02,118.12,118.0,118.0,7.97159
Kraken:SOLUSD,2022-04-06T19:26:00Z,118.21,118.22,118.14,118.14,10.2198755
Kraken:SOLUSD,2022-04-06T19:27:00Z,117.88,117.91,117.72,117.72,275.59118713
Kraken:SOLUSD,2022-04-06T19:28:00Z,117.71,117.93,117.71,117.93,16.57713869
Kraken:SOLUSD,2022-04-06T19:29:00Z,117.98,118.12,117.93,118.12,75.53805915
Kraken:SOLUSD,2022-04-06T19:30:00Z,118.03,118.03,117.94,117.94,20.2
Kraken:SOLUSD,2022-04-06T19:31:00Z,118.22,118.22,118.15,118.2,21.43955301
Kraken:SOLUSD,2022-04-06T19:32:00Z,118.27,118.27,117.93,117.93,1.261
Kraken:SOLUSD,2022-04-06T19:33:00Z,117.7,117.75,117.56,117.63,214.72453012
Kraken:SOLUSD,2022-04-06T19:34:00Z,117.62,117.72,117.55,117.55,457.46464862
Kraken:SOLUSD,2022-04-06T19:35:00Z,117.6,117.84,117.6,117.84,96.106
Kraken:SOLUSD,2022-04-06T19:36:00Z,117.8,117.81,117.73,117.73,44.81932163
Kraken:SOLUSD,2022-04-06T19:37:00Z,117.84,118.06,117.78,118.06,13.502675
Kraken:SOLUSD,2022-04-06T19:38:00Z,118.38,118.38,118.37,118.37,21.735
Kraken:SOLUSD,2022-04-06T19:39:00Z,118.22,118.25,118.21,118.21,64.5
Kraken:SOLUSD,2022-04-06T19:40:00Z,118.07,118.44,118.02,118.44,1213.53581001
Kraken:SOLUSD,2022-04-06T19:41:00Z,118.47,118.67,118.47,118.67,19.07032772
Kraken:SOLUSD,2022-04-06T19:42:00Z,118.68,118.74,118.64,118.74,3.87445454
Kraken:SOLUSD,2022-04-06T19:43:00Z,118.75,118.83,118.75,118.75,38.71088499
Kraken:SOLUSD,2022-04-06T19:44:00Z,118.82,118.93,118.82,118.84,271.03331197
Kraken:SOLUSD,2022-04-06T19:45:00Z,118.94,119.01,118.94,118.99,154.03370871
Kraken:SOLUSD,2022-04-06T19:46:00Z,119.02,119.07,119.02,119.07,13.5162144
Kraken:SOLUSD,2022-04-06T19:47:00Z,119.08,119.32,119.08,119.17,213.26522316
Kraken:SOLUSD,2022-04-06T19:48:00Z,119.27,119.27,119.22,119.26,1.45373175
Kraken:SOLUSD,2022-04-06T19:49:00Z,119.25,119.35,119.13,119.13,216.23955403
Kraken:SOLUSD,2022-04-06T19:50:00Z,119.19,119.29,119.0,119.0,129.39228337
Kraken:SOLUSD,2022-04-06T19:51:00Z,118.66,118.75,118.65,118.75,55.39322051
Kraken:SOLUSD,2022-04-06T19:52:00Z,118.83,118.92,118.78,118.92,26.53538756
Kraken:SOLUSD,2022-04-06T19:53:00Z,118.85,118.93,118.85,118.86,2.8499488
Kraken:SOLUSD,2022-04-06T19:54:00Z,118.8,118.87,118.72,118.72,43.0571
Kraken:SOLUSD,2022-04-06T19:55:00Z,118.76,118.79,118.7,118.7,35.6193253
Kraken:SOLUSD,2022-04-06T19:56:00Z,118.62,118.95,118.62,118.91,128.23438
Kraken:SOLUSD,2022-04-06T19:57:00Z,119.04,119.25,119.03,119.21,35.42017259
Kraken:SOLUSD,2022-04-06T19:58:00Z,119.23,119.27,119.06,119.06,101.26917565
Kraken:SOLUSD,2022-04-06T19:59:00Z,119.06,119.06,118.74,118.81,38.87804
Kraken:SOLUSD,2022-04-06T20:00:00Z,118.81,118.96,118.72,118.9,831.59367296
Kraken:SOLUSD,2022-04-06T20:01:00Z,118.94,119.06,118.87,118.87,68.83402964
Kraken:SOLUSD,2022-04-06T20:02:00Z,118.83,118.83,118.83,118.83,4.23
Kraken:SOLUSD,2022-04-06T20:03:00Z,119.02,119.03,119.02,119.03,53
Kraken:SOLUSD,2022-04-06T20:04:00Z,119.09,119.35,119.09,119.35,89.02380051
Kraken:SOLUSD,2022-04-06T20:05:00Z,119.25,119.38,119.25,119.33,320.55704759
Kraken:SOLUSD,2022-04-06T20:06:00Z,119.16,119.31,119.1,119.27,217.26651765
Kraken:SOLUSD,2022-04-06T20:07:00Z,119.25,119.42,119.25,119.4,104.39894429
Kraken:SOLUSD,2022-04-06T20:08:00Z,119.25,119.25,119.21,119.22,338.46974025
Kraken:SOLUSD,2022-04-06T20:09:00Z,119.2,119.26,119.14,119.14,31.34442716
Kraken:SOLUSD,2022-04-06T20:10:00Z,119.12,119.23,119.11,119.11,227.72810885
Kraken:SOLUSD,2022-04-06T20:11:00Z,119.12,119.12,118.94,118.94,116.964003
Kraken:SOLUSD,2022-04-06T20:12:00Z,118.94,118.94,118.85,118.85,115
Kraken:SOLUSD,2022-04-06T20:13:00Z,118.9,118.9,118.79,118.79,9.04596
Kraken:SOLUSD,2022-04-06T20:14:00Z,118.79,118.79,118.62,118.62,195.92420892
Kraken:SOLUSD,2022-04-06T20:15:00Z,118.54,118.54,118.42,118.42,32.83271978
Kraken:SOLUSD,2022-04-06T20:16:00Z,118.41,118.41,117.96,117.96,68.90786445
Kraken:SOLUSD,2022-04-06T20:17:00Z,117.94,117.94,117.81,117.91,37.98887847
Kraken:SOLUSD,2022-04-06T20:18:00Z,118.06,118.18,117.99,118.12,42.5
Kraken:SOLUSD,2022-04-06T20:19:00Z,118.07,118.07,118.07,118.07,1
Kraken:SOLUSD,2022-04-06T20:20:00Z,118.25,118.25,118.03,118.06,69.63697732
Kraken:SOLUSD,2022-04-06T20:21:00Z,117.99,118.14,117.99,118.14,8.49709398
Kraken:SOLUSD,2022-04-06T20:22:00Z,118.22,118.25,118.22,118.25,15.650529
Kraken:SOLUSD,2022-04-06T20:23:00Z,118.38,118.38,118.38,118.38,0.25571649
Kraken:SOLUSD,2022-04-06T20:24:00Z,118.46,118.53,118.46,118.53,31.11222943
Kraken:SOLUSD,2022-04-06T20:25:00Z,118.33,118.33,118.21,118.23,112.36992985
Kraken:SOLUSD,2022-04-06T20:26:00Z,118.22,118.63,118.22,118.63,19.39102666
Kraken:SOLUSD,2022-04-06T20:27:00Z,118.63,118.63,118.63,118.63,1.46
Kraken:SOLUSD,2022-04-06T20:28:00Z,118.77,118.78,118.77,118.78,4.98441791
Kraken:SOLUSD,2022-04-06T20:29:00Z,118.72,118.84,118.72,118.81,30.57919427
Kraken:SOLUSD,2022-04-06T20:30:00Z,118.7,118.77,118.7,118.77,10.96
Kraken:SOLUSD,2022-04-06T20:31:00Z,118.76,118.85,118.75,118.81,13.26569576
Kraken:SOLUSD,2022-04-06T20:33:00Z,118.82,118.85,118.82,118.85,8.48092416
Kraken:SOLUSD,2022-04-06T20:34:00Z,118.84,118.97,118.84,118.97,267.855
Kraken:SOLUSD,2022-04-06T20:35:00Z,118.89,118.89,118.61,118.61,176.51118254
Kraken:SOLUSD,2022-04-06T20:37:00Z,118.43,118.43,118.28,118.33,184.35891277
Kraken:SOLUSD,2022-04-06T20:38:00Z,118.29,118.32,118.28,118.32,13.73382278
Kraken:SOLUSD,2022-04-06T20:39:00Z,118.2,118.2,118.12,118.19,119.5231909
Kraken:SOLUSD,2022-04-06T20:40:00Z,118.3,118.42,118.3,118.42,4.10025793
Kraken:SOLUSD,2022-04-06T20:41:00Z,118.42,118.42,118.39,118.39,8.25633
Kraken:SOLUSD,2022-04-06T20:42:00Z,118.28,118.28,118.27,118.27,4
Kraken:SOLUSD,2022-04-06T20:43:00Z,118.22,118.22,118.21,118.21,15.19039
Kraken:SOLUSD,2022-04-06T20:44:00Z,118.1,118.1,117.97,117.97,4.17033475
Kraken:SOLUSD,2022-04-06T20:45:00Z,117.97,117.97,117.97,117.97,5.94066849
Kraken:SOLUSD,2022-04-06T20:46:00Z,118.12,118.12,118.07,118.07,19.53624
Kraken:SOLUSD,2022-04-06T20:47:00Z,118.17,118.47,118.17,118.47,27.05109972
Kraken:SOLUSD,2022-04-06T20:48:00Z,118.69,118.69,118.69,118.69,3
Kraken:SOLUSD,2022-04-06T20:49:00Z,118.73,118.73,118.73,118.73,4.91781
Kraken:SOLUSD,2022-04-06T20:50:00Z,118.83,118.93,118.83,118.93,0.21711566
Kraken:SOLUSD,2022-04-06T20:51:00Z,118.92,118.97,118.92,118.95,13.56313207
Kraken:SOLUSD,2022-04-06T20:52:00Z,118.92,118.99,118.92,118.99,455.67136772
Kraken:SOLUSD,2022-04-06T20:53:00Z,118.99,118.99,118.99,118.99,28.06277311
Kraken:SOLUSD,2022-04-06T20:54:00Z,118.94,118.94,118.94,118.94,437.25643474
Kraken:SOLUSD,2022-04-06T20:55:00Z,118.94,118.98,118.94,118.98,1526.42335104
Kraken:SOLUSD,2022-04-06T20:56:00Z,118.96,118.96,118.94,118.94,463.35494017
Kraken:SOLUSD,2022-04-06T20:57:00Z,118.95,118.98,118.94,118.94,826.80361136
Kraken:SOLUSD,2022-04-06T20:58:00Z,118.83,118.83,118.76,118.76,15.69835623
Kraken:SOLUSD,2022-04-06T21:00:00Z,118.28,118.54,118.28,118.54,75.235588
Kraken:SOLUSD,2022-04-06T21:02:00Z,118.35,118.35,118.29,118.29,2.96104
Kraken:SOLUSD,2022-04-06T21:03:00Z,118.26,118.3,118.25,118.25,40.52624744
Kraken:SOLUSD,2022-04-06T21:04:00Z,118.31,118.31,118.31,118.31,17.19488
Kraken:SOLUSD,2022-04-06T21:05:00Z,118.29,118.51,118.29,118.51,21.5852365
Kraken:SOLUSD,2022-04-06T21:06:00Z,118.77,118.98,118.77,118.98,26.64129
Kraken:SOLUSD,2022-04-06T21:07:00Z,118.99,119.16,118.99,119.16,192.38068621
Kraken:SOLUSD,2022-04-06T21:08:00Z,119.17,119.51,119.17,119.51,200.41578031
Kraken:SOLUSD,2022-04-06T21:09:00Z,119.52,119.68,119.25,119.25,1325.69183182
Kraken:SOLUSD,2022-04-06T21:10:00Z,119.32,119.36,119.15,119.15,235.22566345
Kraken:SOLUSD,2022-04-06T21:11:00Z,119.09,119.11,119.09,119.11,482.69785956
Kraken:SOLUSD,2022-04-06T21:12:00Z,119.1,119.1,118.87,118.95,733.45024163
Kraken:SOLUSD,2022-04-06T21:13:00Z,118.84,118.85,118.81,118.81,256.1909189
Kraken:SOLUSD,2022-04-06T21:14:00Z,118.76,118.98,118.76,118.98,100.45797894
Kraken:SOLUSD,2022-04-06T21:15:00Z,118.93,118.93,118.93,118.93,0.28835
Kraken:SOLUSD,2022-04-06T21:16:00Z,118.92,118.92,118.85,118.85,26
Kraken:SOLUSD,2022-04-06T21:18:00Z,118.86,118.86,118.78,118.78,1.0036325
Kraken:SOLUSD,2022-04-06T21:19:00Z,118.78,118.88,118.78,118.88,14.3405738
Kraken:SOLUSD,2022-04-06T21:20:00Z,118.74,118.74,118.7,118.7,109.96881284
Kraken:SOLUSD,2022-04-06T21:22:00Z,118.89,118.9,118.89,118.9,26.364
Kraken:SOLUSD,2022-04-06T21:23:00Z,118.88,118.88,118.88,118.88,0.02215369
Kraken:SOLUSD,2022-04-06T21:24:00Z,118.83,118.87,118.83,118.87,26.05393898
Kraken:SOLUSD,2022-04-06T21:25:00Z,118.88,118.88,118.88,118.88,6.70219145
Kraken:SOLUSD,2022-04-06T21:26:00Z,119.02,119.02,118.89,118.89,4.00333409
Kraken:SOLUSD,2022-04-06T21:28:00Z,118.97,118.99,118.87,118.87,87.64764477
Kraken:SOLUSD,2022-04-06T21:30:00Z,118.7,118.7,118.7,118.7,502.52827
Kraken:SOLUSD,2022-04-06T21:31:00Z,118.71,118.73,118.63,118.63,651.34261405
Kraken:SOLUSD,2022-04-06T21:32:00Z,118.63,118.63,118.56,118.56,19.47259418
Kraken:SOLUSD,2022-04-06T21:33:00Z,118.55,118.55,118.55,118.55,1.39960399
Kraken:SOLUSD,2022-04-06T21:34:00Z,118.53,118.54,118.51,118.51,41.70292933
Kraken:SOLUSD,2022-04-06T21:35:00Z,118.5,118.5,117.95,117.95,1154.78057786
Kraken:SOLUSD,2022-04-06T21:36:00Z,118.07,118.1,118.05,118.06,61.84555512
Kraken:SOLUSD,2022-04-06T21:37:00Z,117.96,117.96,117.91,117.91,7.93715673
Kraken:SOLUSD,2022-04-06T21:38:00Z,117.89,117.89,117.72,117.72,19.62472446
Kraken:SOLUSD,2022-04-06T21:39:00Z,117.98,118.01,117.98,118.01,51.78991961
Kraken:SOLUSD,2022-04-06T21:40:00Z,118.0,118.0,117.97,117.97,168
Kraken:SOLUSD,2022-04-06T21:41:00Z,118.29,118.37,118.29,118.32,125.03824398
Kraken:SOLUSD,2022-04-06T21:43:00Z,118.07,118.13,118.06,118.13,26.04463
Kraken:SOLUSD,2022-04-06T21:44:00Z,118.04,118.04,118.04,118.04,2
Kraken:SOLUSD,2022-04-06T21:45:00Z,117.75,117.75,117.63,117.63,318.94277196
Kraken:SOLUSD,2022-04-06T21:46:00Z,118.04,118.04,118.01,118.01,4.23284809
Kraken:SOLUSD,2022-04-06T21:47:00Z,117.86,117.86,117.86,117.86,1.03256
Kraken:SOLUSD,2022-04-06T21:48:00Z,118.0,118.05,118.0,118.05,21.838
Kraken:SOLUSD,2022-04-06T21:49:00Z,118.27,118.27,118.25,118.27,34.63458
Kraken:SOLUSD,2022-04-06T21:50:00Z,118.31,118.31,118.31,118.31,2.1
Kraken:SOLUSD,2022-04-06T21:51:00Z,118.24,118.25,118.24,118.24,14.65323688
Kraken:SOLUSD,2022-04-06T21:52:00Z,118.19,118.19,118.02,118.02,38.61949554
Kraken:SOLUSD,2022-04-06T21:53:00Z,117.72,118.22,117.68,118.22,204.3776
Kraken:SOLUSD,2022-04-06T21:54:00Z,118.18,118.21,118.07,118.07,7.15651923
Kraken:SOLUSD,2022-04-06T21:55:00Z,118.12,118.21,118.11,118.11,4.87149365
Kraken:SOLUSD,2022-04-06T21:56:00Z,117.98,117.98,117.98,117.98,111.29950982
Kraken:SOLUSD,2022-04-06T21:57:00Z,117.64,117.64,117.4,117.4,596.4873162
Kraken:SOLUSD,2022-04-06T21:59:00Z,117.57,117.57,117.45,117.45,1000.37606225
Kraken:SOLUSD,2022-04-06T22:00:00Z,117.4,117.4,117.07,117.07,135.14522719
Kraken:SOLUSD,2022-04-06T22:01:00Z,117.06,117.09,117.06,117.09,3.70301
Kraken:SOLUSD,2022-04-06T22:02:00Z,117.1,117.17,117.1,117.1,382.83206
Kraken:SOLUSD,2022-04-06T22:03:00Z,117.32,117.4,117.32,117.4,5.45096473
Kraken:SOLUSD,2022-04-06T22:04:00Z,117.5,117.5,117.3,117.3,2.20962858
Kraken:SOLUSD,2022-04-06T22:05:00Z,117.54,117.55,117.36,117.39,58.42924
Kraken:SOLUSD,2022-04-06T22:06:00Z,117.36,117.36,117.33,117.33,8.93917
Kraken:SOLUSD,2022-04-06T22:07:00Z,117.27,117.62,117.27,117.62,13.184317
Kraken:SOLUSD,2022-04-06T22:08:00Z,117.68,117.68,117.41,117.57,6.21449922
Kraken:SOLUSD,2022-04-06T22:09:00Z,117.43,117.46,117.43,117.46,16.3
Kraken:SOLUSD,2022-04-06T22:10:00Z,117.66,117.77,117.66,117.74,26.32869341
Kraken:SOLUSD,2022-04-06T22:11:00Z,117.62,117.62,117.62,117.62,0.60705291
Kraken:SOLUSD,2022-04-06T22:12:00Z,117.55,117.81,117.55,117.81,57.3784
Kraken:SOLUSD,2022-04-06T22:15:00Z,117.82,117.82,117.82,117.82,15
Kraken:SOLUSD,2022-04-06T22:16:00Z,117.51,117.51,117.42,117.42,0.89110619
Kraken:SOLUSD,2022-04-06T22:18:00Z,117.17,117.17,117.12,117.13,40.71306491
Kraken:SOLUSD,2022-04-06T22:19:00Z,117.04,117.04,116.76,116.76,151.74661378
Kraken:SOLUSD,2022-04-06T22:20:00Z,116.79,116.79,116.68,116.68,10.28229422
Kraken:SOLUSD,2022-04-06T22:21:00Z,116.64,116.64,116.42,116.42,46.77218212
Kraken:SOLUSD,2022-04-06T22:22:00Z,116.54,116.6,116.36,116.6,219.03368306
Kraken:SOLUSD,2022-04-06T22:23:00Z,116.68,116.68,116.54,116.54,216.35781109
Kraken:SOLUSD,2022-04-06T22:24:00Z,116.58,116.58,116.42,116.42,32.61443426
Kraken:SOLUSD,2022-04-06T22:25:00Z,116.4,116.4,116.4,116.4,258.69527452
Kraken:SOLUSD,2022-04-06T22:26:00Z,116.4,116.46,116.28,116.46,360.98762676
Kraken:SOLUSD,2022-04-06T22:27:00Z,116.37,116.41,116.37,116.37,88.39177641
Kraken:SOLUSD,2022-04-06T22:28:00Z,116.37,116.37,116.02,116.03,484.85049976
Kraken:SOLUSD,2022-04-06T22:29:00Z,116.03,116.03,115.89,115.9,861.37481211
Kraken:SOLUSD,2022-04-06T22:30:00Z,115.91,115.95,115.89,115.89,198.16974791
Kraken:SOLUSD,2022-04-06T22:31:00Z,115.96,115.98,115.96,115.98,5.5
Kraken:SOLUSD,2022-04-06T22:32:00Z,115.97,116.04,115.97,116.04,6.9021348
Kraken:SOLUSD,2022-04-06T22:33:00Z,115.99,115.99,115.78,115.78,497.1750654
Kraken:SOLUSD,2022-04-06T22:34:00Z,115.78,115.78,115.39,115.41,305.57389626
Kraken:SOLUSD,2022-04-06T22:35:00Z,115.53,115.53,115.46,115.46,22.28
Kraken:SOLUSD,2022-04-06T22:36:00Z,115.88,116.0,115.88,116.0,34.62157314
Kraken:SOLUSD,2022-04-06T22:37:00Z,115.98,116.03,115.86,115.86,54.81213379
Kraken:SOLUSD,2022-04-06T22:38:00Z,116.11,116.11,116.01,116.03,59.453149
Kraken:SOLUSD,2022-04-06T22:39:00Z,116.06,116.06,116.06,116.06,0.33831
Kraken:SOLUSD,2022-04-06T22:40:00Z,116.06,116.06,115.98,115.98,18.765
Kraken:SOLUSD,2022-04-06T22:41:00Z,115.91,115.91,115.52,115.53,7.01120393
Kraken:SOLUSD,2022-04-06T22:42:00Z,115.51,115.51,115.38,115.38,4.37705455
Kraken:SOLUSD,2022-04-06T22:43:00Z,115.44,115.63,115.31,115.31,124.1495892
Kraken:SOLUSD,2022-04-06T22:44:00Z,115.56,115.56,115.43,115.55,13.2383655
Kraken:SOLUSD,2022-04-06T22:45:00Z,115.52,115.84,115.52,115.84,268.84056886
Kraken:SOLUSD,2022-04-06T22:46:00Z,115.78,115.84,115.75,115.79,24.73086
Kraken:SOLUSD,2022-04-06T22:47:00Z,115.58,115.58,115.58,115.58,12.98301143
Kraken:SOLUSD,2022-04-06T22:48:00Z,115.58,115.76,115.58,115.68,14.5607552
Kraken:SOLUSD,2022-04-06T22:49:00Z,115.81,115.81,115.81,115.81,0.09586946
Kraken:SOLUSD,2022-04-06T22:50:00Z,115.8,115.8,115.64,115.64,7.135
Kraken:SOLUSD,2022-04-06T22:51:00Z,115.58,115.58,115.56,115.56,6.64710333
Kraken:SOLUSD,2022-04-06T22:52:00Z,115.61,115.86,115.61,115.86,190.21092599
Kraken:SOLUSD,2022-04-06T22:53:00Z,115.84,115.96,115.84,115.96,5.58302624
Kraken:SOLUSD,2022-04-06T22:55:00Z,115.86,115.86,115.78,115.78,491.3899793
Kraken:SOLUSD,2022-04-06T22:56:00Z,115.67,115.67,115.61,115.61,14.231
Kraken:SOLUSD,2022-04-06T22:57:00Z,115.5,115.5,115.39,115.39,40.57904696
Kraken:SOLUSD,2022-04-06T22:58:00Z,115.31,115.33,115.14,115.14,23.53050198
Kraken:SOLUSD,2022-04-06T22:59:00Z,115.13,115.25,115.09,115.09,18.41698709
Kraken:SOLUSD,2022-04-06T23:00:00Z,115.17,115.86,115.17,115.86,2079.46502319
Kraken:SOLUSD,2022-04-06T23:01:00Z,115.7,115.76,115.7,115.76,8.57923698
Kraken:SOLUSD,2022-04-06T23:02:00Z,115.71,115.71,115.55,115.55,43.33431685
Kraken:SOLUSD,2022-04-06T23:03:00Z,115.33,115.33,115.33,115.33,0.219
Kraken:SOLUSD,2022-04-06T23:04:00Z,115.38,115.38,115.36,115.36,1.03083864
Kraken:SOLUSD,2022-04-06T23:05:00Z,115.4,115.42,115.39,115.39,25.45603432
Kraken:SOLUSD,2022-04-06T23:06:00Z,115.08,115.08,114.87,114.87,627.15583605
Kraken:SOLUSD,2022-04-06T23:07:00Z,114.9,115.01,114.87,114.96,10.22137
Kraken:SOLUSD,2022-04-06T23:08:00Z,115.42,115.42,115.23,115.29,279.59397065
Kraken:SOLUSD,2022-04-06T23:09:00Z,115.65,115.82,115.65,115.76,19.48723487
Kraken:SOLUSD,2022-04-06T23:10:00Z,115.83,116.22,115.83,116.22,56.5160513
Kraken:SOLUSD,2022-04-06T23:11:00Z,116.22,116.22,116.03,116.03,53.6687989
Kraken:SOLUSD,2022-04-06T23:12:00Z,115.66,115.66,115.5,115.51,18.65941647
Kraken:SOLUSD,2022-04-06T23:13:00Z,115.68,115.68,115.68,115.68,2.70096
Kraken:SOLUSD,2022-04-06T23:14:00Z,115.77,115.78,115.67,115.67,5.66470334
Kraken:SOLUSD,2022-04-06T23:15:00Z,115.59,115.59,115.49,115.49,213.13932099
Kraken:SOLUSD,2022-04-06T23:16:00Z,115.51,115.51,115.51,115.51,4.63
Kraken:SOLUSD,2022-04-06T23:17:00Z,115.87,115.91,115.87,115.89,43.78555157
Kraken:SOLUSD,2022-04-06T23:18:00Z,116.03,116.03,115.98,115.98,10.76779518
Kraken:SOLUSD,2022-04-06T23:19:00Z,115.89,115.97,115.88,115.96,631.38477593
Kraken:SOLUSD,2022-04-06T23:20:00Z,115.97,116.05,115.95,115.95,1096.06184407
Kraken:SOLUSD,2022-04-06T23:21:00Z,116.02,116.13,115.95,115.97,45.04738502
Kraken:SOLUSD,2022-04-06T23:22:00Z,116.09,116.16,116.07,116.16,30.96753653
Kraken:SOLUSD,2022-04-06T23:23:00Z,116.07,116.11,116.01,116.01,427.24405103
Kraken:SOLUSD,2022-04-06T23:24:00Z,116.01,116.01,115.86,115.86,103.66133095
Kraken:SOLUSD,2022-04-06T23:25:00Z,115.85,115.86,115.85,115.86,17.53511
Kraken:SOLUSD,2022-04-06T23:27:00Z,115.98,115.98,115.98,115.98,0.0338119
Kraken:SOLUSD,2022-04-06T23:28:00Z,115.78,115.81,115.77,115.81,62.04394
Kraken:SOLUSD,2022-04-06T23:29:00Z,115.72,115.72,115.72,115.72,2.80333803
Kraken:SOLUSD,2022-04-06T23:30:00Z,116.08,116.2,116.08,116.2,2.45324107
Kraken:SOLUSD,2022-04-06T23:31:00Z,116.05,116.05,115.54,115.54,2.91
Kraken:SOLUSD,2022-04-06T23:32:00Z,115.49,115.49,115.11,115.11,231.034183
Kraken:SOLUSD,2022-04-06T23:33:00Z,115.23,115.37,115.17,115.37,196.41634657
Kraken:SOLUSD,2022-04-06T23:34:00Z,115.17,115.21,115.17,115.21,6.39414
Kraken:SOLUSD,2022-04-06T23:35:00Z,115.31,115.31,115.31,115.31,0.03475187
Kraken:SOLUSD,2022-04-06T23:36:00Z,115.1,115.15,115.07,115.07,31.69864886
Kraken:SOLUSD,2022-04-06T23:37:00Z,115.06,115.11,114.98,115.04,799.40421266
Kraken:SOLUSD,2022-04-06T23:38:00Z,115.1,115.1,114.98,114.98,622.61569536
Kraken:SOLUSD,2022-04-06T23:39:00Z,114.98,114.98,114.88,114.88,498.30808944
Kraken:SOLUSD,2022-04-06T23:40:00Z,114.88,115.07,114.88,115.07,198.2975854
Kraken:SOLUSD,2022-04-06T23:41:00Z,114.88,114.88,114.88,114.88,1686.91564802
Kraken:SOLUSD,2022-04-06T23:42:00Z,114.88,114.88,113.71,114.0,2384.32930786
Kraken:SOLUSD,2022-04-06T23:43:00Z,113.92,114.67,113.92,114.46,2312.4020527
Kraken:SOLUSD,2022-04-06T23:44:00Z,114.46,114.54,114.0,114.03,74.55595095
Kraken:SOLUSD,2022-04-06T23:45:00Z,114.02,114.02,112.8,112.8,2199.65139564
Kraken:SOLUSD,2022-04-06T23:46:00Z,112.79,112.79,112.5,112.69,4852.66208847
Kraken:SOLUSD,2022-04-06T23:47:00Z,112.83,113.2,112.83,113.08,38.64623538
Kraken:SOLUSD,2022-04-06T23:48:00Z,112.92,113.34,112.89,113.34,388.00589686
Kraken:SOLUSD,2022-04-06T23:49:00Z,113.07,113.07,112.76,113.06,90.28467895
Kraken:SOLUSD,2022-04-06T23:50:00Z,113.3,113.3,112.67,112.8,121.23279525
Kraken:SOLUSD,2022-04-06T23:51:00Z,112.66,112.66,112.25,112.25,729.93966215
Kraken:SOLUSD,2022-04-06T23:52:00Z,112.25,112.38,112.13,112.38,414.80118823
Kraken:SOLUSD,2022-04-06T23:53:00Z,112.36,112.36,112.35,112.35,110.79795604
Kraken:SOLUSD,2022-04-06T23:54:00Z,112.45,112.46,112.27,112.29,177.00027061
Kraken:SOLUSD,2022-04-06T23:55:00Z,112.5,113.09,112.39,112.67,161.46835342
Kraken:SOLUSD,2022-04-06T23:56:00Z,112.94,112.94,112.41,112.41,21.26591029
Kraken:SOLUSD,2022-04-06T23:57:00Z,112.24,112.72,112.22,112.72,156.72414
Kraken:SOLUSD,2022-04-06T23:58:00Z,112.79,113.0,112.79,113.0,28.76833072
Kraken:SOLUSD,2022-04-06T23:59:00Z,113.0,113.33,112.93,113.02,2728.10405687
