Kraken:XBTUSDT,2024-02-13T00:00:00Z,49911.9,49936.7,49911.9,49936.7,0.00570641
Kraken:XBTUSDT,2024-02-13T00:01:00Z,49931.4,49931.4,49904.7,49904.7,0.00240081
Kraken:XBTUSDT,2024-02-13T00:02:00Z,49926.0,49937.1,49922.8,49922.8,0.02013077
Kraken:XBTUSDT,2024-02-13T00:03:00Z,49927.0,49927.2,49919.8,49927.2,0.00361185
Kraken:XBTUSDT,2024-02-13T00:04:00Z,49947.8,49947.8,49947.8,49947.8,0.02009827
Kraken:XBTUSDT,2024-02-13T00:05:00Z,49954.5,49954.5,49954.5,49954.5,0.02852568
Kraken:XBTUSDT,2024-02-13T00:06:00Z,49954.6,49954.6,49954.6,49954.6,0.0243
Kraken:XBTUSDT,2024-02-13T00:07:00Z,49954.6,49956.8,49954.6,49956.8,0.19997313
Kraken:XBTUSDT,2024-02-13T00:08:00Z,50016.1,50016.1,49971.9,49971.9,0.07988317
Kraken:XBTUSDT,2024-02-13T00:09:00Z,49970.9,49985.7,49970.9,49985.7,0.01110548
Kraken:XBTUSDT,2024-02-13T00:13:00Z,49984.9,49984.9,49980.8,49984.4,0.90767814
Kraken:XBTUSDT,2024-02-13T00:14:00Z,49986.6,49988.6,49984.4,49988.6,0.16595011
Kraken:XBTUSDT,2024-02-13T00:15:00Z,49960.5,49960.5,49954.7,49954.8,0.11241916
Kraken:XBTUSDT,2024-02-13T00:17:00Z,49990.0,49990.0,49990.0,49990.0,0.00150068
Kraken:XBTUSDT,2024-02-13T00:18:00Z,49993.1,49993.1,49990.0,49990.0,0.2199344
Kraken:XBTUSDT,2024-02-13T00:19:00Z,50023.6,50023.6,50023.6,50023.6,0.03721
Kraken:XBTUSDT,2024-02-13T00:21:00Z,50026.4,50026.4,50026.4,50026.4,0.02939557
Kraken:XBTUSDT,2024-02-13T00:22:00Z,49990.0,49990.0,49990.0,49990.0,0.233
Kraken:XBTUSDT,2024-02-13T00:24:00Z,49990.0,49990.0,49975.6,49975.6,0.06775334
Kraken:XBTUSDT,2024-02-13T00:25:00Z,49959.2,49959.3,49959.2,49959.3,0.2
Kraken:XBTUSDT,2024-02-13T00:28:00Z,50029.9,50029.9,50029.9,50029.9,0.05574472
Kraken:XBTUSDT,2024-02-13T00:29:00Z,50030.0,50158.8,50030.0,50144.6,7.50012747
Kraken:XBTUSDT,2024-02-13T00:30:00Z,50118.5,50118.5,50107.3,50107.3,0.41824353
Kraken:XBTUSDT,2024-02-13T00:31:00Z,50126.4,50126.5,50126.4,50126.5,0.0198
Kraken:XBTUSDT,2024-02-13T00:32:00Z,50133.5,50133.5,50123.8,50124.5,0.00485812
Kraken:XBTUSDT,2024-02-13T00:33:00Z,50138.1,50138.8,50131.3,50131.3,0.0698
Kraken:XBTUSDT,2024-02-13T00:34:00Z,50079.8,50079.8,50079.8,50079.8,0.00158789
Kraken:XBTUSDT,2024-02-13T00:35:00Z,50034.2,50034.2,50033.0,50033.0,0.01064132
Kraken:XBTUSDT,2024-02-13T00:36:00Z,50023.6,50024.6,50022.0,50024.6,0.30517558
Kraken:XBTUSDT,2024-02-13T00:38:00Z,50024.7,50024.7,50024.7,50024.7,0.0069
Kraken:XBTUSDT,2024-02-13T00:39:00Z,50024.7,50024.7,50024.7,50024.7,0.0297
Kraken:XBTUSDT,2024-02-13T00:41:00Z,50039.2,50039.2,50022.8,50022.8,0.0028561
Kraken:XBTUSDT,2024-02-13T00:43:00Z,50022.5,50022.5,50022.5,50022.5,0.00050005
Kraken:XBTUSDT,2024-02-13T00:44:00Z,50023.2,50026.9,50023.2,50026.9,0.03062256
Kraken:XBTUSDT,2024-02-13T00:45:00Z,50072.5,50072.5,50072.5,50072.5,0.00077679
Kraken:XBTUSDT,2024-02-13T00:46:00Z,50050.5,50107.8,50050.5,50107.8,0.88509619
Kraken:XBTUSDT,2024-02-13T00:47:00Z,50120.0,50120.0,50120.0,50120.0,0.0602021
Kraken:XBTUSDT,2024-02-13T00:48:00Z,50118.8,50119.9,50118.8,50119.9,0.41714063
Kraken:XBTUSDT,2024-02-13T00:50:00Z,50120.0,50120.0,50120.0,50120.0,0.00069833
Kraken:XBTUSDT,2024-02-13T00:51:00Z,50130.2,50130.2,50130.2,50130.2,0.0059
Kraken:XBTUSDT,2024-02-13T00:52:00Z,50130.6,50130.6,50116.6,50116.6,0.00636511
Kraken:XBTUSDT,2024-02-13T00:53:00Z,50113.2,50113.2,50113.2,50113.2,0.0397
Kraken:XBTUSDT,2024-02-13T00:54:00Z,50124.9,50131.8,50122.2,50131.8,1.0199
Kraken:XBTUSDT,2024-02-13T00:55:00Z,50113.1,50113.1,50097.3,50097.3,0.30062396
Kraken:XBTUSDT,2024-02-13T00:56:00Z,50080.4,50080.4,50074.7,50078.6,0.00086832
Kraken:XBTUSDT,2024-02-13T00:57:00Z,50058.9,50058.9,50058.9,50058.9,0.001
Kraken:XBTUSDT,2024-02-13T00:58:00Z,50082.1,50082.1,50082.1,50082.1,0.00023063
Kraken:XBTUSDT,2024-02-13T01:00:00Z,50089.2,50089.2,50089.2,50089.2,0.00012823
Kraken:XBTUSDT,2024-02-13T01:01:00Z,50112.4,50118.0,50112.4,50117.9,0.30178301
Kraken:XBTUSDT,2024-02-13T01:03:00Z,50160.9,50160.9,50160.0,50160.0,0.00099679
Kraken:XBTUSDT,2024-02-13T01:04:00Z,50168.4,50198.9,50168.4,50198.9,0.06001388
Kraken:XBTUSDT,2024-02-13T01:05:00Z,50181.9,50181.9,50181.9,50181.9,0.00069747
Kraken:XBTUSDT,2024-02-13T01:06:00Z,50174.3,50175.6,50174.3,50175.6,0.00100019
Kraken:XBTUSDT,2024-02-13T01:07:00Z,50166.7,50193.7,50153.0,50193.7,3.04529768
Kraken:XBTUSDT,2024-02-13T01:08:00Z,50188.8,50188.8,50188.8,50188.8,0.00117465
Kraken:XBTUSDT,2024-02-13T01:09:00Z,50159.9,50159.9,50159.9,50159.9,0.0688
Kraken:XBTUSDT,2024-02-13T01:11:00Z,50159.0,50159.0,50155.7,50155.7,0.03984699
Kraken:XBTUSDT,2024-02-13T01:12:00Z,50156.9,50156.9,50156.9,50156.9,0.00066188
Kraken:XBTUSDT,2024-02-13T01:13:00Z,50155.5,50164.0,50155.5,50164.0,0.00565224
Kraken:XBTUSDT,2024-02-13T01:15:00Z,50151.4,50151.4,50106.3,50106.3,0.00519114
Kraken:XBTUSDT,2024-02-13T01:16:00Z,50127.8,50127.8,50127.8,50127.8,0.00029206
Kraken:XBTUSDT,2024-02-13T01:17:00Z,50109.9,50110.0,50100.0,50100.0,0.03040164
Kraken:XBTUSDT,2024-02-13T01:18:00Z,50100.0,50100.0,50100.0,50100.0,0.00216079
Kraken:XBTUSDT,2024-02-13T01:19:00Z,50100.0,50100.0,50100.0,50100.0,0.00011996
Kraken:XBTUSDT,2024-02-13T01:20:00Z,50100.0,50100.0,50100.0,50100.0,0.00499199
Kraken:XBTUSDT,2024-02-13T01:21:00Z,50100.0,50100.0,50081.7,50081.7,0.00653866
Kraken:XBTUSDT,2024-02-13T01:22:00Z,50105.7,50105.7,50105.7,50105.7,0.00517897
Kraken:XBTUSDT,2024-02-13T01:23:00Z,50095.4,50095.4,50095.4,50095.4,0.0019
Kraken:XBTUSDT,2024-02-13T01:24:00Z,50091.0,50091.0,50091.0,50091.0,0.0005
Kraken:XBTUSDT,2024-02-13T01:26:00Z,50078.5,50078.5,50078.5,50078.5,0.0005989
Kraken:XBTUSDT,2024-02-13T01:28:00Z,50068.0,50068.0,50068.0,50068.0,0.00907431
Kraken:XBTUSDT,2024-02-13T01:30:00Z,50088.6,50088.6,50088.6,50088.6,0.002
Kraken:XBTUSDT,2024-02-13T01:31:00Z,50088.5,50088.5,50088.5,50088.5,0.05924687
Kraken:XBTUSDT,2024-02-13T01:32:00Z,50088.5,50088.5,50088.5,50088.5,0.00023972
Kraken:XBTUSDT,2024-02-13T01:33:00Z,50087.4,50105.8,50087.4,50105.8,1.0419
Kraken:XBTUSDT,2024-02-13T01:35:00Z,50133.0,50133.0,50133.0,50133.0,0.095
Kraken:XBTUSDT,2024-02-13T01:36:00Z,50195.0,50324.3,50195.0,50324.3,1.26450342
Kraken:XBTUSDT,2024-02-13T01:37:00Z,50290.6,50299.4,50240.7,50240.7,0.00847042
Kraken:XBTUSDT,2024-02-13T01:38:00Z,50179.1,50179.1,50099.1,50099.1,0.01291477
Kraken:XBTUSDT,2024-02-13T01:39:00Z,50116.6,50116.6,50116.6,50116.6,0.00049883
Kraken:XBTUSDT,2024-02-13T01:40:00Z,50125.6,50125.6,50125.6,50125.6,0.0106
Kraken:XBTUSDT,2024-02-13T01:42:00Z,50033.1,50033.3,50030.2,50033.3,0.00144216
Kraken:XBTUSDT,2024-02-13T01:43:00Z,50054.0,50054.0,50054.0,50054.0,0.000554
Kraken:XBTUSDT,2024-02-13T01:44:00Z,50011.5,50011.5,50005.1,50005.1,1
Kraken:XBTUSDT,2024-02-13T01:45:00Z,50025.6,50025.6,50003.0,50003.0,0.0209
Kraken:XBTUSDT,2024-02-13T01:50:00Z,50017.8,50026.7,50004.1,50026.7,1.05099407
Kraken:XBTUSDT,2024-02-13T01:51:00Z,50024.6,50035.0,50004.6,50004.6,0.85173508
Kraken:XBTUSDT,2024-02-13T01:53:00Z,49994.7,49994.7,49994.7,49994.7,0.0231
Kraken:XBTUSDT,2024-02-13T01:54:00Z,50012.4,50012.4,50012.3,50012.3,0.07564423
Kraken:XBTUSDT,2024-02-13T01:55:00Z,50012.3,50051.8,50012.3,50051.8,0.23073609
Kraken:XBTUSDT,2024-02-13T01:56:00Z,50090.6,50117.9,50090.6,50103.0,0.00302212
Kraken:XBTUSDT,2024-02-13T01:58:00Z,50119.4,50133.2,50119.4,50133.2,0.00597962
Kraken:XBTUSDT,2024-02-13T01:59:00Z,50136.4,50156.5,50136.4,50146.1,0.10617851
Kraken:XBTUSDT,2024-02-13T02:00:00Z,50155.5,50155.5,50139.8,50139.8,0.00772555
Kraken:XBTUSDT,2024-02-13T02:01:00Z,50126.2,50126.2,50126.2,50126.2,0.00351068
Kraken:XBTUSDT,2024-02-13T02:02:00Z,50098.3,50101.0,50098.3,50101.0,0.0624
Kraken:XBTUSDT,2024-02-13T02:03:00Z,50092.3,50092.3,50092.3,50092.3,0.00515
Kraken:XBTUSDT,2024-02-13T02:05:00Z,50125.2,50125.2,50125.2,50125.2,0.0545
Kraken:XBTUSDT,2024-02-13T02:07:00Z,50094.0,50094.0,50072.2,50072.2,0.01703677
Kraken:XBTUSDT,2024-02-13T02:09:00Z,50063.0,50068.4,50058.9,50068.4,0.10107854
Kraken:XBTUSDT,2024-02-13T02:10:00Z,50055.0,50055.0,50041.9,50041.9,0.01641495
Kraken:XBTUSDT,2024-02-13T02:11:00Z,50039.8,50039.8,50039.8,50039.8,0.062
Kraken:XBTUSDT,2024-02-13T02:12:00Z,50039.7,50039.7,50039.7,50039.7,0.00049961
Kraken:XBTUSDT,2024-02-13T02:14:00Z,50018.0,50018.0,50000.0,50000.0,0.00239916
Kraken:XBTUSDT,2024-02-13T02:16:00Z,50017.0,50036.9,50016.5,50036.9,0.01080154
Kraken:XBTUSDT,2024-02-13T02:19:00Z,50094.7,50102.5,50094.7,50102.5,0.00449292
Kraken:XBTUSDT,2024-02-13T02:20:00Z,50114.0,50114.0,50114.0,50114.0,0.02728351
Kraken:XBTUSDT,2024-02-13T02:23:00Z,50129.0,50134.2,50129.0,50134.2,0.00120327
Kraken:XBTUSDT,2024-02-13T02:24:00Z,50130.2,50130.2,50130.2,50130.2,0.0007
Kraken:XBTUSDT,2024-02-13T02:25:00Z,50125.8,50126.3,50125.8,50126.3,0.00139649
Kraken:XBTUSDT,2024-02-13T02:26:00Z,50132.8,50132.8,50132.8,50132.8,0.00263283
Kraken:XBTUSDT,2024-02-13T02:27:00Z,50111.0,50111.0,50110.5,50110.5,0.00062614
Kraken:XBTUSDT,2024-02-13T02:28:00Z,50110.5,50110.5,50088.3,50088.3,0.00362169
Kraken:XBTUSDT,2024-02-13T02:29:00Z,50085.6,50085.6,50077.8,50077.8,0.00659478
Kraken:XBTUSDT,2024-02-13T02:34:00Z,50005.7,50010.6,50005.7,50010.6,0.0012391
Kraken:XBTUSDT,2024-02-13T02:35:00Z,50006.9,50006.9,50006.9,50006.9,0.00119714
Kraken:XBTUSDT,2024-02-13T02:36:00Z,50006.2,50006.2,50006.2,50006.2,0.00119715
Kraken:XBTUSDT,2024-02-13T02:37:00Z,50027.3,50027.3,50027.3,50027.3,0.01420359
Kraken:XBTUSDT,2024-02-13T02:38:00Z,50038.5,50038.5,50038.5,50038.5,0.00029967
Kraken:XBTUSDT,2024-02-13T02:39:00Z,50024.2,50024.2,50023.3,50023.3,0.00415957
Kraken:XBTUSDT,2024-02-13T02:40:00Z,50002.2,50002.2,50000.0,50000.0,0.00287716
Kraken:XBTUSDT,2024-02-13T02:41:00Z,50000.0,50000.0,49976.7,49976.7,0.01236346
Kraken:XBTUSDT,2024-02-13T02:43:00Z,49960.0,49960.0,49908.9,49908.9,0.00720831
Kraken:XBTUSDT,2024-02-13T02:46:00Z,49908.8,49908.8,49891.5,49891.5,0.11770328
Kraken:XBTUSDT,2024-02-13T02:47:00Z,49891.5,49891.5,49877.8,49877.8,0.0052511
Kraken:XBTUSDT,2024-02-13T02:48:00Z,49877.8,49917.4,49877.8,49917.4,0.00169761
Kraken:XBTUSDT,2024-02-13T02:49:00Z,49943.8,49953.4,49943.8,49953.4,0.10304389
Kraken:XBTUSDT,2024-02-13T02:50:00Z,49944.0,49944.0,49919.8,49919.8,0.0072225
Kraken:XBTUSDT,2024-02-13T02:51:00Z,49936.9,49936.9,49936.9,49936.9,0.0004
Kraken:XBTUSDT,2024-02-13T02:53:00Z,49939.3,49939.3,49939.3,49939.3,0.00128509
Kraken:XBTUSDT,2024-02-13T02:54:00Z,49937.1,49937.1,49931.0,49931.0,0.00393904
Kraken:XBTUSDT,2024-02-13T02:55:00Z,49930.9,49930.9,49927.6,49927.6,0.01203894
Kraken:XBTUSDT,2024-02-13T02:56:00Z,49924.5,49924.5,49924.5,49924.5,0.0010001
Kraken:XBTUSDT,2024-02-13T02:57:00Z,49958.5,49958.6,49947.1,49958.6,0.00590053
Kraken:XBTUSDT,2024-02-13T02:58:00Z,49967.6,49967.6,49945.1,49945.1,0.02211571
Kraken:XBTUSDT,2024-02-13T03:00:00Z,49943.8,49943.8,49927.6,49927.6,0.00585433
Kraken:XBTUSDT,2024-02-13T03:01:00Z,49929.4,49929.4,49927.6,49927.6,0.00147737
Kraken:XBTUSDT,2024-02-13T03:02:00Z,49934.5,49934.5,49934.5,49934.5,0.00327375
Kraken:XBTUSDT,2024-02-13T03:03:00Z,49882.6,49882.6,49879.6,49879.6,0.02090034
Kraken:XBTUSDT,2024-02-13T03:04:00Z,49877.9,49877.9,49860.2,49860.2,0.00932126
Kraken:XBTUSDT,2024-02-13T03:05:00Z,49889.7,49889.7,49877.3,49877.3,0.007067
Kraken:XBTUSDT,2024-02-13T03:06:00Z,49906.8,49922.7,49906.8,49913.7,0.00872946
Kraken:XBTUSDT,2024-02-13T03:07:00Z,49915.3,49915.3,49915.3,49915.3,0.00289804
Kraken:XBTUSDT,2024-02-13T03:09:00Z,49957.9,49957.9,49957.9,49957.9,0.00200173
Kraken:XBTUSDT,2024-02-13T03:10:00Z,49925.3,49925.3,49925.3,49925.3,0.0025
Kraken:XBTUSDT,2024-02-13T03:11:00Z,49925.3,49925.3,49864.8,49864.8,1.03282951
Kraken:XBTUSDT,2024-02-13T03:13:00Z,49890.5,49890.5,49890.5,49890.5,0.0005
Kraken:XBTUSDT,2024-02-13T03:16:00Z,49898.2,49898.2,49898.2,49898.2,0.00100014
Kraken:XBTUSDT,2024-02-13T03:17:00Z,49870.3,49870.4,49870.3,49870.4,0.02616706
Kraken:XBTUSDT,2024-02-13T03:18:00Z,49866.3,49878.0,49864.8,49877.9,2.06363084
Kraken:XBTUSDT,2024-02-13T03:20:00Z,49861.4,49861.4,49859.0,49859.1,0.0028768
Kraken:XBTUSDT,2024-02-13T03:21:00Z,49859.1,49868.2,49859.1,49868.2,0.01622727
Kraken:XBTUSDT,2024-02-13T03:22:00Z,49870.0,49871.2,49870.0,49871.2,0.00107636
Kraken:XBTUSDT,2024-02-13T03:24:00Z,49876.1,49876.1,49876.1,49876.1,0.00101327
Kraken:XBTUSDT,2024-02-13T03:25:00Z,49859.2,49859.6,49859.0,49859.6,0.04228414
Kraken:XBTUSDT,2024-02-13T03:27:00Z,49862.4,49862.7,49862.4,49862.7,0.00409157
Kraken:XBTUSDT,2024-02-13T03:29:00Z,49874.6,49877.4,49873.8,49876.3,0.65484974
Kraken:XBTUSDT,2024-02-13T03:30:00Z,49885.0,49885.0,49879.8,49879.8,0.02564336
Kraken:XBTUSDT,2024-02-13T03:34:00Z,49859.0,49859.0,49859.0,49859.0,0.00250674
Kraken:XBTUSDT,2024-02-13T03:37:00Z,49859.0,49859.0,49850.0,49850.0,0.025
Kraken:XBTUSDT,2024-02-13T03:38:00Z,49850.0,49850.0,49848.0,49848.0,0.08020857
Kraken:XBTUSDT,2024-02-13T03:39:00Z,49839.6,49839.7,49839.6,49839.7,0.00160708
Kraken:XBTUSDT,2024-02-13T03:41:00Z,49839.6,49839.6,49800.0,49812.8,0.42953919
Kraken:XBTUSDT,2024-02-13T03:42:00Z,49810.4,49815.6,49805.4,49805.4,0.01028635
Kraken:XBTUSDT,2024-02-13T03:43:00Z,49820.0,49828.5,49820.0,49828.5,0.0535
Kraken:XBTUSDT,2024-02-13T03:44:00Z,49800.0,49800.0,49800.0,49800.0,0.0005
Kraken:XBTUSDT,2024-02-13T03:47:00Z,49800.0,49800.1,49800.0,49800.1,0.02823723
Kraken:XBTUSDT,2024-02-13T03:48:00Z,49800.0,49800.1,49800.0,49800.0,0.00134526
Kraken:XBTUSDT,2024-02-13T03:49:00Z,49800.1,49800.1,49800.0,49800.0,0.00201665
Kraken:XBTUSDT,2024-02-13T03:50:00Z,49800.0,49800.0,49800.0,49800.0,0.00873096
Kraken:XBTUSDT,2024-02-13T03:51:00Z,49800.0,49800.0,49800.0,49800.0,0.00183567
Kraken:XBTUSDT,2024-02-13T03:52:00Z,49800.1,49800.1,49800.0,49800.0,0.03023783
Kraken:XBTUSDT,2024-02-13T03:53:00Z,49800.0,49800.0,49791.1,49791.1,0.09947558
Kraken:XBTUSDT,2024-02-13T03:54:00Z,49791.1,49791.1,49783.5,49783.5,0.00211907
Kraken:XBTUSDT,2024-02-13T03:55:00Z,49776.6,49776.6,49775.0,49775.0,0.13911483
Kraken:XBTUSDT,2024-02-13T03:56:00Z,49780.1,49780.1,49780.1,49780.1,0.01955089
Kraken:XBTUSDT,2024-02-13T03:57:00Z,49779.9,49791.5,49779.9,49791.4,0.03502484
Kraken:XBTUSDT,2024-02-13T03:58:00Z,49792.9,49792.9,49790.2,49790.2,0.0314077
Kraken:XBTUSDT,2024-02-13T03:59:00Z,49792.4,49792.4,49792.4,49792.4,0.00022565
Kraken:XBTUSDT,2024-02-13T04:00:00Z,49799.9,49800.2,49794.1,49800.2,0.08135736
Kraken:XBTUSDT,2024-02-13T04:01:00Z,49803.2,49803.2,49803.2,49803.2,0.00040159
Kraken:XBTUSDT,2024-02-13T04:02:00Z,49847.5,49847.5,49847.5,49847.5,0.00024274
Kraken:XBTUSDT,2024-02-13T04:06:00Z,49820.8,49820.8,49820.8,49820.8,0.0073
Kraken:XBTUSDT,2024-02-13T04:07:00Z,49807.8,49807.8,49807.8,49807.8,0.0039
Kraken:XBTUSDT,2024-02-13T04:09:00Z,49846.0,49846.0,49844.9,49844.9,0.00815485
Kraken:XBTUSDT,2024-02-13T04:10:00Z,49843.5,49843.5,49843.5,49843.5,0.01434341
Kraken:XBTUSDT,2024-02-13T04:12:00Z,49851.1,49851.2,49851.1,49851.1,0.00636322
Kraken:XBTUSDT,2024-02-13T04:14:00Z,49851.1,49888.7,49851.1,49867.7,0.11096182
Kraken:XBTUSDT,2024-02-13T04:16:00Z,49836.2,49836.2,49833.5,49833.5,0.00169512
Kraken:XBTUSDT,2024-02-13T04:17:00Z,49837.2,49837.2,49834.7,49834.7,0.50279271
Kraken:XBTUSDT,2024-02-13T04:19:00Z,49815.5,49815.8,49815.5,49815.8,0.0137
Kraken:XBTUSDT,2024-02-13T04:21:00Z,49833.5,49833.9,49833.5,49833.9,3.49859983
Kraken:XBTUSDT,2024-02-13T04:22:00Z,49878.5,49879.9,49878.5,49879.9,0.2605
Kraken:XBTUSDT,2024-02-13T04:23:00Z,49873.5,49874.9,49870.6,49871.0,0.4859
Kraken:XBTUSDT,2024-02-13T04:24:00Z,49873.1,49877.4,49873.1,49877.4,0.01511334
Kraken:XBTUSDT,2024-02-13T04:25:00Z,49872.6,49872.6,49872.6,49872.6,0.00070179
Kraken:XBTUSDT,2024-02-13T04:26:00Z,49873.0,49873.0,49869.7,49869.7,0.01070179
Kraken:XBTUSDT,2024-02-13T04:29:00Z,49893.9,49893.9,49893.9,49893.9,0.00131624
Kraken:XBTUSDT,2024-02-13T04:30:00Z,49892.5,49892.5,49878.9,49878.9,0.0547607
Kraken:XBTUSDT,2024-02-13T04:32:00Z,49903.3,49903.3,49903.3,49903.3,0.00042369
Kraken:XBTUSDT,2024-02-13T04:33:00Z,49888.5,49888.5,49888.5,49888.5,0.0694
Kraken:XBTUSDT,2024-02-13T04:35:00Z,49887.1,49887.1,49887.1,49887.1,0.00063972
Kraken:XBTUSDT,2024-02-13T04:36:00Z,49896.5,49896.5,49896.5,49896.5,0.2632
Kraken:XBTUSDT,2024-02-13T04:37:00Z,49897.9,49899.5,49860.8,49860.8,0.4671
Kraken:XBTUSDT,2024-02-13T04:38:00Z,49857.8,49877.0,49842.8,49872.4,0.6429
Kraken:XBTUSDT,2024-02-13T04:40:00Z,49892.3,49892.3,49892.3,49892.3,0.00120323
Kraken:XBTUSDT,2024-02-13T04:41:00Z,49894.9,49904.4,49894.9,49904.4,0.01500322
Kraken:XBTUSDT,2024-02-13T04:42:00Z,49904.1,49906.2,49904.1,49906.2,0.02107114
Kraken:XBTUSDT,2024-02-13T04:43:00Z,49908.3,49908.3,49908.3,49908.3,0.00050092
Kraken:XBTUSDT,2024-02-13T04:45:00Z,49906.1,49906.1,49906.1,49906.1,0.00645722
Kraken:XBTUSDT,2024-02-13T04:46:00Z,49906.2,49906.2,49901.7,49901.7,0.00086162
Kraken:XBTUSDT,2024-02-13T04:47:00Z,49906.2,49955.6,49906.2,49955.6,0.02463668
Kraken:XBTUSDT,2024-02-13T04:48:00Z,49944.1,49944.1,49940.9,49940.9,0.38
Kraken:XBTUSDT,2024-02-13T04:50:00Z,49917.1,49917.1,49917.1,49917.1,0.00197574
Kraken:XBTUSDT,2024-02-13T04:51:00Z,49903.3,49903.3,49899.4,49899.4,0.00144226
Kraken:XBTUSDT,2024-02-13T04:53:00Z,49936.9,49936.9,49936.9,49936.9,0.02
Kraken:XBTUSDT,2024-02-13T04:54:00Z,49939.0,49939.0,49938.1,49938.1,0.0041602
Kraken:XBTUSDT,2024-02-13T04:55:00Z,49903.9,49903.9,49903.9,49903.9,0.00041894
Kraken:XBTUSDT,2024-02-13T04:57:00Z,49911.5,49911.5,49911.5,49911.5,0.00092945
Kraken:XBTUSDT,2024-02-13T04:59:00Z,49902.6,49902.6,49902.6,49902.6,0.03
Kraken:XBTUSDT,2024-02-13T05:00:00Z,49905.6,49911.5,49905.6,49911.5,0.00202823
Kraken:XBTUSDT,2024-02-13T05:01:00Z,49898.1,49904.1,49898.1,49898.3,0.01142065
Kraken:XBTUSDT,2024-02-13T05:02:00Z,49911.5,49911.5,49911.5,49911.5,0.00115365
Kraken:XBTUSDT,2024-02-13T05:07:00Z,49890.1,49890.1,49890.1,49890.1,0.00160352
Kraken:XBTUSDT,2024-02-13T05:08:00Z,49890.0,49890.0,49890.0,49890.0,0.10022048
Kraken:XBTUSDT,2024-02-13T05:09:00Z,49890.0,49890.0,49890.0,49890.0,0.00694537
Kraken:XBTUSDT,2024-02-13T05:10:00Z,49890.0,49890.0,49873.2,49873.2,0.17517161
Kraken:XBTUSDT,2024-02-13T05:11:00Z,49873.1,49873.1,49873.1,49873.1,0.00050128
Kraken:XBTUSDT,2024-02-13T05:12:00Z,49832.2,49832.2,49830.3,49830.3,0.0103951
Kraken:XBTUSDT,2024-02-13T05:13:00Z,49820.7,49820.7,49820.7,49820.7,0.00465296
Kraken:XBTUSDT,2024-02-13T05:15:00Z,49847.1,49847.1,49847.1,49847.1,0.00029
Kraken:XBTUSDT,2024-02-13T05:16:00Z,49844.7,49844.7,49825.2,49825.2,0.0010022
Kraken:XBTUSDT,2024-02-13T05:17:00Z,49828.1,49828.1,49820.0,49820.0,0.02749955
Kraken:XBTUSDT,2024-02-13T05:18:00Z,49834.8,49843.7,49834.8,49843.7,0.00059023
Kraken:XBTUSDT,2024-02-13T05:19:00Z,49873.2,49873.2,49873.2,49873.2,0.00067277
Kraken:XBTUSDT,2024-02-13T05:20:00Z,49873.2,49873.2,49873.2,49873.2,0.0550145
Kraken:XBTUSDT,2024-02-13T05:21:00Z,49873.2,49873.2,49873.2,49873.2,0.008
Kraken:XBTUSDT,2024-02-13T05:22:00Z,49873.2,49912.5,49873.2,49912.5,0.037
Kraken:XBTUSDT,2024-02-13T05:24:00Z,49939.6,49939.6,49939.6,49939.6,0.0011
Kraken:XBTUSDT,2024-02-13T05:25:00Z,49953.2,49953.2,49953.2,49953.2,0.00070065
Kraken:XBTUSDT,2024-02-13T05:28:00Z,49948.4,49948.4,49931.4,49931.4,0.05777512
Kraken:XBTUSDT,2024-02-13T05:32:00Z,49926.0,49926.0,49926.0,49926.0,0.00077862
Kraken:XBTUSDT,2024-02-13T05:33:00Z,49941.8,49941.8,49941.8,49941.8,0.003403
Kraken:XBTUSDT,2024-02-13T05:34:00Z,49939.8,49939.8,49914.0,49914.0,0.01709937
Kraken:XBTUSDT,2024-02-13T05:41:00Z,49925.3,49925.3,49925.3,49925.3,0.00120128
Kraken:XBTUSDT,2024-02-13T05:43:00Z,49906.8,49906.8,49906.8,49906.8,0.00074662
Kraken:XBTUSDT,2024-02-13T05:44:00Z,49919.1,49919.1,49919.1,49919.1,0.00103919
Kraken:XBTUSDT,2024-02-13T05:45:00Z,49919.0,49919.0,49919.0,49919.0,0.00070114
Kraken:XBTUSDT,2024-02-13T05:46:00Z,49919.1,49938.8,49919.1,49932.5,1.382
Kraken:XBTUSDT,2024-02-13T05:49:00Z,49976.7,49989.8,49976.7,49989.1,0.01010203
Kraken:XBTUSDT,2024-02-13T05:50:00Z,49979.6,49979.6,49979.6,49979.6,0.00606138
Kraken:XBTUSDT,2024-02-13T05:52:00Z,49978.3,50000.0,49954.7,50000.0,0.646047
Kraken:XBTUSDT,2024-02-13T05:53:00Z,50000.0,50024.5,50000.0,50024.5,0.09995189
Kraken:XBTUSDT,2024-02-13T05:54:00Z,50011.4,50011.4,50011.4,50011.4,0.00284975
Kraken:XBTUSDT,2024-02-13T05:56:00Z,50021.5,50021.7,50021.5,50021.7,0.32390736
Kraken:XBTUSDT,2024-02-13T05:57:00Z,50043.2,50043.2,50043.2,50043.2,0.03868099
Kraken:XBTUSDT,2024-02-13T05:58:00Z,50041.4,50041.4,50041.4,50041.4,0.01
Kraken:XBTUSDT,2024-02-13T05:59:00Z,50043.5,50043.5,50043.5,50043.5,0.36705441
Kraken:XBTUSDT,2024-02-13T06:00:00Z,50043.5,50052.2,50032.6,50032.6,0.00506752
Kraken:XBTUSDT,2024-02-13T06:01:00Z,50029.5,50029.5,50029.5,50029.5,0.00199658
Kraken:XBTUSDT,2024-02-13T06:02:00Z,50034.8,50034.8,50034.7,50034.7,0.37988192
Kraken:XBTUSDT,2024-02-13T06:03:00Z,50019.6,50019.6,50019.6,50019.6,0.00939586
Kraken:XBTUSDT,2024-02-13T06:05:00Z,50028.9,50028.9,50018.1,50018.1,0.0362296
Kraken:XBTUSDT,2024-02-13T06:06:00Z,50028.8,50028.8,50028.4,50028.4,0.0151627
Kraken:XBTUSDT,2024-02-13T06:07:00Z,50023.4,50046.1,50023.4,50046.1,0.03875564
Kraken:XBTUSDT,2024-02-13T06:09:00Z,50045.8,50045.8,50045.8,50045.8,0.0024
Kraken:XBTUSDT,2024-02-13T06:11:00Z,50042.0,50042.0,50042.0,50042.0,0.015
Kraken:XBTUSDT,2024-02-13T06:12:00Z,50049.3,50049.3,50049.3,50049.3,0.01792188
Kraken:XBTUSDT,2024-02-13T06:13:00Z,50064.9,50064.9,50064.9,50064.9,0.00209437
Kraken:XBTUSDT,2024-02-13T06:14:00Z,50066.3,50066.3,50066.3,50066.3,0.00843822
Kraken:XBTUSDT,2024-02-13T06:15:00Z,50066.3,50066.3,50066.3,50066.3,0.00097295
Kraken:XBTUSDT,2024-02-13T06:18:00Z,50066.3,50066.3,50066.2,50066.2,0.0447
Kraken:XBTUSDT,2024-02-13T06:19:00Z,50066.2,50066.2,50066.2,50066.2,0.006009
Kraken:XBTUSDT,2024-02-13T06:20:00Z,50066.3,50087.2,50066.3,50084.2,0.00403063
Kraken:XBTUSDT,2024-02-13T06:21:00Z,50063.9,50063.9,50063.9,50063.9,0.00048519
Kraken:XBTUSDT,2024-02-13T06:22:00Z,50028.6,50028.6,50027.1,50027.1,0.20864
Kraken:XBTUSDT,2024-02-13T06:23:00Z,50040.3,50040.3,50040.3,50040.3,0.00039407
Kraken:XBTUSDT,2024-02-13T06:24:00Z,50046.3,50046.3,50046.3,50046.3,0.00277532
Kraken:XBTUSDT,2024-02-13T06:25:00Z,50027.9,50027.9,50027.9,50027.9,0.00026
Kraken:XBTUSDT,2024-02-13T06:26:00Z,50019.3,50019.3,50005.0,50005.0,0.00041522
Kraken:XBTUSDT,2024-02-13T06:27:00Z,49998.0,49998.0,49998.0,49998.0,0.00081758
Kraken:XBTUSDT,2024-02-13T06:28:00Z,50002.4,50002.4,50002.4,50002.4,0.00642289
Kraken:XBTUSDT,2024-02-13T06:30:00Z,50008.7,50008.7,50008.7,50008.7,0.00100012
Kraken:XBTUSDT,2024-02-13T06:31:00Z,50000.9,50050.6,50000.9,50050.6,0.00290005
Kraken:XBTUSDT,2024-02-13T06:33:00Z,50028.4,50028.4,50028.4,50028.4,0.01486892
Kraken:XBTUSDT,2024-02-13T06:34:00Z,50028.4,50028.4,50028.4,50028.4,0.1021
Kraken:XBTUSDT,2024-02-13T06:35:00Z,50028.4,50028.4,50028.4,50028.4,0.0021
Kraken:XBTUSDT,2024-02-13T06:36:00Z,50028.3,50028.4,50028.3,50028.4,0.00179894
Kraken:XBTUSDT,2024-02-13T06:37:00Z,50014.5,50018.7,50014.5,50015.4,0.01259415
Kraken:XBTUSDT,2024-02-13T06:38:00Z,49993.1,49993.1,49984.0,49984.0,0.01352183
Kraken:XBTUSDT,2024-02-13T06:41:00Z,49998.9,49998.9,49998.9,49998.9,0.00021979
Kraken:XBTUSDT,2024-02-13T06:42:00Z,49999.0,50001.7,49999.0,50001.7,0.00067732
Kraken:XBTUSDT,2024-02-13T06:43:00Z,49999.4,49999.4,49999.4,49999.4,0.00664289
Kraken:XBTUSDT,2024-02-13T06:44:00Z,49983.5,49983.5,49983.5,49983.5,0.00012
Kraken:XBTUSDT,2024-02-13T06:46:00Z,49999.4,49999.4,49999.4,49999.4,0.00099979
Kraken:XBTUSDT,2024-02-13T06:47:00Z,50018.7,50019.2,50018.6,50019.2,0.00945765
Kraken:XBTUSDT,2024-02-13T06:48:00Z,50028.0,50028.4,50028.0,50028.4,0.33147528
Kraken:XBTUSDT,2024-02-13T06:49:00Z,50028.4,50028.4,50013.9,50015.1,0.0020669
Kraken:XBTUSDT,2024-02-13T06:50:00Z,50014.5,50014.5,50008.9,50008.9,0.32460714
Kraken:XBTUSDT,2024-02-13T06:51:00Z,50005.3,50005.3,49964.5,49964.5,0.08257033
Kraken:XBTUSDT,2024-02-13T06:52:00Z,49983.3,49983.3,49977.7,49977.7,0.00301923
Kraken:XBTUSDT,2024-02-13T06:53:00Z,49979.5,49979.5,49979.5,49979.5,0.02258884
Kraken:XBTUSDT,2024-02-13T06:55:00Z,49976.6,49977.0,49976.6,49977.0,0.02956947
Kraken:XBTUSDT,2024-02-13T06:56:00Z,49981.6,49982.1,49981.6,49982.1,0.00255792
Kraken:XBTUSDT,2024-02-13T06:57:00Z,49985.2,49985.2,49985.2,49985.2,0.00100029
Kraken:XBTUSDT,2024-02-13T06:58:00Z,50000.9,50000.9,50000.9,50000.9,0.00002288
Kraken:XBTUSDT,2024-02-13T07:00:00Z,50006.2,50010.9,50005.9,50010.9,0.00052847
Kraken:XBTUSDT,2024-02-13T07:01:00Z,50017.0,50019.3,50015.6,50019.3,0.0043825
Kraken:XBTUSDT,2024-02-13T07:03:00Z,50008.2,50021.6,50008.2,50021.6,0.28451111
Kraken:XBTUSDT,2024-02-13T07:04:00Z,50013.8,50028.4,50013.8,50028.4,0.18729532
Kraken:XBTUSDT,2024-02-13T07:05:00Z,50028.4,50028.4,50028.4,50028.4,0.00113989
Kraken:XBTUSDT,2024-02-13T07:06:00Z,50028.4,50028.4,50028.4,50028.4,0.03647346
Kraken:XBTUSDT,2024-02-13T07:07:00Z,50028.4,50040.0,50028.4,50040.0,0.06037722
Kraken:XBTUSDT,2024-02-13T07:08:00Z,50040.0,50040.0,50040.0,50040.0,0.03996803
Kraken:XBTUSDT,2024-02-13T07:09:00Z,50040.0,50040.0,50040.0,50040.0,0.13111888
Kraken:XBTUSDT,2024-02-13T07:13:00Z,50083.6,50083.6,50078.3,50078.3,2
Kraken:XBTUSDT,2024-02-13T07:15:00Z,50093.4,50099.5,50093.4,50099.5,0.00045339
Kraken:XBTUSDT,2024-02-13T07:16:00Z,50099.9,50100.0,50099.9,50100.0,0.00203778
Kraken:XBTUSDT,2024-02-13T07:18:00Z,50100.0,50100.0,50095.4,50095.4,1.51288818
Kraken:XBTUSDT,2024-02-13T07:19:00Z,50095.5,50095.5,50085.2,50085.2,0.0019974
Kraken:XBTUSDT,2024-02-13T07:20:00Z,50100.1,50102.4,50100.1,50102.4,0.02214
Kraken:XBTUSDT,2024-02-13T07:21:00Z,50104.6,50110.7,50104.6,50110.7,0.00043995
Kraken:XBTUSDT,2024-02-13T07:22:00Z,50080.3,50080.3,50080.3,50080.3,0.00097385
Kraken:XBTUSDT,2024-02-13T07:23:00Z,50081.1,50115.1,50081.1,50112.0,0.1252
Kraken:XBTUSDT,2024-02-13T07:24:00Z,50103.5,50103.5,50102.5,50102.5,0.0118
Kraken:XBTUSDT,2024-02-13T07:25:00Z,50100.5,50100.5,50100.5,50100.5,0.00997956
Kraken:XBTUSDT,2024-02-13T07:26:00Z,50084.4,50084.4,50084.4,50084.4,0.00069883
Kraken:XBTUSDT,2024-02-13T07:27:00Z,50069.2,50069.2,50069.1,50069.1,0.00075331
Kraken:XBTUSDT,2024-02-13T07:28:00Z,50065.9,50065.9,50065.9,50065.9,0.0059
Kraken:XBTUSDT,2024-02-13T07:29:00Z,50065.9,50065.9,50065.9,50065.9,0.00407
Kraken:XBTUSDT,2024-02-13T07:31:00Z,50064.7,50073.1,50042.0,50070.3,0.00299259
Kraken:XBTUSDT,2024-02-13T07:32:00Z,50069.0,50069.0,50068.9,50068.9,0.0034965
Kraken:XBTUSDT,2024-02-13T07:33:00Z,50069.0,50069.0,50037.4,50037.5,0.08735477
Kraken:XBTUSDT,2024-02-13T07:35:00Z,50008.3,50008.3,50004.0,50004.0,0.1124188
Kraken:XBTUSDT,2024-02-13T07:36:00Z,50000.1,50000.1,49979.1,49984.9,0.546795
Kraken:XBTUSDT,2024-02-13T07:37:00Z,49981.0,49981.0,49941.6,49953.9,0.4980701
Kraken:XBTUSDT,2024-02-13T07:38:00Z,49956.7,49956.7,49943.4,49943.4,0.976865
Kraken:XBTUSDT,2024-02-13T07:40:00Z,49962.7,49962.8,49951.8,49951.8,0.00351135
Kraken:XBTUSDT,2024-02-13T07:41:00Z,49943.9,49943.9,49920.7,49920.8,0.03432949
Kraken:XBTUSDT,2024-02-13T07:42:00Z,49920.8,49920.8,49920.0,49920.0,0.02283953
Kraken:XBTUSDT,2024-02-13T07:43:00Z,49920.0,49920.0,49920.0,49920.0,0.0132
Kraken:XBTUSDT,2024-02-13T07:45:00Z,49915.0,49915.0,49913.8,49913.8,0.00358372
Kraken:XBTUSDT,2024-02-13T07:46:00Z,49920.8,49920.8,49920.8,49920.8,0.00075466
Kraken:XBTUSDT,2024-02-13T07:47:00Z,49914.7,49914.7,49913.7,49914.2,0.00307946
Kraken:XBTUSDT,2024-02-13T07:48:00Z,49915.5,49993.4,49915.5,49993.4,1.20209715
Kraken:XBTUSDT,2024-02-13T07:49:00Z,49996.5,50003.3,49992.9,49995.3,0.48751156
Kraken:XBTUSDT,2024-02-13T07:52:00Z,50025.1,50025.1,50025.1,50025.1,0.00102569
Kraken:XBTUSDT,2024-02-13T07:53:00Z,50010.3,50010.3,50010.3,50010.3,0.00131738
Kraken:XBTUSDT,2024-02-13T07:54:00Z,50000.9,50000.9,50000.9,50000.9,0.00502645
Kraken:XBTUSDT,2024-02-13T07:55:00Z,50001.0,50001.0,50000.9,50000.9,0.00529999
Kraken:XBTUSDT,2024-02-13T07:57:00Z,50000.9,50000.9,50000.9,50000.9,0.00980002
Kraken:XBTUSDT,2024-02-13T07:59:00Z,50000.9,50000.9,50000.9,50000.9,0.01208384
Kraken:XBTUSDT,2024-02-13T08:00:00Z,50001.0,50001.0,49985.9,49985.9,0.01702085
Kraken:XBTUSDT,2024-02-13T08:01:00Z,49985.9,49988.2,49985.9,49988.2,0.0434
Kraken:XBTUSDT,2024-02-13T08:02:00Z,49992.6,49992.6,49992.6,49992.6,0.00283362
Kraken:XBTUSDT,2024-02-13T08:03:00Z,50006.0,50006.1,49922.0,49985.4,10.21496598
Kraken:XBTUSDT,2024-02-13T08:04:00Z,49984.5,49984.5,49974.7,49976.7,1.10496768
Kraken:XBTUSDT,2024-02-13T08:05:00Z,49987.8,49987.8,49987.8,49987.8,0.0029
Kraken:XBTUSDT,2024-02-13T08:06:00Z,49987.7,49987.7,49980.7,49980.7,2.16131787
Kraken:XBTUSDT,2024-02-13T08:09:00Z,49997.3,49997.3,49997.3,49997.3,0.00113
Kraken:XBTUSDT,2024-02-13T08:10:00Z,50000.2,50008.0,50000.1,50008.0,0.15269389
Kraken:XBTUSDT,2024-02-13T08:11:00Z,50008.0,50042.8,50008.0,50042.7,1.20969272
Kraken:XBTUSDT,2024-02-13T08:12:00Z,50038.6,50040.6,50035.5,50040.6,1.0128
Kraken:XBTUSDT,2024-02-13T08:14:00Z,50052.0,50060.2,50052.0,50058.2,0.65917494
Kraken:XBTUSDT,2024-02-13T08:15:00Z,50060.7,50091.9,50060.7,50091.9,0.5056293
Kraken:XBTUSDT,2024-02-13T08:17:00Z,50080.2,50080.2,50065.0,50065.0,0.00318949
Kraken:XBTUSDT,2024-02-13T08:18:00Z,50067.3,50067.3,50066.2,50066.2,0.00065424
Kraken:XBTUSDT,2024-02-13T08:19:00Z,50069.4,50069.4,50047.7,50047.7,0.00647646
Kraken:XBTUSDT,2024-02-13T08:20:00Z,50044.9,50044.9,50028.5,50041.4,2.03996691
Kraken:XBTUSDT,2024-02-13T08:21:00Z,50043.2,50043.2,50043.0,50043.0,0.01570001
Kraken:XBTUSDT,2024-02-13T08:22:00Z,50066.3,50082.4,50066.3,50082.4,0.05838544
Kraken:XBTUSDT,2024-02-13T08:24:00Z,50055.4,50055.4,50055.4,50055.4,0.04674441
Kraken:XBTUSDT,2024-02-13T08:25:00Z,50044.0,50044.0,50019.2,50019.2,2.00517084
Kraken:XBTUSDT,2024-02-13T08:26:00Z,50022.5,50025.8,50022.5,50025.8,0.02069969
Kraken:XBTUSDT,2024-02-13T08:27:00Z,50033.0,50033.0,50033.0,50033.0,0.06250174
Kraken:XBTUSDT,2024-02-13T08:28:00Z,50039.2,50050.0,50039.2,50050.0,0.0023719
Kraken:XBTUSDT,2024-02-13T08:30:00Z,50086.6,50086.6,50086.6,50086.6,0.00069931
Kraken:XBTUSDT,2024-02-13T08:31:00Z,50059.5,50065.2,50059.5,50062.5,0.00239647
Kraken:XBTUSDT,2024-02-13T08:32:00Z,50062.5,50062.5,50062.5,50062.5,0.0003
Kraken:XBTUSDT,2024-02-13T08:33:00Z,50085.0,50085.1,50085.0,50085.1,0.0213
Kraken:XBTUSDT,2024-02-13T08:35:00Z,50087.7,50101.5,50087.7,50101.5,0.0106
Kraken:XBTUSDT,2024-02-13T08:36:00Z,50072.9,50100.3,50072.9,50073.3,0.01965194
Kraken:XBTUSDT,2024-02-13T08:37:00Z,50073.3,50083.9,50073.3,50082.2,0.0373466
Kraken:XBTUSDT,2024-02-13T08:38:00Z,50099.0,50104.1,50099.0,50103.9,1.05742325
Kraken:XBTUSDT,2024-02-13T08:39:00Z,50102.7,50118.7,50102.7,50116.9,0.0665929
Kraken:XBTUSDT,2024-02-13T08:40:00Z,50128.8,50151.5,50128.8,50151.5,0.23307453
Kraken:XBTUSDT,2024-02-13T08:41:00Z,50146.2,50149.3,50144.2,50148.2,0.0295272
Kraken:XBTUSDT,2024-02-13T08:42:00Z,50148.6,50151.5,50148.5,50151.5,0.01611267
Kraken:XBTUSDT,2024-02-13T08:43:00Z,50151.1,50153.8,50141.6,50141.6,0.03422639
Kraken:XBTUSDT,2024-02-13T08:44:00Z,50143.2,50143.2,50141.5,50141.5,0.01227634
Kraken:XBTUSDT,2024-02-13T08:45:00Z,50141.6,50141.6,50088.1,50088.1,0.07194375
Kraken:XBTUSDT,2024-02-13T08:46:00Z,50084.2,50095.7,50084.2,50087.3,0.04282931
Kraken:XBTUSDT,2024-02-13T08:47:00Z,50090.2,50090.2,50090.2,50090.2,0.005
Kraken:XBTUSDT,2024-02-13T08:48:00Z,50136.0,50136.5,50136.0,50136.2,0.00267733
Kraken:XBTUSDT,2024-02-13T08:49:00Z,50141.2,50149.0,50131.3,50131.3,0.94450683
Kraken:XBTUSDT,2024-02-13T08:50:00Z,50130.0,50134.1,50130.0,50130.0,0.00104275
Kraken:XBTUSDT,2024-02-13T08:51:00Z,50122.9,50127.0,50120.9,50127.0,0.03977363
Kraken:XBTUSDT,2024-02-13T08:53:00Z,50125.5,50125.5,50109.5,50109.5,0.24031574
Kraken:XBTUSDT,2024-02-13T08:54:00Z,50109.4,50122.2,50109.4,50122.2,0.00833964
Kraken:XBTUSDT,2024-02-13T08:55:00Z,50092.2,50092.2,50092.2,50092.2,0.0426
Kraken:XBTUSDT,2024-02-13T08:56:00Z,50099.5,50108.7,50099.5,50108.7,0.01924931
Kraken:XBTUSDT,2024-02-13T08:57:00Z,50110.1,50116.0,50110.1,50116.0,1.99729602
Kraken:XBTUSDT,2024-02-13T08:58:00Z,50125.3,50129.4,50125.3,50129.4,0.0038489
Kraken:XBTUSDT,2024-02-13T08:59:00Z,50138.9,50138.9,50138.9,50138.9,0.00016125
Kraken:XBTUSDT,2024-02-13T09:00:00Z,50128.9,50128.9,50123.8,50124.5,0.00079337
Kraken:XBTUSDT,2024-02-13T09:01:00Z,50122.1,50122.1,50107.5,50107.5,0.22639402
Kraken:XBTUSDT,2024-02-13T09:02:00Z,50096.9,50096.9,50090.3,50090.3,0.00984114
Kraken:XBTUSDT,2024-02-13T09:03:00Z,50090.2,50090.2,50090.1,50090.1,0.12540477
Kraken:XBTUSDT,2024-02-13T09:04:00Z,50079.0,50079.0,50079.0,50079.0,0.00984121
Kraken:XBTUSDT,2024-02-13T09:05:00Z,50078.9,50078.9,50065.0,50066.7,0.0080561
Kraken:XBTUSDT,2024-02-13T09:06:00Z,50053.6,50053.6,50053.6,50053.6,0.0005963
Kraken:XBTUSDT,2024-02-13T09:07:00Z,50046.4,50046.4,50041.4,50042.9,0.02807282
Kraken:XBTUSDT,2024-02-13T09:08:00Z,50054.1,50054.1,50054.1,50054.1,0.00053898
Kraken:XBTUSDT,2024-02-13T09:09:00Z,50054.0,50054.0,50054.0,50054.0,0.00073743
Kraken:XBTUSDT,2024-02-13T09:10:00Z,50054.0,50054.0,50034.4,50038.6,0.04714517
Kraken:XBTUSDT,2024-02-13T09:11:00Z,50048.0,50048.0,50046.7,50046.7,0.0407
Kraken:XBTUSDT,2024-02-13T09:13:00Z,50034.4,50034.4,50025.4,50025.4,0.1
Kraken:XBTUSDT,2024-02-13T09:15:00Z,50029.9,50035.3,50029.9,50035.3,0.00321403
Kraken:XBTUSDT,2024-02-13T09:16:00Z,50011.0,50016.3,50011.0,50016.3,0.01650921
Kraken:XBTUSDT,2024-02-13T09:17:00Z,50016.3,50016.3,50016.3,50016.3,0.08815172
Kraken:XBTUSDT,2024-02-13T09:18:00Z,50016.3,50068.2,50016.3,50068.2,0.03564195
Kraken:XBTUSDT,2024-02-13T09:19:00Z,50090.3,50106.9,50090.3,50102.0,0.007686
Kraken:XBTUSDT,2024-02-13T09:20:00Z,50094.6,50105.1,50085.5,50085.5,2.0157293
Kraken:XBTUSDT,2024-02-13T09:21:00Z,50067.6,50067.6,50067.5,50067.5,0.00253808
Kraken:XBTUSDT,2024-02-13T09:23:00Z,50069.6,50069.6,50069.6,50069.6,0.02932067
Kraken:XBTUSDT,2024-02-13T09:25:00Z,50072.7,50072.7,50070.9,50070.9,0.00085299
Kraken:XBTUSDT,2024-02-13T09:26:00Z,50070.9,50092.4,50070.9,50091.7,0.26022988
Kraken:XBTUSDT,2024-02-13T09:27:00Z,50084.7,50084.7,50078.5,50078.5,0.06422022
Kraken:XBTUSDT,2024-02-13T09:28:00Z,50085.8,50099.9,50082.8,50082.8,0.09547275
Kraken:XBTUSDT,2024-02-13T09:29:00Z,50097.2,50097.2,50097.2,50097.2,0.00093497
Kraken:XBTUSDT,2024-02-13T09:30:00Z,50099.9,50101.8,50099.9,50101.8,0.5
Kraken:XBTUSDT,2024-02-13T09:33:00Z,50103.6,50103.6,50103.6,50103.6,0.00121474
Kraken:XBTUSDT,2024-02-13T09:34:00Z,50084.7,50084.7,50084.7,50084.7,0.001
Kraken:XBTUSDT,2024-02-13T09:35:00Z,50080.1,50081.0,50057.4,50057.5,0.99765567
Kraken:XBTUSDT,2024-02-13T09:36:00Z,50057.5,50057.5,50045.2,50045.2,1.18027409
Kraken:XBTUSDT,2024-02-13T09:37:00Z,50048.6,50048.6,50047.7,50047.7,0.00215405
Kraken:XBTUSDT,2024-02-13T09:38:00Z,50050.0,50050.0,50044.4,50044.4,0.34
Kraken:XBTUSDT,2024-02-13T09:40:00Z,50038.4,50060.7,50038.4,50060.7,0.1236
Kraken:XBTUSDT,2024-02-13T09:41:00Z,50082.5,50082.5,50080.4,50080.4,0.00816817
Kraken:XBTUSDT,2024-02-13T09:42:00Z,50082.7,50085.1,50079.7,50079.7,0.51808996
Kraken:XBTUSDT,2024-02-13T09:43:00Z,50114.0,50114.0,50114.0,50114.0,0.0191
Kraken:XBTUSDT,2024-02-13T09:44:00Z,50108.1,50108.1,50096.4,50096.4,0.01591907
Kraken:XBTUSDT,2024-02-13T09:45:00Z,50106.6,50108.7,50099.4,50108.7,0.52003418
Kraken:XBTUSDT,2024-02-13T09:46:00Z,50096.6,50133.2,50087.8,50133.2,4.06296127
Kraken:XBTUSDT,2024-02-13T09:47:00Z,50114.5,50114.5,50071.7,50081.6,0.00439504
Kraken:XBTUSDT,2024-02-13T09:48:00Z,50074.4,50074.4,50072.1,50072.1,0.00725614
Kraken:XBTUSDT,2024-02-13T09:49:00Z,50069.0,50069.0,50069.0,50069.0,0.00096499
Kraken:XBTUSDT,2024-02-13T09:51:00Z,50054.5,50058.4,50054.5,50058.4,1.19255
Kraken:XBTUSDT,2024-02-13T09:52:00Z,50102.4,50106.0,50102.4,50106.0,0.02799197
Kraken:XBTUSDT,2024-02-13T09:53:00Z,50132.4,50132.4,50132.4,50132.4,0.0002576
Kraken:XBTUSDT,2024-02-13T09:54:00Z,50136.5,50145.0,50132.8,50132.8,0.004577
Kraken:XBTUSDT,2024-02-13T09:55:00Z,50132.8,50159.9,50132.7,50159.9,0.00599752
Kraken:XBTUSDT,2024-02-13T09:56:00Z,50168.4,50193.4,50168.4,50189.6,1.00406186
Kraken:XBTUSDT,2024-02-13T09:57:00Z,50197.0,50222.9,50197.0,50222.9,1.44390946
Kraken:XBTUSDT,2024-02-13T09:58:00Z,50224.0,50225.3,50213.8,50225.3,0.03504092
Kraken:XBTUSDT,2024-02-13T09:59:00Z,50193.7,50193.7,50193.7,50193.7,0.01001049
Kraken:XBTUSDT,2024-02-13T10:00:00Z,50188.9,50188.9,50168.9,50171.9,0.00700301
Kraken:XBTUSDT,2024-02-13T10:01:00Z,50199.3,50214.5,50187.0,50187.0,2.14269859
Kraken:XBTUSDT,2024-02-13T10:02:00Z,50186.3,50186.3,50186.3,50186.3,0.06071693
Kraken:XBTUSDT,2024-02-13T10:03:00Z,50165.8,50180.3,50165.8,50180.3,0.01165394
Kraken:XBTUSDT,2024-02-13T10:05:00Z,50148.1,50148.1,50148.1,50148.1,0.0003
Kraken:XBTUSDT,2024-02-13T10:06:00Z,50153.7,50153.9,50147.4,50147.4,0.0379
Kraken:XBTUSDT,2024-02-13T10:07:00Z,50140.6,50140.6,50127.9,50135.7,0.65
Kraken:XBTUSDT,2024-02-13T10:08:00Z,50147.5,50147.5,50141.4,50141.4,0.00379737
Kraken:XBTUSDT,2024-02-13T10:10:00Z,50166.4,50173.7,50144.2,50144.2,0.22113606
Kraken:XBTUSDT,2024-02-13T10:11:00Z,50129.8,50129.8,50117.6,50117.6,0.00081216
Kraken:XBTUSDT,2024-02-13T10:12:00Z,50112.7,50112.7,50112.7,50112.7,0.001
Kraken:XBTUSDT,2024-02-13T10:13:00Z,50104.2,50127.8,50104.2,50127.8,1.99758805
Kraken:XBTUSDT,2024-02-13T10:14:00Z,50125.5,50125.5,50105.2,50121.4,1.86258251
Kraken:XBTUSDT,2024-02-13T10:15:00Z,50113.7,50113.7,50038.0,50038.0,0.07179854
Kraken:XBTUSDT,2024-02-13T10:16:00Z,50038.0,50069.5,50037.9,50069.5,0.3053111
Kraken:XBTUSDT,2024-02-13T10:17:00Z,50069.4,50069.4,50056.4,50056.4,0.01708534
Kraken:XBTUSDT,2024-02-13T10:18:00Z,50058.0,50069.5,50058.0,50069.4,0.05982649
Kraken:XBTUSDT,2024-02-13T10:19:00Z,50067.6,50067.6,50067.6,50067.6,0.0079
Kraken:XBTUSDT,2024-02-13T10:21:00Z,50054.7,50054.7,50054.7,50054.7,2.75626915
Kraken:XBTUSDT,2024-02-13T10:22:00Z,50054.6,50057.6,50046.7,50055.2,0.00833261
Kraken:XBTUSDT,2024-02-13T10:24:00Z,50042.1,50042.1,50042.1,50042.1,0.19379803
Kraken:XBTUSDT,2024-02-13T10:25:00Z,50056.7,50056.7,50037.4,50037.4,0.12873604
Kraken:XBTUSDT,2024-02-13T10:26:00Z,50048.1,50048.1,50030.9,50030.9,0.3066
Kraken:XBTUSDT,2024-02-13T10:27:00Z,50069.5,50069.5,50069.5,50069.5,0.00019987
Kraken:XBTUSDT,2024-02-13T10:28:00Z,50069.5,50069.5,50069.5,50069.5,0.27252027
Kraken:XBTUSDT,2024-02-13T10:29:00Z,50069.5,50084.8,50069.5,50084.8,0.446
Kraken:XBTUSDT,2024-02-13T10:30:00Z,50074.7,50075.5,50045.3,50045.3,0.28938739
Kraken:XBTUSDT,2024-02-13T10:31:00Z,50052.0,50052.0,50052.0,50052.0,0.001
Kraken:XBTUSDT,2024-02-13T10:32:00Z,50036.4,50036.4,50036.4,50036.4,0.0064
Kraken:XBTUSDT,2024-02-13T10:33:00Z,50069.8,50071.3,50052.7,50058.3,0.54106998
Kraken:XBTUSDT,2024-02-13T10:34:00Z,50061.2,50062.6,50061.2,50062.6,0.00449688
Kraken:XBTUSDT,2024-02-13T10:35:00Z,50067.4,50067.4,50062.0,50062.7,0.1042
Kraken:XBTUSDT,2024-02-13T10:36:00Z,50071.1,50110.5,50071.1,50110.5,0.19168174
Kraken:XBTUSDT,2024-02-13T10:37:00Z,50075.8,50075.8,50075.7,50075.7,0.00396
Kraken:XBTUSDT,2024-02-13T10:38:00Z,50063.8,50063.8,50049.5,50053.9,0.05458619
Kraken:XBTUSDT,2024-02-13T10:39:00Z,50050.6,50056.1,50050.6,50056.1,1.99790123
Kraken:XBTUSDT,2024-02-13T10:40:00Z,50040.5,50040.5,50040.5,50040.5,0.00568948
Kraken:XBTUSDT,2024-02-13T10:41:00Z,50017.7,50017.7,49962.0,49962.1,0.52143499
Kraken:XBTUSDT,2024-02-13T10:42:00Z,49962.0,49962.1,49883.9,49883.9,0.34030818
Kraken:XBTUSDT,2024-02-13T10:43:00Z,49893.3,49925.2,49892.2,49925.2,0.20428904
Kraken:XBTUSDT,2024-02-13T10:44:00Z,49912.6,49943.7,49904.0,49943.7,0.55513459
Kraken:XBTUSDT,2024-02-13T10:45:00Z,49930.8,49930.8,49930.8,49930.8,0.00200269
Kraken:XBTUSDT,2024-02-13T10:46:00Z,49954.9,49974.9,49954.9,49974.9,0.00499903
Kraken:XBTUSDT,2024-02-13T10:47:00Z,49976.2,49976.2,49942.5,49942.5,0.12869528
Kraken:XBTUSDT,2024-02-13T10:48:00Z,49937.8,49937.8,49930.7,49930.7,0.0180992
Kraken:XBTUSDT,2024-02-13T10:49:00Z,49921.1,49921.1,49921.1,49921.1,0.0011
Kraken:XBTUSDT,2024-02-13T10:51:00Z,49921.1,49921.1,49921.1,49921.1,0.0039
Kraken:XBTUSDT,2024-02-13T10:52:00Z,49894.0,49895.1,49888.4,49895.1,0.00589068
Kraken:XBTUSDT,2024-02-13T10:53:00Z,49930.5,49932.4,49928.6,49928.9,0.00812241
Kraken:XBTUSDT,2024-02-13T10:54:00Z,49899.5,49899.5,49893.9,49893.9,0.03397127
Kraken:XBTUSDT,2024-02-13T10:55:00Z,49898.5,49898.5,49843.0,49877.8,0.01980096
Kraken:XBTUSDT,2024-02-13T10:56:00Z,49868.7,49868.7,49868.7,49868.7,0.0010029
Kraken:XBTUSDT,2024-02-13T10:57:00Z,49885.1,49885.9,49876.8,49876.8,0.0239277
Kraken:XBTUSDT,2024-02-13T10:58:00Z,49875.4,49875.4,49875.3,49875.3,0.10374629
Kraken:XBTUSDT,2024-02-13T10:59:00Z,49874.1,49874.1,49868.6,49868.6,0.0009
Kraken:XBTUSDT,2024-02-13T11:00:00Z,49868.6,49868.6,49837.2,49840.0,0.69375054
Kraken:XBTUSDT,2024-02-13T11:01:00Z,49840.1,49885.7,49840.0,49885.7,3.07657655
Kraken:XBTUSDT,2024-02-13T11:02:00Z,49891.1,49894.4,49891.1,49894.4,0.02200417
Kraken:XBTUSDT,2024-02-13T11:03:00Z,49899.2,49899.3,49899.2,49899.3,0.5
Kraken:XBTUSDT,2024-02-13T11:05:00Z,49893.8,49893.8,49847.1,49847.1,0.03562098
Kraken:XBTUSDT,2024-02-13T11:06:00Z,49830.6,49830.6,49830.5,49830.5,0.0501
Kraken:XBTUSDT,2024-02-13T11:07:00Z,49820.0,49820.1,49815.4,49815.4,0.01435882
Kraken:XBTUSDT,2024-02-13T11:08:00Z,49809.5,49809.5,49805.4,49805.4,0.0032754
Kraken:XBTUSDT,2024-02-13T11:09:00Z,49805.5,49866.2,49805.5,49839.5,1.14536382
Kraken:XBTUSDT,2024-02-13T11:10:00Z,49830.8,49834.4,49830.8,49834.4,0.12720868
Kraken:XBTUSDT,2024-02-13T11:11:00Z,49825.1,49825.2,49800.0,49800.0,1.60604849
Kraken:XBTUSDT,2024-02-13T11:12:00Z,49791.1,49791.1,49748.5,49781.0,0.73596831
Kraken:XBTUSDT,2024-02-13T11:14:00Z,49751.3,49751.3,49725.1,49725.1,0.42541508
Kraken:XBTUSDT,2024-02-13T11:15:00Z,49725.2,49737.5,49652.0,49652.0,3.44880816
Kraken:XBTUSDT,2024-02-13T11:16:00Z,49659.7,49693.5,49659.7,49678.7,0.04021002
Kraken:XBTUSDT,2024-02-13T11:17:00Z,49711.4,49781.0,49711.4,49781.0,0.05666601
Kraken:XBTUSDT,2024-02-13T11:18:00Z,49781.0,49781.0,49773.6,49773.6,0.0090104
Kraken:XBTUSDT,2024-02-13T11:19:00Z,49771.9,49771.9,49771.9,49771.9,0.00853685
Kraken:XBTUSDT,2024-02-13T11:20:00Z,49772.2,49779.7,49772.2,49779.7,0.73113757
Kraken:XBTUSDT,2024-02-13T11:21:00Z,49781.0,49781.0,49781.0,49781.0,0.01278667
Kraken:XBTUSDT,2024-02-13T11:22:00Z,49796.9,49796.9,49791.7,49791.7,0.10040147
Kraken:XBTUSDT,2024-02-13T11:23:00Z,49838.0,49840.2,49838.0,49840.2,0.59933601
Kraken:XBTUSDT,2024-02-13T11:25:00Z,49824.1,49836.0,49824.1,49835.8,0.15749936
Kraken:XBTUSDT,2024-02-13T11:26:00Z,49836.0,49836.0,49828.4,49828.4,0.01573913
Kraken:XBTUSDT,2024-02-13T11:27:00Z,49830.9,49838.9,49830.9,49838.9,0.01613234
Kraken:XBTUSDT,2024-02-13T11:28:00Z,49844.7,49877.7,49844.7,49848.5,9.1936066
Kraken:XBTUSDT,2024-02-13T11:29:00Z,49807.7,49831.6,49807.7,49825.8,5.09877887
Kraken:XBTUSDT,2024-02-13T11:30:00Z,49817.1,49820.6,49817.1,49820.6,0.01583902
Kraken:XBTUSDT,2024-02-13T11:31:00Z,49848.8,49860.0,49845.3,49860.0,0.01742868
Kraken:XBTUSDT,2024-02-13T11:32:00Z,49887.4,49887.4,49887.4,49887.4,0.00211223
Kraken:XBTUSDT,2024-02-13T11:33:00Z,49894.4,49911.8,49894.4,49911.8,0.01468119
Kraken:XBTUSDT,2024-02-13T11:34:00Z,49899.0,49899.0,49881.4,49881.4,0.00402571
Kraken:XBTUSDT,2024-02-13T11:35:00Z,49884.0,49908.8,49877.7,49908.8,0.0077755
Kraken:XBTUSDT,2024-02-13T11:38:00Z,49904.4,49910.0,49904.4,49910.0,0.05024864
Kraken:XBTUSDT,2024-02-13T11:39:00Z,49912.1,49919.5,49892.6,49892.6,0.53937636
Kraken:XBTUSDT,2024-02-13T11:40:00Z,49913.2,49913.2,49910.0,49910.0,0.0070667
Kraken:XBTUSDT,2024-02-13T11:41:00Z,49901.8,49901.8,49901.8,49901.8,0.0005
Kraken:XBTUSDT,2024-02-13T11:42:00Z,49943.9,49945.7,49943.9,49945.7,0.00114026
Kraken:XBTUSDT,2024-02-13T11:43:00Z,49945.8,49964.3,49945.8,49964.3,0.02348992
Kraken:XBTUSDT,2024-02-13T11:44:00Z,49964.4,49964.4,49964.4,49964.4,0.0195
Kraken:XBTUSDT,2024-02-13T11:45:00Z,49964.4,49964.4,49964.3,49964.3,0.00340231
Kraken:XBTUSDT,2024-02-13T11:46:00Z,49962.2,49962.2,49962.2,49962.2,0.00075453
Kraken:XBTUSDT,2024-02-13T11:47:00Z,49955.9,49967.1,49955.9,49967.1,0.1907
Kraken:XBTUSDT,2024-02-13T11:48:00Z,49914.4,49914.4,49914.4,49914.4,0.01001714
Kraken:XBTUSDT,2024-02-13T11:49:00Z,49931.1,49953.1,49931.1,49953.1,0.0311661
Kraken:XBTUSDT,2024-02-13T11:50:00Z,49949.1,49969.9,49949.1,49969.9,0.02538523
Kraken:XBTUSDT,2024-02-13T11:52:00Z,49936.7,49984.0,49936.7,49984.0,0.07497277
Kraken:XBTUSDT,2024-02-13T11:53:00Z,49984.7,49995.2,49984.7,49995.2,0.019854
Kraken:XBTUSDT,2024-02-13T11:54:00Z,50000.0,50000.0,49998.2,50000.0,0.00891928
Kraken:XBTUSDT,2024-02-13T11:55:00Z,49980.2,49980.2,49980.2,49980.2,0.0022
Kraken:XBTUSDT,2024-02-13T11:56:00Z,49977.1,50016.7,49977.1,50016.7,1.6373161
Kraken:XBTUSDT,2024-02-13T11:57:00Z,50008.8,50008.8,49976.7,49976.7,0.12187501
Kraken:XBTUSDT,2024-02-13T11:58:00Z,49963.1,49963.1,49959.4,49959.4,0.00566938
Kraken:XBTUSDT,2024-02-13T12:00:00Z,49983.8,49985.5,49978.3,49981.4,1.00232823
Kraken:XBTUSDT,2024-02-13T12:01:00Z,49954.4,49954.4,49932.9,49932.9,0.2163674
Kraken:XBTUSDT,2024-02-13T12:02:00Z,49932.9,49932.9,49932.9,49932.9,0.21818145
Kraken:XBTUSDT,2024-02-13T12:03:00Z,49908.7,49908.7,49906.9,49906.9,0.19227875
Kraken:XBTUSDT,2024-02-13T12:04:00Z,49933.6,49942.0,49922.4,49942.0,0.02841206
Kraken:XBTUSDT,2024-02-13T12:06:00Z,49926.8,49959.7,49926.8,49956.4,0.07370807
Kraken:XBTUSDT,2024-02-13T12:07:00Z,49961.8,49961.8,49960.6,49960.6,0.0576
Kraken:XBTUSDT,2024-02-13T12:08:00Z,49946.9,49946.9,49931.7,49931.7,0.00265356
Kraken:XBTUSDT,2024-02-13T12:09:00Z,49923.5,49931.6,49914.7,49931.6,0.83551314
Kraken:XBTUSDT,2024-02-13T12:10:00Z,49931.5,49931.6,49915.9,49931.5,1.93623416
Kraken:XBTUSDT,2024-02-13T12:11:00Z,49954.6,49965.8,49954.6,49965.8,0.00222375
Kraken:XBTUSDT,2024-02-13T12:12:00Z,49954.6,49954.6,49947.5,49947.5,0.1185
Kraken:XBTUSDT,2024-02-13T12:13:00Z,49941.6,49941.6,49937.2,49938.6,0.10607498
Kraken:XBTUSDT,2024-02-13T12:14:00Z,49955.2,49955.2,49955.2,49955.2,0.0006309
Kraken:XBTUSDT,2024-02-13T12:16:00Z,49913.3,49913.3,49913.3,49913.3,0.00267822
Kraken:XBTUSDT,2024-02-13T12:17:00Z,49946.9,49946.9,49946.9,49946.9,0.0036
Kraken:XBTUSDT,2024-02-13T12:18:00Z,49926.6,49926.6,49926.6,49926.6,0.0053
Kraken:XBTUSDT,2024-02-13T12:19:00Z,49911.7,49911.7,49900.0,49900.0,0.0008
Kraken:XBTUSDT,2024-02-13T12:20:00Z,49908.4,49908.4,49908.4,49908.4,0.0140425
Kraken:XBTUSDT,2024-02-13T12:21:00Z,49934.0,49949.6,49910.0,49910.0,2.04793525
Kraken:XBTUSDT,2024-02-13T12:22:00Z,49900.0,49900.1,49900.0,49900.1,0.00573307
Kraken:XBTUSDT,2024-02-13T12:23:00Z,49900.0,49900.0,49895.0,49895.0,0.34284058
Kraken:XBTUSDT,2024-02-13T12:24:00Z,49895.0,49895.1,49895.0,49895.1,0.06122621
Kraken:XBTUSDT,2024-02-13T12:25:00Z,49895.0,49895.0,49895.0,49895.0,0.0007067
Kraken:XBTUSDT,2024-02-13T12:26:00Z,49895.0,49895.0,49895.0,49895.0,6.55068405
Kraken:XBTUSDT,2024-02-13T12:27:00Z,49895.0,49895.0,49859.3,49882.3,2.05905723
Kraken:XBTUSDT,2024-02-13T12:28:00Z,49878.8,49887.5,49878.8,49884.4,0.01449555
Kraken:XBTUSDT,2024-02-13T12:29:00Z,49896.9,49910.5,49896.8,49910.5,0.00704631
Kraken:XBTUSDT,2024-02-13T12:30:00Z,49869.9,49869.9,49869.8,49869.8,0.10080791
Kraken:XBTUSDT,2024-02-13T12:31:00Z,49869.8,49869.8,49869.4,49869.4,0.00161153
Kraken:XBTUSDT,2024-02-13T12:33:00Z,49891.5,49897.6,49883.7,49896.4,0.0522979
Kraken:XBTUSDT,2024-02-13T12:35:00Z,49935.1,49935.1,49935.1,49935.1,0.000105
Kraken:XBTUSDT,2024-02-13T12:36:00Z,49893.2,49893.2,49893.2,49893.2,0.0011
Kraken:XBTUSDT,2024-02-13T12:37:00Z,49894.3,49927.0,49892.4,49927.0,0.29009029
Kraken:XBTUSDT,2024-02-13T12:38:00Z,49922.7,49933.7,49913.4,49933.7,0.00729112
Kraken:XBTUSDT,2024-02-13T12:39:00Z,49933.8,49933.8,49933.8,49933.8,0.0964
Kraken:XBTUSDT,2024-02-13T12:40:00Z,49939.2,49939.2,49937.1,49937.1,0.00091458
Kraken:XBTUSDT,2024-02-13T12:41:00Z,49929.1,49930.6,49921.9,49921.9,0.03168901
Kraken:XBTUSDT,2024-02-13T12:42:00Z,49915.4,49915.4,49881.8,49881.8,0.06297284
Kraken:XBTUSDT,2024-02-13T12:43:00Z,49882.7,49884.3,49882.7,49884.3,0.00258873
Kraken:XBTUSDT,2024-02-13T12:44:00Z,49884.2,49884.2,49881.8,49881.8,0.28983558
Kraken:XBTUSDT,2024-02-13T12:45:00Z,49881.7,49881.7,49881.7,49881.7,0.0841811
Kraken:XBTUSDT,2024-02-13T12:46:00Z,49881.7,49881.7,49881.7,49881.7,0.00078638
Kraken:XBTUSDT,2024-02-13T12:47:00Z,49881.7,49881.7,49881.7,49881.7,0.0066
Kraken:XBTUSDT,2024-02-13T12:48:00Z,49887.3,49895.9,49887.3,49895.9,0.01341247
Kraken:XBTUSDT,2024-02-13T12:49:00Z,49881.7,49881.7,49881.7,49881.7,0.031
Kraken:XBTUSDT,2024-02-13T12:50:00Z,49881.7,49881.7,49829.3,49829.3,0.18255109
Kraken:XBTUSDT,2024-02-13T12:53:00Z,49804.5,49813.2,49804.5,49811.6,0.00134392
Kraken:XBTUSDT,2024-02-13T12:54:00Z,49814.6,49816.5,49813.4,49816.5,0.26816724
Kraken:XBTUSDT,2024-02-13T12:55:00Z,49817.0,49817.0,49817.0,49817.0,0.00974403
Kraken:XBTUSDT,2024-02-13T12:56:00Z,49832.7,49836.1,49830.0,49836.1,1.0012
Kraken:XBTUSDT,2024-02-13T12:57:00Z,49864.5,49864.5,49864.5,49864.5,0.0181
Kraken:XBTUSDT,2024-02-13T12:59:00Z,49870.3,49870.6,49862.9,49862.9,0.00894692
Kraken:XBTUSDT,2024-02-13T13:00:00Z,49859.1,49859.4,49841.2,49859.3,0.0280762
Kraken:XBTUSDT,2024-02-13T13:01:00Z,49876.6,49876.6,49869.7,49869.7,0.01135536
Kraken:XBTUSDT,2024-02-13T13:02:00Z,49871.8,49871.8,49871.8,49871.8,0.02
Kraken:XBTUSDT,2024-02-13T13:04:00Z,49880.9,49883.5,49880.9,49883.5,0.60683758
Kraken:XBTUSDT,2024-02-13T13:06:00Z,49882.3,49882.3,49879.1,49879.1,0.00209636
Kraken:XBTUSDT,2024-02-13T13:08:00Z,49910.4,49926.4,49910.4,49926.4,0.00366164
Kraken:XBTUSDT,2024-02-13T13:09:00Z,49906.4,49906.4,49906.4,49906.4,0.00011213
Kraken:XBTUSDT,2024-02-13T13:10:00Z,49914.7,49914.7,49905.0,49905.0,0.0224
Kraken:XBTUSDT,2024-02-13T13:11:00Z,49905.0,49905.0,49905.0,49905.0,0.003
Kraken:XBTUSDT,2024-02-13T13:12:00Z,49881.8,49892.4,49880.2,49886.9,0.6283199
Kraken:XBTUSDT,2024-02-13T13:13:00Z,49875.9,49892.1,49874.9,49877.6,2.06961552
Kraken:XBTUSDT,2024-02-13T13:14:00Z,49863.7,49863.7,49853.2,49855.3,0.00046319
Kraken:XBTUSDT,2024-02-13T13:15:00Z,49853.2,49859.3,49853.2,49859.3,0.00307065
Kraken:XBTUSDT,2024-02-13T13:16:00Z,49873.0,49903.1,49873.0,49900.9,0.005591
Kraken:XBTUSDT,2024-02-13T13:17:00Z,49885.9,49901.4,49882.8,49901.4,2.00477357
Kraken:XBTUSDT,2024-02-13T13:18:00Z,49881.7,49881.7,49880.6,49880.6,0.00029995
Kraken:XBTUSDT,2024-02-13T13:19:00Z,49912.7,49912.7,49911.8,49911.8,0.00048948
Kraken:XBTUSDT,2024-02-13T13:20:00Z,49908.5,49908.5,49908.5,49908.5,0.00126366
Kraken:XBTUSDT,2024-02-13T13:21:00Z,49889.4,49890.3,49889.4,49890.2,0.00270379
Kraken:XBTUSDT,2024-02-13T13:22:00Z,49881.0,49881.0,49881.0,49881.0,0.0055
Kraken:XBTUSDT,2024-02-13T13:23:00Z,49875.1,49875.1,49875.1,49875.1,0.00083533
Kraken:XBTUSDT,2024-02-13T13:24:00Z,49875.2,49875.2,49875.2,49875.2,0.01545321
Kraken:XBTUSDT,2024-02-13T13:25:00Z,49875.2,49875.2,49874.2,49874.2,0.11286999
Kraken:XBTUSDT,2024-02-13T13:26:00Z,49853.3,49853.3,49821.9,49821.9,0.0605778
Kraken:XBTUSDT,2024-02-13T13:27:00Z,49811.6,49811.6,49754.8,49754.8,0.04953047
Kraken:XBTUSDT,2024-02-13T13:28:00Z,49754.9,49780.8,49754.2,49780.8,0.00371986
Kraken:XBTUSDT,2024-02-13T13:29:00Z,49786.4,49787.6,49786.4,49787.6,0.0034
Kraken:XBTUSDT,2024-02-13T13:30:00Z,49766.7,49766.7,49608.0,49617.2,1.35082089
Kraken:XBTUSDT,2024-02-13T13:31:00Z,49617.3,49689.4,49617.3,49689.4,0.05511739
Kraken:XBTUSDT,2024-02-13T13:32:00Z,49685.5,49718.0,49613.6,49629.8,0.7371385
Kraken:XBTUSDT,2024-02-13T13:33:00Z,49617.4,49625.7,49596.5,49596.5,1.83651383
Kraken:XBTUSDT,2024-02-13T13:34:00Z,49632.1,49660.3,49632.1,49637.3,0.44817963
Kraken:XBTUSDT,2024-02-13T13:35:00Z,49651.7,49665.5,49578.9,49591.8,1.25836978
Kraken:XBTUSDT,2024-02-13T13:36:00Z,49573.6,49573.6,49146.9,49215.2,6.75676369
Kraken:XBTUSDT,2024-02-13T13:37:00Z,49228.7,49372.0,49207.3,49370.0,1.48471734
Kraken:XBTUSDT,2024-02-13T13:38:00Z,49369.9,49412.1,49330.3,49330.3,1.84301229
Kraken:XBTUSDT,2024-02-13T13:39:00Z,49330.0,49499.8,49330.0,49499.8,0.81766802
Kraken:XBTUSDT,2024-02-13T13:40:00Z,49508.3,49529.4,49508.3,49529.4,0.14877853
Kraken:XBTUSDT,2024-02-13T13:41:00Z,49529.4,49585.0,49529.4,49560.8,0.34334771
Kraken:XBTUSDT,2024-02-13T13:43:00Z,49560.5,49566.1,49514.1,49514.1,0.01102343
Kraken:XBTUSDT,2024-02-13T13:44:00Z,49458.4,49538.7,49458.4,49538.7,0.00244474
Kraken:XBTUSDT,2024-02-13T13:45:00Z,49523.9,49523.9,49483.7,49483.7,0.01045231
Kraken:XBTUSDT,2024-02-13T13:46:00Z,49460.1,49493.5,49460.1,49493.5,0.01914954
Kraken:XBTUSDT,2024-02-13T13:47:00Z,49520.5,49526.5,49520.5,49526.5,0.11540063
Kraken:XBTUSDT,2024-02-13T13:48:00Z,49556.4,49581.7,49556.4,49581.7,1.31432856
Kraken:XBTUSDT,2024-02-13T13:49:00Z,49577.2,49585.4,49570.1,49585.4,0.1061
Kraken:XBTUSDT,2024-02-13T13:50:00Z,49592.7,49594.7,49592.7,49594.6,0.58022796
Kraken:XBTUSDT,2024-02-13T13:51:00Z,49594.6,49884.6,49578.9,49884.6,5.23319386
Kraken:XBTUSDT,2024-02-13T13:52:00Z,49823.1,49823.1,49773.8,49788.7,0.6064853
Kraken:XBTUSDT,2024-02-13T13:53:00Z,49807.5,49812.8,49729.2,49729.2,0.089554
Kraken:XBTUSDT,2024-02-13T13:54:00Z,49732.7,49759.7,49729.3,49741.2,0.03645862
Kraken:XBTUSDT,2024-02-13T13:55:00Z,49718.1,49733.8,49685.9,49698.8,0.36048672
Kraken:XBTUSDT,2024-02-13T13:56:00Z,49697.6,49697.6,49684.0,49684.0,0.00502148
Kraken:XBTUSDT,2024-02-13T13:57:00Z,49684.0,49684.0,49604.9,49619.1,0.18738976
Kraken:XBTUSDT,2024-02-13T13:58:00Z,49602.8,49602.8,49602.8,49602.8,0.02030681
Kraken:XBTUSDT,2024-02-13T13:59:00Z,49594.6,49594.6,49545.0,49545.0,0.00151237
Kraken:XBTUSDT,2024-02-13T14:00:00Z,49545.1,49545.1,49545.0,49545.0,0.00400887
Kraken:XBTUSDT,2024-02-13T14:01:00Z,49578.5,49583.1,49557.9,49557.9,0.06754564
Kraken:XBTUSDT,2024-02-13T14:02:00Z,49594.6,49594.6,49593.6,49594.6,2.51456744
Kraken:XBTUSDT,2024-02-13T14:03:00Z,49594.5,49627.4,49588.7,49588.7,0.22080355
Kraken:XBTUSDT,2024-02-13T14:04:00Z,49581.6,49600.6,49581.6,49600.6,0.01800581
Kraken:XBTUSDT,2024-02-13T14:05:00Z,49578.9,49578.9,49533.1,49533.1,0.00545288
Kraken:XBTUSDT,2024-02-13T14:06:00Z,49532.9,49532.9,49501.8,49501.8,0.12238348
Kraken:XBTUSDT,2024-02-13T14:07:00Z,49501.9,49501.9,49343.4,49357.5,1.64830379
Kraken:XBTUSDT,2024-02-13T14:08:00Z,49367.7,49370.9,49357.7,49357.7,0.12332142
Kraken:XBTUSDT,2024-02-13T14:09:00Z,49350.8,49413.3,49350.8,49405.6,1.71685349
Kraken:XBTUSDT,2024-02-13T14:10:00Z,49401.8,49401.8,49342.6,49342.6,0.0344327
Kraken:XBTUSDT,2024-02-13T14:11:00Z,49342.1,49342.4,49300.4,49300.4,1.10858541
Kraken:XBTUSDT,2024-02-13T14:12:00Z,49300.4,49300.4,49141.1,49216.6,3.43597369
Kraken:XBTUSDT,2024-02-13T14:13:00Z,49216.6,49216.6,49100.0,49100.0,0.25419294
Kraken:XBTUSDT,2024-02-13T14:14:00Z,49100.0,49164.9,49083.8,49091.0,1.38889041
Kraken:XBTUSDT,2024-02-13T14:15:00Z,49122.2,49173.2,49096.3,49173.2,0.20885565
Kraken:XBTUSDT,2024-02-13T14:16:00Z,49215.5,49221.4,49191.6,49207.2,0.02480103
Kraken:XBTUSDT,2024-02-13T14:17:00Z,49258.2,49317.6,49258.2,49317.6,0.02365838
Kraken:XBTUSDT,2024-02-13T14:18:00Z,49304.2,49304.2,49265.1,49265.1,1.0048
Kraken:XBTUSDT,2024-02-13T14:19:00Z,49268.0,49268.0,49242.6,49242.6,0.05034512
Kraken:XBTUSDT,2024-02-13T14:20:00Z,49211.9,49211.9,49162.7,49166.1,0.05372828
Kraken:XBTUSDT,2024-02-13T14:21:00Z,49145.2,49145.2,48900.0,48900.0,4.89783737
Kraken:XBTUSDT,2024-02-13T14:22:00Z,48900.0,48900.0,48601.8,48723.2,5.01359335
Kraken:XBTUSDT,2024-02-13T14:23:00Z,48777.0,48832.1,48538.0,48559.5,2.66900543
Kraken:XBTUSDT,2024-02-13T14:24:00Z,48557.2,48645.9,48368.0,48636.7,2.87860593
Kraken:XBTUSDT,2024-02-13T14:25:00Z,48644.6,48808.8,48644.6,48808.8,0.52341477
Kraken:XBTUSDT,2024-02-13T14:26:00Z,48822.1,48931.8,48822.1,48904.5,0.25325884
Kraken:XBTUSDT,2024-02-13T14:27:00Z,48894.9,48894.9,48813.7,48856.9,0.16269211
Kraken:XBTUSDT,2024-02-13T14:28:00Z,48865.2,48916.4,48865.2,48902.9,0.01466878
Kraken:XBTUSDT,2024-02-13T14:29:00Z,48904.8,48956.8,48900.0,48956.8,2.99450812
Kraken:XBTUSDT,2024-02-13T14:30:00Z,48951.7,48951.7,48836.4,48848.1,2.43205648
Kraken:XBTUSDT,2024-02-13T14:31:00Z,48841.2,48884.3,48742.7,48884.3,1.08366556
Kraken:XBTUSDT,2024-02-13T14:32:00Z,48874.2,48930.5,48874.2,48930.5,0.34703537
Kraken:XBTUSDT,2024-02-13T14:33:00Z,48930.5,49000.0,48930.4,49000.0,1.94217341
Kraken:XBTUSDT,2024-02-13T14:34:00Z,49000.0,49126.5,48999.9,49126.5,3.31671295
Kraken:XBTUSDT,2024-02-13T14:35:00Z,49131.6,49131.6,49050.8,49050.8,0.034089
Kraken:XBTUSDT,2024-02-13T14:36:00Z,49054.8,49084.0,49054.8,49076.8,0.1626895
Kraken:XBTUSDT,2024-02-13T14:37:00Z,49075.4,49075.4,49042.8,49067.4,0.7119293
Kraken:XBTUSDT,2024-02-13T14:38:00Z,49068.4,49154.6,49068.4,49138.6,0.83326852
Kraken:XBTUSDT,2024-02-13T14:39:00Z,49139.0,49147.6,49128.9,49128.9,0.37757
Kraken:XBTUSDT,2024-02-13T14:40:00Z,49093.1,49093.1,49055.5,49055.5,0.0082
Kraken:XBTUSDT,2024-02-13T14:41:00Z,49034.5,49034.5,48922.6,48923.4,2.20659278
Kraken:XBTUSDT,2024-02-13T14:42:00Z,48922.7,48930.6,48922.7,48930.6,0.5001
Kraken:XBTUSDT,2024-02-13T14:43:00Z,48985.9,49005.7,48953.4,48965.2,2.13610843
Kraken:XBTUSDT,2024-02-13T14:44:00Z,48923.6,48923.6,48911.0,48911.0,0.00659434
Kraken:XBTUSDT,2024-02-13T14:45:00Z,48901.0,48956.1,48891.8,48941.5,0.33599645
Kraken:XBTUSDT,2024-02-13T14:46:00Z,48941.2,48969.5,48857.9,48881.3,1.00473696
Kraken:XBTUSDT,2024-02-13T14:47:00Z,48895.6,48895.6,48839.3,48839.3,0.00413296
Kraken:XBTUSDT,2024-02-13T14:48:00Z,48800.5,48834.2,48800.5,48834.2,0.03840575
Kraken:XBTUSDT,2024-02-13T14:49:00Z,48834.2,48834.2,48790.6,48790.6,0.08715482
Kraken:XBTUSDT,2024-02-13T14:50:00Z,48790.6,48790.6,48721.2,48721.3,1.19157
Kraken:XBTUSDT,2024-02-13T14:51:00Z,48745.0,48801.5,48745.0,48801.5,0.0511
Kraken:XBTUSDT,2024-02-13T14:52:00Z,48823.6,48844.1,48803.6,48844.1,0.09750266
Kraken:XBTUSDT,2024-02-13T14:53:00Z,48801.7,48801.7,48800.0,48800.1,0.04040672
Kraken:XBTUSDT,2024-02-13T14:54:00Z,48800.0,48806.2,48800.0,48800.0,0.25331848
Kraken:XBTUSDT,2024-02-13T14:55:00Z,48736.6,48755.1,48653.6,48755.1,1.19807444
Kraken:XBTUSDT,2024-02-13T14:56:00Z,48814.7,48827.0,48790.9,48827.0,0.1874307
Kraken:XBTUSDT,2024-02-13T14:57:00Z,48814.2,48824.0,48782.3,48782.3,0.5494525
Kraken:XBTUSDT,2024-02-13T14:58:00Z,48779.2,48779.2,48712.0,48746.6,0.08604474
Kraken:XBTUSDT,2024-02-13T14:59:00Z,48730.1,48730.1,48686.8,48686.8,0.00941744
Kraken:XBTUSDT,2024-02-13T15:00:00Z,48685.1,48711.6,48656.9,48711.6,0.12295611
Kraken:XBTUSDT,2024-02-13T15:01:00Z,48731.7,48820.2,48731.7,48820.2,0.01595965
Kraken:XBTUSDT,2024-02-13T15:02:00Z,48825.6,48864.4,48802.3,48858.3,0.04786838
Kraken:XBTUSDT,2024-02-13T15:03:00Z,48855.5,48855.5,48750.6,48750.6,0.20736313
Kraken:XBTUSDT,2024-02-13T15:04:00Z,48719.0,48719.0,48682.6,48683.1,5.91954111
Kraken:XBTUSDT,2024-02-13T15:05:00Z,48670.1,48675.1,48670.1,48675.1,0.00946296
Kraken:XBTUSDT,2024-02-13T15:06:00Z,48661.2,48723.4,48661.2,48723.4,0.07106393
Kraken:XBTUSDT,2024-02-13T15:07:00Z,48761.1,48772.6,48743.7,48769.0,0.22319636
Kraken:XBTUSDT,2024-02-13T15:08:00Z,48768.6,48788.1,48754.7,48754.7,1.0622
Kraken:XBTUSDT,2024-02-13T15:09:00Z,48736.1,48736.1,48658.0,48658.0,0.00371481
Kraken:XBTUSDT,2024-02-13T15:10:00Z,48651.9,48651.9,48564.3,48592.1,0.20564396
Kraken:XBTUSDT,2024-02-13T15:11:00Z,48564.3,48659.1,48564.2,48645.4,0.14909782
Kraken:XBTUSDT,2024-02-13T15:12:00Z,48628.0,48633.2,48553.1,48592.0,0.03076106
Kraken:XBTUSDT,2024-02-13T15:13:00Z,48575.3,48575.3,48540.0,48542.1,0.0656117
Kraken:XBTUSDT,2024-02-13T15:14:00Z,48540.1,48545.6,48485.7,48485.8,0.32698363
Kraken:XBTUSDT,2024-02-13T15:15:00Z,48485.7,48537.7,48473.0,48537.7,0.35944748
Kraken:XBTUSDT,2024-02-13T15:16:00Z,48555.6,48586.6,48552.7,48574.1,0.05279612
Kraken:XBTUSDT,2024-02-13T15:17:00Z,48541.8,48544.4,48508.5,48538.0,0.61207977
Kraken:XBTUSDT,2024-02-13T15:18:00Z,48561.4,48567.5,48501.4,48501.4,0.1410849
Kraken:XBTUSDT,2024-02-13T15:19:00Z,48564.8,48604.1,48564.8,48604.1,0.09124552
Kraken:XBTUSDT,2024-02-13T15:20:00Z,48629.2,48714.6,48629.2,48714.6,0.091004
Kraken:XBTUSDT,2024-02-13T15:21:00Z,48708.1,48717.3,48677.1,48700.1,0.12299739
Kraken:XBTUSDT,2024-02-13T15:22:00Z,48756.9,48772.9,48756.9,48771.4,0.03857474
Kraken:XBTUSDT,2024-02-13T15:23:00Z,48767.3,48784.4,48736.5,48770.2,2.19837409
Kraken:XBTUSDT,2024-02-13T15:24:00Z,48775.2,48780.6,48728.6,48780.6,0.37633249
Kraken:XBTUSDT,2024-02-13T15:25:00Z,48772.0,48772.7,48739.9,48739.9,0.09151385
Kraken:XBTUSDT,2024-02-13T15:26:00Z,48783.3,48883.2,48783.3,48883.2,0.61003303
Kraken:XBTUSDT,2024-02-13T15:27:00Z,48883.4,48934.9,48883.4,48934.9,0.07251424
Kraken:XBTUSDT,2024-02-13T15:28:00Z,48934.9,48955.0,48934.9,48955.0,0.09409981
Kraken:XBTUSDT,2024-02-13T15:29:00Z,48937.0,48950.5,48937.0,48949.9,0.9541682
Kraken:XBTUSDT,2024-02-13T15:30:00Z,48950.0,48950.0,48939.1,48939.1,0.88795096
Kraken:XBTUSDT,2024-02-13T15:31:00Z,48951.6,48951.6,48896.9,48915.1,0.14152206
Kraken:XBTUSDT,2024-02-13T15:32:00Z,48888.0,48888.1,48888.0,48888.1,0.01398228
Kraken:XBTUSDT,2024-02-13T15:33:00Z,48888.0,48888.0,48875.3,48875.3,0.0259596
Kraken:XBTUSDT,2024-02-13T15:34:00Z,48898.5,48956.1,48898.5,48956.1,0.02109755
Kraken:XBTUSDT,2024-02-13T15:35:00Z,48956.1,48968.9,48903.2,48903.2,0.0226599
Kraken:XBTUSDT,2024-02-13T15:36:00Z,48911.3,48911.3,48911.3,48911.3,0.00503677
Kraken:XBTUSDT,2024-02-13T15:37:00Z,48882.6,48889.2,48882.6,48889.2,0.00937273
Kraken:XBTUSDT,2024-02-13T15:38:00Z,48895.9,48895.9,48895.2,48895.2,0.01528964
Kraken:XBTUSDT,2024-02-13T15:39:00Z,48928.8,48935.6,48928.8,48935.6,0.00281161
Kraken:XBTUSDT,2024-02-13T15:40:00Z,48896.0,48896.0,48896.0,48896.0,0.00048427
Kraken:XBTUSDT,2024-02-13T15:41:00Z,48847.2,48847.2,48839.3,48839.3,0.000295
Kraken:XBTUSDT,2024-02-13T15:42:00Z,48785.0,48800.6,48759.9,48800.6,0.04292203
Kraken:XBTUSDT,2024-02-13T15:43:00Z,48825.9,48825.9,48813.2,48815.6,0.01967322
Kraken:XBTUSDT,2024-02-13T15:44:00Z,48787.7,48788.5,48771.1,48771.1,0.02446323
Kraken:XBTUSDT,2024-02-13T15:45:00Z,48799.3,48818.7,48799.2,48807.5,0.11925533
Kraken:XBTUSDT,2024-02-13T15:46:00Z,48820.9,48820.9,48820.9,48820.9,0.05013093
Kraken:XBTUSDT,2024-02-13T15:48:00Z,48881.3,48881.3,48809.3,48809.3,0.22298742
Kraken:XBTUSDT,2024-02-13T15:49:00Z,48806.9,48831.5,48806.9,48831.5,0.00638
Kraken:XBTUSDT,2024-02-13T15:50:00Z,48850.7,48850.7,48836.7,48836.7,0.00148969
Kraken:XBTUSDT,2024-02-13T15:51:00Z,48812.1,48812.1,48806.9,48806.9,0.03335909
Kraken:XBTUSDT,2024-02-13T15:52:00Z,48800.0,48803.2,48779.1,48803.2,0.06446653
Kraken:XBTUSDT,2024-02-13T15:53:00Z,48807.5,48817.1,48806.2,48817.1,0.01511221
Kraken:XBTUSDT,2024-02-13T15:54:00Z,48817.1,48817.1,48792.8,48792.8,0.02743294
Kraken:XBTUSDT,2024-02-13T15:55:00Z,48792.9,48792.9,48792.8,48792.8,0.00833058
Kraken:XBTUSDT,2024-02-13T15:56:00Z,48790.8,48790.8,48741.4,48744.9,0.02684663
Kraken:XBTUSDT,2024-02-13T15:57:00Z,48749.8,48749.8,48749.8,48749.8,0.0040961
Kraken:XBTUSDT,2024-02-13T15:58:00Z,48753.2,48770.3,48753.2,48764.5,0.05302251
Kraken:XBTUSDT,2024-02-13T16:00:00Z,48756.1,48756.1,48703.6,48737.0,0.31101119
Kraken:XBTUSDT,2024-02-13T16:01:00Z,48737.1,48737.1,48714.4,48714.4,2.3186
Kraken:XBTUSDT,2024-02-13T16:02:00Z,48736.9,48737.0,48731.6,48731.6,0.27665902
Kraken:XBTUSDT,2024-02-13T16:03:00Z,48737.1,48785.8,48737.1,48754.2,0.52928828
Kraken:XBTUSDT,2024-02-13T16:04:00Z,48811.2,48811.2,48811.2,48811.2,0.00066414
Kraken:XBTUSDT,2024-02-13T16:05:00Z,48822.3,48822.3,48803.0,48810.2,1.30794692
Kraken:XBTUSDT,2024-02-13T16:06:00Z,48836.6,48837.5,48830.0,48836.9,0.05081046
Kraken:XBTUSDT,2024-02-13T16:07:00Z,48836.9,48836.9,48802.9,48802.9,0.04227632
Kraken:XBTUSDT,2024-02-13T16:08:00Z,48809.4,48818.0,48781.0,48781.0,5.89472227
Kraken:XBTUSDT,2024-02-13T16:09:00Z,48780.0,48805.9,48780.0,48790.6,1.03300019
Kraken:XBTUSDT,2024-02-13T16:10:00Z,48780.5,48780.5,48709.0,48709.0,0.21479982
Kraken:XBTUSDT,2024-02-13T16:11:00Z,48701.0,48701.0,48700.0,48700.0,0.0458
Kraken:XBTUSDT,2024-02-13T16:12:00Z,48700.2,48700.2,48700.2,48700.2,0.0014855
Kraken:XBTUSDT,2024-02-13T16:13:00Z,48700.2,48700.2,48667.9,48667.9,0.31372349
Kraken:XBTUSDT,2024-02-13T16:14:00Z,48685.7,48685.7,48685.7,48685.7,0.0005
Kraken:XBTUSDT,2024-02-13T16:15:00Z,48693.5,48693.6,48693.5,48693.5,0.14460647
Kraken:XBTUSDT,2024-02-13T16:16:00Z,48694.5,48694.5,48694.5,48694.5,0.001
Kraken:XBTUSDT,2024-02-13T16:17:00Z,48662.6,48662.6,48652.5,48652.5,0.13094053
Kraken:XBTUSDT,2024-02-13T16:18:00Z,48652.6,48692.4,48652.6,48690.2,0.77432431
Kraken:XBTUSDT,2024-02-13T16:19:00Z,48690.3,48690.3,48666.6,48666.6,0.11529482
Kraken:XBTUSDT,2024-02-13T16:20:00Z,48677.6,48694.6,48677.6,48694.6,0.02542728
Kraken:XBTUSDT,2024-02-13T16:21:00Z,48753.2,48753.2,48698.2,48698.2,0.00240363
Kraken:XBTUSDT,2024-02-13T16:22:00Z,48701.7,48701.8,48701.6,48701.6,0.03956745
Kraken:XBTUSDT,2024-02-13T16:23:00Z,48674.7,48674.7,48652.1,48652.2,0.22684287
Kraken:XBTUSDT,2024-02-13T16:24:00Z,48660.0,48660.0,48660.0,48660.0,0.018
Kraken:XBTUSDT,2024-02-13T16:25:00Z,48660.0,48660.0,48660.0,48660.0,0.10830106
Kraken:XBTUSDT,2024-02-13T16:26:00Z,48660.0,48725.3,48660.0,48715.0,0.25900242
Kraken:XBTUSDT,2024-02-13T16:27:00Z,48715.0,48775.5,48715.0,48775.5,0.46828877
Kraken:XBTUSDT,2024-02-13T16:28:00Z,48781.5,48824.3,48781.5,48799.0,1.90588847
Kraken:XBTUSDT,2024-02-13T16:29:00Z,48795.1,48795.1,48795.1,48795.1,0.001
Kraken:XBTUSDT,2024-02-13T16:30:00Z,48795.1,48818.3,48795.1,48818.3,0.0331
Kraken:XBTUSDT,2024-02-13T16:31:00Z,48829.2,48831.2,48824.8,48824.8,0.01996965
Kraken:XBTUSDT,2024-02-13T16:32:00Z,48839.3,48849.1,48833.4,48843.2,0.0833356
Kraken:XBTUSDT,2024-02-13T16:33:00Z,48818.0,48818.0,48818.0,48818.0,0.0154
Kraken:XBTUSDT,2024-02-13T16:34:00Z,48793.0,48793.0,48775.0,48776.8,0.01451458
Kraken:XBTUSDT,2024-02-13T16:35:00Z,48773.8,48773.8,48715.7,48715.7,0.11694246
Kraken:XBTUSDT,2024-02-13T16:36:00Z,48726.5,48729.2,48714.8,48729.2,0.42758422
Kraken:XBTUSDT,2024-02-13T16:37:00Z,48751.0,48778.3,48740.1,48740.1,0.01691299
Kraken:XBTUSDT,2024-02-13T16:38:00Z,48715.8,48715.8,48715.8,48715.8,0.00547375
Kraken:XBTUSDT,2024-02-13T16:39:00Z,48714.6,48714.6,48714.6,48714.6,0.00013
Kraken:XBTUSDT,2024-02-13T16:40:00Z,48675.6,48675.6,48650.0,48650.0,0.20215457
Kraken:XBTUSDT,2024-02-13T16:41:00Z,48644.0,48646.6,48644.0,48646.6,0.0027
Kraken:XBTUSDT,2024-02-13T16:42:00Z,48665.9,48677.7,48665.9,48674.8,0.02026899
Kraken:XBTUSDT,2024-02-13T16:43:00Z,48675.1,48675.1,48621.5,48621.5,0.05720994
Kraken:XBTUSDT,2024-02-13T16:44:00Z,48644.3,48644.3,48612.0,48612.0,0.22691
Kraken:XBTUSDT,2024-02-13T16:45:00Z,48636.5,48651.1,48627.4,48627.4,1.97191718
Kraken:XBTUSDT,2024-02-13T16:46:00Z,48622.5,48629.5,48551.2,48551.2,5.53456283
Kraken:XBTUSDT,2024-02-13T16:47:00Z,48551.3,48557.5,48551.3,48557.5,0.0861
Kraken:XBTUSDT,2024-02-13T16:48:00Z,48551.3,48556.6,48551.3,48553.9,0.20845116
Kraken:XBTUSDT,2024-02-13T16:49:00Z,48553.8,48553.8,48544.1,48545.1,0.16168918
Kraken:XBTUSDT,2024-02-13T16:50:00Z,48553.9,48637.0,48553.9,48637.0,0.0495643
Kraken:XBTUSDT,2024-02-13T16:51:00Z,48629.8,48629.8,48559.4,48559.4,1.01654088
Kraken:XBTUSDT,2024-02-13T16:52:00Z,48559.5,48597.6,48537.6,48597.6,0.07945165
Kraken:XBTUSDT,2024-02-13T16:53:00Z,48610.6,48610.6,48585.8,48585.8,0.0336
Kraken:XBTUSDT,2024-02-13T16:54:00Z,48570.2,48610.3,48570.2,48610.3,0.01528446
Kraken:XBTUSDT,2024-02-13T16:55:00Z,48610.3,48610.3,48610.3,48610.3,0.05931495
Kraken:XBTUSDT,2024-02-13T16:56:00Z,48596.4,48596.4,48579.7,48579.7,1.33028891
Kraken:XBTUSDT,2024-02-13T16:58:00Z,48542.4,48542.4,48537.0,48537.0,0.15803855
Kraken:XBTUSDT,2024-02-13T16:59:00Z,48527.8,48527.8,48500.0,48500.1,2.25002911
Kraken:XBTUSDT,2024-02-13T17:00:00Z,48500.1,48500.1,48489.5,48490.5,0.33143989
Kraken:XBTUSDT,2024-02-13T17:01:00Z,48490.4,48495.4,48490.4,48495.4,0.00714979
Kraken:XBTUSDT,2024-02-13T17:02:00Z,48516.5,48531.3,48490.3,48490.3,0.07786284
Kraken:XBTUSDT,2024-02-13T17:03:00Z,48533.9,48536.6,48533.9,48536.6,0.00623966
Kraken:XBTUSDT,2024-02-13T17:04:00Z,48536.7,48536.7,48497.6,48497.6,0.27559101
Kraken:XBTUSDT,2024-02-13T17:05:00Z,48502.6,48517.0,48497.8,48517.0,0.15678
Kraken:XBTUSDT,2024-02-13T17:06:00Z,48516.3,48525.3,48516.3,48525.3,0.19051506
Kraken:XBTUSDT,2024-02-13T17:07:00Z,48516.2,48534.5,48490.1,48530.6,2.88569133
Kraken:XBTUSDT,2024-02-13T17:08:00Z,48533.7,48539.4,48485.9,48490.1,1.50490469
Kraken:XBTUSDT,2024-02-13T17:09:00Z,48493.9,48496.1,48485.0,48485.0,1.12091052
Kraken:XBTUSDT,2024-02-13T17:10:00Z,48480.1,48480.1,48440.1,48471.4,0.46727004
Kraken:XBTUSDT,2024-02-13T17:11:00Z,48476.3,48476.3,48424.2,48424.3,0.08540597
Kraken:XBTUSDT,2024-02-13T17:12:00Z,48424.2,48424.2,48346.7,48402.0,1.74678731
Kraken:XBTUSDT,2024-02-13T17:13:00Z,48418.6,48484.9,48418.6,48458.6,9.33354467
Kraken:XBTUSDT,2024-02-13T17:14:00Z,48454.5,48454.5,48454.5,48454.5,0.00016444
Kraken:XBTUSDT,2024-02-13T17:15:00Z,48483.8,48526.7,48483.8,48526.7,0.17368039
Kraken:XBTUSDT,2024-02-13T17:16:00Z,48532.2,48537.0,48502.9,48504.5,0.07783279
Kraken:XBTUSDT,2024-02-13T17:17:00Z,48514.8,48537.4,48457.4,48465.3,0.34809443
Kraken:XBTUSDT,2024-02-13T17:18:00Z,48482.6,48538.1,48482.6,48532.6,0.01740473
Kraken:XBTUSDT,2024-02-13T17:19:00Z,48530.4,48578.7,48530.4,48578.7,0.03286234
Kraken:XBTUSDT,2024-02-13T17:20:00Z,48578.7,48578.8,48578.7,48578.8,0.01515741
Kraken:XBTUSDT,2024-02-13T17:21:00Z,48590.0,48590.0,48575.5,48590.0,0.0047228
Kraken:XBTUSDT,2024-02-13T17:22:00Z,48582.3,48590.0,48572.4,48590.0,0.0217
Kraken:XBTUSDT,2024-02-13T17:23:00Z,48590.0,48610.3,48587.8,48610.1,0.03904945
Kraken:XBTUSDT,2024-02-13T17:24:00Z,48610.3,48610.3,48586.0,48586.0,0.52156386
Kraken:XBTUSDT,2024-02-13T17:25:00Z,48578.6,48606.7,48578.6,48606.7,0.03046183
Kraken:XBTUSDT,2024-02-13T17:26:00Z,48608.5,48612.8,48608.5,48612.8,0.01198789
Kraken:XBTUSDT,2024-02-13T17:27:00Z,48587.6,48600.5,48587.6,48594.9,0.02107416
Kraken:XBTUSDT,2024-02-13T17:28:00Z,48599.6,48599.6,48599.6,48599.6,0.50370585
Kraken:XBTUSDT,2024-02-13T17:29:00Z,48608.3,48622.5,48561.0,48593.5,1.50453393
Kraken:XBTUSDT,2024-02-13T17:30:00Z,48597.0,48597.0,48576.3,48576.3,0.21211668
Kraken:XBTUSDT,2024-02-13T17:31:00Z,48593.9,48615.2,48593.8,48615.2,0.00288876
Kraken:XBTUSDT,2024-02-13T17:32:00Z,48624.6,48656.2,48624.6,48656.2,0.49126756
Kraken:XBTUSDT,2024-02-13T17:33:00Z,48657.6,48704.6,48657.6,48704.5,1.0267931
Kraken:XBTUSDT,2024-02-13T17:34:00Z,48704.6,48704.6,48704.6,48704.6,0.002
Kraken:XBTUSDT,2024-02-13T17:35:00Z,48704.5,48707.6,48704.5,48707.6,0.0088448
Kraken:XBTUSDT,2024-02-13T17:36:00Z,48688.6,48688.6,48668.0,48668.0,0.38592489
Kraken:XBTUSDT,2024-02-13T17:37:00Z,48668.5,48698.9,48668.5,48698.9,0.00279751
Kraken:XBTUSDT,2024-02-13T17:38:00Z,48707.5,48717.3,48707.5,48717.3,2.77445053
Kraken:XBTUSDT,2024-02-13T17:39:00Z,48723.1,48746.5,48723.1,48746.5,0.0148249
Kraken:XBTUSDT,2024-02-13T17:40:00Z,48748.3,48748.3,48746.6,48748.3,0.12131065
Kraken:XBTUSDT,2024-02-13T17:41:00Z,48748.4,48759.5,48748.4,48759.4,0.40209622
Kraken:XBTUSDT,2024-02-13T17:42:00Z,48759.5,48759.5,48759.5,48759.5,0.02889571
Kraken:XBTUSDT,2024-02-13T17:43:00Z,48759.5,48787.4,48759.5,48787.4,0.11738031
Kraken:XBTUSDT,2024-02-13T17:44:00Z,48790.0,48800.5,48790.0,48794.2,0.33934485
Kraken:XBTUSDT,2024-02-13T17:45:00Z,48792.0,48803.5,48792.0,48803.5,0.06015806
Kraken:XBTUSDT,2024-02-13T17:46:00Z,48803.4,48803.5,48760.1,48776.2,0.04138171
Kraken:XBTUSDT,2024-02-13T17:47:00Z,48764.3,48764.4,48764.3,48764.4,0.01210784
Kraken:XBTUSDT,2024-02-13T17:48:00Z,48805.5,48808.8,48805.5,48808.8,0.00412651
Kraken:XBTUSDT,2024-02-13T17:49:00Z,48808.8,48827.5,48808.8,48827.5,0.010467
Kraken:XBTUSDT,2024-02-13T17:50:00Z,48821.7,48830.3,48821.7,48830.3,0.01543734
Kraken:XBTUSDT,2024-02-13T17:51:00Z,48830.3,48833.4,48820.7,48820.7,0.02094117
Kraken:XBTUSDT,2024-02-13T17:52:00Z,48825.5,48834.1,48810.9,48810.9,1.47610548
Kraken:XBTUSDT,2024-02-13T17:54:00Z,48808.8,48814.0,48808.7,48810.8,0.07725856
Kraken:XBTUSDT,2024-02-13T17:56:00Z,48839.3,48843.6,48839.3,48843.6,0.0217
Kraken:XBTUSDT,2024-02-13T17:57:00Z,48820.5,48820.5,48820.5,48820.5,0.01078833
Kraken:XBTUSDT,2024-02-13T17:58:00Z,48844.8,48850.0,48844.8,48849.9,0.102
Kraken:XBTUSDT,2024-02-13T17:59:00Z,48849.9,48856.4,48849.9,48856.3,0.01078154
Kraken:XBTUSDT,2024-02-13T18:00:00Z,48849.9,48850.0,48838.3,48841.2,0.00449706
Kraken:XBTUSDT,2024-02-13T18:01:00Z,48856.4,48894.9,48856.4,48894.9,0.03747981
Kraken:XBTUSDT,2024-02-13T18:02:00Z,48880.8,48928.2,48880.8,48920.2,0.02481968
Kraken:XBTUSDT,2024-02-13T18:03:00Z,48931.3,48955.0,48931.3,48948.0,0.10347458
Kraken:XBTUSDT,2024-02-13T18:04:00Z,48947.4,48964.4,48947.4,48964.3,0.1161554
Kraken:XBTUSDT,2024-02-13T18:05:00Z,48964.4,48964.4,48944.4,48954.4,0.00434802
Kraken:XBTUSDT,2024-02-13T18:06:00Z,48950.7,49033.0,48950.6,49033.0,1.25008031
Kraken:XBTUSDT,2024-02-13T18:07:00Z,48975.3,49089.7,48975.3,49086.6,0.41282155
Kraken:XBTUSDT,2024-02-13T18:08:00Z,49089.8,49126.5,49089.8,49091.6,1.06038702
Kraken:XBTUSDT,2024-02-13T18:09:00Z,49115.2,49115.2,49055.4,49055.4,0.86699281
Kraken:XBTUSDT,2024-02-13T18:10:00Z,49064.5,49090.9,49037.0,49037.0,0.90508142
Kraken:XBTUSDT,2024-02-13T18:11:00Z,49036.6,49036.6,49036.6,49036.6,0.0004061
Kraken:XBTUSDT,2024-02-13T18:12:00Z,49036.6,49036.6,48964.4,48964.4,0.27725301
Kraken:XBTUSDT,2024-02-13T18:13:00Z,49001.5,49001.5,49001.5,49001.5,0.00082818
Kraken:XBTUSDT,2024-02-13T18:14:00Z,48973.6,48979.2,48973.6,48979.2,0.03709049
Kraken:XBTUSDT,2024-02-13T18:15:00Z,48978.7,49019.8,48972.8,49013.4,0.00494316
Kraken:XBTUSDT,2024-02-13T18:16:00Z,49034.3,49034.3,49004.4,49004.4,0.00707765
Kraken:XBTUSDT,2024-02-13T18:17:00Z,48971.4,48988.2,48971.4,48974.6,0.10997191
Kraken:XBTUSDT,2024-02-13T18:18:00Z,48971.4,48971.5,48948.5,48948.5,0.14026076
Kraken:XBTUSDT,2024-02-13T18:19:00Z,48968.6,48968.6,48964.8,48964.8,0.00296583
Kraken:XBTUSDT,2024-02-13T18:20:00Z,48963.3,48968.4,48963.3,48968.4,0.00294768
Kraken:XBTUSDT,2024-02-13T18:21:00Z,48971.4,48971.4,48971.4,48971.4,0.03065572
Kraken:XBTUSDT,2024-02-13T18:22:00Z,48983.2,49095.6,48983.2,49095.6,0.07712512
Kraken:XBTUSDT,2024-02-13T18:23:00Z,49102.0,49131.6,49101.2,49131.6,0.065
Kraken:XBTUSDT,2024-02-13T18:24:00Z,49131.6,49154.5,49131.6,49154.5,0.012509
Kraken:XBTUSDT,2024-02-13T18:25:00Z,49154.6,49154.6,49128.1,49128.1,0.0325124
Kraken:XBTUSDT,2024-02-13T18:26:00Z,49113.2,49113.2,49113.2,49113.2,0.00071264
Kraken:XBTUSDT,2024-02-13T18:27:00Z,49146.9,49209.7,49146.9,49204.7,0.78266941
Kraken:XBTUSDT,2024-02-13T18:28:00Z,49203.7,49203.7,49203.0,49203.4,0.00386362
Kraken:XBTUSDT,2024-02-13T18:29:00Z,49200.1,49200.1,49200.1,49200.1,0.06277825
Kraken:XBTUSDT,2024-02-13T18:30:00Z,49200.0,49216.7,49200.0,49216.6,0.00759468
Kraken:XBTUSDT,2024-02-13T18:31:00Z,49216.7,49237.4,49172.3,49172.3,0.00993033
Kraken:XBTUSDT,2024-02-13T18:32:00Z,49182.7,49182.7,49145.0,49145.0,0.02429883
Kraken:XBTUSDT,2024-02-13T18:33:00Z,49162.8,49162.8,49162.8,49162.8,0.01017041
Kraken:XBTUSDT,2024-02-13T18:34:00Z,49133.2,49133.2,49133.0,49133.0,0.1511
Kraken:XBTUSDT,2024-02-13T18:36:00Z,49214.7,49214.7,49214.7,49214.7,0.00127632
Kraken:XBTUSDT,2024-02-13T18:37:00Z,49207.8,49207.8,49207.8,49207.8,0.00083665
Kraken:XBTUSDT,2024-02-13T18:38:00Z,49196.0,49196.0,49195.5,49195.5,0.149
Kraken:XBTUSDT,2024-02-13T18:39:00Z,49202.8,49202.9,49202.8,49202.9,0.01196905
Kraken:XBTUSDT,2024-02-13T18:40:00Z,49215.9,49232.1,49215.9,49232.1,0.00793122
Kraken:XBTUSDT,2024-02-13T18:41:00Z,49238.8,49240.4,49238.8,49240.4,0.00217761
Kraken:XBTUSDT,2024-02-13T18:42:00Z,49240.4,49249.0,49240.4,49249.0,0.00623759
Kraken:XBTUSDT,2024-02-13T18:43:00Z,49252.7,49256.5,49252.7,49256.5,0.52388501
Kraken:XBTUSDT,2024-02-13T18:44:00Z,49256.4,49256.4,49256.4,49256.4,0.01027115
Kraken:XBTUSDT,2024-02-13T18:45:00Z,49254.6,49254.6,49254.0,49254.0,2.92814645
Kraken:XBTUSDT,2024-02-13T18:46:00Z,49200.0,49200.0,49200.0,49200.0,0.40595366
Kraken:XBTUSDT,2024-02-13T18:47:00Z,49132.0,49132.0,49129.8,49129.8,0.02522329
Kraken:XBTUSDT,2024-02-13T18:49:00Z,49113.2,49113.2,49113.1,49113.1,0.00157764
Kraken:XBTUSDT,2024-02-13T18:50:00Z,49098.2,49107.2,49085.8,49094.0,0.47330274
Kraken:XBTUSDT,2024-02-13T18:51:00Z,49115.0,49115.0,49115.0,49115.0,0.00122143
Kraken:XBTUSDT,2024-02-13T18:52:00Z,49091.2,49091.2,49091.2,49091.2,0.0050498
Kraken:XBTUSDT,2024-02-13T18:53:00Z,49084.2,49084.2,49078.6,49078.6,0.024155
Kraken:XBTUSDT,2024-02-13T18:55:00Z,49103.7,49111.9,49103.7,49111.9,0.00309455
Kraken:XBTUSDT,2024-02-13T18:56:00Z,49113.9,49113.9,49113.8,49113.8,0.00161234
Kraken:XBTUSDT,2024-02-13T18:57:00Z,49113.9,49123.1,49096.6,49096.6,0.02692242
Kraken:XBTUSDT,2024-02-13T18:59:00Z,49120.3,49120.6,49120.3,49120.6,0.0028
Kraken:XBTUSDT,2024-02-13T19:00:00Z,49089.6,49089.6,49083.5,49087.5,0.00768143
Kraken:XBTUSDT,2024-02-13T19:01:00Z,49086.3,49086.3,49059.9,49060.0,0.0128806
Kraken:XBTUSDT,2024-02-13T19:03:00Z,49055.2,49056.3,49029.0,49029.0,0.06018913
Kraken:XBTUSDT,2024-02-13T19:04:00Z,49017.0,49017.0,49016.9,49016.9,0.05147459
Kraken:XBTUSDT,2024-02-13T19:05:00Z,49009.1,49009.1,49000.0,49000.0,0.08674999
Kraken:XBTUSDT,2024-02-13T19:06:00Z,49000.0,49000.0,48992.7,48992.7,0.02083963
Kraken:XBTUSDT,2024-02-13T19:07:00Z,49007.1,49011.6,49007.1,49011.6,0.00889277
Kraken:XBTUSDT,2024-02-13T19:08:00Z,48996.8,48998.4,48996.8,48998.4,0.06170464
Kraken:XBTUSDT,2024-02-13T19:09:00Z,49019.6,49019.6,49019.6,49019.6,0.0008
Kraken:XBTUSDT,2024-02-13T19:13:00Z,49019.0,49026.2,49017.7,49026.2,0.17664117
Kraken:XBTUSDT,2024-02-13T19:15:00Z,48995.0,49000.2,48995.0,49000.2,0.00280031
Kraken:XBTUSDT,2024-02-13T19:16:00Z,48966.5,48966.5,48942.0,48942.0,0.0072581
Kraken:XBTUSDT,2024-02-13T19:17:00Z,48958.8,48980.8,48958.8,48980.8,0.81886366
Kraken:XBTUSDT,2024-02-13T19:18:00Z,48980.8,49045.5,48980.8,49045.5,0.01318778
Kraken:XBTUSDT,2024-02-13T19:19:00Z,49045.5,49045.5,49045.5,49045.5,0.001
Kraken:XBTUSDT,2024-02-13T19:21:00Z,49001.5,49001.5,49001.5,49001.5,0.00673019
Kraken:XBTUSDT,2024-02-13T19:22:00Z,49001.5,49001.5,49001.5,49001.5,0.0003
Kraken:XBTUSDT,2024-02-13T19:23:00Z,49001.5,49001.5,49001.5,49001.5,0.04296981
Kraken:XBTUSDT,2024-02-13T19:24:00Z,49057.6,49075.0,49057.6,49075.0,0.02956282
Kraken:XBTUSDT,2024-02-13T19:25:00Z,49075.0,49075.0,49075.0,49075.0,0.00050035
Kraken:XBTUSDT,2024-02-13T19:26:00Z,49067.5,49067.5,49061.3,49061.3,0.0145093
Kraken:XBTUSDT,2024-02-13T19:27:00Z,49075.0,49089.8,49075.0,49089.8,0.14429101
Kraken:XBTUSDT,2024-02-13T19:28:00Z,49109.8,49110.0,49109.8,49110.0,0.25058291
Kraken:XBTUSDT,2024-02-13T19:29:00Z,49150.4,49169.1,49150.4,49169.1,0.001053
Kraken:XBTUSDT,2024-02-13T19:30:00Z,49158.5,49176.1,49158.5,49176.1,0.00294
Kraken:XBTUSDT,2024-02-13T19:31:00Z,49186.0,49215.1,49186.0,49215.1,0.08189337
Kraken:XBTUSDT,2024-02-13T19:32:00Z,49215.2,49228.6,49215.2,49228.6,0.00280102
Kraken:XBTUSDT,2024-02-13T19:34:00Z,49228.7,49233.0,49228.7,49233.0,0.34702189
Kraken:XBTUSDT,2024-02-13T19:36:00Z,49244.7,49256.4,49243.6,49243.6,0.15230746
Kraken:XBTUSDT,2024-02-13T19:37:00Z,49225.5,49225.5,49164.4,49164.4,4.37192678
Kraken:XBTUSDT,2024-02-13T19:38:00Z,49176.6,49193.8,49167.4,49193.8,0.0372036
Kraken:XBTUSDT,2024-02-13T19:39:00Z,49193.8,49193.8,49172.3,49177.4,0.3196518
Kraken:XBTUSDT,2024-02-13T19:41:00Z,49185.7,49185.7,49185.7,49185.7,0.02206
Kraken:XBTUSDT,2024-02-13T19:42:00Z,49224.3,49224.3,49224.3,49224.3,0.00038857
Kraken:XBTUSDT,2024-02-13T19:43:00Z,49228.5,49228.5,49228.5,49228.5,0.0021
Kraken:XBTUSDT,2024-02-13T19:44:00Z,49235.6,49235.6,49229.2,49229.2,0.02450574
Kraken:XBTUSDT,2024-02-13T19:46:00Z,49229.0,49229.0,49151.7,49151.7,0.06692057
Kraken:XBTUSDT,2024-02-13T19:47:00Z,49163.7,49181.5,49163.7,49181.5,0.02192655
Kraken:XBTUSDT,2024-02-13T19:48:00Z,49191.5,49194.3,49190.0,49190.0,0.13479303
Kraken:XBTUSDT,2024-02-13T19:50:00Z,49200.3,49205.1,49200.3,49205.1,0.00475181
Kraken:XBTUSDT,2024-02-13T19:51:00Z,49163.5,49163.5,49163.5,49163.5,0.26905909
Kraken:XBTUSDT,2024-02-13T19:52:00Z,49163.4,49163.4,49012.3,49012.3,0.21796934
Kraken:XBTUSDT,2024-02-13T19:54:00Z,49015.5,49015.5,49015.5,49015.5,0.00206934
Kraken:XBTUSDT,2024-02-13T19:55:00Z,49031.2,49031.2,49028.2,49029.2,0.00894377
Kraken:XBTUSDT,2024-02-13T19:57:00Z,49035.0,49035.0,49035.0,49035.0,0.00020096
Kraken:XBTUSDT,2024-02-13T19:58:00Z,49009.5,49009.5,49001.6,49001.6,0.01263
Kraken:XBTUSDT,2024-02-13T19:59:00Z,49006.6,49019.2,49006.5,49019.2,0.2264
Kraken:XBTUSDT,2024-02-13T20:00:00Z,49044.1,49048.3,49018.5,49042.8,0.03118521
Kraken:XBTUSDT,2024-02-13T20:01:00Z,49042.4,49066.6,49042.4,49066.6,0.02286343
Kraken:XBTUSDT,2024-02-13T20:02:00Z,49077.6,49077.6,49077.6,49077.6,0.0017
Kraken:XBTUSDT,2024-02-13T20:03:00Z,49067.2,49088.9,49061.6,49088.9,0.15599668
Kraken:XBTUSDT,2024-02-13T20:04:00Z,49092.5,49097.8,49092.3,49097.8,0.04357394
Kraken:XBTUSDT,2024-02-13T20:05:00Z,49094.9,49102.5,49094.9,49102.5,0.25437988
Kraken:XBTUSDT,2024-02-13T20:06:00Z,49102.4,49150.0,49102.4,49150.0,0.01924664
Kraken:XBTUSDT,2024-02-13T20:07:00Z,49161.9,49161.9,49161.9,49161.9,0.00144797
Kraken:XBTUSDT,2024-02-13T20:08:00Z,49168.6,49168.6,49168.6,49168.6,0.0582
Kraken:XBTUSDT,2024-02-13T20:09:00Z,49197.1,49197.1,49194.7,49194.7,0.00402281
Kraken:XBTUSDT,2024-02-13T20:10:00Z,49188.1,49198.2,49188.1,49198.2,0.00406689
Kraken:XBTUSDT,2024-02-13T20:11:00Z,49194.0,49194.0,49194.0,49194.0,0.00071147
Kraken:XBTUSDT,2024-02-13T20:12:00Z,49188.0,49188.0,49188.0,49188.0,0.00197167
Kraken:XBTUSDT,2024-02-13T20:13:00Z,49187.1,49189.0,49167.1,49189.0,0.31871831
Kraken:XBTUSDT,2024-02-13T20:14:00Z,49195.0,49195.0,49195.0,49195.0,0.00005949
Kraken:XBTUSDT,2024-02-13T20:15:00Z,49187.6,49187.6,49185.4,49185.4,0.000282
Kraken:XBTUSDT,2024-02-13T20:16:00Z,49194.0,49200.0,49188.0,49188.0,0.00284097
Kraken:XBTUSDT,2024-02-13T20:17:00Z,49194.5,49194.5,49194.5,49194.5,0.00345946
Kraken:XBTUSDT,2024-02-13T20:18:00Z,49204.7,49204.7,49204.7,49204.7,0.00285545
Kraken:XBTUSDT,2024-02-13T20:19:00Z,49177.4,49177.4,49177.4,49177.4,0.00163967
Kraken:XBTUSDT,2024-02-13T20:21:00Z,49197.3,49215.4,49197.3,49215.4,6.08
Kraken:XBTUSDT,2024-02-13T20:22:00Z,49125.7,49125.7,49125.7,49125.7,0.00239053
Kraken:XBTUSDT,2024-02-13T20:23:00Z,49125.7,49134.2,49125.7,49134.2,0.0005743
Kraken:XBTUSDT,2024-02-13T20:25:00Z,49124.1,49124.1,49124.1,49124.1,0.00200184
Kraken:XBTUSDT,2024-02-13T20:26:00Z,49156.7,49156.7,49148.0,49148.0,0.00935078
Kraken:XBTUSDT,2024-02-13T20:28:00Z,49148.1,49148.1,49148.1,49148.1,0.00118476
Kraken:XBTUSDT,2024-02-13T20:29:00Z,49148.1,49148.1,49144.8,49144.8,0.03628308
Kraken:XBTUSDT,2024-02-13T20:30:00Z,49144.9,49198.6,49144.9,49186.4,0.21340782
Kraken:XBTUSDT,2024-02-13T20:31:00Z,49190.0,49200.7,49190.0,49190.8,0.00943531
Kraken:XBTUSDT,2024-02-13T20:32:00Z,49190.4,49190.4,49156.2,49156.2,0.26311717
Kraken:XBTUSDT,2024-02-13T20:35:00Z,49197.3,49207.2,49197.3,49207.2,0.08485083
Kraken:XBTUSDT,2024-02-13T20:36:00Z,49214.7,49263.1,49214.7,49263.1,0.07178546
Kraken:XBTUSDT,2024-02-13T20:37:00Z,49270.9,49281.3,49270.9,49281.3,0.22477146
Kraken:XBTUSDT,2024-02-13T20:38:00Z,49295.6,49364.6,49295.6,49364.6,0.401234
Kraken:XBTUSDT,2024-02-13T20:39:00Z,49329.0,49329.0,49279.4,49279.4,0.04095353
Kraken:XBTUSDT,2024-02-13T20:40:00Z,49324.0,49324.0,49324.0,49324.0,0.059
Kraken:XBTUSDT,2024-02-13T20:41:00Z,49368.3,49423.3,49368.3,49423.3,0.15237909
Kraken:XBTUSDT,2024-02-13T20:42:00Z,49423.3,49423.3,49423.3,49423.3,0.00482832
Kraken:XBTUSDT,2024-02-13T20:43:00Z,49396.6,49408.5,49396.6,49408.5,0.14963903
Kraken:XBTUSDT,2024-02-13T20:44:00Z,49428.0,49428.0,49422.2,49423.4,1.00088263
Kraken:XBTUSDT,2024-02-13T20:45:00Z,49431.1,49499.9,49431.1,49499.9,1.03167537
Kraken:XBTUSDT,2024-02-13T20:46:00Z,49482.3,49482.3,49482.3,49482.3,0.00889682
Kraken:XBTUSDT,2024-02-13T20:48:00Z,49488.4,49488.4,49488.4,49488.4,0.00067138
Kraken:XBTUSDT,2024-02-13T20:49:00Z,49483.4,49483.4,49454.8,49454.8,0.01577267
Kraken:XBTUSDT,2024-02-13T20:50:00Z,49485.0,49485.0,49451.6,49451.6,0.01753483
Kraken:XBTUSDT,2024-02-13T20:51:00Z,49451.7,49451.7,49422.0,49422.0,1.35904189
Kraken:XBTUSDT,2024-02-13T20:52:00Z,49393.7,49399.6,49392.8,49399.6,0.00218676
Kraken:XBTUSDT,2024-02-13T20:53:00Z,49385.9,49388.4,49385.9,49388.4,0.00294154
Kraken:XBTUSDT,2024-02-13T20:55:00Z,49410.9,49410.9,49405.7,49405.7,0.01708841
Kraken:XBTUSDT,2024-02-13T20:56:00Z,49405.8,49447.1,49405.8,49447.1,0.01002798
Kraken:XBTUSDT,2024-02-13T20:58:00Z,49405.7,49405.7,49405.7,49405.7,0.00639204
Kraken:XBTUSDT,2024-02-13T20:59:00Z,49405.7,49405.7,49385.2,49385.2,0.07274454
Kraken:XBTUSDT,2024-02-13T21:00:00Z,49386.4,49386.4,49381.7,49381.8,0.00457624
Kraken:XBTUSDT,2024-02-13T21:01:00Z,49381.5,49381.5,49362.5,49362.5,0.0046583
Kraken:XBTUSDT,2024-02-13T21:02:00Z,49362.6,49422.8,49362.6,49400.7,0.15028432
Kraken:XBTUSDT,2024-02-13T21:04:00Z,49364.6,49364.6,49364.6,49364.6,0.00020921
Kraken:XBTUSDT,2024-02-13T21:05:00Z,49367.6,49386.0,49362.9,49386.0,0.10655011
Kraken:XBTUSDT,2024-02-13T21:06:00Z,49408.8,49408.8,49408.8,49408.8,0.011
Kraken:XBTUSDT,2024-02-13T21:08:00Z,49500.0,49507.6,49500.0,49507.6,2.21707905
Kraken:XBTUSDT,2024-02-13T21:09:00Z,49507.6,49507.6,49507.5,49507.6,0.04532533
Kraken:XBTUSDT,2024-02-13T21:10:00Z,49507.6,49558.6,49507.6,49558.6,3.21275161
Kraken:XBTUSDT,2024-02-13T21:11:00Z,49549.2,49606.2,49549.2,49606.2,0.34714762
Kraken:XBTUSDT,2024-02-13T21:12:00Z,49599.9,49623.8,49599.9,49623.8,1.10116357
Kraken:XBTUSDT,2024-02-13T21:13:00Z,49625.6,49640.7,49625.6,49630.4,0.01712171
Kraken:XBTUSDT,2024-02-13T21:14:00Z,49644.2,49644.2,49629.0,49629.0,0.1613
Kraken:XBTUSDT,2024-02-13T21:15:00Z,49630.2,49654.7,49630.2,49635.4,0.12804787
Kraken:XBTUSDT,2024-02-13T21:16:00Z,49609.8,49609.8,49600.2,49600.2,0.00559389
Kraken:XBTUSDT,2024-02-13T21:18:00Z,49609.1,49646.2,49609.1,49646.2,0.00691688
Kraken:XBTUSDT,2024-02-13T21:19:00Z,49657.7,49675.4,49657.7,49671.1,0.07357239
Kraken:XBTUSDT,2024-02-13T21:20:00Z,49659.0,49662.7,49632.2,49632.2,0.02896307
Kraken:XBTUSDT,2024-02-13T21:21:00Z,49642.0,49646.0,49639.7,49646.0,0.17921326
Kraken:XBTUSDT,2024-02-13T21:22:00Z,49640.3,49645.9,49640.3,49645.9,0.3618
Kraken:XBTUSDT,2024-02-13T21:23:00Z,49635.2,49635.2,49629.1,49629.1,0.1361416
Kraken:XBTUSDT,2024-02-13T21:24:00Z,49641.9,49641.9,49625.1,49637.0,0.00748653
Kraken:XBTUSDT,2024-02-13T21:25:00Z,49643.6,49657.4,49643.6,49657.2,0.06412287
Kraken:XBTUSDT,2024-02-13T21:26:00Z,49652.7,49711.7,49652.7,49695.5,0.33562627
Kraken:XBTUSDT,2024-02-13T21:27:00Z,49659.3,49665.6,49659.3,49665.6,0.00505086
Kraken:XBTUSDT,2024-02-13T21:28:00Z,49703.5,49710.9,49703.5,49710.9,0.10461164
Kraken:XBTUSDT,2024-02-13T21:29:00Z,49713.5,49716.6,49713.5,49716.6,0.1992
Kraken:XBTUSDT,2024-02-13T21:30:00Z,49713.5,49713.5,49705.8,49705.8,0.09739524
Kraken:XBTUSDT,2024-02-13T21:31:00Z,49717.0,49733.3,49717.0,49733.3,0.14671274
Kraken:XBTUSDT,2024-02-13T21:32:00Z,49683.0,49701.5,49671.9,49701.5,0.23876246
Kraken:XBTUSDT,2024-02-13T21:34:00Z,49702.8,49702.8,49686.7,49686.7,0.000931
Kraken:XBTUSDT,2024-02-13T21:36:00Z,49686.9,49686.9,49675.7,49675.7,0.02284701
Kraken:XBTUSDT,2024-02-13T21:37:00Z,49675.7,49675.7,49675.6,49675.6,0.00664792
Kraken:XBTUSDT,2024-02-13T21:38:00Z,49666.6,49666.6,49666.5,49666.5,0.00977704
Kraken:XBTUSDT,2024-02-13T21:39:00Z,49660.7,49660.7,49630.8,49632.7,0.0033439
Kraken:XBTUSDT,2024-02-13T21:40:00Z,49630.2,49630.2,49618.3,49618.3,0.040494
Kraken:XBTUSDT,2024-02-13T21:41:00Z,49618.3,49618.4,49613.2,49613.2,0.01878688
Kraken:XBTUSDT,2024-02-13T21:42:00Z,49600.2,49616.6,49600.2,49616.6,0.05346
Kraken:XBTUSDT,2024-02-13T21:44:00Z,49652.2,49652.2,49631.9,49640.2,0.00330883
Kraken:XBTUSDT,2024-02-13T21:45:00Z,49631.9,49631.9,49631.9,49631.9,0.0017099
Kraken:XBTUSDT,2024-02-13T21:47:00Z,49683.2,49704.1,49683.2,49703.1,0.1042658
Kraken:XBTUSDT,2024-02-13T21:48:00Z,49689.2,49689.2,49684.5,49684.5,0.06503443
Kraken:XBTUSDT,2024-02-13T21:50:00Z,49670.0,49670.1,49670.0,49670.0,0.02429246
Kraken:XBTUSDT,2024-02-13T21:51:00Z,49610.3,49610.3,49600.3,49601.9,0.03899541
Kraken:XBTUSDT,2024-02-13T21:52:00Z,49600.2,49600.3,49600.2,49600.3,0.01725868
Kraken:XBTUSDT,2024-02-13T21:53:00Z,49600.2,49600.2,49565.5,49565.5,0.54725036
Kraken:XBTUSDT,2024-02-13T21:54:00Z,49579.7,49579.7,49579.7,49579.7,0.0005
Kraken:XBTUSDT,2024-02-13T21:56:00Z,49544.1,49544.1,49478.0,49513.1,2.43747399
Kraken:XBTUSDT,2024-02-13T21:58:00Z,49501.1,49501.1,49486.6,49486.6,0.02853665
Kraken:XBTUSDT,2024-02-13T21:59:00Z,49500.8,49503.1,49500.8,49503.1,0.03530254
Kraken:XBTUSDT,2024-02-13T22:00:00Z,49511.8,49541.0,49511.8,49541.0,0.17459798
Kraken:XBTUSDT,2024-02-13T22:01:00Z,49541.0,49587.6,49541.0,49587.6,0.09807784
Kraken:XBTUSDT,2024-02-13T22:02:00Z,49618.0,49618.0,49578.3,49578.3,0.68386766
Kraken:XBTUSDT,2024-02-13T22:03:00Z,49544.0,49544.0,49544.0,49544.0,0.03320526
Kraken:XBTUSDT,2024-02-13T22:04:00Z,49542.3,49542.3,49522.5,49525.0,0.01312117
Kraken:XBTUSDT,2024-02-13T22:05:00Z,49503.0,49503.0,49495.5,49495.5,0.00101681
Kraken:XBTUSDT,2024-02-13T22:06:00Z,49487.5,49519.3,49487.5,49519.3,0.01939044
Kraken:XBTUSDT,2024-02-13T22:07:00Z,49498.8,49498.8,49498.0,49498.0,0.31752907
Kraken:XBTUSDT,2024-02-13T22:09:00Z,49504.4,49504.4,49504.4,49504.4,0.07033701
Kraken:XBTUSDT,2024-02-13T22:10:00Z,49504.3,49504.3,49504.3,49504.3,0.01488
Kraken:XBTUSDT,2024-02-13T22:11:00Z,49467.9,49467.9,49451.3,49456.5,0.12545726
Kraken:XBTUSDT,2024-02-13T22:12:00Z,49451.2,49451.2,49445.1,49445.9,0.08612
Kraken:XBTUSDT,2024-02-13T22:13:00Z,49439.2,49439.2,49432.0,49438.7,0.00575088
Kraken:XBTUSDT,2024-02-13T22:14:00Z,49438.7,49452.7,49438.7,49452.7,0.0053
Kraken:XBTUSDT,2024-02-13T22:15:00Z,49453.6,49455.5,49436.8,49436.8,0.00316822
Kraken:XBTUSDT,2024-02-13T22:17:00Z,49431.9,49431.9,49362.5,49363.6,0.06205929
Kraken:XBTUSDT,2024-02-13T22:18:00Z,49385.2,49385.2,49373.9,49373.9,0.01004316
Kraken:XBTUSDT,2024-02-13T22:19:00Z,49387.4,49387.4,49386.8,49386.8,0.18528788
Kraken:XBTUSDT,2024-02-13T22:20:00Z,49387.7,49396.5,49387.7,49395.4,0.00084536
Kraken:XBTUSDT,2024-02-13T22:21:00Z,49402.4,49427.9,49401.1,49427.9,0.01434258
Kraken:XBTUSDT,2024-02-13T22:22:00Z,49431.9,49449.6,49431.9,49449.6,0.04273594
Kraken:XBTUSDT,2024-02-13T22:23:00Z,49470.1,49470.1,49470.1,49470.1,0.31946586
Kraken:XBTUSDT,2024-02-13T22:25:00Z,49485.6,49485.6,49485.6,49485.6,0.00196225
Kraken:XBTUSDT,2024-02-13T22:27:00Z,49499.9,49499.9,49483.6,49483.6,0.07978074
Kraken:XBTUSDT,2024-02-13T22:28:00Z,49476.4,49476.4,49461.0,49461.0,0.06173295
Kraken:XBTUSDT,2024-02-13T22:29:00Z,49440.3,49440.3,49440.3,49440.3,0.0174
Kraken:XBTUSDT,2024-02-13T22:30:00Z,49468.3,49468.3,49468.3,49468.3,0.002
Kraken:XBTUSDT,2024-02-13T22:31:00Z,49500.0,49536.1,49500.0,49536.1,0.16011447
Kraken:XBTUSDT,2024-02-13T22:32:00Z,49536.1,49536.1,49536.1,49536.1,0.00101458
Kraken:XBTUSDT,2024-02-13T22:33:00Z,49536.0,49536.0,49437.7,49437.7,0.4961521
Kraken:XBTUSDT,2024-02-13T22:37:00Z,49501.8,49501.8,49501.8,49501.8,0.11
Kraken:XBTUSDT,2024-02-13T22:38:00Z,49550.7,49550.8,49507.0,49507.0,0.20086172
Kraken:XBTUSDT,2024-02-13T22:39:00Z,49509.8,49509.8,49509.8,49509.8,0.00166362
Kraken:XBTUSDT,2024-02-13T22:40:00Z,49490.9,49490.9,49490.9,49490.9,0.0002
Kraken:XBTUSDT,2024-02-13T22:41:00Z,49488.7,49489.9,49488.1,49489.9,0.20971752
Kraken:XBTUSDT,2024-02-13T22:42:00Z,49483.0,49483.0,49482.6,49482.7,0.03065072
Kraken:XBTUSDT,2024-02-13T22:43:00Z,49501.5,49501.5,49501.5,49501.5,0.00040355
Kraken:XBTUSDT,2024-02-13T22:44:00Z,49519.1,49519.1,49519.1,49519.1,0.001
Kraken:XBTUSDT,2024-02-13T22:45:00Z,49525.5,49532.6,49525.5,49532.6,0.00301739
Kraken:XBTUSDT,2024-02-13T22:46:00Z,49533.5,49533.5,49532.4,49532.4,0.01059888
Kraken:XBTUSDT,2024-02-13T22:47:00Z,49530.6,49533.0,49527.5,49527.5,0.01447129
Kraken:XBTUSDT,2024-02-13T22:48:00Z,49514.4,49514.4,49501.3,49503.0,0.11052605
Kraken:XBTUSDT,2024-02-13T22:49:00Z,49506.7,49506.7,49506.7,49506.7,0.0053
Kraken:XBTUSDT,2024-02-13T22:50:00Z,49498.6,49498.6,49492.6,49492.7,0.08558486
Kraken:XBTUSDT,2024-02-13T22:51:00Z,49481.4,49481.4,49472.1,49472.1,0.0733156
Kraken:XBTUSDT,2024-02-13T22:53:00Z,49465.2,49465.2,49465.2,49465.2,0.01793255
Kraken:XBTUSDT,2024-02-13T22:55:00Z,49507.7,49507.7,49507.6,49507.6,0.10677668
Kraken:XBTUSDT,2024-02-13T22:56:00Z,49531.1,49531.1,49531.1,49531.1,0.00031693
Kraken:XBTUSDT,2024-02-13T22:58:00Z,49539.4,49539.4,49538.0,49538.0,0.14913058
Kraken:XBTUSDT,2024-02-13T22:59:00Z,49527.6,49527.6,49527.3,49527.3,0.0222
Kraken:XBTUSDT,2024-02-13T23:00:00Z,49527.6,49527.6,49524.9,49525.0,0.13188598
Kraken:XBTUSDT,2024-02-13T23:01:00Z,49477.3,49477.3,49471.1,49471.1,0.0007
Kraken:XBTUSDT,2024-02-13T23:02:00Z,49478.4,49478.4,49478.4,49478.4,0.00022481
Kraken:XBTUSDT,2024-02-13T23:03:00Z,49472.1,49472.1,49423.1,49429.6,0.02356186
Kraken:XBTUSDT,2024-02-13T23:04:00Z,49415.1,49415.1,49394.6,49396.5,0.32671418
Kraken:XBTUSDT,2024-02-13T23:07:00Z,49382.1,49382.1,49382.1,49382.1,0.001
Kraken:XBTUSDT,2024-02-13T23:08:00Z,49361.3,49361.3,49361.3,49361.3,0.01
Kraken:XBTUSDT,2024-02-13T23:09:00Z,49379.7,49379.7,49379.7,49379.7,0.00211997
Kraken:XBTUSDT,2024-02-13T23:11:00Z,49446.8,49446.8,49445.4,49445.4,0.00256655
Kraken:XBTUSDT,2024-02-13T23:12:00Z,49445.5,49445.5,49439.1,49445.5,0.36014509
Kraken:XBTUSDT,2024-02-13T23:13:00Z,49435.2,49435.2,49435.2,49435.2,0.0008
Kraken:XBTUSDT,2024-02-13T23:14:00Z,49442.5,49442.5,49442.5,49442.5,0.00396
Kraken:XBTUSDT,2024-02-13T23:16:00Z,49438.2,49438.2,49438.2,49438.2,0.00380978
Kraken:XBTUSDT,2024-02-13T23:17:00Z,49438.2,49438.2,49438.2,49438.2,0.09973087
Kraken:XBTUSDT,2024-02-13T23:18:00Z,49456.4,49456.4,49456.4,49456.4,0.00011142
Kraken:XBTUSDT,2024-02-13T23:19:00Z,49458.1,49471.1,49458.1,49471.1,0.0039
Kraken:XBTUSDT,2024-02-13T23:21:00Z,49435.0,49444.2,49435.0,49444.2,0.00118003
Kraken:XBTUSDT,2024-02-13T23:22:00Z,49471.0,49471.0,49471.0,49471.0,0.36
Kraken:XBTUSDT,2024-02-13T23:23:00Z,49473.7,49486.0,49473.7,49485.6,0.02338578
Kraken:XBTUSDT,2024-02-13T23:24:00Z,49485.9,49504.3,49485.9,49501.9,0.03605573
Kraken:XBTUSDT,2024-02-13T23:28:00Z,49505.9,49505.9,49505.9,49505.9,0.00631323
Kraken:XBTUSDT,2024-02-13T23:29:00Z,49508.4,49508.4,49508.4,49508.4,0.002
Kraken:XBTUSDT,2024-02-13T23:33:00Z,49571.4,49571.4,49571.3,49571.3,0.0261
Kraken:XBTUSDT,2024-02-13T23:34:00Z,49548.2,49548.2,49535.4,49535.4,0.07818108
Kraken:XBTUSDT,2024-02-13T23:35:00Z,49549.2,49549.2,49549.2,49549.2,0.01408263
Kraken:XBTUSDT,2024-02-13T23:36:00Z,49566.9,49567.4,49566.9,49567.4,0.02928299
Kraken:XBTUSDT,2024-02-13T23:37:00Z,49566.9,49566.9,49566.9,49566.9,0.00607183
Kraken:XBTUSDT,2024-02-13T23:38:00Z,49566.3,49571.4,49566.3,49571.4,0.01303284
Kraken:XBTUSDT,2024-02-13T23:39:00Z,49553.3,49560.9,49553.3,49558.4,0.01898172
Kraken:XBTUSDT,2024-02-13T23:40:00Z,49549.2,49573.5,49549.2,49573.5,0.00363463
Kraken:XBTUSDT,2024-02-13T23:41:00Z,49567.1,49567.1,49561.7,49561.7,0.00710612
Kraken:XBTUSDT,2024-02-13T23:42:00Z,49557.7,49557.7,49557.7,49557.7,0.00080407
Kraken:XBTUSDT,2024-02-13T23:43:00Z,49586.3,49587.3,49586.3,49587.3,0.00032814
Kraken:XBTUSDT,2024-02-13T23:44:00Z,49587.9,49588.0,49587.9,49588.0,0.5007
Kraken:XBTUSDT,2024-02-13T23:45:00Z,49587.9,49587.9,49587.9,49587.9,0.01881863
Kraken:XBTUSDT,2024-02-13T23:46:00Z,49588.0,49601.0,49588.0,49601.0,0.02748841
Kraken:XBTUSDT,2024-02-13T23:47:00Z,49629.0,49643.0,49629.0,49643.0,0.01726387
Kraken:XBTUSDT,2024-02-13T23:48:00Z,49632.8,49632.8,49626.1,49626.6,1.04550249
Kraken:XBTUSDT,2024-02-13T23:49:00Z,49646.4,49646.4,49646.4,49646.4,0.02170275
Kraken:XBTUSDT,2024-02-13T23:51:00Z,49646.5,49671.4,49646.5,49671.4,0.05586832
Kraken:XBTUSDT,2024-02-13T23:52:00Z,49671.5,49671.5,49671.5,49671.5,0.00038289
Kraken:XBTUSDT,2024-02-13T23:53:00Z,49709.9,49733.3,49709.9,49733.3,0.22134943
Kraken:XBTUSDT,2024-02-13T23:54:00Z,49733.3,49746.0,49733.3,49746.0,0.04889094
Kraken:XBTUSDT,2024-02-13T23:55:00Z,49694.7,49694.7,49692.4,49692.4,0.00381058
Kraken:XBTUSDT,2024-02-13T23:56:00Z,49688.4,49695.7,49684.1,49685.1,0.06118624
Kraken:XBTUSDT,2024-02-13T23:57:00Z,49731.2,49731.2,49731.2,49731.2,0.0008122
Kraken:XBTUSDT,2024-02-13T23:58:00Z,49708.4,49708.4,49708.4,49708.4,0.0053
Kraken:XBTUSDT,2024-02-13T23:59:00Z,49707.5,49707.5,49707.5,49707.5,0.00011209
