Kraken:XBTUSD,2019-03-01T00:00:00Z,3793.6,3793.7,3793.6,3793.6,0.18591744
Kraken:XBTUSD,2019-03-01T00:02:00Z,3793.7,3793.7,3793.7,3793.7,0.00495406
Kraken:XBTUSD,2019-03-01T00:03:00Z,3793.7,3793.7,3793.6,3793.7,0.32698224
Kraken:XBTUSD,2019-03-01T00:04:00Z,3793.6,3793.6,3793.6,3793.6,0.011
Kraken:XBTUSD,2019-03-01T00:05:00Z,3793.7,3793.7,3793.7,3793.7,0.081
Kraken:XBTUSD,2019-03-01T00:06:00Z,3793.7,3793.7,3793.7,3793.7,0.07102579
Kraken:XBTUSD,2019-03-01T00:07:00Z,3793.7,3797.5,3793.7,3795.8,11.262
Kraken:XBTUSD,2019-03-01T00:08:00Z,3796.9,3796.9,3795.0,3796.2,0.039
Kraken:XBTUSD,2019-03-01T00:09:00Z,3795.3,3796.3,3795.2,3795.2,0.90144
Kraken:XBTUSD,2019-03-01T00:10:00Z,3796.4,3796.4,3796.4,3796.4,0.00333772
Kraken:XBTUSD,2019-03-01T00:12:00Z,3796.3,3797.2,3796.3,3797.2,0.45349
Kraken:XBTUSD,2019-03-01T00:14:00Z,3796.8,3797.1,3796.8,3797.1,0.20240034
Kraken:XBTUSD,2019-03-01T00:16:00Z,3797.5,3797.5,3797.5,3797.5,0.01211326
Kraken:XBTUSD,2019-03-01T00:17:00Z,3797.8,3797.9,3797.8,3797.9,4
Kraken:XBTUSD,2019-03-01T00:18:00Z,3797.5,3797.8,3797.5,3797.8,0.11197427
Kraken:XBTUSD,2019-03-01T00:19:00Z,3797.6,3798.6,3797.6,3797.6,0.4207325
Kraken:XBTUSD,2019-03-01T00:21:00Z,3796.6,3798.0,3796.6,3798.0,0.06372951
Kraken:XBTUSD,2019-03-01T00:25:00Z,3797.7,3799.4,3797.5,3799.2,7.10889875
Kraken:XBTUSD,2019-03-01T00:26:00Z,3799.1,3799.4,3799.1,3799.3,3.251265
Kraken:XBTUSD,2019-03-01T00:28:00Z,3798.4,3799.1,3798.1,3798.1,1.144
Kraken:XBTUSD,2019-03-01T00:29:00Z,3798.1,3798.1,3798.1,3798.1,0.032585
Kraken:XBTUSD,2019-03-01T00:30:00Z,3798.1,3798.1,3797.1,3797.3,0.14349309
Kraken:XBTUSD,2019-03-01T00:31:00Z,3797.2,3797.2,3797.2,3797.2,0.051
Kraken:XBTUSD,2019-03-01T00:32:00Z,3797.3,3799.1,3797.2,3799.1,2.5006454
Kraken:XBTUSD,2019-03-01T00:34:00Z,3799.1,3799.1,3799.1,3799.1,0.00968
Kraken:XBTUSD,2019-03-01T00:35:00Z,3797.9,3798.1,3797.8,3797.8,0.84945733
Kraken:XBTUSD,2019-03-01T00:37:00Z,3797.8,3797.8,3797.8,3797.8,0.0029
Kraken:XBTUSD,2019-03-01T00:40:00Z,3797.9,3797.9,3796.8,3797.6,16.15870678
Kraken:XBTUSD,2019-03-01T00:41:00Z,3797.9,3798.4,3797.9,3798.4,0.09025856
Kraken:XBTUSD,2019-03-01T00:42:00Z,3797.0,3798.3,3797.0,3798.3,0.14540503
Kraken:XBTUSD,2019-03-01T00:43:00Z,3797.0,3797.0,3797.0,3797.0,0.05959404
Kraken:XBTUSD,2019-03-01T00:44:00Z,3797.0,3797.0,3797.0,3797.0,0.01
Kraken:XBTUSD,2019-03-01T00:45:00Z,3796.8,3796.8,3795.8,3795.8,0.56235522
Kraken:XBTUSD,2019-03-01T00:46:00Z,3796.0,3796.0,3796.0,3796.0,0.0008
Kraken:XBTUSD,2019-03-01T00:47:00Z,3796.9,3796.9,3796.9,3796.9,0.015
Kraken:XBTUSD,2019-03-01T00:48:00Z,3796.1,3796.1,3796.0,3796.0,0.044504
Kraken:XBTUSD,2019-03-01T00:49:00Z,3797.0,3797.0,3797.0,3797.0,0.87707996
Kraken:XBTUSD,2019-03-01T00:54:00Z,3796.8,3796.8,3796.8,3796.8,0.197462
Kraken:XBTUSD,2019-03-01T00:55:00Z,3796.3,3798.3,3796.3,3798.3,5.89987906
Kraken:XBTUSD,2019-03-01T00:56:00Z,3798.3,3798.3,3798.3,3798.3,0.03531068
Kraken:XBTUSD,2019-03-01T00:57:00Z,3797.1,3797.3,3797.1,3797.2,16.06627708
Kraken:XBTUSD,2019-03-01T00:58:00Z,3797.0,3797.0,3794.7,3795.3,5.3149717
Kraken:XBTUSD,2019-03-01T00:59:00Z,3797.0,3797.0,3796.7,3796.8,0.60276
Kraken:XBTUSD,2019-03-01T01:00:00Z,3794.5,3794.5,3794.4,3794.4,0.0713616
Kraken:XBTUSD,2019-03-01T01:01:00Z,3795.0,3795.0,3795.0,3795.0,0.07403
Kraken:XBTUSD,2019-03-01T01:02:00Z,3794.6,3794.6,3794.6,3794.6,0.052
Kraken:XBTUSD,2019-03-01T01:04:00Z,3794.9,3794.9,3794.9,3794.9,0.07
Kraken:XBTUSD,2019-03-01T01:05:00Z,3794.6,3794.6,3794.6,3794.6,0.11263816
Kraken:XBTUSD,2019-03-01T01:06:00Z,3794.5,3794.6,3794.5,3794.6,0.344921
Kraken:XBTUSD,2019-03-01T01:07:00Z,3794.5,3794.5,3794.5,3794.5,0.542407
Kraken:XBTUSD,2019-03-01T01:08:00Z,3794.6,3794.6,3794.6,3794.6,0.206529
Kraken:XBTUSD,2019-03-01T01:09:00Z,3794.6,3794.7,3794.6,3794.7,0.07301175
Kraken:XBTUSD,2019-03-01T01:10:00Z,3794.5,3794.5,3793.9,3793.9,0.12187807
Kraken:XBTUSD,2019-03-01T01:11:00Z,3794.0,3794.6,3793.9,3794.6,0.418374
Kraken:XBTUSD,2019-03-01T01:12:00Z,3793.9,3793.9,3793.6,3793.8,9.6204936
Kraken:XBTUSD,2019-03-01T01:13:00Z,3794.5,3794.6,3794.5,3794.6,0.0247975
Kraken:XBTUSD,2019-03-01T01:14:00Z,3794.0,3794.0,3794.0,3794.0,0.5
Kraken:XBTUSD,2019-03-01T01:15:00Z,3794.1,3795.0,3794.1,3795.0,4.02614986
Kraken:XBTUSD,2019-03-01T01:16:00Z,3794.0,3794.0,3794.0,3794.0,0.4
Kraken:XBTUSD,2019-03-01T01:17:00Z,3794.0,3794.0,3794.0,3794.0,0.805573
Kraken:XBTUSD,2019-03-01T01:18:00Z,3794.0,3794.0,3794.0,3794.0,0.091017
Kraken:XBTUSD,2019-03-01T01:19:00Z,3794.1,3795.0,3794.1,3795.0,14.2
Kraken:XBTUSD,2019-03-01T01:20:00Z,3794.9,3794.9,3794.3,3794.3,1.83806281
Kraken:XBTUSD,2019-03-01T01:21:00Z,3794.2,3794.2,3794.2,3794.2,0.05
Kraken:XBTUSD,2019-03-01T01:22:00Z,3794.3,3794.9,3794.3,3794.9,3
Kraken:XBTUSD,2019-03-01T01:23:00Z,3794.0,3794.0,3794.0,3794.0,0.006
Kraken:XBTUSD,2019-03-01T01:24:00Z,3794.3,3794.3,3794.3,3794.3,0.29922202
Kraken:XBTUSD,2019-03-01T01:25:00Z,3794.6,3794.6,3794.6,3794.6,0.19082499
Kraken:XBTUSD,2019-03-01T01:27:00Z,3794.9,3794.9,3794.9,3794.9,0.006
Kraken:XBTUSD,2019-03-01T01:28:00Z,3794.8,3794.8,3794.8,3794.8,0.005
Kraken:XBTUSD,2019-03-01T01:31:00Z,3794.8,3795.0,3794.8,3794.8,4.61965821
Kraken:XBTUSD,2019-03-01T01:32:00Z,3795.1,3795.2,3795.1,3795.2,0.04
Kraken:XBTUSD,2019-03-01T01:34:00Z,3795.9,3795.9,3795.0,3795.0,5
Kraken:XBTUSD,2019-03-01T01:35:00Z,3796.0,3797.9,3796.0,3797.9,0.46652835
Kraken:XBTUSD,2019-03-01T01:37:00Z,3796.8,3797.9,3796.8,3797.9,0.28172469
Kraken:XBTUSD,2019-03-01T01:38:00Z,3798.3,3801.8,3798.3,3800.5,20.01
Kraken:XBTUSD,2019-03-01T01:39:00Z,3800.4,3800.5,3800.1,3800.4,0.15
Kraken:XBTUSD,2019-03-01T01:40:00Z,3799.5,3800.5,3797.6,3800.5,20.43673668
Kraken:XBTUSD,2019-03-01T01:41:00Z,3801.3,3803.0,3801.3,3803.0,0.038642
Kraken:XBTUSD,2019-03-01T01:42:00Z,3803.0,3804.1,3801.4,3804.1,20.83421
Kraken:XBTUSD,2019-03-01T01:43:00Z,3803.6,3805.7,3803.6,3805.7,0.3305
Kraken:XBTUSD,2019-03-01T01:44:00Z,3805.4,3806.1,3805.4,3806.1,0.14050659
Kraken:XBTUSD,2019-03-01T01:45:00Z,3805.4,3805.4,3805.4,3805.4,0.00567152
Kraken:XBTUSD,2019-03-01T01:46:00Z,3804.3,3804.3,3803.9,3803.9,0.13149673
Kraken:XBTUSD,2019-03-01T01:47:00Z,3803.9,3804.0,3803.9,3804.0,0.0669
Kraken:XBTUSD,2019-03-01T01:50:00Z,3803.6,3804.7,3803.6,3804.7,0.39758703
Kraken:XBTUSD,2019-03-01T01:51:00Z,3804.4,3804.6,3804.1,3804.6,0.04
Kraken:XBTUSD,2019-03-01T01:52:00Z,3804.6,3804.6,3804.2,3804.4,0.05777715
Kraken:XBTUSD,2019-03-01T01:53:00Z,3804.4,3804.8,3804.1,3804.7,0.5457514
Kraken:XBTUSD,2019-03-01T01:54:00Z,3804.7,3805.1,3804.7,3805.1,0.12663594
Kraken:XBTUSD,2019-03-01T01:55:00Z,3804.8,3804.9,3804.8,3804.9,2.44685776
Kraken:XBTUSD,2019-03-01T01:56:00Z,3804.9,3804.9,3804.8,3804.9,0.04750218
Kraken:XBTUSD,2019-03-01T01:57:00Z,3804.9,3804.9,3804.9,3804.9,0.04
Kraken:XBTUSD,2019-03-01T01:58:00Z,3804.9,3804.9,3803.0,3804.3,0.10200006
Kraken:XBTUSD,2019-03-01T01:59:00Z,3804.2,3804.9,3804.2,3804.9,1.95984
Kraken:XBTUSD,2019-03-01T02:00:00Z,3804.1,3804.7,3804.1,3804.7,0.086842
Kraken:XBTUSD,2019-03-01T02:01:00Z,3804.7,3805.0,3804.7,3805.0,3.58
Kraken:XBTUSD,2019-03-01T02:02:00Z,3805.0,3805.0,3805.0,3805.0,3.9906185
Kraken:XBTUSD,2019-03-01T02:03:00Z,3805.0,3806.2,3805.0,3805.7,3.83946327
Kraken:XBTUSD,2019-03-01T02:04:00Z,3805.1,3806.6,3804.8,3804.8,3.646993
Kraken:XBTUSD,2019-03-01T02:05:00Z,3805.3,3807.1,3805.3,3806.1,3.585003
Kraken:XBTUSD,2019-03-01T02:06:00Z,3805.7,3806.9,3805.7,3806.9,4.25218786
Kraken:XBTUSD,2019-03-01T02:07:00Z,3806.5,3807.2,3806.5,3807.2,3.58
Kraken:XBTUSD,2019-03-01T02:08:00Z,3805.1,3807.3,3804.6,3804.6,14.316
Kraken:XBTUSD,2019-03-01T02:09:00Z,3806.0,3806.0,3805.5,3805.5,3.586
Kraken:XBTUSD,2019-03-01T02:10:00Z,3804.6,3805.5,3804.6,3804.7,8.72275648
Kraken:XBTUSD,2019-03-01T02:11:00Z,3804.7,3804.7,3804.7,3804.7,3.58
Kraken:XBTUSD,2019-03-01T02:12:00Z,3804.7,3804.7,3803.0,3803.0,3.61
Kraken:XBTUSD,2019-03-01T02:13:00Z,3803.8,3804.2,3803.8,3804.2,3.98
Kraken:XBTUSD,2019-03-01T02:14:00Z,3804.3,3804.3,3804.3,3804.3,3.58
Kraken:XBTUSD,2019-03-01T02:15:00Z,3804.3,3804.3,3802.9,3802.9,3.98
Kraken:XBTUSD,2019-03-01T02:16:00Z,3803.2,3804.2,3803.2,3804.2,3.58
Kraken:XBTUSD,2019-03-01T02:17:00Z,3803.9,3804.5,3803.0,3804.0,3.842064
Kraken:XBTUSD,2019-03-01T02:18:00Z,3804.0,3804.0,3804.0,3804.0,3.58
Kraken:XBTUSD,2019-03-01T02:19:00Z,3804.0,3804.1,3804.0,3804.0,3.66794963
Kraken:XBTUSD,2019-03-01T02:20:00Z,3804.0,3804.0,3802.9,3802.9,8.81216737
Kraken:XBTUSD,2019-03-01T02:21:00Z,3802.9,3802.9,3802.9,3802.9,3.58
Kraken:XBTUSD,2019-03-01T02:22:00Z,3802.8,3803.3,3799.0,3802.2,32.38803853
Kraken:XBTUSD,2019-03-01T02:23:00Z,3801.8,3804.5,3801.8,3804.5,7.16
Kraken:XBTUSD,2019-03-01T02:24:00Z,3804.1,3804.5,3802.8,3804.5,5.1962588
Kraken:XBTUSD,2019-03-01T02:25:00Z,3801.7,3804.8,3801.7,3802.4,7.9226587
Kraken:XBTUSD,2019-03-01T02:26:00Z,3803.5,3804.1,3803.5,3804.1,3.58
Kraken:XBTUSD,2019-03-01T02:27:00Z,3804.2,3804.3,3804.2,3804.3,3.58
Kraken:XBTUSD,2019-03-01T02:28:00Z,3803.8,3803.8,3801.7,3803.4,4.07174967
Kraken:XBTUSD,2019-03-01T02:29:00Z,3803.4,3804.7,3803.3,3803.3,5.18
Kraken:XBTUSD,2019-03-01T02:30:00Z,3804.5,3804.5,3801.9,3801.9,1.20254997
Kraken:XBTUSD,2019-03-01T02:31:00Z,3801.7,3801.7,3801.7,3801.7,0.53
Kraken:XBTUSD,2019-03-01T02:33:00Z,3800.8,3800.9,3800.8,3800.9,0.066968
Kraken:XBTUSD,2019-03-01T02:35:00Z,3800.9,3801.8,3800.8,3801.8,2.18091011
Kraken:XBTUSD,2019-03-01T02:36:00Z,3801.0,3801.0,3800.0,3800.5,2E+1
Kraken:XBTUSD,2019-03-01T02:37:00Z,3800.8,3800.8,3800.0,3800.0,4.97887474
Kraken:XBTUSD,2019-03-01T02:38:00Z,3800.0,3801.8,3800.0,3800.0,5.0850934
Kraken:XBTUSD,2019-03-01T02:40:00Z,3802.9,3802.9,3802.1,3802.1,0.5548938
Kraken:XBTUSD,2019-03-01T02:47:00Z,3800.6,3801.3,3800.5,3801.3,0.032
Kraken:XBTUSD,2019-03-01T02:49:00Z,3800.1,3800.1,3800.1,3800.1,0.750729
Kraken:XBTUSD,2019-03-01T02:50:00Z,3800.8,3800.8,3800.8,3800.8,0.03697765
Kraken:XBTUSD,2019-03-01T02:52:00Z,3798.9,3798.9,3798.9,3798.9,0.04673738
Kraken:XBTUSD,2019-03-01T02:55:00Z,3799.4,3799.4,3799.4,3799.4,0.014
Kraken:XBTUSD,2019-03-01T02:58:00Z,3800.0,3800.8,3800.0,3800.8,1.32940229
Kraken:XBTUSD,2019-03-01T02:59:00Z,3800.4,3800.4,3800.3,3800.3,0.25
Kraken:XBTUSD,2019-03-01T03:00:00Z,3800.3,3800.4,3800.3,3800.4,3.67013
Kraken:XBTUSD,2019-03-01T03:01:00Z,3800.4,3800.4,3800.4,3800.4,3.58
Kraken:XBTUSD,2019-03-01T03:02:00Z,3800.5,3802.5,3800.4,3802.5,5.58
Kraken:XBTUSD,2019-03-01T03:03:00Z,3801.6,3801.6,3800.4,3800.4,3.68
Kraken:XBTUSD,2019-03-01T03:04:00Z,3800.8,3800.8,3800.4,3800.4,3.58
Kraken:XBTUSD,2019-03-01T03:05:00Z,3801.3,3801.6,3800.4,3800.4,3.610558
Kraken:XBTUSD,2019-03-01T03:06:00Z,3801.4,3801.5,3800.3,3800.3,3.84440813
Kraken:XBTUSD,2019-03-01T03:07:00Z,3800.9,3800.9,3800.8,3800.8,3.58
Kraken:XBTUSD,2019-03-01T03:08:00Z,3800.9,3801.0,3800.3,3800.3,3.844
Kraken:XBTUSD,2019-03-01T03:09:00Z,3800.7,3801.2,3800.6,3800.6,4.71714
Kraken:XBTUSD,2019-03-01T03:10:00Z,3800.8,3801.5,3799.8,3801.5,3.858943
Kraken:XBTUSD,2019-03-01T03:11:00Z,3800.6,3801.5,3800.0,3801.5,4.18417459
Kraken:XBTUSD,2019-03-01T03:12:00Z,3801.5,3801.5,3799.8,3799.8,3.58
Kraken:XBTUSD,2019-03-01T03:13:00Z,3801.4,3802.5,3800.5,3802.5,6.312
Kraken:XBTUSD,2019-03-01T03:14:00Z,3802.4,3802.4,3802.0,3802.0,3.58
Kraken:XBTUSD,2019-03-01T03:15:00Z,3802.2,3802.2,3802.2,3802.2,3.58
Kraken:XBTUSD,2019-03-01T03:16:00Z,3802.4,3802.5,3802.0,3802.0,3.9282738
Kraken:XBTUSD,2019-03-01T03:17:00Z,3802.0,3802.0,3801.4,3801.4,3.862281
Kraken:XBTUSD,2019-03-01T03:18:00Z,3801.5,3801.5,3801.3,3801.3,3.58
Kraken:XBTUSD,2019-03-01T03:19:00Z,3801.6,3801.6,3801.6,3801.6,3.58
Kraken:XBTUSD,2019-03-01T03:20:00Z,3801.6,3801.8,3801.6,3801.8,3.58657912
Kraken:XBTUSD,2019-03-01T03:21:00Z,3801.8,3801.8,3801.8,3801.8,5.2973
Kraken:XBTUSD,2019-03-01T03:22:00Z,3802.2,3802.5,3802.2,3802.5,3.68
Kraken:XBTUSD,2019-03-01T03:23:00Z,3802.2,3802.2,3802.2,3802.2,3.58
Kraken:XBTUSD,2019-03-01T03:24:00Z,3802.3,3802.3,3802.3,3802.3,3.58
Kraken:XBTUSD,2019-03-01T03:25:00Z,3802.4,3804.6,3802.4,3804.2,4.31644619
Kraken:XBTUSD,2019-03-01T03:26:00Z,3804.2,3804.2,3804.2,3804.2,3.58
Kraken:XBTUSD,2019-03-01T03:27:00Z,3804.6,3805.2,3804.2,3804.2,4.6106858
Kraken:XBTUSD,2019-03-01T03:28:00Z,3806.7,3806.7,3805.1,3805.1,3.58486202
Kraken:XBTUSD,2019-03-01T03:29:00Z,3805.8,3806.8,3805.8,3806.8,0.21013921
Kraken:XBTUSD,2019-03-01T03:30:00Z,3805.8,3806.7,3805.8,3806.7,0.89504348
Kraken:XBTUSD,2019-03-01T03:31:00Z,3806.3,3806.3,3806.3,3806.3,0.03985613
Kraken:XBTUSD,2019-03-01T03:32:00Z,3806.8,3806.8,3806.0,3806.0,0.370965
Kraken:XBTUSD,2019-03-01T03:33:00Z,3806.7,3806.8,3806.7,3806.8,0.01331531
Kraken:XBTUSD,2019-03-01T03:34:00Z,3806.8,3806.9,3806.8,3806.9,0.037
Kraken:XBTUSD,2019-03-01T03:35:00Z,3806.8,3806.8,3806.8,3806.8,5
Kraken:XBTUSD,2019-03-01T03:37:00Z,3805.1,3805.1,3805.1,3805.1,0.0035
Kraken:XBTUSD,2019-03-01T03:39:00Z,3804.8,3805.4,3804.8,3805.4,1
Kraken:XBTUSD,2019-03-01T03:40:00Z,3805.5,3805.5,3804.2,3804.3,1.20514436
Kraken:XBTUSD,2019-03-01T03:41:00Z,3804.4,3804.4,3804.4,3804.4,0.01048066
Kraken:XBTUSD,2019-03-01T03:42:00Z,3805.5,3805.5,3805.5,3805.5,0.038069
Kraken:XBTUSD,2019-03-01T03:45:00Z,3804.3,3804.3,3804.3,3804.3,0.11752735
Kraken:XBTUSD,2019-03-01T03:46:00Z,3804.3,3804.3,3804.3,3804.3,0.2975898
Kraken:XBTUSD,2019-03-01T03:50:00Z,3804.3,3804.3,3804.3,3804.3,0.00935994
Kraken:XBTUSD,2019-03-01T03:51:00Z,3804.4,3804.4,3804.4,3804.4,0.27582565
Kraken:XBTUSD,2019-03-01T03:52:00Z,3804.3,3804.3,3804.3,3804.3,0.08675987
Kraken:XBTUSD,2019-03-01T03:53:00Z,3804.3,3804.3,3804.3,3804.3,0.08675987
Kraken:XBTUSD,2019-03-01T03:54:00Z,3804.3,3804.3,3804.3,3804.3,0.0958547
Kraken:XBTUSD,2019-03-01T03:56:00Z,3804.4,3804.4,3804.4,3804.4,0.003754
Kraken:XBTUSD,2019-03-01T03:57:00Z,3804.3,3804.4,3803.8,3803.8,1.785273
Kraken:XBTUSD,2019-03-01T03:58:00Z,3803.2,3803.2,3803.2,3803.2,0.003265
Kraken:XBTUSD,2019-03-01T03:59:00Z,3803.0,3803.0,3803.0,3803.0,0.01222301
Kraken:XBTUSD,2019-03-01T04:00:00Z,3803.0,3803.1,3803.0,3803.1,0.030043
Kraken:XBTUSD,2019-03-01T04:01:00Z,3803.0,3803.1,3803.0,3803.1,0.041783
Kraken:XBTUSD,2019-03-01T04:02:00Z,3803.1,3803.1,3803.0,3803.0,0.268783
Kraken:XBTUSD,2019-03-01T04:03:00Z,3803.0,3803.0,3803.0,3803.0,0.02199132
Kraken:XBTUSD,2019-03-01T04:04:00Z,3803.1,3803.1,3803.1,3803.1,0.123891
Kraken:XBTUSD,2019-03-01T04:05:00Z,3803.0,3803.0,3802.9,3802.9,0.01146766
Kraken:XBTUSD,2019-03-01T04:06:00Z,3802.9,3802.9,3802.9,3802.9,0.831925
Kraken:XBTUSD,2019-03-01T04:09:00Z,3802.6,3802.6,3802.6,3802.6,0.0496262
Kraken:XBTUSD,2019-03-01T04:13:00Z,3802.0,3804.4,3802.0,3804.4,0.330558
Kraken:XBTUSD,2019-03-01T04:14:00Z,3802.4,3802.4,3802.4,3802.4,0.3
Kraken:XBTUSD,2019-03-01T04:16:00Z,3802.5,3803.5,3802.2,3802.2,0.02843411
Kraken:XBTUSD,2019-03-01T04:17:00Z,3802.2,3802.2,3801.6,3801.6,0.15583394
Kraken:XBTUSD,2019-03-01T04:18:00Z,3801.6,3801.6,3801.3,3801.3,0.15404
Kraken:XBTUSD,2019-03-01T04:25:00Z,3803.5,3804.1,3803.5,3804.1,2.37562649
Kraken:XBTUSD,2019-03-01T04:30:00Z,3803.0,3803.0,3803.0,3803.0,0.10030326
Kraken:XBTUSD,2019-03-01T04:32:00Z,3803.1,3803.1,3803.0,3803.0,0.37751357
Kraken:XBTUSD,2019-03-01T04:35:00Z,3803.0,3803.0,3803.0,3803.0,0.06924431
Kraken:XBTUSD,2019-03-01T04:36:00Z,3803.0,3803.0,3803.0,3803.0,0.5
Kraken:XBTUSD,2019-03-01T04:37:00Z,3803.1,3803.1,3803.0,3803.0,0.6111785
Kraken:XBTUSD,2019-03-01T04:38:00Z,3803.0,3803.0,3803.0,3803.0,0.5
Kraken:XBTUSD,2019-03-01T04:40:00Z,3803.0,3803.0,3803.0,3803.0,0.5
Kraken:XBTUSD,2019-03-01T04:41:00Z,3803.0,3803.0,3803.0,3803.0,0.5
Kraken:XBTUSD,2019-03-01T04:42:00Z,3803.1,3803.1,3803.1,3803.1,0.37206
Kraken:XBTUSD,2019-03-01T04:43:00Z,3803.0,3803.0,3803.0,3803.0,0.42450211
Kraken:XBTUSD,2019-03-01T04:44:00Z,3803.0,3803.0,3803.0,3803.0,0.74180419
Kraken:XBTUSD,2019-03-01T04:45:00Z,3801.4,3801.4,3801.4,3801.4,0.0628757
Kraken:XBTUSD,2019-03-01T04:47:00Z,3801.3,3801.4,3801.3,3801.3,0.07075754
Kraken:XBTUSD,2019-03-01T04:48:00Z,3801.3,3801.3,3801.3,3801.3,0.03
Kraken:XBTUSD,2019-03-01T04:49:00Z,3801.3,3801.3,3800.0,3800.0,1.608411
Kraken:XBTUSD,2019-03-01T04:52:00Z,3801.3,3801.3,3800.0,3800.0,1.78947368
Kraken:XBTUSD,2019-03-01T04:53:00Z,3800.0,3800.0,3799.3,3799.3,0.55784445
Kraken:XBTUSD,2019-03-01T04:54:00Z,3798.6,3798.7,3798.5,3798.5,0.08
Kraken:XBTUSD,2019-03-01T04:55:00Z,3798.3,3798.3,3798.1,3798.1,2.62950302
Kraken:XBTUSD,2019-03-01T04:59:00Z,3798.1,3798.1,3798.1,3798.1,6.08957
Kraken:XBTUSD,2019-03-01T05:00:00Z,3798.2,3802.5,3798.2,3802.5,10.56035955
Kraken:XBTUSD,2019-03-01T05:05:00Z,3801.0,3801.0,3799.3,3799.3,1E+1
Kraken:XBTUSD,2019-03-01T05:06:00Z,3798.5,3798.5,3798.5,3798.5,0.035437
Kraken:XBTUSD,2019-03-01T05:10:00Z,3800.9,3801.1,3800.9,3801.1,0.3
Kraken:XBTUSD,2019-03-01T05:11:00Z,3800.2,3801.1,3800.2,3801.0,0.687
Kraken:XBTUSD,2019-03-01T05:12:00Z,3801.1,3801.1,3801.1,3801.1,0.00992973
Kraken:XBTUSD,2019-03-01T05:13:00Z,3800.6,3801.8,3800.6,3801.8,7.813
Kraken:XBTUSD,2019-03-01T05:17:00Z,3800.0,3800.0,3800.0,3800.0,0.1306684
Kraken:XBTUSD,2019-03-01T05:21:00Z,3800.0,3800.0,3800.0,3800.0,0.03
Kraken:XBTUSD,2019-03-01T05:22:00Z,3800.0,3800.0,3800.0,3800.0,1.84210526
Kraken:XBTUSD,2019-03-01T05:23:00Z,3800.2,3800.2,3800.2,3800.2,0.00985092
Kraken:XBTUSD,2019-03-01T05:24:00Z,3801.8,3801.8,3800.0,3801.8,0.58295479
Kraken:XBTUSD,2019-03-01T05:27:00Z,3801.3,3801.3,3799.4,3799.4,10.071362
Kraken:XBTUSD,2019-03-01T05:29:00Z,3800.2,3800.2,3800.2,3800.2,0.0588375
Kraken:XBTUSD,2019-03-01T05:30:00Z,3802.1,3802.2,3802.1,3802.2,0.42802765
Kraken:XBTUSD,2019-03-01T05:31:00Z,3801.5,3801.5,3800.1,3800.2,5.2928809
Kraken:XBTUSD,2019-03-01T05:32:00Z,3800.8,3800.8,3800.8,3800.8,0.00256959
Kraken:XBTUSD,2019-03-01T05:33:00Z,3800.7,3800.7,3799.5,3799.5,7.89307514
Kraken:XBTUSD,2019-03-01T05:34:00Z,3800.6,3800.6,3800.6,3800.6,0.00704978
Kraken:XBTUSD,2019-03-01T05:44:00Z,3800.1,3800.1,3800.1,3800.1,0.0868856
Kraken:XBTUSD,2019-03-01T05:45:00Z,3800.2,3800.5,3800.2,3800.5,0.22865375
Kraken:XBTUSD,2019-03-01T05:46:00Z,3801.2,3801.2,3800.5,3800.5,0.1
Kraken:XBTUSD,2019-03-01T05:49:00Z,3800.6,3801.5,3800.6,3801.5,0.1384
Kraken:XBTUSD,2019-03-01T05:50:00Z,3801.2,3802.0,3801.2,3801.4,0.71023606
Kraken:XBTUSD,2019-03-01T05:51:00Z,3801.5,3801.5,3801.5,3801.5,0.03
Kraken:XBTUSD,2019-03-01T05:52:00Z,3801.5,3801.5,3801.5,3801.5,0.15749558
Kraken:XBTUSD,2019-03-01T05:54:00Z,3800.9,3800.9,3800.9,3800.9,0.02419675
Kraken:XBTUSD,2019-03-01T05:56:00Z,3801.1,3802.7,3801.0,3801.4,4.00551142
Kraken:XBTUSD,2019-03-01T05:59:00Z,3800.3,3800.3,3800.3,3800.3,0.03
Kraken:XBTUSD,2019-03-01T06:02:00Z,3800.7,3800.7,3800.7,3800.7,0.06
Kraken:XBTUSD,2019-03-01T06:03:00Z,3800.3,3800.3,3799.5,3799.5,1.84712
Kraken:XBTUSD,2019-03-01T06:06:00Z,3799.5,3799.5,3799.5,3799.5,0.03
Kraken:XBTUSD,2019-03-01T06:07:00Z,3800.2,3800.2,3799.5,3799.5,0.472017
Kraken:XBTUSD,2019-03-01T06:08:00Z,3800.4,3800.6,3799.1,3799.1,0.4228339
Kraken:XBTUSD,2019-03-01T06:09:00Z,3799.1,3799.1,3799.1,3799.1,0.039672
Kraken:XBTUSD,2019-03-01T06:10:00Z,3799.3,3799.3,3799.2,3799.2,1.71023206
Kraken:XBTUSD,2019-03-01T06:11:00Z,3799.1,3799.1,3799.1,3799.1,0.033066
Kraken:XBTUSD,2019-03-01T06:12:00Z,3799.5,3799.5,3799.5,3799.5,0.01555627
Kraken:XBTUSD,2019-03-01T06:13:00Z,3799.4,3799.4,3799.4,3799.4,0.14126093
Kraken:XBTUSD,2019-03-01T06:14:00Z,3799.4,3799.5,3799.3,3799.3,1.132495
Kraken:XBTUSD,2019-03-01T06:15:00Z,3799.3,3799.5,3799.3,3799.5,0.01794653
Kraken:XBTUSD,2019-03-01T06:16:00Z,3799.4,3799.4,3799.4,3799.4,0.008
Kraken:XBTUSD,2019-03-01T06:17:00Z,3799.4,3799.4,3799.4,3799.4,0.275151
Kraken:XBTUSD,2019-03-01T06:19:00Z,3799.4,3799.4,3799.4,3799.4,0.117
Kraken:XBTUSD,2019-03-01T06:20:00Z,3799.4,3799.4,3799.4,3799.4,0.01315962
Kraken:XBTUSD,2019-03-01T06:26:00Z,3799.4,3799.4,3799.4,3799.4,2.90330919
Kraken:XBTUSD,2019-03-01T06:31:00Z,3799.5,3799.5,3799.5,3799.5,0.0117697
Kraken:XBTUSD,2019-03-01T06:37:00Z,3799.4,3799.4,3799.4,3799.4,0.178405
Kraken:XBTUSD,2019-03-01T06:38:00Z,3799.5,3799.5,3799.5,3799.5,0.07951843
Kraken:XBTUSD,2019-03-01T06:40:00Z,3799.5,3799.5,3799.5,3799.5,0.63542282
Kraken:XBTUSD,2019-03-01T06:41:00Z,3800.6,3800.6,3800.6,3800.6,0.0011
Kraken:XBTUSD,2019-03-01T06:45:00Z,3800.6,3800.6,3800.6,3800.6,0.02441998
Kraken:XBTUSD,2019-03-01T06:46:00Z,3800.8,3801.1,3800.8,3801.1,0.81385791
Kraken:XBTUSD,2019-03-01T06:48:00Z,3801.4,3801.4,3801.2,3801.2,1.225408
Kraken:XBTUSD,2019-03-01T06:50:00Z,3801.2,3801.2,3801.2,3801.2,0.004023
Kraken:XBTUSD,2019-03-01T06:52:00Z,3801.3,3803.1,3801.3,3803.1,0.718975
Kraken:XBTUSD,2019-03-01T06:53:00Z,3803.1,3803.1,3803.1,3803.1,0.210786
Kraken:XBTUSD,2019-03-01T06:55:00Z,3802.9,3803.1,3802.9,3803.1,2.5
Kraken:XBTUSD,2019-03-01T06:56:00Z,3803.1,3803.1,3803.1,3803.1,0.002
Kraken:XBTUSD,2019-03-01T06:57:00Z,3801.3,3801.8,3801.3,3801.8,0.271981
Kraken:XBTUSD,2019-03-01T06:58:00Z,3801.8,3801.8,3801.8,3801.8,0.8437
Kraken:XBTUSD,2019-03-01T07:00:00Z,3801.9,3801.9,3800.4,3800.4,5.91565282
Kraken:XBTUSD,2019-03-01T07:01:00Z,3800.4,3800.4,3799.8,3799.8,5.99039407
Kraken:XBTUSD,2019-03-01T07:02:00Z,3799.2,3799.6,3798.4,3799.6,5.77923529
Kraken:XBTUSD,2019-03-01T07:03:00Z,3798.6,3799.5,3798.3,3799.4,5.85066024
Kraken:XBTUSD,2019-03-01T07:04:00Z,3799.4,3799.4,3798.3,3798.3,5.86127908
Kraken:XBTUSD,2019-03-01T07:05:00Z,3798.3,3798.6,3798.2,3798.3,4.83195276
Kraken:XBTUSD,2019-03-01T07:06:00Z,3798.2,3800.1,3798.0,3798.0,7.75304993
Kraken:XBTUSD,2019-03-01T07:07:00Z,3798.4,3798.5,3798.1,3798.3,5.59596812
Kraken:XBTUSD,2019-03-01T07:08:00Z,3798.3,3798.3,3798.2,3798.2,6.4200165
Kraken:XBTUSD,2019-03-01T07:09:00Z,3798.2,3798.2,3798.2,3798.2,4.54168868
Kraken:XBTUSD,2019-03-01T07:10:00Z,3798.2,3798.3,3798.2,3798.2,9.43886792
Kraken:XBTUSD,2019-03-01T07:11:00Z,3798.2,3798.2,3798.2,3798.2,7.88672553
Kraken:XBTUSD,2019-03-01T07:12:00Z,3798.2,3798.3,3798.2,3798.2,6.08762735
Kraken:XBTUSD,2019-03-01T07:13:00Z,3798.2,3798.2,3798.1,3798.1,3.99645759
Kraken:XBTUSD,2019-03-01T07:14:00Z,3798.2,3798.3,3797.4,3797.4,7.4183424
Kraken:XBTUSD,2019-03-01T07:15:00Z,3797.2,3797.4,3797.2,3797.4,4.55060862
Kraken:XBTUSD,2019-03-01T07:16:00Z,3797.4,3797.4,3797.4,3797.4,6.80357333
Kraken:XBTUSD,2019-03-01T07:17:00Z,3797.5,3797.5,3797.4,3797.4,4.52748426
Kraken:XBTUSD,2019-03-01T07:18:00Z,3797.4,3797.4,3797.4,3797.4,5.70220456
Kraken:XBTUSD,2019-03-01T07:19:00Z,3797.4,3797.4,3797.1,3797.2,7.8112251
Kraken:XBTUSD,2019-03-01T07:20:00Z,3797.2,3797.2,3796.9,3796.9,4.76455214
Kraken:XBTUSD,2019-03-01T07:21:00Z,3796.8,3796.8,3796.6,3796.6,6.13891281
Kraken:XBTUSD,2019-03-01T07:22:00Z,3796.8,3796.8,3796.7,3796.7,5.85207431
Kraken:XBTUSD,2019-03-01T07:23:00Z,3796.8,3796.8,3796.6,3796.6,5.62513745
Kraken:XBTUSD,2019-03-01T07:24:00Z,3796.6,3796.7,3796.1,3796.1,9.30425926
Kraken:XBTUSD,2019-03-01T07:25:00Z,3796.3,3796.7,3795.6,3795.7,8.69239996
Kraken:XBTUSD,2019-03-01T07:26:00Z,3795.7,3796.9,3795.6,3795.8,4.63080502
Kraken:XBTUSD,2019-03-01T07:27:00Z,3795.2,3795.2,3794.8,3795.0,5.9987106
Kraken:XBTUSD,2019-03-01T07:28:00Z,3795.0,3795.0,3790.7,3790.7,31.43964622
Kraken:XBTUSD,2019-03-01T07:29:00Z,3791.2,3793.2,3790.8,3791.4,6.39264515
Kraken:XBTUSD,2019-03-01T07:30:00Z,3792.2,3792.2,3790.7,3790.7,6.03800613
Kraken:XBTUSD,2019-03-01T07:31:00Z,3790.8,3791.1,3790.6,3790.6,7.35462237
Kraken:XBTUSD,2019-03-01T07:32:00Z,3790.7,3793.1,3790.5,3792.3,5.82125901
Kraken:XBTUSD,2019-03-01T07:33:00Z,3793.6,3794.0,3791.5,3793.3,6.94637272
Kraken:XBTUSD,2019-03-01T07:34:00Z,3793.3,3793.5,3793.1,3793.1,5.40617679
Kraken:XBTUSD,2019-03-01T07:35:00Z,3793.1,3793.8,3792.1,3792.1,6.19695948
Kraken:XBTUSD,2019-03-01T07:36:00Z,3792.9,3794.0,3792.9,3793.9,5.82412913
Kraken:XBTUSD,2019-03-01T07:37:00Z,3794.0,3794.6,3792.9,3793.4,7.24010833
Kraken:XBTUSD,2019-03-01T07:38:00Z,3794.6,3796.8,3793.2,3796.7,7.42223724
Kraken:XBTUSD,2019-03-01T07:39:00Z,3796.8,3796.8,3794.5,3794.5,5.55835587
Kraken:XBTUSD,2019-03-01T07:40:00Z,3796.9,3797.0,3795.2,3797.0,5.8129443
Kraken:XBTUSD,2019-03-01T07:41:00Z,3797.0,3797.1,3796.0,3796.6,6.13772008
Kraken:XBTUSD,2019-03-01T07:42:00Z,3797.1,3797.2,3796.6,3796.7,5.8269467
Kraken:XBTUSD,2019-03-01T07:43:00Z,3797.3,3798.5,3797.0,3797.7,5.76802131
Kraken:XBTUSD,2019-03-01T07:44:00Z,3797.7,3799.2,3796.7,3797.1,7.81784176
Kraken:XBTUSD,2019-03-01T07:45:00Z,3798.9,3800.3,3797.1,3797.5,7.55555717
Kraken:XBTUSD,2019-03-01T07:46:00Z,3799.1,3799.1,3796.6,3796.9,6.26434708
Kraken:XBTUSD,2019-03-01T07:47:00Z,3797.2,3798.4,3796.3,3796.3,5.60243913
Kraken:XBTUSD,2019-03-01T07:48:00Z,3797.4,3797.4,3796.3,3796.3,5.76877912
Kraken:XBTUSD,2019-03-01T07:49:00Z,3796.7,3798.7,3796.4,3797.1,6.07468723
Kraken:XBTUSD,2019-03-01T07:50:00Z,3798.7,3798.7,3797.1,3798.5,4.85969215
Kraken:XBTUSD,2019-03-01T07:51:00Z,3798.5,3798.7,3796.2,3798.7,5.2066664
Kraken:XBTUSD,2019-03-01T07:52:00Z,3797.0,3798.8,3796.7,3798.8,5.7235005
Kraken:XBTUSD,2019-03-01T07:53:00Z,3798.8,3800.7,3797.9,3800.6,7.4422217
Kraken:XBTUSD,2019-03-01T07:54:00Z,3802.9,3803.0,3801.6,3801.7,3.19298
Kraken:XBTUSD,2019-03-01T07:55:00Z,3803.2,3803.7,3803.2,3803.7,0.21316794
Kraken:XBTUSD,2019-03-01T07:56:00Z,3804.2,3804.2,3800.8,3800.8,3.8778432
Kraken:XBTUSD,2019-03-01T07:57:00Z,3800.9,3802.9,3800.7,3802.9,0.145043
Kraken:XBTUSD,2019-03-01T07:58:00Z,3803.5,3805.2,3803.5,3805.2,15
Kraken:XBTUSD,2019-03-01T07:59:00Z,3804.9,3809.1,3804.9,3809.1,4.72465663
Kraken:XBTUSD,2019-03-01T08:00:00Z,3808.4,3809.2,3806.7,3809.2,3.42030186
Kraken:XBTUSD,2019-03-01T08:03:00Z,3809.0,3809.2,3809.0,3809.2,0.37346
Kraken:XBTUSD,2019-03-01T08:04:00Z,3807.4,3807.4,3805.4,3805.4,1.216
Kraken:XBTUSD,2019-03-01T08:05:00Z,3805.4,3805.4,3805.4,3805.4,0.07019533
Kraken:XBTUSD,2019-03-01T08:06:00Z,3805.5,3805.5,3805.4,3805.4,0.64129224
Kraken:XBTUSD,2019-03-01T08:07:00Z,3805.4,3805.4,3805.4,3805.4,3.56324954
Kraken:XBTUSD,2019-03-01T08:08:00Z,3804.6,3804.6,3804.5,3804.5,0.0591934
Kraken:XBTUSD,2019-03-01T08:09:00Z,3805.1,3805.1,3805.0,3805.0,0.00987512
Kraken:XBTUSD,2019-03-01T08:10:00Z,3805.3,3805.3,3805.2,3805.2,0.00980822
Kraken:XBTUSD,2019-03-01T08:11:00Z,3805.2,3805.7,3805.2,3805.7,6.38695429
Kraken:XBTUSD,2019-03-01T08:12:00Z,3807.6,3807.7,3807.6,3807.7,0.79
Kraken:XBTUSD,2019-03-01T08:13:00Z,3807.6,3807.7,3807.6,3807.6,0.18049162
Kraken:XBTUSD,2019-03-01T08:15:00Z,3807.6,3808.0,3807.6,3807.9,2.84720748
Kraken:XBTUSD,2019-03-01T08:16:00Z,3807.9,3809.2,3807.9,3809.1,5.95495298
Kraken:XBTUSD,2019-03-01T08:17:00Z,3810.2,3810.6,3810.2,3810.6,1.30956241
Kraken:XBTUSD,2019-03-01T08:19:00Z,3809.8,3809.8,3809.8,3809.8,0.07645
Kraken:XBTUSD,2019-03-01T08:20:00Z,3809.8,3809.8,3809.8,3809.8,0.011
Kraken:XBTUSD,2019-03-01T08:21:00Z,3809.8,3811.0,3809.8,3811.0,0.87655
Kraken:XBTUSD,2019-03-01T08:23:00Z,3810.7,3810.7,3809.8,3809.8,2.67168
Kraken:XBTUSD,2019-03-01T08:25:00Z,3809.7,3809.7,3809.7,3809.7,0.07645
Kraken:XBTUSD,2019-03-01T08:26:00Z,3808.9,3809.9,3808.8,3808.8,0.2326526
Kraken:XBTUSD,2019-03-01T08:27:00Z,3808.8,3808.9,3808.8,3808.9,0.048076
Kraken:XBTUSD,2019-03-01T08:28:00Z,3808.9,3809.8,3808.8,3809.8,0.25078392
Kraken:XBTUSD,2019-03-01T08:29:00Z,3809.1,3809.1,3809.1,3809.1,0.323829
Kraken:XBTUSD,2019-03-01T08:30:00Z,3809.1,3809.1,3809.1,3809.1,0.3
Kraken:XBTUSD,2019-03-01T08:33:00Z,3809.1,3809.1,3809.1,3809.1,7.1241
Kraken:XBTUSD,2019-03-01T08:34:00Z,3808.6,3808.6,3808.6,3808.6,0.08829999
Kraken:XBTUSD,2019-03-01T08:35:00Z,3808.6,3808.6,3808.6,3808.6,0.10917
Kraken:XBTUSD,2019-03-01T08:37:00Z,3808.6,3808.6,3808.6,3808.6,0.01097345
Kraken:XBTUSD,2019-03-01T08:38:00Z,3808.7,3808.7,3808.6,3808.6,0.308445
Kraken:XBTUSD,2019-03-01T08:42:00Z,3808.6,3808.6,3808.6,3808.6,0.1094188
Kraken:XBTUSD,2019-03-01T08:47:00Z,3808.3,3808.3,3808.3,3808.3,0.019
Kraken:XBTUSD,2019-03-01T08:48:00Z,3808.1,3808.1,3808.1,3808.1,1.037
Kraken:XBTUSD,2019-03-01T08:49:00Z,3808.2,3809.3,3807.9,3809.3,3.04179538
Kraken:XBTUSD,2019-03-01T08:57:00Z,3808.3,3808.3,3807.8,3807.8,4
Kraken:XBTUSD,2019-03-01T08:58:00Z,3808.1,3810.5,3808.1,3810.5,0.84882339
Kraken:XBTUSD,2019-03-01T08:59:00Z,3809.0,3809.0,3809.0,3809.0,0.1
Kraken:XBTUSD,2019-03-01T09:00:00Z,3808.2,3808.2,3808.2,3808.2,0.002
Kraken:XBTUSD,2019-03-01T09:01:00Z,3808.4,3809.1,3808.4,3809.0,0.05
Kraken:XBTUSD,2019-03-01T09:02:00Z,3809.0,3811.8,3809.0,3811.8,3.41724228
Kraken:XBTUSD,2019-03-01T09:03:00Z,3811.7,3815.9,3811.7,3815.9,9.65482344
Kraken:XBTUSD,2019-03-01T09:04:00Z,3818.1,3824.6,3817.8,3817.8,29.58074211
Kraken:XBTUSD,2019-03-01T09:05:00Z,3818.6,3818.6,3814.5,3815.0,2.13352589
Kraken:XBTUSD,2019-03-01T09:06:00Z,3817.4,3819.4,3817.0,3819.4,2.17030609
Kraken:XBTUSD,2019-03-01T09:07:00Z,3820.0,3824.8,3820.0,3823.6,0.57047199
Kraken:XBTUSD,2019-03-01T09:08:00Z,3820.1,3821.6,3820.1,3821.6,0.56126456
Kraken:XBTUSD,2019-03-01T09:09:00Z,3818.6,3818.6,3818.0,3818.0,7.88361926
Kraken:XBTUSD,2019-03-01T09:14:00Z,3819.5,3819.5,3819.5,3819.5,0.03
Kraken:XBTUSD,2019-03-01T09:15:00Z,3822.0,3822.0,3819.4,3819.4,1.356112
Kraken:XBTUSD,2019-03-01T09:16:00Z,3819.0,3819.0,3818.2,3818.2,0.55
Kraken:XBTUSD,2019-03-01T09:17:00Z,3817.7,3817.7,3817.6,3817.6,0.31057103
Kraken:XBTUSD,2019-03-01T09:19:00Z,3814.2,3814.2,3814.2,3814.2,0.02443267
Kraken:XBTUSD,2019-03-01T09:21:00Z,3814.0,3814.2,3814.0,3814.2,0.47271309
Kraken:XBTUSD,2019-03-01T09:23:00Z,3814.2,3814.2,3814.1,3814.1,1.2
Kraken:XBTUSD,2019-03-01T09:24:00Z,3814.2,3814.2,3814.2,3814.2,0.46660716
Kraken:XBTUSD,2019-03-01T09:25:00Z,3816.7,3816.7,3816.7,3816.7,0.005269
Kraken:XBTUSD,2019-03-01T09:27:00Z,3815.8,3815.8,3815.7,3815.7,3
Kraken:XBTUSD,2019-03-01T09:28:00Z,3815.8,3815.8,3815.8,3815.8,0.0825526
Kraken:XBTUSD,2019-03-01T09:32:00Z,3815.8,3815.8,3815.8,3815.8,0.37222836
Kraken:XBTUSD,2019-03-01T09:33:00Z,3819.9,3820.0,3819.9,3820.0,0.6
Kraken:XBTUSD,2019-03-01T09:34:00Z,3819.7,3819.7,3819.2,3819.2,0.377
Kraken:XBTUSD,2019-03-01T09:35:00Z,3817.9,3817.9,3817.9,3817.9,0.01480596
Kraken:XBTUSD,2019-03-01T09:38:00Z,3819.0,3819.0,3819.0,3819.0,0.52102871
Kraken:XBTUSD,2019-03-01T09:39:00Z,3819.4,3820.0,3819.4,3820.0,0.068858
Kraken:XBTUSD,2019-03-01T09:40:00Z,3819.6,3819.6,3819.6,3819.6,0.0108739
Kraken:XBTUSD,2019-03-01T09:41:00Z,3819.9,3819.9,3819.9,3819.9,0.2184355
Kraken:XBTUSD,2019-03-01T09:42:00Z,3819.8,3819.8,3819.7,3819.7,0.21379351
Kraken:XBTUSD,2019-03-01T09:48:00Z,3819.2,3819.3,3817.4,3817.4,1.40099354
Kraken:XBTUSD,2019-03-01T09:49:00Z,3818.1,3818.1,3816.1,3816.1,0.04
Kraken:XBTUSD,2019-03-01T09:50:00Z,3815.5,3815.5,3813.9,3813.9,0.387
Kraken:XBTUSD,2019-03-01T09:51:00Z,3814.3,3814.3,3814.3,3814.3,0.01
Kraken:XBTUSD,2019-03-01T09:52:00Z,3815.4,3815.4,3815.4,3815.4,0.15213227
Kraken:XBTUSD,2019-03-01T09:53:00Z,3814.1,3814.1,3814.1,3814.1,0.011
Kraken:XBTUSD,2019-03-01T09:57:00Z,3814.1,3815.3,3813.7,3815.3,0.90497958
Kraken:XBTUSD,2019-03-01T09:58:00Z,3813.6,3813.6,3813.6,3813.6,0.15302
Kraken:XBTUSD,2019-03-01T09:59:00Z,3813.6,3813.6,3813.5,3813.5,0.07185074
Kraken:XBTUSD,2019-03-01T10:00:00Z,3813.6,3813.6,3813.5,3813.5,0.06457733
Kraken:XBTUSD,2019-03-01T10:01:00Z,3815.3,3815.3,3815.3,3815.3,0.0906
Kraken:XBTUSD,2019-03-01T10:03:00Z,3814.2,3814.2,3812.5,3813.2,2.221
Kraken:XBTUSD,2019-03-01T10:04:00Z,3812.4,3812.8,3812.4,3812.8,0.026
Kraken:XBTUSD,2019-03-01T10:05:00Z,3811.6,3811.6,3811.6,3811.6,0.026361
Kraken:XBTUSD,2019-03-01T10:06:00Z,3810.0,3810.0,3809.7,3809.8,0.13879208
Kraken:XBTUSD,2019-03-01T10:07:00Z,3809.8,3815.7,3809.8,3815.7,0.32491618
Kraken:XBTUSD,2019-03-01T10:08:00Z,3815.8,3815.8,3815.8,3815.8,0.0151
Kraken:XBTUSD,2019-03-01T10:09:00Z,3812.7,3812.7,3812.7,3812.7,0.05234
Kraken:XBTUSD,2019-03-01T10:10:00Z,3811.6,3811.6,3811.6,3811.6,0.03985407
Kraken:XBTUSD,2019-03-01T10:11:00Z,3811.8,3811.8,3811.8,3811.8,0.0151
Kraken:XBTUSD,2019-03-01T10:13:00Z,3811.6,3811.6,3811.6,3811.6,0.03975288
Kraken:XBTUSD,2019-03-01T10:14:00Z,3811.6,3811.7,3811.0,3811.6,0.7255
Kraken:XBTUSD,2019-03-01T10:15:00Z,3810.4,3810.4,3809.8,3809.8,0.18097422
Kraken:XBTUSD,2019-03-01T10:16:00Z,3810.4,3811.5,3810.4,3811.5,0.186819
Kraken:XBTUSD,2019-03-01T10:17:00Z,3810.1,3810.1,3810.1,3810.1,0.003063
Kraken:XBTUSD,2019-03-01T10:18:00Z,3810.0,3810.1,3809.7,3810.1,1.949
Kraken:XBTUSD,2019-03-01T10:20:00Z,3809.9,3809.9,3809.1,3809.7,1.639947
Kraken:XBTUSD,2019-03-01T10:23:00Z,3809.7,3810.4,3809.7,3810.4,1.66333881
Kraken:XBTUSD,2019-03-01T10:24:00Z,3810.8,3810.9,3810.8,3810.9,1.00321449
Kraken:XBTUSD,2019-03-01T10:25:00Z,3812.7,3812.7,3812.7,3812.7,0.064
Kraken:XBTUSD,2019-03-01T10:27:00Z,3812.6,3812.6,3812.6,3812.6,0.002
Kraken:XBTUSD,2019-03-01T10:28:00Z,3811.6,3811.6,3811.6,3811.6,0.00339
Kraken:XBTUSD,2019-03-01T10:33:00Z,3812.7,3812.7,3812.7,3812.7,0.004
Kraken:XBTUSD,2019-03-01T10:35:00Z,3812.9,3812.9,3812.9,3812.9,0.061252
Kraken:XBTUSD,2019-03-01T10:37:00Z,3812.9,3812.9,3812.9,3812.9,0.14424
Kraken:XBTUSD,2019-03-01T10:38:00Z,3812.9,3813.7,3812.9,3813.7,1.319
Kraken:XBTUSD,2019-03-01T10:41:00Z,3813.5,3813.5,3813.5,3813.5,0.3253184
Kraken:XBTUSD,2019-03-01T10:42:00Z,3813.6,3813.6,3813.6,3813.6,0.02
Kraken:XBTUSD,2019-03-01T10:45:00Z,3813.8,3813.8,3813.8,3813.8,0.03747837
Kraken:XBTUSD,2019-03-01T10:46:00Z,3814.6,3814.6,3814.6,3814.6,0.13120794
Kraken:XBTUSD,2019-03-01T10:47:00Z,3815.2,3815.2,3815.2,3815.2,0.12561462
Kraken:XBTUSD,2019-03-01T10:48:00Z,3815.4,3815.4,3815.4,3815.4,0.0151
Kraken:XBTUSD,2019-03-01T10:49:00Z,3815.2,3815.4,3815.2,3815.3,0.15413
Kraken:XBTUSD,2019-03-01T10:51:00Z,3815.1,3815.1,3815.1,3815.1,0.20969856
Kraken:XBTUSD,2019-03-01T10:53:00Z,3815.1,3815.1,3815.1,3815.1,1.41174907
Kraken:XBTUSD,2019-03-01T10:54:00Z,3814.9,3814.9,3814.9,3814.9,0.01720663
Kraken:XBTUSD,2019-03-01T10:55:00Z,3814.8,3815.2,3814.8,3815.2,0.070173
Kraken:XBTUSD,2019-03-01T10:57:00Z,3815.3,3815.3,3815.3,3815.3,0.057202
Kraken:XBTUSD,2019-03-01T10:58:00Z,3815.2,3815.2,3814.8,3814.8,0.1256184
Kraken:XBTUSD,2019-03-01T11:00:00Z,3815.2,3815.2,3815.2,3815.2,0.136967
Kraken:XBTUSD,2019-03-01T11:01:00Z,3815.2,3815.2,3815.2,3815.2,0.53408364
Kraken:XBTUSD,2019-03-01T11:03:00Z,3815.2,3815.3,3815.2,3815.3,0.997883
Kraken:XBTUSD,2019-03-01T11:04:00Z,3816.3,3816.3,3816.3,3816.3,0.818
Kraken:XBTUSD,2019-03-01T11:05:00Z,3816.3,3816.4,3816.3,3816.4,0.3220999
Kraken:XBTUSD,2019-03-01T11:06:00Z,3816.2,3816.2,3816.2,3816.2,0.10999992
Kraken:XBTUSD,2019-03-01T11:08:00Z,3816.2,3816.3,3816.2,3816.3,0.03497796
Kraken:XBTUSD,2019-03-01T11:09:00Z,3816.2,3816.3,3816.2,3816.3,0.10509
Kraken:XBTUSD,2019-03-01T11:10:00Z,3816.2,3816.3,3816.2,3816.3,0.03297193
Kraken:XBTUSD,2019-03-01T11:11:00Z,3816.3,3816.3,3816.2,3816.2,0.80482862
Kraken:XBTUSD,2019-03-01T11:13:00Z,3816.2,3816.2,3816.2,3816.2,0.302
Kraken:XBTUSD,2019-03-01T11:14:00Z,3816.2,3816.2,3813.9,3815.4,0.864588
Kraken:XBTUSD,2019-03-01T11:18:00Z,3813.7,3815.2,3813.7,3815.2,1.817
Kraken:XBTUSD,2019-03-01T11:19:00Z,3813.8,3813.9,3813.8,3813.9,0.345837
Kraken:XBTUSD,2019-03-01T11:20:00Z,3813.7,3813.7,3813.7,3813.7,0.5978822
Kraken:XBTUSD,2019-03-01T11:21:00Z,3813.7,3813.8,3813.2,3813.2,0.661
Kraken:XBTUSD,2019-03-01T11:22:00Z,3813.5,3813.6,3813.2,3813.2,0.03
Kraken:XBTUSD,2019-03-01T11:23:00Z,3812.6,3812.6,3812.6,3812.6,0.15
Kraken:XBTUSD,2019-03-01T11:24:00Z,3812.9,3812.9,3812.9,3812.9,0.5
Kraken:XBTUSD,2019-03-01T11:25:00Z,3812.9,3812.9,3812.9,3812.9,4.5
Kraken:XBTUSD,2019-03-01T11:27:00Z,3809.7,3809.7,3807.8,3807.8,0.710964
Kraken:XBTUSD,2019-03-01T11:28:00Z,3809.0,3809.0,3807.7,3807.7,1.066446
Kraken:XBTUSD,2019-03-01T11:29:00Z,3807.8,3807.8,3807.8,3807.8,0.0007
Kraken:XBTUSD,2019-03-01T11:30:00Z,3807.9,3807.9,3807.3,3807.8,12.63700647
Kraken:XBTUSD,2019-03-01T11:33:00Z,3811.6,3811.6,3809.7,3809.7,1.33015
Kraken:XBTUSD,2019-03-01T11:36:00Z,3810.3,3813.4,3810.3,3812.6,11.64654262
Kraken:XBTUSD,2019-03-01T11:39:00Z,3811.0,3811.0,3811.0,3811.0,0.046679
Kraken:XBTUSD,2019-03-01T11:40:00Z,3811.0,3811.0,3811.0,3811.0,0.004012
Kraken:XBTUSD,2019-03-01T11:42:00Z,3811.0,3811.0,3811.0,3811.0,0.070344
Kraken:XBTUSD,2019-03-01T11:44:00Z,3811.1,3811.1,3811.1,3811.1,0.005484
Kraken:XBTUSD,2019-03-01T11:45:00Z,3811.0,3811.3,3811.0,3811.2,0.746227
Kraken:XBTUSD,2019-03-01T11:49:00Z,3811.0,3811.5,3811.0,3811.5,5.04620472
Kraken:XBTUSD,2019-03-01T11:50:00Z,3811.1,3812.0,3811.1,3811.2,5.358
Kraken:XBTUSD,2019-03-01T11:52:00Z,3811.1,3812.0,3810.0,3810.0,16.51076028
Kraken:XBTUSD,2019-03-01T11:53:00Z,3809.9,3810.0,3809.9,3810.0,4.93244785
Kraken:XBTUSD,2019-03-01T11:55:00Z,3810.1,3810.1,3810.1,3810.1,0.1762
Kraken:XBTUSD,2019-03-01T11:58:00Z,3810.1,3810.1,3810.1,3810.1,0.0240295
Kraken:XBTUSD,2019-03-01T11:59:00Z,3810.0,3810.0,3810.0,3810.0,0.07546078
Kraken:XBTUSD,2019-03-01T12:00:00Z,3810.0,3810.1,3809.7,3809.7,0.24468821
Kraken:XBTUSD,2019-03-01T12:01:00Z,3810.0,3810.0,3810.0,3810.0,0.0001
Kraken:XBTUSD,2019-03-01T12:03:00Z,3809.8,3810.0,3809.8,3809.9,0.642547
Kraken:XBTUSD,2019-03-01T12:04:00Z,3809.9,3809.9,3809.9,3809.9,0.005486
Kraken:XBTUSD,2019-03-01T12:07:00Z,3809.9,3809.9,3809.9,3809.9,0.007192
Kraken:XBTUSD,2019-03-01T12:08:00Z,3809.7,3809.8,3808.7,3808.7,1.40557848
Kraken:XBTUSD,2019-03-01T12:09:00Z,3809.4,3809.4,3809.4,3809.4,0.005314
Kraken:XBTUSD,2019-03-01T12:10:00Z,3809.0,3810.0,3808.9,3810.0,5.26204077
Kraken:XBTUSD,2019-03-01T12:11:00Z,3809.9,3810.0,3809.9,3809.9,0.03803639
Kraken:XBTUSD,2019-03-01T12:12:00Z,3810.0,3810.8,3810.0,3810.0,1.05746875
Kraken:XBTUSD,2019-03-01T12:15:00Z,3809.9,3809.9,3809.9,3809.9,0.12787415
Kraken:XBTUSD,2019-03-01T12:17:00Z,3809.9,3809.9,3809.9,3809.9,0.01319
Kraken:XBTUSD,2019-03-01T12:18:00Z,3809.9,3809.9,3809.9,3809.9,0.08431199
Kraken:XBTUSD,2019-03-01T12:19:00Z,3809.9,3809.9,3809.9,3809.9,0.75525047
Kraken:XBTUSD,2019-03-01T12:20:00Z,3809.8,3809.8,3809.8,3809.8,0.04011352
Kraken:XBTUSD,2019-03-01T12:21:00Z,3809.7,3809.8,3809.7,3809.8,5.07
Kraken:XBTUSD,2019-03-01T12:22:00Z,3809.8,3809.8,3809.8,3809.8,0.21884514
Kraken:XBTUSD,2019-03-01T12:23:00Z,3809.8,3809.8,3809.8,3809.8,0.04735
Kraken:XBTUSD,2019-03-01T12:24:00Z,3809.7,3809.7,3807.9,3807.9,4.61154291
Kraken:XBTUSD,2019-03-01T12:25:00Z,3807.9,3807.9,3807.9,3807.9,0.12585215
Kraken:XBTUSD,2019-03-01T12:27:00Z,3809.8,3809.8,3809.8,3809.8,0.02949
Kraken:XBTUSD,2019-03-01T12:28:00Z,3810.0,3813.0,3810.0,3813.0,10.02353125
Kraken:XBTUSD,2019-03-01T12:29:00Z,3812.1,3812.4,3812.1,3812.1,0.05736352
Kraken:XBTUSD,2019-03-01T12:30:00Z,3812.1,3812.4,3812.1,3812.1,0.19090468
Kraken:XBTUSD,2019-03-01T12:31:00Z,3812.1,3812.3,3811.8,3811.8,2.51625075
Kraken:XBTUSD,2019-03-01T12:32:00Z,3811.6,3811.7,3811.6,3811.7,0.76530719
Kraken:XBTUSD,2019-03-01T12:33:00Z,3811.0,3811.0,3811.0,3811.0,0.02576234
Kraken:XBTUSD,2019-03-01T12:35:00Z,3811.0,3811.1,3811.0,3811.0,0.05246281
Kraken:XBTUSD,2019-03-01T12:36:00Z,3811.1,3811.1,3811.0,3811.1,0.41376983
Kraken:XBTUSD,2019-03-01T12:37:00Z,3811.1,3811.1,3811.1,3811.1,0.05
Kraken:XBTUSD,2019-03-01T12:38:00Z,3811.0,3811.0,3811.0,3811.0,0.00255659
Kraken:XBTUSD,2019-03-01T12:39:00Z,3811.1,3811.1,3811.0,3811.1,0.201005
Kraken:XBTUSD,2019-03-01T12:42:00Z,3811.0,3811.1,3811.0,3811.1,0.6354
Kraken:XBTUSD,2019-03-01T12:43:00Z,3811.1,3811.1,3811.1,3811.1,0.01
Kraken:XBTUSD,2019-03-01T12:44:00Z,3811.1,3811.1,3811.1,3811.1,0.02
Kraken:XBTUSD,2019-03-01T12:46:00Z,3811.1,3811.1,3811.1,3811.1,0.192816
Kraken:XBTUSD,2019-03-01T12:47:00Z,3811.1,3811.1,3811.0,3811.1,0.16790497
Kraken:XBTUSD,2019-03-01T12:48:00Z,3811.0,3811.0,3811.0,3811.0,0.413248
Kraken:XBTUSD,2019-03-01T12:50:00Z,3811.0,3811.0,3811.0,3811.0,2.53
Kraken:XBTUSD,2019-03-01T12:51:00Z,3811.0,3811.0,3811.0,3811.0,0.304625
Kraken:XBTUSD,2019-03-01T12:52:00Z,3811.1,3811.1,3811.1,3811.1,1.05
Kraken:XBTUSD,2019-03-01T12:53:00Z,3811.0,3811.0,3811.0,3811.0,0.4
Kraken:XBTUSD,2019-03-01T12:55:00Z,3811.0,3811.0,3811.0,3811.0,2
Kraken:XBTUSD,2019-03-01T12:58:00Z,3811.0,3811.0,3811.0,3811.0,0.37944215
Kraken:XBTUSD,2019-03-01T12:59:00Z,3811.1,3811.1,3811.1,3811.1,0.005484
Kraken:XBTUSD,2019-03-01T13:00:00Z,3811.1,3811.1,3811.1,3811.1,1.2
Kraken:XBTUSD,2019-03-01T13:02:00Z,3811.0,3811.0,3811.0,3811.0,0.52236941
Kraken:XBTUSD,2019-03-01T13:03:00Z,3811.0,3811.0,3809.5,3809.5,8.16946707
Kraken:XBTUSD,2019-03-01T13:05:00Z,3809.6,3809.6,3809.5,3809.5,0.03494222
Kraken:XBTUSD,2019-03-01T13:06:00Z,3809.5,3809.5,3809.5,3809.5,4.32577793
Kraken:XBTUSD,2019-03-01T13:07:00Z,3809.0,3809.0,3809.0,3809.0,0.84581911
Kraken:XBTUSD,2019-03-01T13:08:00Z,3809.1,3809.1,3809.0,3809.0,4.48706089
Kraken:XBTUSD,2019-03-01T13:09:00Z,3808.9,3809.0,3808.9,3809.0,0.03484571
Kraken:XBTUSD,2019-03-01T13:14:00Z,3809.0,3809.0,3808.3,3808.3,5.74632598
Kraken:XBTUSD,2019-03-01T13:15:00Z,3807.9,3807.9,3807.9,3807.9,0.15022277
Kraken:XBTUSD,2019-03-01T13:16:00Z,3808.1,3808.1,3808.1,3808.1,0.005489
Kraken:XBTUSD,2019-03-01T13:18:00Z,3808.0,3808.0,3808.0,3808.0,1.033212
Kraken:XBTUSD,2019-03-01T13:19:00Z,3808.8,3809.0,3808.8,3809.0,0.324
Kraken:XBTUSD,2019-03-01T13:20:00Z,3808.9,3808.9,3808.9,3808.9,0.005487
Kraken:XBTUSD,2019-03-01T13:22:00Z,3808.8,3808.8,3808.8,3808.8,0.0127
Kraken:XBTUSD,2019-03-01T13:23:00Z,3808.9,3808.9,3808.9,3808.9,0.136
Kraken:XBTUSD,2019-03-01T13:24:00Z,3809.0,3810.5,3809.0,3810.5,4.83701692
Kraken:XBTUSD,2019-03-01T13:25:00Z,3810.5,3811.0,3810.5,3811.0,1.45235981
Kraken:XBTUSD,2019-03-01T13:26:00Z,3811.0,3811.9,3811.0,3811.9,6.27899768
Kraken:XBTUSD,2019-03-01T13:27:00Z,3811.5,3811.9,3811.5,3811.9,0.13475
Kraken:XBTUSD,2019-03-01T13:29:00Z,3811.8,3811.8,3811.8,3811.8,1.032236
Kraken:XBTUSD,2019-03-01T13:30:00Z,3811.9,3812.4,3811.9,3812.3,1.21535107
Kraken:XBTUSD,2019-03-01T13:31:00Z,3812.5,3812.5,3812.5,3812.5,0.03973144
Kraken:XBTUSD,2019-03-01T13:32:00Z,3812.6,3812.7,3812.5,3812.5,0.504484
Kraken:XBTUSD,2019-03-01T13:33:00Z,3812.6,3812.6,3812.5,3812.5,0.42356481
Kraken:XBTUSD,2019-03-01T13:35:00Z,3812.5,3812.5,3812.5,3812.5,0.16197393
Kraken:XBTUSD,2019-03-01T13:36:00Z,3812.5,3813.0,3812.5,3813.0,0.81245072
Kraken:XBTUSD,2019-03-01T13:37:00Z,3812.9,3812.9,3812.9,3812.9,0.135909
Kraken:XBTUSD,2019-03-01T13:38:00Z,3812.4,3813.0,3812.4,3812.4,0.80576431
Kraken:XBTUSD,2019-03-01T13:39:00Z,3812.8,3812.8,3812.8,3812.8,0.00867301
Kraken:XBTUSD,2019-03-01T13:40:00Z,3812.9,3813.5,3812.9,3813.5,5
Kraken:XBTUSD,2019-03-01T13:41:00Z,3813.0,3813.5,3813.0,3813.5,1
Kraken:XBTUSD,2019-03-01T13:43:00Z,3813.6,3813.6,3813.6,3813.6,0.01
Kraken:XBTUSD,2019-03-01T13:46:00Z,3814.4,3815.0,3813.8,3813.8,0.6
Kraken:XBTUSD,2019-03-01T13:47:00Z,3814.1,3814.6,3814.1,3814.6,0.54270934
Kraken:XBTUSD,2019-03-01T13:49:00Z,3814.9,3814.9,3814.9,3814.9,1.05296921
Kraken:XBTUSD,2019-03-01T13:50:00Z,3814.8,3814.8,3814.8,3814.8,2.76138705
Kraken:XBTUSD,2019-03-01T13:51:00Z,3814.8,3814.8,3814.8,3814.8,0.10591663
Kraken:XBTUSD,2019-03-01T13:54:00Z,3814.9,3815.0,3814.9,3815.0,1.28944695
Kraken:XBTUSD,2019-03-01T13:55:00Z,3815.0,3819.7,3815.0,3819.7,2.786807
Kraken:XBTUSD,2019-03-01T13:56:00Z,3819.2,3819.2,3816.3,3816.3,0.72241117
Kraken:XBTUSD,2019-03-01T14:00:00Z,3817.8,3818.9,3817.8,3818.9,0.06022848
Kraken:XBTUSD,2019-03-01T14:01:00Z,3818.9,3818.9,3818.9,3818.9,0.02828
Kraken:XBTUSD,2019-03-01T14:04:00Z,3818.4,3818.9,3818.4,3818.9,1
Kraken:XBTUSD,2019-03-01T14:05:00Z,3818.8,3818.8,3818.8,3818.8,0.027122
Kraken:XBTUSD,2019-03-01T14:06:00Z,3818.9,3819.0,3818.9,3819.0,2
Kraken:XBTUSD,2019-03-01T14:07:00Z,3817.1,3817.1,3817.1,3817.1,0.104525
Kraken:XBTUSD,2019-03-01T14:08:00Z,3817.1,3817.1,3812.1,3813.8,12.11928365
Kraken:XBTUSD,2019-03-01T14:09:00Z,3813.1,3813.1,3813.1,3813.1,4.99947598
Kraken:XBTUSD,2019-03-01T14:11:00Z,3815.2,3815.2,3812.1,3812.1,5
Kraken:XBTUSD,2019-03-01T14:12:00Z,3814.6,3814.7,3814.1,3814.2,0.760267
Kraken:XBTUSD,2019-03-01T14:13:00Z,3814.1,3814.1,3813.5,3813.5,0.388
Kraken:XBTUSD,2019-03-01T14:14:00Z,3813.5,3813.5,3813.5,3813.5,0.03
Kraken:XBTUSD,2019-03-01T14:15:00Z,3813.4,3813.5,3813.4,3813.5,0.432
Kraken:XBTUSD,2019-03-01T14:18:00Z,3813.7,3814.1,3813.7,3813.7,5.73276994
Kraken:XBTUSD,2019-03-01T14:20:00Z,3813.5,3813.5,3813.5,3813.5,1.858
Kraken:XBTUSD,2019-03-01T14:23:00Z,3813.5,3813.5,3813.5,3813.5,0.01022498
Kraken:XBTUSD,2019-03-01T14:24:00Z,3813.5,3815.8,3813.5,3815.8,12.63377168
Kraken:XBTUSD,2019-03-01T14:26:00Z,3815.9,3817.8,3815.9,3817.3,4.1914834
Kraken:XBTUSD,2019-03-01T14:27:00Z,3817.3,3817.3,3817.3,3817.3,0.001
Kraken:XBTUSD,2019-03-01T14:29:00Z,3817.7,3817.7,3817.7,3817.7,0.007895
Kraken:XBTUSD,2019-03-01T14:31:00Z,3817.1,3817.1,3817.1,3817.1,0.001
Kraken:XBTUSD,2019-03-01T14:33:00Z,3817.8,3817.9,3817.7,3817.8,4.04029503
Kraken:XBTUSD,2019-03-01T14:35:00Z,3817.7,3817.7,3817.7,3817.7,2.53637198
Kraken:XBTUSD,2019-03-01T14:36:00Z,3817.6,3817.6,3817.1,3817.1,0.0316185
Kraken:XBTUSD,2019-03-01T14:37:00Z,3817.3,3817.3,3817.3,3817.3,0.006002
Kraken:XBTUSD,2019-03-01T14:38:00Z,3817.8,3817.8,3817.3,3817.3,0.84819152
Kraken:XBTUSD,2019-03-01T14:39:00Z,3817.7,3817.7,3817.7,3817.7,0.02135
Kraken:XBTUSD,2019-03-01T14:41:00Z,3817.7,3817.7,3817.7,3817.7,0.08964741
Kraken:XBTUSD,2019-03-01T14:43:00Z,3817.7,3817.9,3817.7,3817.9,0.02340908
Kraken:XBTUSD,2019-03-01T14:44:00Z,3817.8,3817.9,3817.8,3817.9,4.14679758
Kraken:XBTUSD,2019-03-01T14:45:00Z,3817.9,3818.5,3817.9,3818.5,4.15960392
Kraken:XBTUSD,2019-03-01T14:46:00Z,3817.9,3819.0,3817.8,3817.8,4.17357967
Kraken:XBTUSD,2019-03-01T14:48:00Z,3818.1,3819.0,3818.1,3819.0,4.20126726
Kraken:XBTUSD,2019-03-01T14:51:00Z,3819.0,3819.0,3819.0,3819.0,3.012
Kraken:XBTUSD,2019-03-01T14:52:00Z,3819.2,3819.2,3819.2,3819.2,0.4433
Kraken:XBTUSD,2019-03-01T14:53:00Z,3819.1,3819.2,3819.1,3819.2,4.53349612
Kraken:XBTUSD,2019-03-01T14:54:00Z,3819.2,3819.2,3819.2,3819.2,0.01
Kraken:XBTUSD,2019-03-01T14:55:00Z,3819.4,3819.7,3819.4,3819.7,0.01594792
Kraken:XBTUSD,2019-03-01T14:56:00Z,3819.9,3820.0,3819.9,3820.0,4.20166136
Kraken:XBTUSD,2019-03-01T14:59:00Z,3820.1,3820.3,3820.1,3820.3,0.03023214
Kraken:XBTUSD,2019-03-01T15:00:00Z,3821.9,3821.9,3821.9,3821.9,2.5
Kraken:XBTUSD,2019-03-01T15:01:00Z,3823.1,3823.1,3823.1,3823.1,0.22041
Kraken:XBTUSD,2019-03-01T15:02:00Z,3823.1,3823.1,3823.1,3823.1,0.789293
Kraken:XBTUSD,2019-03-01T15:03:00Z,3823.2,3823.2,3823.2,3823.2,0.02452296
Kraken:XBTUSD,2019-03-01T15:04:00Z,3823.1,3823.7,3823.1,3823.6,3.13328695
Kraken:XBTUSD,2019-03-01T15:06:00Z,3824.2,3824.2,3820.8,3821.0,13.72788878
Kraken:XBTUSD,2019-03-01T15:07:00Z,3820.5,3821.3,3820.5,3821.3,1.29008137
Kraken:XBTUSD,2019-03-01T15:09:00Z,3821.4,3821.4,3821.2,3821.4,2.03501603
Kraken:XBTUSD,2019-03-01T15:10:00Z,3821.3,3821.3,3821.3,3821.3,0.26251401
Kraken:XBTUSD,2019-03-01T15:11:00Z,3821.3,3821.3,3820.0,3820.7,2.47827092
Kraken:XBTUSD,2019-03-01T15:12:00Z,3820.7,3820.7,3820.1,3820.1,5.89084029
Kraken:XBTUSD,2019-03-01T15:13:00Z,3820.1,3820.1,3819.5,3819.5,1.00638751
Kraken:XBTUSD,2019-03-01T15:14:00Z,3819.5,3819.5,3818.3,3818.3,1.40088845
Kraken:XBTUSD,2019-03-01T15:17:00Z,3818.2,3818.2,3818.0,3818.2,0.92668352
Kraken:XBTUSD,2019-03-01T15:18:00Z,3818.1,3818.1,3818.1,3818.1,0.01
Kraken:XBTUSD,2019-03-01T15:20:00Z,3818.1,3818.2,3818.1,3818.2,0.11016685
Kraken:XBTUSD,2019-03-01T15:21:00Z,3818.2,3818.2,3818.1,3818.1,0.44789018
Kraken:XBTUSD,2019-03-01T15:24:00Z,3818.2,3818.2,3818.2,3818.2,0.13139948
Kraken:XBTUSD,2019-03-01T15:25:00Z,3818.1,3818.1,3818.1,3818.1,0.068
Kraken:XBTUSD,2019-03-01T15:26:00Z,3818.0,3818.0,3815.9,3815.9,3.54043749
Kraken:XBTUSD,2019-03-01T15:28:00Z,3816.3,3816.3,3816.3,3816.3,0.0066
Kraken:XBTUSD,2019-03-01T15:30:00Z,3816.2,3816.2,3816.2,3816.2,0.00463279
Kraken:XBTUSD,2019-03-01T15:31:00Z,3816.2,3816.6,3816.2,3816.6,0.60128419
Kraken:XBTUSD,2019-03-01T15:32:00Z,3816.6,3816.6,3816.6,3816.6,0.01232
Kraken:XBTUSD,2019-03-01T15:33:00Z,3816.5,3816.6,3816.5,3816.5,1.65504465
Kraken:XBTUSD,2019-03-01T15:34:00Z,3815.7,3815.7,3815.7,3815.7,0.03409104
Kraken:XBTUSD,2019-03-01T15:35:00Z,3815.5,3816.2,3815.5,3816.2,1.49873725
Kraken:XBTUSD,2019-03-01T15:38:00Z,3816.5,3816.5,3816.5,3816.5,0.01438407
Kraken:XBTUSD,2019-03-01T15:40:00Z,3816.6,3816.6,3816.5,3816.5,1.06234451
Kraken:XBTUSD,2019-03-01T15:41:00Z,3816.5,3816.5,3816.5,3816.5,0.03456114
Kraken:XBTUSD,2019-03-01T15:42:00Z,3816.9,3816.9,3816.8,3816.8,0.074519
Kraken:XBTUSD,2019-03-01T15:43:00Z,3816.9,3816.9,3816.9,3816.9,19.95277557
Kraken:XBTUSD,2019-03-01T15:45:00Z,3816.9,3817.7,3816.9,3817.7,0.063
Kraken:XBTUSD,2019-03-01T15:46:00Z,3817.6,3817.6,3817.6,3817.6,0.02232
Kraken:XBTUSD,2019-03-01T15:49:00Z,3817.6,3817.6,3817.6,3817.6,0.005545
Kraken:XBTUSD,2019-03-01T15:50:00Z,3817.1,3817.8,3817.1,3817.8,1.39876112
Kraken:XBTUSD,2019-03-01T15:51:00Z,3817.7,3817.8,3816.9,3817.8,0.58511851
Kraken:XBTUSD,2019-03-01T15:52:00Z,3817.8,3819.0,3817.8,3819.0,0.1708071
Kraken:XBTUSD,2019-03-01T15:57:00Z,3817.8,3817.8,3817.8,3817.8,0.41907
Kraken:XBTUSD,2019-03-01T15:58:00Z,3817.7,3817.7,3817.7,3817.7,0.08708
Kraken:XBTUSD,2019-03-01T15:59:00Z,3817.7,3817.7,3817.0,3817.0,0.18820269
Kraken:XBTUSD,2019-03-01T16:00:00Z,3817.0,3817.0,3816.2,3816.4,0.90330595
Kraken:XBTUSD,2019-03-01T16:01:00Z,3816.4,3817.2,3816.4,3816.7,3.687295
Kraken:XBTUSD,2019-03-01T16:02:00Z,3817.1,3817.8,3817.1,3817.8,3.56
Kraken:XBTUSD,2019-03-01T16:03:00Z,3817.0,3818.2,3817.0,3818.2,3.56
Kraken:XBTUSD,2019-03-01T16:04:00Z,3817.2,3817.5,3817.2,3817.5,4.29
Kraken:XBTUSD,2019-03-01T16:05:00Z,3817.4,3817.5,3817.1,3817.1,3.62122
Kraken:XBTUSD,2019-03-01T16:06:00Z,3817.2,3817.2,3817.2,3817.2,3.56
Kraken:XBTUSD,2019-03-01T16:07:00Z,3817.2,3817.2,3817.2,3817.2,3.56
Kraken:XBTUSD,2019-03-01T16:08:00Z,3817.2,3818.0,3817.2,3817.9,3.9216797
Kraken:XBTUSD,2019-03-01T16:09:00Z,3817.7,3818.2,3817.7,3818.2,3.56
Kraken:XBTUSD,2019-03-01T16:10:00Z,3818.6,3819.4,3818.6,3819.4,3.56
Kraken:XBTUSD,2019-03-01T16:11:00Z,3818.8,3819.2,3817.4,3819.2,3.812
Kraken:XBTUSD,2019-03-01T16:12:00Z,3817.9,3819.6,3817.9,3819.6,3.74
Kraken:XBTUSD,2019-03-01T16:13:00Z,3819.9,3819.9,3819.6,3819.6,3.611072
Kraken:XBTUSD,2019-03-01T16:14:00Z,3819.8,3820.0,3819.8,3820.0,18.87094264
Kraken:XBTUSD,2019-03-01T16:15:00Z,3824.4,3825.0,3824.2,3824.8,6.581
Kraken:XBTUSD,2019-03-01T16:16:00Z,3824.7,3824.7,3823.3,3823.3,8.59
Kraken:XBTUSD,2019-03-01T16:17:00Z,3824.4,3824.7,3823.0,3824.0,11.09789223
Kraken:XBTUSD,2019-03-01T16:18:00Z,3824.0,3824.0,3823.9,3824.0,4.17737
Kraken:XBTUSD,2019-03-01T16:19:00Z,3824.0,3824.0,3823.9,3824.0,9.201
Kraken:XBTUSD,2019-03-01T16:20:00Z,3824.0,3825.0,3824.0,3825.0,8.60740437
Kraken:XBTUSD,2019-03-01T16:21:00Z,3824.9,3825.0,3824.9,3825.0,3.696
Kraken:XBTUSD,2019-03-01T16:22:00Z,3825.0,3825.0,3824.9,3824.9,3.57
Kraken:XBTUSD,2019-03-01T16:23:00Z,3825.0,3828.0,3823.6,3823.6,13.056
Kraken:XBTUSD,2019-03-01T16:24:00Z,3824.9,3824.9,3822.2,3822.5,5.387589
Kraken:XBTUSD,2019-03-01T16:25:00Z,3821.9,3822.0,3821.9,3822.0,3.718418
Kraken:XBTUSD,2019-03-01T16:26:00Z,3822.0,3823.0,3822.0,3823.0,3.590636
Kraken:XBTUSD,2019-03-01T16:27:00Z,3823.0,3823.0,3823.0,3823.0,5.56
Kraken:XBTUSD,2019-03-01T16:28:00Z,3823.0,3825.0,3823.0,3825.0,3.8478161
Kraken:XBTUSD,2019-03-01T16:29:00Z,3826.1,3826.7,3826.1,3826.1,3.562
Kraken:XBTUSD,2019-03-01T16:30:00Z,3825.0,3825.9,3825.0,3825.9,0.03786867
Kraken:XBTUSD,2019-03-01T16:31:00Z,3825.8,3825.8,3824.3,3825.1,3.942318
Kraken:XBTUSD,2019-03-01T16:33:00Z,3825.0,3825.9,3825.0,3825.0,0.660953
Kraken:XBTUSD,2019-03-01T16:34:00Z,3825.1,3825.1,3825.1,3825.1,0.8
Kraken:XBTUSD,2019-03-01T16:35:00Z,3825.0,3825.1,3823.6,3823.9,35.10879827
Kraken:XBTUSD,2019-03-01T16:36:00Z,3825.0,3825.0,3822.6,3822.7,15.364813
Kraken:XBTUSD,2019-03-01T16:37:00Z,3822.7,3822.7,3822.7,3822.7,1.43373796
Kraken:XBTUSD,2019-03-01T16:38:00Z,3823.1,3823.1,3823.1,3823.1,0.23
Kraken:XBTUSD,2019-03-01T16:39:00Z,3823.1,3823.1,3822.1,3822.1,5
Kraken:XBTUSD,2019-03-01T16:40:00Z,3823.0,3823.0,3822.9,3822.9,2.077
Kraken:XBTUSD,2019-03-01T16:41:00Z,3823.1,3823.1,3823.1,3823.1,4.4625
Kraken:XBTUSD,2019-03-01T16:43:00Z,3823.4,3824.0,3823.4,3824.0,1.52645691
Kraken:XBTUSD,2019-03-01T16:44:00Z,3824.0,3827.8,3824.0,3827.8,5.99993112
Kraken:XBTUSD,2019-03-01T16:46:00Z,3827.1,3829.0,3827.1,3827.9,0.52847043
Kraken:XBTUSD,2019-03-01T16:47:00Z,3828.3,3830.6,3827.8,3830.0,8.34029577
Kraken:XBTUSD,2019-03-01T16:48:00Z,3831.0,3832.3,3831.0,3832.3,3.62221117
Kraken:XBTUSD,2019-03-01T16:49:00Z,3833.0,3833.2,3831.6,3831.6,3.33230172
Kraken:XBTUSD,2019-03-01T16:50:00Z,3831.5,3834.0,3831.5,3832.9,6.31975622
Kraken:XBTUSD,2019-03-01T16:51:00Z,3833.9,3834.2,3833.9,3834.1,3.6263
Kraken:XBTUSD,2019-03-01T16:52:00Z,3834.0,3834.0,3834.0,3834.0,1.5
Kraken:XBTUSD,2019-03-01T16:53:00Z,3833.9,3833.9,3832.9,3832.9,2.22234
Kraken:XBTUSD,2019-03-01T16:55:00Z,3829.2,3829.2,3827.7,3827.7,0.922
Kraken:XBTUSD,2019-03-01T16:56:00Z,3828.5,3828.5,3828.5,3828.5,0.38342
Kraken:XBTUSD,2019-03-01T16:58:00Z,3828.5,3828.5,3828.5,3828.5,0.04
Kraken:XBTUSD,2019-03-01T16:59:00Z,3828.4,3828.4,3828.4,3828.4,0.03
Kraken:XBTUSD,2019-03-01T17:00:00Z,3828.4,3828.4,3827.7,3828.4,0.5118677
Kraken:XBTUSD,2019-03-01T17:01:00Z,3828.3,3828.3,3828.3,3828.3,0.01
Kraken:XBTUSD,2019-03-01T17:02:00Z,3828.1,3828.1,3828.0,3828.1,1.91438277
Kraken:XBTUSD,2019-03-01T17:03:00Z,3828.1,3828.1,3827.8,3827.9,5.50557992
Kraken:XBTUSD,2019-03-01T17:04:00Z,3827.9,3827.9,3827.7,3827.8,0.25373068
Kraken:XBTUSD,2019-03-01T17:05:00Z,3828.0,3828.0,3827.5,3827.5,8.27397646
Kraken:XBTUSD,2019-03-01T17:06:00Z,3827.3,3827.5,3826.5,3826.5,17.744128
Kraken:XBTUSD,2019-03-01T17:07:00Z,3826.5,3826.5,3826.5,3826.5,2.05885
Kraken:XBTUSD,2019-03-01T17:08:00Z,3826.5,3827.9,3826.5,3827.9,1.698222
Kraken:XBTUSD,2019-03-01T17:09:00Z,3827.9,3827.9,3827.9,3827.9,0.11
Kraken:XBTUSD,2019-03-01T17:10:00Z,3828.0,3828.0,3827.9,3827.9,0.78379644
Kraken:XBTUSD,2019-03-01T17:11:00Z,3828.0,3828.0,3828.0,3828.0,0.520264
Kraken:XBTUSD,2019-03-01T17:12:00Z,3828.0,3828.0,3828.0,3828.0,0.01929056
Kraken:XBTUSD,2019-03-01T17:13:00Z,3827.9,3827.9,3827.9,3827.9,0.003
Kraken:XBTUSD,2019-03-01T17:14:00Z,3827.9,3828.0,3827.9,3828.0,1.765705
Kraken:XBTUSD,2019-03-01T17:15:00Z,3828.0,3832.8,3828.0,3832.8,4.03403121
Kraken:XBTUSD,2019-03-01T17:16:00Z,3833.0,3836.7,3833.0,3836.4,6.029
Kraken:XBTUSD,2019-03-01T17:18:00Z,3835.7,3835.7,3833.5,3833.5,4.5043384
Kraken:XBTUSD,2019-03-01T17:19:00Z,3833.5,3834.4,3832.8,3834.4,2.14271112
Kraken:XBTUSD,2019-03-01T17:20:00Z,3834.4,3834.4,3834.3,3834.3,0.11925226
Kraken:XBTUSD,2019-03-01T17:22:00Z,3834.2,3835.9,3834.2,3835.9,9.3
Kraken:XBTUSD,2019-03-01T17:24:00Z,3835.6,3836.8,3835.6,3836.8,0.3424
Kraken:XBTUSD,2019-03-01T17:25:00Z,3837.6,3837.7,3837.6,3837.7,1.2
Kraken:XBTUSD,2019-03-01T17:26:00Z,3837.9,3837.9,3837.9,3837.9,0.019161
Kraken:XBTUSD,2019-03-01T17:27:00Z,3838.0,3838.0,3838.0,3838.0,0.223
Kraken:XBTUSD,2019-03-01T17:28:00Z,3840.0,3841.6,3838.7,3839.5,4.44425195
Kraken:XBTUSD,2019-03-01T17:29:00Z,3838.8,3838.8,3838.7,3838.7,0.167
Kraken:XBTUSD,2019-03-01T17:30:00Z,3838.1,3838.1,3838.0,3838.0,0.06480575
Kraken:XBTUSD,2019-03-01T17:31:00Z,3838.1,3838.2,3838.0,3838.2,0.51
Kraken:XBTUSD,2019-03-01T17:32:00Z,3838.2,3838.2,3838.2,3838.2,0.01
Kraken:XBTUSD,2019-03-01T17:33:00Z,3838.1,3840.4,3838.1,3840.2,4.35391042
Kraken:XBTUSD,2019-03-01T17:34:00Z,3840.2,3840.2,3840.2,3840.2,0.4518143
Kraken:XBTUSD,2019-03-01T17:35:00Z,3840.2,3840.3,3840.2,3840.3,0.11156391
Kraken:XBTUSD,2019-03-01T17:36:00Z,3841.2,3841.2,3840.0,3840.0,3.53356324
Kraken:XBTUSD,2019-03-01T17:37:00Z,3840.4,3840.4,3840.1,3840.1,2.02436839
Kraken:XBTUSD,2019-03-01T17:38:00Z,3840.1,3840.1,3840.0,3840.0,3.049267
Kraken:XBTUSD,2019-03-01T17:39:00Z,3838.7,3838.7,3838.3,3838.3,0.08288988
Kraken:XBTUSD,2019-03-01T17:40:00Z,3839.0,3839.6,3839.0,3839.6,0.56312936
Kraken:XBTUSD,2019-03-01T17:41:00Z,3839.2,3839.2,3839.1,3839.1,1.26849253
Kraken:XBTUSD,2019-03-01T17:42:00Z,3839.7,3839.8,3839.4,3839.4,0.38644004
Kraken:XBTUSD,2019-03-01T17:43:00Z,3840.1,3840.1,3840.0,3840.0,4.60978848
Kraken:XBTUSD,2019-03-01T17:44:00Z,3840.1,3843.0,3840.0,3843.0,7.8856493
Kraken:XBTUSD,2019-03-01T17:45:00Z,3841.4,3843.0,3841.4,3843.0,10.62394471
Kraken:XBTUSD,2019-03-01T17:46:00Z,3843.0,3843.0,3841.2,3842.5,3.5859655
Kraken:XBTUSD,2019-03-01T17:47:00Z,3841.1,3841.1,3840.6,3840.6,0.97944
Kraken:XBTUSD,2019-03-01T17:48:00Z,3840.7,3841.1,3838.0,3838.0,2.47379647
Kraken:XBTUSD,2019-03-01T17:50:00Z,3839.8,3839.8,3839.1,3839.2,0.75164394
Kraken:XBTUSD,2019-03-01T17:52:00Z,3838.8,3838.8,3837.4,3837.4,1.87448228
Kraken:XBTUSD,2019-03-01T17:53:00Z,3834.9,3834.9,3834.9,3834.9,0.07088
Kraken:XBTUSD,2019-03-01T17:54:00Z,3835.0,3835.0,3834.9,3834.9,0.0998912
Kraken:XBTUSD,2019-03-01T17:55:00Z,3834.3,3834.3,3834.3,3834.3,0.01962829
Kraken:XBTUSD,2019-03-01T17:57:00Z,3832.6,3833.3,3832.6,3833.3,1.0642891
Kraken:XBTUSD,2019-03-01T17:58:00Z,3834.5,3834.5,3834.1,3834.1,0.124
Kraken:XBTUSD,2019-03-01T17:59:00Z,3834.2,3835.2,3834.2,3835.2,0.16344032
Kraken:XBTUSD,2019-03-01T18:00:00Z,3834.9,3835.8,3834.9,3834.9,1.67607115
Kraken:XBTUSD,2019-03-01T18:01:00Z,3835.9,3835.9,3834.9,3834.9,3.86818962
Kraken:XBTUSD,2019-03-01T18:02:00Z,3834.1,3834.1,3831.7,3831.7,0.41956
Kraken:XBTUSD,2019-03-01T18:03:00Z,3831.9,3831.9,3831.9,3831.9,0.0254843
Kraken:XBTUSD,2019-03-01T18:04:00Z,3831.9,3833.2,3831.9,3833.2,0.31361623
Kraken:XBTUSD,2019-03-01T18:05:00Z,3833.2,3833.2,3833.2,3833.2,0.023
Kraken:XBTUSD,2019-03-01T18:06:00Z,3833.2,3833.2,3833.2,3833.2,0.84955994
Kraken:XBTUSD,2019-03-01T18:07:00Z,3833.2,3833.2,3833.2,3833.2,2
Kraken:XBTUSD,2019-03-01T18:08:00Z,3833.2,3833.2,3833.2,3833.2,1.94835758
Kraken:XBTUSD,2019-03-01T18:09:00Z,3833.1,3833.1,3826.3,3826.3,4.9527847
Kraken:XBTUSD,2019-03-01T18:10:00Z,3826.3,3828.0,3826.2,3826.2,0.24
Kraken:XBTUSD,2019-03-01T18:11:00Z,3826.2,3826.5,3826.2,3826.5,0.158
Kraken:XBTUSD,2019-03-01T18:13:00Z,3827.7,3828.6,3827.7,3828.6,1.18
Kraken:XBTUSD,2019-03-01T18:15:00Z,3830.0,3832.5,3830.0,3832.5,1E+1
Kraken:XBTUSD,2019-03-01T18:17:00Z,3831.7,3831.7,3831.7,3831.7,1
Kraken:XBTUSD,2019-03-01T18:18:00Z,3832.5,3832.5,3832.5,3832.5,0.099513
Kraken:XBTUSD,2019-03-01T18:20:00Z,3833.2,3836.8,3833.2,3836.8,0.744125
Kraken:XBTUSD,2019-03-01T18:21:00Z,3835.9,3835.9,3834.6,3834.6,2.2026
Kraken:XBTUSD,2019-03-01T18:22:00Z,3833.7,3833.7,3833.7,3833.7,0.07481902
Kraken:XBTUSD,2019-03-01T18:23:00Z,3835.4,3835.6,3835.4,3835.6,2
Kraken:XBTUSD,2019-03-01T18:24:00Z,3837.6,3837.7,3837.6,3837.7,2.93904017
Kraken:XBTUSD,2019-03-01T18:25:00Z,3837.6,3837.6,3837.6,3837.6,0.02791
Kraken:XBTUSD,2019-03-01T18:26:00Z,3837.6,3837.6,3835.2,3835.2,0.13611193
Kraken:XBTUSD,2019-03-01T18:27:00Z,3836.0,3836.0,3836.0,3836.0,0.003
Kraken:XBTUSD,2019-03-01T18:28:00Z,3834.0,3834.0,3834.0,3834.0,0.16
Kraken:XBTUSD,2019-03-01T18:29:00Z,3830.3,3831.1,3830.3,3831.1,0.054761
Kraken:XBTUSD,2019-03-01T18:30:00Z,3830.8,3830.8,3829.7,3829.7,0.10300047
Kraken:XBTUSD,2019-03-01T18:31:00Z,3830.6,3830.6,3830.2,3830.6,0.18129455
Kraken:XBTUSD,2019-03-01T18:32:00Z,3830.5,3831.7,3830.5,3831.7,2.48969581
Kraken:XBTUSD,2019-03-01T18:33:00Z,3831.7,3831.7,3830.6,3830.6,1.68725475
Kraken:XBTUSD,2019-03-01T18:34:00Z,3832.0,3832.0,3832.0,3832.0,0.03349733
Kraken:XBTUSD,2019-03-01T18:36:00Z,3833.2,3833.2,3832.7,3832.7,0.20230356
Kraken:XBTUSD,2019-03-01T18:37:00Z,3832.7,3832.7,3832.6,3832.6,0.10774
Kraken:XBTUSD,2019-03-01T18:38:00Z,3832.7,3832.7,3832.7,3832.7,0.2463
Kraken:XBTUSD,2019-03-01T18:39:00Z,3832.7,3832.7,3832.6,3832.7,0.70046577
Kraken:XBTUSD,2019-03-01T18:40:00Z,3832.7,3832.7,3832.7,3832.7,3.1010183
Kraken:XBTUSD,2019-03-01T18:41:00Z,3832.6,3832.7,3832.6,3832.7,0.992
Kraken:XBTUSD,2019-03-01T18:45:00Z,3833.2,3833.7,3833.2,3833.7,0.04149699
Kraken:XBTUSD,2019-03-01T18:46:00Z,3833.0,3833.0,3832.6,3832.6,23
Kraken:XBTUSD,2019-03-01T18:47:00Z,3832.4,3832.4,3832.4,3832.4,0.356
Kraken:XBTUSD,2019-03-01T18:48:00Z,3831.9,3833.0,3831.9,3833.0,0.351794
Kraken:XBTUSD,2019-03-01T18:49:00Z,3832.7,3832.7,3832.7,3832.7,0.063
Kraken:XBTUSD,2019-03-01T18:50:00Z,3832.5,3834.2,3832.5,3833.0,4.69066003
Kraken:XBTUSD,2019-03-01T18:51:00Z,3833.2,3833.2,3833.2,3833.2,0.003
Kraken:XBTUSD,2019-03-01T18:52:00Z,3833.5,3834.2,3833.5,3834.2,3.2711
Kraken:XBTUSD,2019-03-01T18:53:00Z,3832.8,3833.9,3832.8,3833.9,1E+1
Kraken:XBTUSD,2019-03-01T18:54:00Z,3834.0,3834.0,3834.0,3834.0,1.51485
Kraken:XBTUSD,2019-03-01T18:55:00Z,3832.8,3832.8,3832.4,3832.4,0.40351448
Kraken:XBTUSD,2019-03-01T18:56:00Z,3832.1,3832.1,3832.1,3832.1,0.01565
Kraken:XBTUSD,2019-03-01T18:57:00Z,3831.6,3831.6,3831.6,3831.6,0.262047
Kraken:XBTUSD,2019-03-01T18:59:00Z,3831.7,3832.3,3831.7,3832.3,2.86283055
Kraken:XBTUSD,2019-03-01T19:00:00Z,3832.3,3832.3,3832.3,3832.3,0.02592165
Kraken:XBTUSD,2019-03-01T19:02:00Z,3832.3,3832.3,3832.3,3832.3,0.29807243
Kraken:XBTUSD,2019-03-01T19:04:00Z,3832.4,3834.8,3832.4,3834.8,0.08112566
Kraken:XBTUSD,2019-03-01T19:05:00Z,3834.0,3834.0,3832.8,3832.8,4.89206283
Kraken:XBTUSD,2019-03-01T19:07:00Z,3833.9,3833.9,3833.8,3833.8,0.29330598
Kraken:XBTUSD,2019-03-01T19:09:00Z,3834.8,3834.9,3834.8,3834.9,0.097622
Kraken:XBTUSD,2019-03-01T19:10:00Z,3834.6,3834.6,3831.2,3832.2,0.86867259
Kraken:XBTUSD,2019-03-01T19:11:00Z,3832.7,3832.7,3832.7,3832.7,0.17970433
Kraken:XBTUSD,2019-03-01T19:14:00Z,3833.5,3833.5,3833.5,3833.5,0.02861073
Kraken:XBTUSD,2019-03-01T19:15:00Z,3832.8,3833.1,3832.4,3833.1,0.02126646
Kraken:XBTUSD,2019-03-01T19:17:00Z,3831.0,3831.0,3831.0,3831.0,0.005
Kraken:XBTUSD,2019-03-01T19:18:00Z,3831.0,3832.1,3829.5,3832.1,9.7115051
Kraken:XBTUSD,2019-03-01T19:20:00Z,3831.4,3831.4,3831.4,3831.4,0.34910167
Kraken:XBTUSD,2019-03-01T19:21:00Z,3831.4,3831.4,3831.4,3831.4,0.00240305
Kraken:XBTUSD,2019-03-01T19:22:00Z,3831.4,3831.4,3831.0,3831.0,1.35186679
Kraken:XBTUSD,2019-03-01T19:23:00Z,3831.6,3831.6,3831.6,3831.6,0.26096055
Kraken:XBTUSD,2019-03-01T19:25:00Z,3831.6,3832.7,3831.6,3832.7,0.00741373
Kraken:XBTUSD,2019-03-01T19:26:00Z,3831.6,3831.6,3831.5,3831.5,0.82878847
Kraken:XBTUSD,2019-03-01T19:27:00Z,3832.7,3832.7,3831.5,3831.5,0.04430322
Kraken:XBTUSD,2019-03-01T19:28:00Z,3831.5,3832.0,3831.5,3832.0,0.39260993
Kraken:XBTUSD,2019-03-01T19:29:00Z,3831.6,3832.8,3831.5,3831.5,2.59416815
Kraken:XBTUSD,2019-03-01T19:31:00Z,3831.5,3831.5,3831.5,3831.5,0.16198
Kraken:XBTUSD,2019-03-01T19:32:00Z,3831.1,3831.1,3830.8,3830.8,0.09566
Kraken:XBTUSD,2019-03-01T19:34:00Z,3830.6,3830.6,3830.6,3830.6,0.08242
Kraken:XBTUSD,2019-03-01T19:35:00Z,3830.5,3831.0,3830.5,3830.6,0.25332495
Kraken:XBTUSD,2019-03-01T19:36:00Z,3830.5,3830.5,3829.9,3829.9,1.59312949
Kraken:XBTUSD,2019-03-01T19:38:00Z,3830.8,3831.7,3829.3,3831.7,1.7951027
Kraken:XBTUSD,2019-03-01T19:39:00Z,3832.6,3832.6,3831.6,3831.6,1.11371496
Kraken:XBTUSD,2019-03-01T19:40:00Z,3831.6,3831.6,3831.4,3831.4,0.06614433
Kraken:XBTUSD,2019-03-01T19:41:00Z,3830.5,3830.5,3830.5,3830.5,0.356
Kraken:XBTUSD,2019-03-01T19:42:00Z,3829.8,3829.8,3829.0,3829.0,13.96506858
Kraken:XBTUSD,2019-03-01T19:43:00Z,3829.8,3829.8,3829.7,3829.7,0.70512
Kraken:XBTUSD,2019-03-01T19:45:00Z,3830.2,3832.0,3830.2,3831.3,1.12689351
Kraken:XBTUSD,2019-03-01T19:46:00Z,3831.2,3831.2,3829.4,3830.1,4.347
Kraken:XBTUSD,2019-03-01T19:47:00Z,3829.5,3829.9,3829.5,3829.9,0.05301868
Kraken:XBTUSD,2019-03-01T19:48:00Z,3829.9,3830.0,3829.9,3830.0,0.03686496
Kraken:XBTUSD,2019-03-01T19:49:00Z,3829.8,3829.8,3829.8,3829.8,0.07522073
Kraken:XBTUSD,2019-03-01T19:50:00Z,3829.8,3829.9,3829.6,3829.7,0.85601091
Kraken:XBTUSD,2019-03-01T19:51:00Z,3829.8,3829.8,3829.8,3829.8,0.0496
Kraken:XBTUSD,2019-03-01T19:52:00Z,3829.9,3830.1,3829.9,3830.1,0.02
Kraken:XBTUSD,2019-03-01T19:53:00Z,3829.9,3829.9,3829.9,3829.9,0.012
Kraken:XBTUSD,2019-03-01T19:54:00Z,3829.8,3829.8,3829.8,3829.8,0.00505948
Kraken:XBTUSD,2019-03-01T19:55:00Z,3829.9,3830.4,3829.8,3830.1,4.55356946
Kraken:XBTUSD,2019-03-01T19:56:00Z,3830.1,3830.8,3830.1,3830.8,4.75
Kraken:XBTUSD,2019-03-01T19:57:00Z,3829.8,3830.6,3829.8,3830.6,0.1218531
Kraken:XBTUSD,2019-03-01T19:58:00Z,3830.1,3830.1,3829.7,3830.0,0.30177346
Kraken:XBTUSD,2019-03-01T19:59:00Z,3830.2,3830.2,3830.2,3830.2,0.010407
Kraken:XBTUSD,2019-03-01T20:00:00Z,3830.1,3830.1,3830.1,3830.1,0.13239781
Kraken:XBTUSD,2019-03-01T20:01:00Z,3830.2,3830.2,3830.2,3830.2,9.69054608
Kraken:XBTUSD,2019-03-01T20:02:00Z,3830.1,3830.1,3830.1,3830.1,0.06338504
Kraken:XBTUSD,2019-03-01T20:04:00Z,3829.7,3829.7,3829.4,3829.4,0.21396016
Kraken:XBTUSD,2019-03-01T20:05:00Z,3829.4,3829.4,3829.0,3829.0,1.56980014
Kraken:XBTUSD,2019-03-01T20:06:00Z,3827.5,3828.3,3827.5,3828.3,0.51549032
Kraken:XBTUSD,2019-03-01T20:08:00Z,3829.5,3829.6,3829.5,3829.6,0.115
Kraken:XBTUSD,2019-03-01T20:09:00Z,3829.1,3829.1,3829.1,3829.1,0.0399996
Kraken:XBTUSD,2019-03-01T20:10:00Z,3829.1,3829.1,3829.0,3829.0,0.22458133
Kraken:XBTUSD,2019-03-01T20:11:00Z,3827.4,3828.5,3827.4,3828.5,1.47678451
Kraken:XBTUSD,2019-03-01T20:12:00Z,3828.4,3828.4,3828.4,3828.4,0.00195
Kraken:XBTUSD,2019-03-01T20:15:00Z,3828.4,3828.4,3828.4,3828.4,0.3918
Kraken:XBTUSD,2019-03-01T20:16:00Z,3828.2,3829.8,3828.2,3829.8,0.59008496
Kraken:XBTUSD,2019-03-01T20:17:00Z,3830.3,3830.3,3829.2,3829.2,0.21237642
Kraken:XBTUSD,2019-03-01T20:18:00Z,3829.6,3829.6,3829.6,3829.6,0.01
Kraken:XBTUSD,2019-03-01T20:19:00Z,3829.4,3829.4,3829.4,3829.4,0.054
Kraken:XBTUSD,2019-03-01T20:20:00Z,3829.3,3831.6,3829.3,3831.6,1.13989292
Kraken:XBTUSD,2019-03-01T20:21:00Z,3830.2,3831.2,3830.2,3831.2,0.538388
Kraken:XBTUSD,2019-03-01T20:22:00Z,3830.8,3832.0,3830.1,3832.0,2.9028
Kraken:XBTUSD,2019-03-01T20:23:00Z,3832.8,3832.8,3832.8,3832.8,0.26066
Kraken:XBTUSD,2019-03-01T20:24:00Z,3833.8,3833.9,3833.5,3833.7,0.61404227
Kraken:XBTUSD,2019-03-01T20:25:00Z,3832.6,3833.6,3832.5,3833.6,0.58957178
Kraken:XBTUSD,2019-03-01T20:26:00Z,3832.6,3832.6,3832.6,3832.6,0.579
Kraken:XBTUSD,2019-03-01T20:27:00Z,3832.5,3832.5,3832.5,3832.5,0.218199
Kraken:XBTUSD,2019-03-01T20:28:00Z,3832.5,3834.0,3832.5,3834.0,2
Kraken:XBTUSD,2019-03-01T20:29:00Z,3832.2,3832.2,3832.0,3832.0,0.645
Kraken:XBTUSD,2019-03-01T20:30:00Z,3832.1,3832.4,3832.0,3832.0,1.61952639
Kraken:XBTUSD,2019-03-01T20:31:00Z,3832.0,3832.0,3832.0,3832.0,0.017568
Kraken:XBTUSD,2019-03-01T20:32:00Z,3831.9,3832.0,3831.9,3832.0,0.02725883
Kraken:XBTUSD,2019-03-01T20:34:00Z,3831.9,3831.9,3831.9,3831.9,1.3509577
Kraken:XBTUSD,2019-03-01T20:35:00Z,3832.0,3832.0,3832.0,3832.0,0.033
Kraken:XBTUSD,2019-03-01T20:36:00Z,3832.0,3832.0,3831.9,3832.0,0.1294389
Kraken:XBTUSD,2019-03-01T20:37:00Z,3832.0,3832.0,3832.0,3832.0,0.01898742
Kraken:XBTUSD,2019-03-01T20:38:00Z,3832.0,3832.0,3832.0,3832.0,0.744358
Kraken:XBTUSD,2019-03-01T20:39:00Z,3831.9,3832.0,3831.9,3832.0,0.03746
Kraken:XBTUSD,2019-03-01T20:40:00Z,3831.9,3832.0,3831.9,3832.0,0.17775143
Kraken:XBTUSD,2019-03-01T20:41:00Z,3832.0,3832.0,3831.9,3832.0,1.47794824
Kraken:XBTUSD,2019-03-01T20:42:00Z,3831.9,3831.9,3831.9,3831.9,0.00605
Kraken:XBTUSD,2019-03-01T20:43:00Z,3832.0,3832.0,3830.5,3830.5,2.863
Kraken:XBTUSD,2019-03-01T20:44:00Z,3830.8,3830.8,3830.8,3830.8,0.0647
Kraken:XBTUSD,2019-03-01T20:45:00Z,3830.2,3830.2,3829.8,3829.8,0.11190014
Kraken:XBTUSD,2019-03-01T20:46:00Z,3829.8,3829.8,3829.8,3829.8,0.01907734
Kraken:XBTUSD,2019-03-01T20:47:00Z,3829.8,3829.8,3829.8,3829.8,0.74197
Kraken:XBTUSD,2019-03-01T20:48:00Z,3829.7,3829.8,3829.7,3829.8,0.774519
Kraken:XBTUSD,2019-03-01T20:49:00Z,3829.7,3829.7,3829.7,3829.7,1.77448814
Kraken:XBTUSD,2019-03-01T20:52:00Z,3829.8,3829.8,3829.8,3829.8,0.04840098
Kraken:XBTUSD,2019-03-01T20:54:00Z,3829.8,3829.8,3829.8,3829.8,0.016
Kraken:XBTUSD,2019-03-01T20:55:00Z,3829.8,3830.4,3829.8,3830.4,1.15
Kraken:XBTUSD,2019-03-01T20:56:00Z,3830.1,3830.1,3829.7,3829.7,0.49818314
Kraken:XBTUSD,2019-03-01T20:57:00Z,3829.7,3829.8,3829.7,3829.7,0.52444605
Kraken:XBTUSD,2019-03-01T20:58:00Z,3829.6,3829.7,3829.6,3829.7,0.06705
Kraken:XBTUSD,2019-03-01T20:59:00Z,3829.6,3829.6,3829.6,3829.6,0.01101
Kraken:XBTUSD,2019-03-01T21:00:00Z,3829.1,3829.1,3828.5,3828.5,0.116574
Kraken:XBTUSD,2019-03-01T21:01:00Z,3828.5,3828.5,3828.5,3828.5,0.005
Kraken:XBTUSD,2019-03-01T21:02:00Z,3828.4,3828.4,3828.4,3828.4,0.0079
Kraken:XBTUSD,2019-03-01T21:04:00Z,3827.1,3830.7,3827.1,3830.7,14.0862223
Kraken:XBTUSD,2019-03-01T21:05:00Z,3828.9,3829.3,3827.5,3827.5,2.872502
Kraken:XBTUSD,2019-03-01T21:06:00Z,3827.5,3827.7,3827.5,3827.5,0.0721602
Kraken:XBTUSD,2019-03-01T21:07:00Z,3829.3,3830.0,3828.6,3828.6,0.79870533
Kraken:XBTUSD,2019-03-01T21:08:00Z,3830.0,3830.5,3830.0,3830.4,16.40885726
Kraken:XBTUSD,2019-03-01T21:09:00Z,3828.9,3830.9,3828.9,3829.8,13.23660735
Kraken:XBTUSD,2019-03-01T21:10:00Z,3830.2,3831.6,3830.1,3830.5,0.13297089
Kraken:XBTUSD,2019-03-01T21:12:00Z,3830.3,3831.5,3830.3,3831.5,0.60052652
Kraken:XBTUSD,2019-03-01T21:14:00Z,3830.8,3830.9,3830.7,3830.7,8.40663596
Kraken:XBTUSD,2019-03-01T21:15:00Z,3830.7,3830.8,3830.7,3830.8,0.09167835
Kraken:XBTUSD,2019-03-01T21:16:00Z,3830.8,3830.9,3830.7,3830.7,0.15271332
Kraken:XBTUSD,2019-03-01T21:18:00Z,3831.9,3832.0,3831.9,3832.0,2
Kraken:XBTUSD,2019-03-01T21:20:00Z,3831.8,3831.9,3831.8,3831.9,11.67422388
Kraken:XBTUSD,2019-03-01T21:21:00Z,3831.7,3831.7,3831.0,3831.0,0.04143357
Kraken:XBTUSD,2019-03-01T21:22:00Z,3831.2,3831.2,3831.2,3831.2,0.009411
Kraken:XBTUSD,2019-03-01T21:24:00Z,3831.3,3831.3,3831.3,3831.3,0.098189
Kraken:XBTUSD,2019-03-01T21:26:00Z,3832.2,3832.2,3832.2,3832.2,0.067599
Kraken:XBTUSD,2019-03-01T21:27:00Z,3832.2,3832.2,3832.2,3832.2,0.16493
Kraken:XBTUSD,2019-03-01T21:28:00Z,3831.9,3832.2,3831.9,3831.9,2.66410373
Kraken:XBTUSD,2019-03-01T21:29:00Z,3831.7,3831.8,3830.6,3830.6,5.33341338
Kraken:XBTUSD,2019-03-01T21:31:00Z,3831.2,3831.7,3831.2,3831.6,1.091347
Kraken:XBTUSD,2019-03-01T21:32:00Z,3831.9,3832.0,3831.2,3831.2,4.08148358
Kraken:XBTUSD,2019-03-01T21:33:00Z,3832.7,3832.7,3831.4,3831.4,0.026033
Kraken:XBTUSD,2019-03-01T21:34:00Z,3832.1,3832.1,3832.1,3832.1,0.01875544
Kraken:XBTUSD,2019-03-01T21:35:00Z,3830.6,3830.6,3829.5,3829.5,2
Kraken:XBTUSD,2019-03-01T21:38:00Z,3829.8,3829.8,3829.7,3829.7,1.033904
Kraken:XBTUSD,2019-03-01T21:40:00Z,3830.2,3830.2,3830.2,3830.2,0.20266622
Kraken:XBTUSD,2019-03-01T21:42:00Z,3830.2,3830.3,3830.2,3830.3,0.07799705
Kraken:XBTUSD,2019-03-01T21:44:00Z,3830.2,3830.2,3830.2,3830.2,0.027
Kraken:XBTUSD,2019-03-01T21:45:00Z,3830.1,3830.1,3830.1,3830.1,0.06046
Kraken:XBTUSD,2019-03-01T21:46:00Z,3830.3,3830.3,3830.3,3830.3,0.02147269
Kraken:XBTUSD,2019-03-01T21:47:00Z,3830.3,3830.6,3830.2,3830.4,1.66044729
Kraken:XBTUSD,2019-03-01T21:49:00Z,3830.5,3830.6,3830.5,3830.6,15.48609776
Kraken:XBTUSD,2019-03-01T21:50:00Z,3830.6,3830.6,3830.6,3830.6,0.1
Kraken:XBTUSD,2019-03-01T21:51:00Z,3830.7,3831.5,3830.7,3831.5,1.28789004
Kraken:XBTUSD,2019-03-01T21:52:00Z,3831.5,3831.5,3831.5,3831.5,1.1548
Kraken:XBTUSD,2019-03-01T21:54:00Z,3832.2,3832.2,3830.4,3830.4,1.24578198
Kraken:XBTUSD,2019-03-01T21:56:00Z,3831.5,3831.5,3830.9,3831.1,0.078
Kraken:XBTUSD,2019-03-01T21:57:00Z,3830.4,3830.4,3830.4,3830.4,0.01047466
Kraken:XBTUSD,2019-03-01T22:00:00Z,3830.0,3830.0,3830.0,3830.0,0.0466898
Kraken:XBTUSD,2019-03-01T22:01:00Z,3830.3,3830.3,3830.3,3830.3,0.073316
Kraken:XBTUSD,2019-03-01T22:03:00Z,3830.8,3830.8,3830.8,3830.8,0.0274238
Kraken:XBTUSD,2019-03-01T22:04:00Z,3831.0,3831.0,3831.0,3831.0,0.025127
Kraken:XBTUSD,2019-03-01T22:05:00Z,3831.2,3831.3,3831.2,3831.3,2.353
Kraken:XBTUSD,2019-03-01T22:06:00Z,3831.3,3831.4,3831.3,3831.4,11.4926
Kraken:XBTUSD,2019-03-01T22:07:00Z,3831.0,3831.0,3831.0,3831.0,0.19724685
Kraken:XBTUSD,2019-03-01T22:09:00Z,3832.3,3832.3,3832.3,3832.3,0.073337
Kraken:XBTUSD,2019-03-01T22:10:00Z,3832.0,3839.0,3832.0,3839.0,22.04234927
Kraken:XBTUSD,2019-03-01T22:11:00Z,3839.0,3839.0,3839.0,3839.0,1.51273101
Kraken:XBTUSD,2019-03-01T22:12:00Z,3838.0,3838.0,3828.5,3828.6,8.87057262
Kraken:XBTUSD,2019-03-01T22:13:00Z,3828.3,3828.3,3826.5,3826.5,3.15886707
Kraken:XBTUSD,2019-03-01T22:14:00Z,3825.6,3825.6,3785.8,3793.5,149.77579995
Kraken:XBTUSD,2019-03-01T22:15:00Z,3793.4,3825.5,3793.4,3825.5,35.09343446
Kraken:XBTUSD,2019-03-01T22:16:00Z,3820.7,3828.4,3820.7,3826.6,3.82418541
Kraken:XBTUSD,2019-03-01T22:17:00Z,3823.8,3826.3,3823.8,3826.2,2.0758784
Kraken:XBTUSD,2019-03-01T22:18:00Z,3824.0,3828.2,3824.0,3828.2,2E+1
Kraken:XBTUSD,2019-03-01T22:19:00Z,3824.6,3824.7,3823.9,3823.9,0.74032325
Kraken:XBTUSD,2019-03-01T22:20:00Z,3824.0,3827.5,3824.0,3827.5,2.124
Kraken:XBTUSD,2019-03-01T22:21:00Z,3826.9,3826.9,3826.9,3826.9,0.3030303
Kraken:XBTUSD,2019-03-01T22:22:00Z,3823.6,3823.6,3822.2,3822.2,27.6
Kraken:XBTUSD,2019-03-01T22:23:00Z,3823.6,3824.3,3823.6,3824.3,0.17606834
Kraken:XBTUSD,2019-03-01T22:24:00Z,3824.4,3824.9,3824.4,3824.9,0.159756
Kraken:XBTUSD,2019-03-01T22:25:00Z,3827.6,3827.6,3827.5,3827.6,0.4899489
Kraken:XBTUSD,2019-03-01T22:27:00Z,3824.8,3824.8,3824.8,3824.8,0.488408
Kraken:XBTUSD,2019-03-01T22:29:00Z,3822.2,3822.8,3822.2,3822.8,0.24279548
Kraken:XBTUSD,2019-03-01T22:30:00Z,3824.2,3824.7,3824.2,3824.7,0.05553163
Kraken:XBTUSD,2019-03-01T22:31:00Z,3824.7,3824.7,3824.6,3824.7,0.10317533
Kraken:XBTUSD,2019-03-01T22:32:00Z,3824.8,3824.8,3824.8,3824.8,0.02
Kraken:XBTUSD,2019-03-01T22:33:00Z,3824.7,3824.7,3824.7,3824.7,0.013732
Kraken:XBTUSD,2019-03-01T22:34:00Z,3824.6,3824.6,3821.2,3821.2,3
Kraken:XBTUSD,2019-03-01T22:35:00Z,3824.0,3825.4,3822.3,3822.3,3.7703835
Kraken:XBTUSD,2019-03-01T22:36:00Z,3822.5,3824.8,3822.5,3824.8,0.39654773
Kraken:XBTUSD,2019-03-01T22:37:00Z,3822.5,3822.5,3822.5,3822.5,0.2
Kraken:XBTUSD,2019-03-01T22:39:00Z,3824.3,3824.5,3822.3,3822.3,6.9946613
Kraken:XBTUSD,2019-03-01T22:40:00Z,3825.3,3826.0,3825.2,3825.2,0.76742649
Kraken:XBTUSD,2019-03-01T22:41:00Z,3824.6,3824.6,3824.6,3824.6,0.043563
Kraken:XBTUSD,2019-03-01T22:42:00Z,3824.3,3824.3,3824.3,3824.3,0.04416783
Kraken:XBTUSD,2019-03-01T22:43:00Z,3822.7,3822.7,3821.0,3821.0,0.02366514
Kraken:XBTUSD,2019-03-01T22:44:00Z,3821.0,3821.0,3821.0,3821.0,0.459
Kraken:XBTUSD,2019-03-01T22:45:00Z,3819.4,3820.6,3816.2,3816.3,1.11841528
Kraken:XBTUSD,2019-03-01T22:47:00Z,3814.0,3815.0,3814.0,3815.0,0.16765417
Kraken:XBTUSD,2019-03-01T22:49:00Z,3814.4,3814.4,3814.4,3814.4,0.39073467
Kraken:XBTUSD,2019-03-01T22:50:00Z,3812.7,3812.8,3812.5,3812.8,15.8598873
Kraken:XBTUSD,2019-03-01T22:51:00Z,3812.8,3812.8,3807.1,3811.3,5.44415247
Kraken:XBTUSD,2019-03-01T22:52:00Z,3811.7,3814.2,3811.6,3813.7,17.22698128
Kraken:XBTUSD,2019-03-01T22:53:00Z,3814.6,3814.6,3814.6,3814.6,0.056965
Kraken:XBTUSD,2019-03-01T22:54:00Z,3811.8,3814.9,3811.7,3814.9,1.135039
Kraken:XBTUSD,2019-03-01T22:55:00Z,3813.2,3813.2,3813.2,3813.2,0.01310581
Kraken:XBTUSD,2019-03-01T22:57:00Z,3814.7,3815.0,3814.5,3814.6,0.535241
Kraken:XBTUSD,2019-03-01T22:59:00Z,3811.6,3811.6,3811.6,3811.6,0.089324
Kraken:XBTUSD,2019-03-01T23:00:00Z,3812.5,3812.5,3812.5,3812.5,0.13
Kraken:XBTUSD,2019-03-01T23:01:00Z,3810.4,3810.4,3809.3,3809.3,0.26316989
Kraken:XBTUSD,2019-03-01T23:02:00Z,3809.4,3809.4,3805.2,3805.2,0.478091
Kraken:XBTUSD,2019-03-01T23:03:00Z,3806.7,3806.7,3804.6,3804.6,1.86053412
Kraken:XBTUSD,2019-03-01T23:04:00Z,3805.2,3805.2,3805.2,3805.2,0.99
Kraken:XBTUSD,2019-03-01T23:05:00Z,3804.4,3804.9,3804.4,3804.5,2.08270161
Kraken:XBTUSD,2019-03-01T23:06:00Z,3804.4,3804.4,3799.5,3800.3,4.42208916
Kraken:XBTUSD,2019-03-01T23:07:00Z,3801.3,3801.3,3801.3,3801.3,5
Kraken:XBTUSD,2019-03-01T23:08:00Z,3803.0,3804.8,3803.0,3804.8,1.00419304
Kraken:XBTUSD,2019-03-01T23:09:00Z,3804.9,3807.1,3804.9,3807.1,2.50499037
Kraken:XBTUSD,2019-03-01T23:10:00Z,3804.5,3807.7,3804.5,3807.7,2.714029
Kraken:XBTUSD,2019-03-01T23:11:00Z,3805.6,3805.6,3805.4,3805.4,0.22185389
Kraken:XBTUSD,2019-03-01T23:12:00Z,3807.5,3819.0,3807.5,3817.5,48.96225145
Kraken:XBTUSD,2019-03-01T23:13:00Z,3817.5,3817.5,3810.4,3810.4,2.04706858
Kraken:XBTUSD,2019-03-01T23:14:00Z,3807.6,3807.6,3807.6,3807.6,1
Kraken:XBTUSD,2019-03-01T23:15:00Z,3808.9,3810.7,3808.9,3809.7,4.32365636
Kraken:XBTUSD,2019-03-01T23:16:00Z,3809.7,3809.7,3809.7,3809.7,0.13352701
Kraken:XBTUSD,2019-03-01T23:17:00Z,3809.7,3811.9,3809.7,3811.9,21.11363134
Kraken:XBTUSD,2019-03-01T23:18:00Z,3812.1,3814.3,3812.1,3814.3,2.03248693
Kraken:XBTUSD,2019-03-01T23:19:00Z,3812.9,3813.5,3812.8,3812.8,0.546
Kraken:XBTUSD,2019-03-01T23:20:00Z,3813.3,3814.3,3813.3,3814.1,1.3963086
Kraken:XBTUSD,2019-03-01T23:21:00Z,3813.3,3813.3,3813.3,3813.3,0.02
Kraken:XBTUSD,2019-03-01T23:22:00Z,3813.4,3813.4,3813.4,3813.4,0.010553
Kraken:XBTUSD,2019-03-01T23:23:00Z,3813.6,3813.6,3813.6,3813.6,0.10969
Kraken:XBTUSD,2019-03-01T23:24:00Z,3813.2,3814.7,3812.7,3814.7,0.42348296
Kraken:XBTUSD,2019-03-01T23:25:00Z,3813.3,3813.7,3813.3,3813.7,0.13227657
Kraken:XBTUSD,2019-03-01T23:26:00Z,3814.7,3814.7,3812.9,3814.1,0.03805713
Kraken:XBTUSD,2019-03-01T23:28:00Z,3815.1,3815.1,3815.1,3815.1,0.024201
Kraken:XBTUSD,2019-03-01T23:29:00Z,3815.7,3815.7,3815.7,3815.7,0.636
Kraken:XBTUSD,2019-03-01T23:30:00Z,3814.6,3814.6,3814.6,3814.6,0.01795909
Kraken:XBTUSD,2019-03-01T23:31:00Z,3814.5,3814.5,3814.5,3814.5,0.01106799
Kraken:XBTUSD,2019-03-01T23:32:00Z,3814.5,3814.5,3814.4,3814.4,0.50295201
Kraken:XBTUSD,2019-03-01T23:33:00Z,3812.0,3812.3,3812.0,3812.3,0.04679618
Kraken:XBTUSD,2019-03-01T23:34:00Z,3812.0,3812.0,3812.0,3812.0,0.13365448
Kraken:XBTUSD,2019-03-01T23:35:00Z,3812.0,3812.1,3812.0,3812.0,2.81068264
Kraken:XBTUSD,2019-03-01T23:36:00Z,3812.0,3812.0,3812.0,3812.0,0.038
Kraken:XBTUSD,2019-03-01T23:37:00Z,3812.0,3812.1,3812.0,3812.1,0.1453
Kraken:XBTUSD,2019-03-01T23:38:00Z,3811.9,3812.0,3811.9,3812.0,0.21548621
Kraken:XBTUSD,2019-03-01T23:39:00Z,3814.3,3815.4,3813.4,3815.4,2.04246279
Kraken:XBTUSD,2019-03-01T23:41:00Z,3815.7,3815.7,3815.7,3815.7,0.042
Kraken:XBTUSD,2019-03-01T23:42:00Z,3815.5,3816.6,3812.9,3815.0,0.56616373
Kraken:XBTUSD,2019-03-01T23:44:00Z,3815.7,3815.7,3815.7,3815.7,0.18359378
Kraken:XBTUSD,2019-03-01T23:45:00Z,3815.3,3816.5,3815.3,3815.6,1.00987105
Kraken:XBTUSD,2019-03-01T23:46:00Z,3815.5,3815.6,3815.5,3815.6,0.34111555
Kraken:XBTUSD,2019-03-01T23:47:00Z,3815.9,3815.9,3812.1,3812.1,4.03285361
Kraken:XBTUSD,2019-03-01T23:48:00Z,3814.3,3814.3,3809.1,3809.1,0.94674298
Kraken:XBTUSD,2019-03-01T23:49:00Z,3809.2,3812.2,3809.2,3810.5,11.61509903
Kraken:XBTUSD,2019-03-01T23:50:00Z,3813.0,3813.1,3809.2,3809.4,0.51101908
Kraken:XBTUSD,2019-03-01T23:51:00Z,3810.3,3810.3,3809.1,3809.1,3.20683135
Kraken:XBTUSD,2019-03-01T23:52:00Z,3807.5,3807.6,3805.4,3807.6,1.023
Kraken:XBTUSD,2019-03-01T23:53:00Z,3804.9,3804.9,3804.3,3804.3,1.292
Kraken:XBTUSD,2019-03-01T23:54:00Z,3805.2,3805.2,3804.3,3804.3,2.518
Kraken:XBTUSD,2019-03-01T23:55:00Z,3805.8,3806.4,3805.6,3806.4,1.99199137
Kraken:XBTUSD,2019-03-01T23:56:00Z,3804.8,3805.9,3804.8,3805.8,0.86262249
Kraken:XBTUSD,2019-03-01T23:58:00Z,3805.1,3805.1,3805.1,3805.1,0.16136822
Kraken:XBTUSD,2019-03-01T23:59:00Z,3805.0,3805.0,3804.6,3804.7,3.164
