Kraken:XDGUSD,2022-06-19T00:00:00Z,0.0528337,0.0528481,0.0528337,0.0528481,1981.84153568
Kraken:XDGUSD,2022-06-19T00:01:00Z,0.0528118,0.0528144,0.0528118,0.0528144,17425.51084552
Kraken:XDGUSD,2022-06-19T00:02:00Z,0.052801,0.052801,0.0526688,0.0526688,22528.87
Kraken:XDGUSD,2022-06-19T00:03:00Z,0.0526732,0.05275,0.0526732,0.05275,196926.96442788
Kraken:XDGUSD,2022-06-19T00:04:00Z,0.0528101,0.0528101,0.0528101,0.0528101,49691.30084899
Kraken:XDGUSD,2022-06-19T00:05:00Z,0.0529157,0.0529157,0.0528961,0.0528961,25244.7449
Kraken:XDGUSD,2022-06-19T00:06:00Z,0.0529492,0.0529675,0.0529492,0.0529675,4184.17536593
Kraken:XDGUSD,2022-06-19T00:10:00Z,0.0532649,0.0533136,0.0532649,0.0533136,18265.00000608
Kraken:XDGUSD,2022-06-19T00:12:00Z,0.0531045,0.0531045,0.052985,0.052985,73088
Kraken:XDGUSD,2022-06-19T00:14:00Z,0.0529387,0.0529387,0.0529387,0.0529387,2274.15
Kraken:XDGUSD,2022-06-19T00:15:00Z,0.0529782,0.0529789,0.0529782,0.0529789,1014.88199471
Kraken:XDGUSD,2022-06-19T00:18:00Z,0.0530495,0.0530565,0.0530495,0.0530565,1631.31275818
Kraken:XDGUSD,2022-06-19T00:23:00Z,0.0535015,0.0535015,0.0535015,0.0535015,604.74490996
Kraken:XDGUSD,2022-06-19T00:24:00Z,0.0535155,0.0535897,0.0535155,0.0535778,23736.31381843
Kraken:XDGUSD,2022-06-19T00:27:00Z,0.0533987,0.0533987,0.0533987,0.0533987,1769.65
Kraken:XDGUSD,2022-06-19T00:31:00Z,0.0533821,0.0533821,0.0533821,0.0533821,21598.5
Kraken:XDGUSD,2022-06-19T00:34:00Z,0.0530886,0.0530886,0.0530748,0.0530748,21681.79
Kraken:XDGUSD,2022-06-19T00:37:00Z,0.0532811,0.0532811,0.0532811,0.0532811,21598.5
Kraken:XDGUSD,2022-06-19T00:38:00Z,0.0532511,0.0532511,0.0532137,0.0532137,1172.214
Kraken:XDGUSD,2022-06-19T00:41:00Z,0.053156,0.053156,0.053156,0.053156,108.9
Kraken:XDGUSD,2022-06-19T00:46:00Z,0.0530313,0.0530313,0.0529255,0.0529255,24502.60094637
Kraken:XDGUSD,2022-06-19T00:49:00Z,0.0529091,0.0529091,0.0529091,0.0529091,1467.47203914
Kraken:XDGUSD,2022-06-19T00:52:00Z,0.0528225,0.0528673,0.0527961,0.0528673,23319.68167143
Kraken:XDGUSD,2022-06-19T00:53:00Z,0.0527848,0.0527848,0.0527848,0.0527848,21598.5
Kraken:XDGUSD,2022-06-19T00:54:00Z,0.0527052,0.0527052,0.0526,0.0526083,83718.93250497
Kraken:XDGUSD,2022-06-19T00:55:00Z,0.0526599,0.0526599,0.0526599,0.0526599,430.06
Kraken:XDGUSD,2022-06-19T00:56:00Z,0.052722,0.052722,0.052722,0.052722,2E+1
Kraken:XDGUSD,2022-06-19T00:57:00Z,0.0527405,0.0527672,0.0527405,0.0527672,165.123519
Kraken:XDGUSD,2022-06-19T01:03:00Z,0.0528253,0.0528253,0.0528253,0.0528253,21598.5
Kraken:XDGUSD,2022-06-19T01:04:00Z,0.0528095,0.0528095,0.0528095,0.0528095,373.5
Kraken:XDGUSD,2022-06-19T01:05:00Z,0.0526816,0.0526816,0.0526816,0.0526816,769.21
Kraken:XDGUSD,2022-06-19T01:06:00Z,0.0525993,0.0525993,0.0525993,0.0525993,678.87023808
Kraken:XDGUSD,2022-06-19T01:07:00Z,0.0525062,0.0525062,0.0525062,0.0525062,1104.10094636
Kraken:XDGUSD,2022-06-19T01:10:00Z,0.052597,0.0525994,0.052597,0.0525994,80311.0668503
Kraken:XDGUSD,2022-06-19T01:11:00Z,0.052696,0.052696,0.052696,0.052696,1859.95
Kraken:XDGUSD,2022-06-19T01:12:00Z,0.052598,0.052598,0.052598,0.052598,19866.60285337
Kraken:XDGUSD,2022-06-19T01:13:00Z,0.052546,0.052546,0.052546,0.052546,1933.25818357
Kraken:XDGUSD,2022-06-19T01:15:00Z,0.052676,0.052676,0.052676,0.052676,1860.77
Kraken:XDGUSD,2022-06-19T01:17:00Z,0.0526721,0.0526721,0.0526686,0.0526686,9053
Kraken:XDGUSD,2022-06-19T01:20:00Z,0.0522709,0.0522709,0.0522709,0.0522709,462
Kraken:XDGUSD,2022-06-19T01:21:00Z,0.0521571,0.0521571,0.0521571,0.0521571,839.99999999
Kraken:XDGUSD,2022-06-19T01:25:00Z,0.0522245,0.0522245,0.0522245,0.0522245,646
Kraken:XDGUSD,2022-06-19T01:29:00Z,0.0522698,0.0522698,0.0522698,0.0522698,1356.08
Kraken:XDGUSD,2022-06-19T01:32:00Z,0.0519944,0.0519944,0.0519864,0.0519864,1777.96242162
Kraken:XDGUSD,2022-06-19T01:33:00Z,0.0519963,0.0520992,0.0519912,0.0520992,66778.3360882
Kraken:XDGUSD,2022-06-19T01:34:00Z,0.0521034,0.0521034,0.0521034,0.0521034,1417.83
Kraken:XDGUSD,2022-06-19T01:40:00Z,0.052123,0.052123,0.052123,0.052123,38346.69476098
Kraken:XDGUSD,2022-06-19T01:43:00Z,0.0519075,0.0519075,0.0518262,0.0518262,1093.34377219
Kraken:XDGUSD,2022-06-19T01:45:00Z,0.0519527,0.0519527,0.0519527,0.0519527,3546.7791411
Kraken:XDGUSD,2022-06-19T01:52:00Z,0.0518635,0.0518635,0.0518635,0.0518635,135.53
Kraken:XDGUSD,2022-06-19T01:53:00Z,0.0518377,0.0518377,0.0518377,0.0518377,19.31
Kraken:XDGUSD,2022-06-19T01:54:00Z,0.051775,0.051775,0.0517366,0.0517366,362.18575
Kraken:XDGUSD,2022-06-19T01:55:00Z,0.0516406,0.0516406,0.0516145,0.0516145,5838.48598305
Kraken:XDGUSD,2022-06-19T01:56:00Z,0.0517,0.0517,0.0517,0.0517,150296.50152433
Kraken:XDGUSD,2022-06-19T01:58:00Z,0.0516576,0.0516576,0.0516531,0.0516531,21332.18
Kraken:XDGUSD,2022-06-19T02:01:00Z,0.0517375,0.0517375,0.0517375,0.0517375,1774.9939979
Kraken:XDGUSD,2022-06-19T02:04:00Z,0.0517697,0.0517697,0.0514716,0.0514716,252253.8949749
Kraken:XDGUSD,2022-06-19T02:06:00Z,0.0514785,0.0514785,0.0514785,0.0514785,9568.14
Kraken:XDGUSD,2022-06-19T02:07:00Z,0.0515134,0.0515134,0.0515123,0.0515123,31087.5
Kraken:XDGUSD,2022-06-19T02:08:00Z,0.0514191,0.0514191,0.0514179,0.0514179,10362.5
Kraken:XDGUSD,2022-06-19T02:09:00Z,0.0515158,0.0515158,0.0515158,0.0515158,4E+1
Kraken:XDGUSD,2022-06-19T02:11:00Z,0.0515056,0.0515056,0.0515056,0.0515056,76.17276632
Kraken:XDGUSD,2022-06-19T02:12:00Z,0.0514929,0.0514929,0.0514531,0.0514531,3681.24747676
Kraken:XDGUSD,2022-06-19T02:15:00Z,0.0514702,0.0514797,0.0514702,0.0514797,6.4E+4
Kraken:XDGUSD,2022-06-19T02:17:00Z,0.0514317,0.0514317,0.0513997,0.0513997,78190.65
Kraken:XDGUSD,2022-06-19T02:18:00Z,0.0513256,0.0513256,0.0512987,0.0513226,6598.25
Kraken:XDGUSD,2022-06-19T02:24:00Z,0.0512931,0.0512931,0.0512931,0.0512931,1850.94982952
Kraken:XDGUSD,2022-06-19T02:27:00Z,0.0512903,0.0512903,0.0512903,0.0512903,5849.03637126
Kraken:XDGUSD,2022-06-19T02:28:00Z,0.0512422,0.0512422,0.0512412,0.0512412,16351.45007087
Kraken:XDGUSD,2022-06-19T02:30:00Z,0.0511749,0.0511749,0.0511749,0.0511749,190.57
Kraken:XDGUSD,2022-06-19T02:32:00Z,0.0511183,0.0511183,0.0511183,0.0511183,694.47
Kraken:XDGUSD,2022-06-19T02:34:00Z,0.0511411,0.0511511,0.0511411,0.0511511,8034.1786
Kraken:XDGUSD,2022-06-19T02:36:00Z,0.0512045,0.0512451,0.0512045,0.0512451,1624.3
Kraken:XDGUSD,2022-06-19T02:37:00Z,0.0512348,0.0512348,0.0512348,0.0512348,1E+3
Kraken:XDGUSD,2022-06-19T02:39:00Z,0.0513624,0.0513624,0.0513624,0.0513624,5842.87800544
Kraken:XDGUSD,2022-06-19T02:52:00Z,0.05166,0.0516939,0.05166,0.0516939,877.86433027
Kraken:XDGUSD,2022-06-19T02:55:00Z,0.0515689,0.0515689,0.0515689,0.0515689,8779.92
Kraken:XDGUSD,2022-06-19T02:56:00Z,0.0516311,0.0516311,0.0516311,0.0516311,72.75849344
Kraken:XDGUSD,2022-06-19T03:05:00Z,0.0517845,0.0519412,0.0517845,0.0519412,10612.78248299
Kraken:XDGUSD,2022-06-19T03:06:00Z,0.0519864,0.0520501,0.0519777,0.0520501,307045.92181985
Kraken:XDGUSD,2022-06-19T03:11:00Z,0.0519668,0.0520027,0.0519668,0.0520027,46114.53666972
Kraken:XDGUSD,2022-06-19T03:12:00Z,0.0521145,0.0521145,0.0521145,0.0521145,1460.08
Kraken:XDGUSD,2022-06-19T03:15:00Z,0.0525062,0.0525062,0.0524864,0.0524864,1144.10094636
Kraken:XDGUSD,2022-06-19T03:20:00Z,0.0523449,0.0523449,0.0523449,0.0523449,637.121825
Kraken:XDGUSD,2022-06-19T03:23:00Z,0.0524782,0.0524782,0.0524782,0.0524782,3578.76530366
Kraken:XDGUSD,2022-06-19T03:24:00Z,0.0525532,0.0525532,0.0525532,0.0525532,3E+1
Kraken:XDGUSD,2022-06-19T03:29:00Z,0.0521799,0.0521799,0.0521799,0.0521799,2071.727285
Kraken:XDGUSD,2022-06-19T03:34:00Z,0.0522876,0.0522876,0.0522876,0.0522876,252
Kraken:XDGUSD,2022-06-19T03:39:00Z,0.0523788,0.0523788,0.0523788,0.0523788,5727.32790564
Kraken:XDGUSD,2022-06-19T03:43:00Z,0.052113,0.052113,0.052113,0.052113,1722.93
Kraken:XDGUSD,2022-06-19T03:47:00Z,0.0521038,0.0521038,0.0521038,0.0521038,5213.77307615
Kraken:XDGUSD,2022-06-19T03:50:00Z,0.0520959,0.0520959,0.0520959,0.0520959,2266.368
Kraken:XDGUSD,2022-06-19T03:51:00Z,0.0520892,0.0520892,0.0520892,0.0520892,292.726198
Kraken:XDGUSD,2022-06-19T03:52:00Z,0.0519864,0.0519864,0.0519864,0.0519864,1104.10094636
Kraken:XDGUSD,2022-06-19T03:53:00Z,0.0519067,0.0519067,0.0519067,0.0519067,2E+1
Kraken:XDGUSD,2022-06-19T03:55:00Z,0.0518576,0.0518576,0.0518576,0.0518576,1E+3
Kraken:XDGUSD,2022-06-19T03:57:00Z,0.0517836,0.0517836,0.0517836,0.0517836,4352.09
Kraken:XDGUSD,2022-06-19T03:59:00Z,0.05188,0.05188,0.05188,0.05188,1114
Kraken:XDGUSD,2022-06-19T04:02:00Z,0.05188,0.05188,0.05188,0.05188,1E+3
Kraken:XDGUSD,2022-06-19T04:03:00Z,0.05188,0.05188,0.05188,0.05188,91670.78046281
Kraken:XDGUSD,2022-06-19T04:05:00Z,0.0519165,0.0519165,0.0519165,0.0519165,949.07
Kraken:XDGUSD,2022-06-19T04:11:00Z,0.0521673,0.0521673,0.0521673,0.0521673,113.317757
Kraken:XDGUSD,2022-06-19T04:16:00Z,0.0521171,0.0521171,0.0521171,0.0521171,568.46025584
Kraken:XDGUSD,2022-06-19T04:17:00Z,0.0521366,0.0521366,0.0521366,0.0521366,155.279503
Kraken:XDGUSD,2022-06-19T04:19:00Z,0.0520847,0.0520873,0.0520847,0.0520873,22914.33903245
Kraken:XDGUSD,2022-06-19T04:20:00Z,0.0521366,0.0521366,0.0521366,0.0521366,92670.77137966
Kraken:XDGUSD,2022-06-19T04:21:00Z,0.0521366,0.0521366,0.0521366,0.0521366,0.00908315
Kraken:XDGUSD,2022-06-19T04:23:00Z,0.0521458,0.0521458,0.0521458,0.0521458,725.31900604
Kraken:XDGUSD,2022-06-19T04:26:00Z,0.0521431,0.0521431,0.0521431,0.0521431,1E+3
Kraken:XDGUSD,2022-06-19T04:29:00Z,0.0520412,0.0520412,0.0520412,0.0520412,3E+2
Kraken:XDGUSD,2022-06-19T04:33:00Z,0.0520104,0.0520104,0.0520104,0.0520104,8.1E+3
Kraken:XDGUSD,2022-06-19T04:34:00Z,0.0522954,0.0523357,0.0522954,0.0523357,1619.64593384
Kraken:XDGUSD,2022-06-19T04:38:00Z,0.0523012,0.0523012,0.0523012,0.0523012,47.78296594
Kraken:XDGUSD,2022-06-19T04:39:00Z,0.0522939,0.0522939,0.0522323,0.0522323,142.21289388
Kraken:XDGUSD,2022-06-19T04:41:00Z,0.0522846,0.0522846,0.0522846,0.0522846,630.60072549
Kraken:XDGUSD,2022-06-19T04:43:00Z,0.0523138,0.0523138,0.0523138,0.0523138,2E+3
Kraken:XDGUSD,2022-06-19T04:44:00Z,0.052392,0.052392,0.052392,0.052392,20.84
Kraken:XDGUSD,2022-06-19T04:45:00Z,0.0523659,0.0523659,0.0523659,0.0523659,3891.16
Kraken:XDGUSD,2022-06-19T04:46:00Z,0.0523309,0.0523309,0.0523309,0.0523309,230.48
Kraken:XDGUSD,2022-06-19T04:50:00Z,0.052268,0.052268,0.052268,0.052268,750.17
Kraken:XDGUSD,2022-06-19T04:51:00Z,0.0522554,0.0522554,0.0522554,0.0522554,1669.72
Kraken:XDGUSD,2022-06-19T04:55:00Z,0.0521944,0.0521944,0.0521944,0.0521944,187.96
Kraken:XDGUSD,2022-06-19T04:56:00Z,0.0521851,0.0521851,0.0521851,0.0521851,9.78E+3
Kraken:XDGUSD,2022-06-19T04:57:00Z,0.0521947,0.0521947,0.0521947,0.0521947,945
Kraken:XDGUSD,2022-06-19T05:09:00Z,0.0525062,0.0526786,0.0525062,0.0525462,26273.09294636
Kraken:XDGUSD,2022-06-19T05:10:00Z,0.0522593,0.052414,0.0522593,0.052414,36048.35403586
Kraken:XDGUSD,2022-06-19T05:11:00Z,0.0520371,0.0520379,0.0520002,0.0520002,19502.35110733
Kraken:XDGUSD,2022-06-19T05:13:00Z,0.0519864,0.0519874,0.0519812,0.0519812,39104.10094637
Kraken:XDGUSD,2022-06-19T05:17:00Z,0.0517027,0.0517027,0.0516406,0.0516406,1.3E+2
Kraken:XDGUSD,2022-06-19T05:19:00Z,0.0514716,0.0514716,0.0514716,0.0514716,1104.10094637
Kraken:XDGUSD,2022-06-19T05:23:00Z,0.0513276,0.0513276,0.0513141,0.0513141,3814.74
Kraken:XDGUSD,2022-06-19T05:25:00Z,0.0512253,0.0512253,0.0512253,0.0512253,7729.73369248
Kraken:XDGUSD,2022-06-19T05:27:00Z,0.0512673,0.0512673,0.0512673,0.0512673,9.5E+4
Kraken:XDGUSD,2022-06-19T05:29:00Z,0.0513396,0.0514237,0.0512721,0.0514237,40317.5473133
Kraken:XDGUSD,2022-06-19T05:30:00Z,0.051325,0.051325,0.0512988,0.0512988,24690.43
Kraken:XDGUSD,2022-06-19T05:32:00Z,0.0513709,0.0513709,0.0513709,0.0513709,1.5E+3
Kraken:XDGUSD,2022-06-19T05:35:00Z,0.0513376,0.0513376,0.0513376,0.0513376,383170.9999999999
Kraken:XDGUSD,2022-06-19T05:37:00Z,0.0512214,0.0512214,0.0512204,0.0512204,6859.2
Kraken:XDGUSD,2022-06-19T05:39:00Z,0.0511373,0.0511373,0.0511373,0.0511373,1E+3
Kraken:XDGUSD,2022-06-19T05:40:00Z,0.0511956,0.0512081,0.0511743,0.0512081,76237.77158155
Kraken:XDGUSD,2022-06-19T05:44:00Z,0.0512362,0.0512859,0.0512362,0.0512859,1732.45766157
Kraken:XDGUSD,2022-06-19T05:47:00Z,0.0514213,0.0514291,0.0514213,0.0514291,87306.915393
Kraken:XDGUSD,2022-06-19T05:48:00Z,0.0512982,0.0512982,0.0512982,0.0512982,53.19
Kraken:XDGUSD,2022-06-19T05:49:00Z,0.051394,0.051394,0.051394,0.051394,1524.11
Kraken:XDGUSD,2022-06-19T05:50:00Z,0.0513091,0.0513091,0.0513091,0.0513091,1419.80543699
Kraken:XDGUSD,2022-06-19T05:55:00Z,0.0514172,0.0514172,0.0514172,0.0514172,2.5E+4
Kraken:XDGUSD,2022-06-19T05:56:00Z,0.05154,0.05154,0.0514973,0.0514973,1080.98366154
Kraken:XDGUSD,2022-06-19T06:01:00Z,0.0513956,0.0513956,0.0513956,0.0513956,1454.52
Kraken:XDGUSD,2022-06-19T06:04:00Z,0.0515135,0.0515135,0.0515005,0.0515005,3558.12171938
Kraken:XDGUSD,2022-06-19T06:06:00Z,0.0517595,0.0518299,0.0517595,0.0518299,107239.41971718
Kraken:XDGUSD,2022-06-19T06:07:00Z,0.0518117,0.0518117,0.0518117,0.0518117,8.1E+3
Kraken:XDGUSD,2022-06-19T06:13:00Z,0.0518151,0.0518151,0.0518151,0.0518151,4569.04
Kraken:XDGUSD,2022-06-19T06:14:00Z,0.0517978,0.0517978,0.0517978,0.0517978,5676.76
Kraken:XDGUSD,2022-06-19T06:15:00Z,0.051759,0.051759,0.0517451,0.0517451,19613.21
Kraken:XDGUSD,2022-06-19T06:16:00Z,0.0519864,0.0519864,0.0519864,0.0519864,1104.10094637
Kraken:XDGUSD,2022-06-19T06:17:00Z,0.052098,0.052098,0.052098,0.052098,11494.57520647
Kraken:XDGUSD,2022-06-19T06:19:00Z,0.0520393,0.0566151,0.0520393,0.0555261,5626497.36264137
Kraken:XDGUSD,2022-06-19T06:20:00Z,0.0554414,0.0554414,0.0537967,0.0544023,847704.6455159404
Kraken:XDGUSD,2022-06-19T06:21:00Z,0.0545239,0.0551901,0.05451,0.0548622,1221353.5570484197
Kraken:XDGUSD,2022-06-19T06:22:00Z,0.0550129,0.055989,0.0550129,0.0558762,322705.21128753
Kraken:XDGUSD,2022-06-19T06:23:00Z,0.0559272,0.0559272,0.0551846,0.0558573,328962.32004822
Kraken:XDGUSD,2022-06-19T06:24:00Z,0.0558468,0.0562938,0.0558468,0.055851,186149.45776185
Kraken:XDGUSD,2022-06-19T06:25:00Z,0.0557426,0.0558095,0.0549883,0.0549883,720750.1550426098
Kraken:XDGUSD,2022-06-19T06:26:00Z,0.054996,0.0550669,0.0546614,0.0550111,673721.4980800799
Kraken:XDGUSD,2022-06-19T06:27:00Z,0.0550057,0.0550057,0.0543245,0.0543245,330820.1856591901
Kraken:XDGUSD,2022-06-19T06:28:00Z,0.0542983,0.0545669,0.0542983,0.0545669,289908.90625937
Kraken:XDGUSD,2022-06-19T06:29:00Z,0.054312,0.0544267,0.0542427,0.0542909,40045.45024169
Kraken:XDGUSD,2022-06-19T06:30:00Z,0.05426,0.0548224,0.0540343,0.0547016,1235387.8007046904
Kraken:XDGUSD,2022-06-19T06:31:00Z,0.0547578,0.055,0.0547578,0.055,245450.69876442
Kraken:XDGUSD,2022-06-19T06:32:00Z,0.0549781,0.0551846,0.0549283,0.055106,10527397.890492477
Kraken:XDGUSD,2022-06-19T06:33:00Z,0.0551113,0.0551113,0.0547198,0.0548967,120642.139503
Kraken:XDGUSD,2022-06-19T06:34:00Z,0.0547344,0.0547819,0.0547344,0.0547819,114929.0341069
Kraken:XDGUSD,2022-06-19T06:35:00Z,0.0548774,0.0553023,0.054821,0.0553023,246695.61667304
Kraken:XDGUSD,2022-06-19T06:36:00Z,0.055215,0.055215,0.0550809,0.0551279,26900.65270572
Kraken:XDGUSD,2022-06-19T06:37:00Z,0.0550686,0.0550686,0.0550686,0.0550686,380.59801774
Kraken:XDGUSD,2022-06-19T06:38:00Z,0.0548267,0.0549508,0.0547696,0.0549508,170885.56302656
Kraken:XDGUSD,2022-06-19T06:39:00Z,0.0546526,0.0546526,0.0545845,0.0546411,192207.59275901
Kraken:XDGUSD,2022-06-19T06:40:00Z,0.0545716,0.0545716,0.0545265,0.0545265,31598.5
Kraken:XDGUSD,2022-06-19T06:41:00Z,0.0545253,0.0545841,0.0545253,0.0545841,92436.0663748
Kraken:XDGUSD,2022-06-19T06:42:00Z,0.054558,0.0548,0.054558,0.0547695,290261.77253509
Kraken:XDGUSD,2022-06-19T06:43:00Z,0.054752,0.0549803,0.054752,0.0549803,41649.1759
Kraken:XDGUSD,2022-06-19T06:44:00Z,0.0549043,0.0549043,0.0549043,0.0549043,9293.25353937
Kraken:XDGUSD,2022-06-19T06:45:00Z,0.054793,0.054793,0.054793,0.054793,1824.95738724
Kraken:XDGUSD,2022-06-19T06:47:00Z,0.05479,0.05479,0.0545245,0.0545245,23828.25049223
Kraken:XDGUSD,2022-06-19T06:48:00Z,0.054544,0.0545937,0.054544,0.0545937,23972.28547536
Kraken:XDGUSD,2022-06-19T06:49:00Z,0.0546547,0.0546547,0.054651,0.054651,8E+3
Kraken:XDGUSD,2022-06-19T06:50:00Z,0.0546899,0.0548558,0.0546899,0.0548558,47589.71
Kraken:XDGUSD,2022-06-19T06:51:00Z,0.0548658,0.0548658,0.0548214,0.0548214,9771.74790942
Kraken:XDGUSD,2022-06-19T06:53:00Z,0.055,0.055,0.055,0.055,14127.27272726
Kraken:XDGUSD,2022-06-19T06:54:00Z,0.0551846,0.0554187,0.0551846,0.0554187,8724.15365377
Kraken:XDGUSD,2022-06-19T06:55:00Z,0.0553211,0.0553211,0.0553211,0.0553211,49.99
Kraken:XDGUSD,2022-06-19T06:56:00Z,0.0554048,0.0561564,0.0554048,0.0556874,701264.6286810399
Kraken:XDGUSD,2022-06-19T06:57:00Z,0.0555436,0.0555436,0.0553044,0.0553044,60047.78296594
Kraken:XDGUSD,2022-06-19T06:58:00Z,0.0552271,0.0552271,0.0552271,0.0552271,6E+4
Kraken:XDGUSD,2022-06-19T06:59:00Z,0.0553852,0.0556174,0.0553852,0.0556115,60562.75335638
Kraken:XDGUSD,2022-06-19T07:00:00Z,0.0555949,0.0556255,0.0555519,0.0555519,168983.78907386
Kraken:XDGUSD,2022-06-19T07:01:00Z,0.0556447,0.0556447,0.0556447,0.0556447,1.2E+4
Kraken:XDGUSD,2022-06-19T07:03:00Z,0.0553919,0.0556385,0.0553919,0.0556385,5030.76884242
Kraken:XDGUSD,2022-06-19T07:04:00Z,0.0556963,0.0556963,0.0556062,0.0556062,10992.01621406
Kraken:XDGUSD,2022-06-19T07:06:00Z,0.0555289,0.0555289,0.0555289,0.0555289,2E+4
Kraken:XDGUSD,2022-06-19T07:07:00Z,0.055644,0.055644,0.055644,0.055644,2098.5
Kraken:XDGUSD,2022-06-19T07:09:00Z,0.0558672,0.0558672,0.0558672,0.0558672,281.54584514
Kraken:XDGUSD,2022-06-19T07:10:00Z,0.056175,0.0570685,0.056175,0.0565776,329651.21426451
Kraken:XDGUSD,2022-06-19T07:11:00Z,0.0565127,0.0566334,0.0564455,0.0564455,698298.22225754
Kraken:XDGUSD,2022-06-19T07:12:00Z,0.0562549,0.0562549,0.0561588,0.0562053,12225.28924141
Kraken:XDGUSD,2022-06-19T07:14:00Z,0.0562053,0.0565017,0.0562053,0.0563198,16458.89221496
Kraken:XDGUSD,2022-06-19T07:15:00Z,0.0563221,0.0563371,0.0562998,0.0563371,120219.47918945
Kraken:XDGUSD,2022-06-19T07:16:00Z,0.0563964,0.0563964,0.0562825,0.0562825,48417.89932526
Kraken:XDGUSD,2022-06-19T07:18:00Z,0.0562468,0.056286,0.0561594,0.0562682,335340.86354129
Kraken:XDGUSD,2022-06-19T07:19:00Z,0.0563104,0.0565601,0.0563104,0.0565306,37388.13148827
Kraken:XDGUSD,2022-06-19T07:20:00Z,0.0564872,0.0564872,0.0562825,0.0562825,16284.1965352
Kraken:XDGUSD,2022-06-19T07:21:00Z,0.0564243,0.0566455,0.0564158,0.0565219,26286.03914124
Kraken:XDGUSD,2022-06-19T07:22:00Z,0.0564985,0.0564985,0.0564985,0.0564985,8.03E+3
Kraken:XDGUSD,2022-06-19T07:23:00Z,0.0565338,0.0566293,0.0565338,0.0566293,10567.5
Kraken:XDGUSD,2022-06-19T07:24:00Z,0.0566253,0.0566704,0.0566253,0.0566704,11458.43504
Kraken:XDGUSD,2022-06-19T07:26:00Z,0.0568567,0.057807,0.0568567,0.057327,2561589.50405093
Kraken:XDGUSD,2022-06-19T07:27:00Z,0.0574069,0.0577126,0.0574069,0.0575643,211555.8029131
Kraken:XDGUSD,2022-06-19T07:28:00Z,0.0575701,0.0585025,0.0575701,0.0583934,1125858.56332219
Kraken:XDGUSD,2022-06-19T07:29:00Z,0.0580597,0.0580597,0.0579048,0.0579048,2072904.3348459299
Kraken:XDGUSD,2022-06-19T07:30:00Z,0.0578866,0.0578866,0.0574274,0.0577364,129674.16639091
Kraken:XDGUSD,2022-06-19T07:31:00Z,0.0576275,0.0576275,0.0574861,0.0574979,16267.31
Kraken:XDGUSD,2022-06-19T07:32:00Z,0.0574853,0.0574853,0.0571969,0.0572001,632105.48
Kraken:XDGUSD,2022-06-19T07:33:00Z,0.0571578,0.0571578,0.0571046,0.0571127,145650.50286804
Kraken:XDGUSD,2022-06-19T07:34:00Z,0.0569422,0.0569422,0.0569422,0.0569422,5E+3
Kraken:XDGUSD,2022-06-19T07:35:00Z,0.0571004,0.0571004,0.0571004,0.0571004,1686.27801809
Kraken:XDGUSD,2022-06-19T07:36:00Z,0.0571262,0.0571262,0.057032,0.057032,1443.51
Kraken:XDGUSD,2022-06-19T07:37:00Z,0.0569785,0.0569785,0.0569785,0.0569785,20282.80217462
Kraken:XDGUSD,2022-06-19T07:38:00Z,0.0568855,0.0569145,0.0567441,0.0568194,33663.49606844
Kraken:XDGUSD,2022-06-19T07:39:00Z,0.0567618,0.0569205,0.0567618,0.0569205,18482.01165721
Kraken:XDGUSD,2022-06-19T07:40:00Z,0.056641,0.056641,0.0566273,0.0566273,18215.42188662
Kraken:XDGUSD,2022-06-19T07:41:00Z,0.056571,0.056571,0.0562938,0.0563228,139757.50472583
Kraken:XDGUSD,2022-06-19T07:42:00Z,0.056381,0.0563916,0.056381,0.0563916,13826.20319795
Kraken:XDGUSD,2022-06-19T07:43:00Z,0.056465,0.056465,0.056465,0.056465,1712.3427
Kraken:XDGUSD,2022-06-19T07:44:00Z,0.0562938,0.0562938,0.0562142,0.05624,15824.27324073
Kraken:XDGUSD,2022-06-19T07:45:00Z,0.0562933,0.0563,0.0562933,0.0563,6528.20424323
Kraken:XDGUSD,2022-06-19T07:46:00Z,0.0562423,0.0562423,0.0561,0.0561492,1420163.9842951698
Kraken:XDGUSD,2022-06-19T07:47:00Z,0.0558985,0.0559179,0.0557728,0.0557728,105050.08236892
Kraken:XDGUSD,2022-06-19T07:49:00Z,0.0560158,0.0560158,0.0560077,0.0560077,45467
Kraken:XDGUSD,2022-06-19T07:53:00Z,0.0558753,0.0558753,0.055644,0.055644,39214.99365563
Kraken:XDGUSD,2022-06-19T07:55:00Z,0.0558409,0.0558409,0.0558409,0.0558409,5E+1
Kraken:XDGUSD,2022-06-19T07:57:00Z,0.0558661,0.0558661,0.0558661,0.0558661,5E+3
Kraken:XDGUSD,2022-06-19T07:58:00Z,0.0560075,0.0560075,0.0560075,0.0560075,5E+1
Kraken:XDGUSD,2022-06-19T07:59:00Z,0.055928,0.055928,0.055848,0.0559077,27992.25044769
Kraken:XDGUSD,2022-06-19T08:00:00Z,0.0558362,0.0558362,0.0557254,0.0557254,10258.15
Kraken:XDGUSD,2022-06-19T08:01:00Z,0.05566,0.05566,0.0554189,0.055419,257185.34410335
Kraken:XDGUSD,2022-06-19T08:02:00Z,0.055456,0.0555694,0.0554189,0.0555604,354138.0520875399
Kraken:XDGUSD,2022-06-19T08:03:00Z,0.0556354,0.0557371,0.0556354,0.0556906,625.02
Kraken:XDGUSD,2022-06-19T08:04:00Z,0.0555,0.0555,0.0555,0.0555,9.6E+3
Kraken:XDGUSD,2022-06-19T08:05:00Z,0.0554435,0.0554435,0.0554435,0.0554435,21237.81687813
Kraken:XDGUSD,2022-06-19T08:06:00Z,0.0553823,0.0553823,0.0553823,0.0553823,9272.50081273
Kraken:XDGUSD,2022-06-19T08:07:00Z,0.055466,0.0556308,0.055466,0.0555592,30683.56117572
Kraken:XDGUSD,2022-06-19T08:08:00Z,0.0555089,0.0555089,0.0555089,0.0555089,3E+3
Kraken:XDGUSD,2022-06-19T08:09:00Z,0.0554353,0.0554353,0.0554353,0.0554353,29670.825
Kraken:XDGUSD,2022-06-19T08:10:00Z,0.055365,0.055365,0.0551846,0.0551846,112834.61894637
Kraken:XDGUSD,2022-06-19T08:11:00Z,0.0551119,0.0551119,0.055058,0.055058,968005.10692958
Kraken:XDGUSD,2022-06-19T08:12:00Z,0.055077,0.0551003,0.0549883,0.0549883,105955.01667304
Kraken:XDGUSD,2022-06-19T08:13:00Z,0.0550437,0.0550437,0.0550437,0.0550437,1624.37
Kraken:XDGUSD,2022-06-19T08:14:00Z,0.0551481,0.0551876,0.0551481,0.0551876,3971.9655755
Kraken:XDGUSD,2022-06-19T08:15:00Z,0.0552356,0.0552356,0.0552356,0.0552356,21598.5
Kraken:XDGUSD,2022-06-19T08:16:00Z,0.0552012,0.0552012,0.0550361,0.0550361,1265.77299373
Kraken:XDGUSD,2022-06-19T08:17:00Z,0.0550317,0.0550317,0.055025,0.055025,69298.224
Kraken:XDGUSD,2022-06-19T08:18:00Z,0.0550927,0.0551002,0.0550926,0.0550926,13094.59
Kraken:XDGUSD,2022-06-19T08:19:00Z,0.0551095,0.0551802,0.0551095,0.0551802,25907.95917945
Kraken:XDGUSD,2022-06-19T08:20:00Z,0.0552602,0.0555102,0.0552602,0.0555102,3066.58668697
Kraken:XDGUSD,2022-06-19T08:21:00Z,0.0554507,0.0554507,0.0553104,0.0553204,67220.76639496
Kraken:XDGUSD,2022-06-19T08:22:00Z,0.0554143,0.0554233,0.0554143,0.0554233,1096.21644974
Kraken:XDGUSD,2022-06-19T08:23:00Z,0.0554606,0.055605,0.0554606,0.055605,16197.86262338
Kraken:XDGUSD,2022-06-19T08:24:00Z,0.0556098,0.0556761,0.0556098,0.0556761,3598.5583517
Kraken:XDGUSD,2022-06-19T08:25:00Z,0.0555602,0.0555777,0.0555602,0.0555777,9739.28452942
Kraken:XDGUSD,2022-06-19T08:26:00Z,0.0556669,0.0556729,0.0556357,0.0556357,26648.31596798
Kraken:XDGUSD,2022-06-19T08:27:00Z,0.0556065,0.055643,0.0556064,0.0556064,4999.1614
Kraken:XDGUSD,2022-06-19T08:28:00Z,0.0556064,0.0556064,0.0556064,0.0556064,74180.8386
Kraken:XDGUSD,2022-06-19T08:29:00Z,0.0554472,0.0554472,0.0554472,0.0554472,8935.07998655
Kraken:XDGUSD,2022-06-19T08:30:00Z,0.0556258,0.0558194,0.0556258,0.0558194,6408.97911028
Kraken:XDGUSD,2022-06-19T08:31:00Z,0.0558635,0.0562938,0.0558635,0.056187,108652.61304401
Kraken:XDGUSD,2022-06-19T08:32:00Z,0.0561885,0.0562299,0.056101,0.056101,879766.18183087
Kraken:XDGUSD,2022-06-19T08:34:00Z,0.0562266,0.0562458,0.0562266,0.0562458,6825.89800355
Kraken:XDGUSD,2022-06-19T08:35:00Z,0.0560556,0.0560556,0.0560556,0.0560556,42.76106191
Kraken:XDGUSD,2022-06-19T08:36:00Z,0.0559498,0.0559499,0.0559498,0.0559499,15465.42197259
Kraken:XDGUSD,2022-06-19T08:37:00Z,0.0559509,0.0559509,0.0558049,0.0558049,98549.80104867
Kraken:XDGUSD,2022-06-19T08:38:00Z,0.0558635,0.0558635,0.0558635,0.0558635,195.77
Kraken:XDGUSD,2022-06-19T08:39:00Z,0.0558218,0.0558498,0.0558218,0.0558498,7072.08546652
Kraken:XDGUSD,2022-06-19T08:40:00Z,0.0559127,0.0559127,0.0559127,0.0559127,36.33
Kraken:XDGUSD,2022-06-19T08:41:00Z,0.0558617,0.0558617,0.0558616,0.0558616,92509.54062185
Kraken:XDGUSD,2022-06-19T08:43:00Z,0.0558177,0.0559425,0.0558177,0.0559425,9406.36090625
Kraken:XDGUSD,2022-06-19T08:44:00Z,0.0559403,0.0559403,0.055902,0.055902,24815.53790562
Kraken:XDGUSD,2022-06-19T08:45:00Z,0.0559551,0.055958,0.0558191,0.0558191,68210.05239888
Kraken:XDGUSD,2022-06-19T08:46:00Z,0.0558322,0.0558322,0.0557364,0.0557364,19008.88236737
Kraken:XDGUSD,2022-06-19T08:47:00Z,0.0557364,0.0557387,0.0556827,0.0556827,131805.35
Kraken:XDGUSD,2022-06-19T08:48:00Z,0.0556609,0.0556609,0.0556609,0.0556609,4798.08364647
Kraken:XDGUSD,2022-06-19T08:50:00Z,0.0556467,0.0557624,0.0556467,0.0557624,212305.13422939
Kraken:XDGUSD,2022-06-19T08:52:00Z,0.055787,0.0559123,0.0557731,0.0559123,95271.3423674
Kraken:XDGUSD,2022-06-19T08:54:00Z,0.0559882,0.0559882,0.0559882,0.0559882,5E+1
Kraken:XDGUSD,2022-06-19T08:55:00Z,0.0560046,0.0565916,0.0560046,0.0565916,34080.91740051
Kraken:XDGUSD,2022-06-19T08:56:00Z,0.0564617,0.0568242,0.0564159,0.0567016,83648.15389828
Kraken:XDGUSD,2022-06-19T08:57:00Z,0.0567016,0.0567016,0.0567016,0.0567016,0.00475106
Kraken:XDGUSD,2022-06-19T09:00:00Z,0.0563062,0.0565138,0.0563062,0.0565138,34847.39603395
Kraken:XDGUSD,2022-06-19T09:01:00Z,0.0566541,0.0569547,0.0566541,0.0567406,66414.3233779
Kraken:XDGUSD,2022-06-19T09:02:00Z,0.056638,0.056638,0.056638,0.056638,18023.383
Kraken:XDGUSD,2022-06-19T09:03:00Z,0.0564665,0.0564665,0.0564665,0.0564665,19.18
Kraken:XDGUSD,2022-06-19T09:04:00Z,0.0565007,0.0565874,0.0565007,0.0565874,765.13029032
Kraken:XDGUSD,2022-06-19T09:05:00Z,0.0566731,0.056689,0.0566731,0.056689,1338.28942019
Kraken:XDGUSD,2022-06-19T09:07:00Z,0.0566116,0.0566116,0.056455,0.056455,342670.24701219
Kraken:XDGUSD,2022-06-19T09:08:00Z,0.0564551,0.0564821,0.0564551,0.0564821,3645.47524344
Kraken:XDGUSD,2022-06-19T09:09:00Z,0.0564821,0.0565721,0.0564821,0.0565721,12860.45258926
Kraken:XDGUSD,2022-06-19T09:10:00Z,0.0565584,0.0565584,0.0565584,0.0565584,866.82
Kraken:XDGUSD,2022-06-19T09:11:00Z,0.0565722,0.056689,0.0565722,0.056689,1081.96424138
Kraken:XDGUSD,2022-06-19T09:12:00Z,0.0567417,0.0567417,0.0567073,0.0567073,22136.784
Kraken:XDGUSD,2022-06-19T09:13:00Z,0.0566748,0.0567417,0.0566748,0.0567417,21698.49999999
Kraken:XDGUSD,2022-06-19T09:14:00Z,0.0567416,0.0569999,0.0567416,0.0569999,4632.9192691
Kraken:XDGUSD,2022-06-19T09:16:00Z,0.0568171,0.0576212,0.0568171,0.0574493,1173015.7051592302
Kraken:XDGUSD,2022-06-19T09:17:00Z,0.057668,0.0577928,0.0575876,0.0577928,21906.99447609
Kraken:XDGUSD,2022-06-19T09:18:00Z,0.0575951,0.0578307,0.0575951,0.0578047,1.51E+4
Kraken:XDGUSD,2022-06-19T09:19:00Z,0.0575514,0.0575514,0.0575402,0.0575402,13099.99999999
Kraken:XDGUSD,2022-06-19T09:20:00Z,0.0575547,0.057646,0.057402,0.0574817,327843.7163595699
Kraken:XDGUSD,2022-06-19T09:21:00Z,0.0574359,0.0574359,0.0573677,0.0573677,190.75
Kraken:XDGUSD,2022-06-19T09:22:00Z,0.0573678,0.0573678,0.0573646,0.0573646,169887.286
Kraken:XDGUSD,2022-06-19T09:23:00Z,0.0572218,0.0572218,0.0572218,0.0572218,5E+2
Kraken:XDGUSD,2022-06-19T09:24:00Z,0.0572218,0.0572627,0.0572218,0.0572436,2078.60703577
Kraken:XDGUSD,2022-06-19T09:25:00Z,0.0571505,0.0572305,0.057137,0.0572305,257116.2947973
Kraken:XDGUSD,2022-06-19T09:26:00Z,0.0572406,0.0572406,0.0570682,0.0570682,66743.665
Kraken:XDGUSD,2022-06-19T09:27:00Z,0.0569972,0.057,0.0568029,0.0568264,241172.76739888
Kraken:XDGUSD,2022-06-19T09:28:00Z,0.0568657,0.0569693,0.0568347,0.0569693,128825.40584511
Kraken:XDGUSD,2022-06-19T09:31:00Z,0.0573807,0.0574124,0.0573807,0.0574124,82558.75027252
Kraken:XDGUSD,2022-06-19T09:32:00Z,0.0572382,0.0572499,0.0572267,0.0572267,27478.384
Kraken:XDGUSD,2022-06-19T09:33:00Z,0.0573738,0.0573738,0.0573738,0.0573738,5E+1
Kraken:XDGUSD,2022-06-19T09:34:00Z,0.0573768,0.0576067,0.0573768,0.0576067,1365.46603973
Kraken:XDGUSD,2022-06-19T09:35:00Z,0.0574685,0.0574685,0.0574685,0.0574685,843.51
Kraken:XDGUSD,2022-06-19T09:37:00Z,0.0572644,0.0572644,0.05725,0.05725,308765.86860074
Kraken:XDGUSD,2022-06-19T09:38:00Z,0.0570631,0.0570631,0.0570631,0.0570631,2355
Kraken:XDGUSD,2022-06-19T09:39:00Z,0.0569846,0.0569846,0.0568935,0.0568935,142010.0627792
Kraken:XDGUSD,2022-06-19T09:40:00Z,0.0569769,0.0569769,0.0569769,0.0569769,7020.3889
Kraken:XDGUSD,2022-06-19T09:42:00Z,0.0569596,0.0569812,0.0569596,0.0569812,36376.06536386
Kraken:XDGUSD,2022-06-19T09:43:00Z,0.0570166,0.057019,0.0570166,0.057019,18258.67423198
Kraken:XDGUSD,2022-06-19T09:44:00Z,0.0571357,0.0572335,0.0571357,0.0572335,2779.26156984
Kraken:XDGUSD,2022-06-19T09:45:00Z,0.0573448,0.0574882,0.0573288,0.0574882,11980.18232046
Kraken:XDGUSD,2022-06-19T09:46:00Z,0.0575745,0.057807,0.0575745,0.0577635,7156.644406
Kraken:XDGUSD,2022-06-19T09:47:00Z,0.0578594,0.0578594,0.0577132,0.0577275,167632.11477498
Kraken:XDGUSD,2022-06-19T09:49:00Z,0.0573313,0.0573313,0.0573027,0.0573027,17895.08097123
Kraken:XDGUSD,2022-06-19T09:52:00Z,0.0569197,0.0569197,0.0568855,0.0568855,56650.36186278
Kraken:XDGUSD,2022-06-19T09:53:00Z,0.056918,0.0569744,0.0568326,0.0568326,43036.22696197
Kraken:XDGUSD,2022-06-19T09:54:00Z,0.0569771,0.0570081,0.0569771,0.0570081,2224.5150178
Kraken:XDGUSD,2022-06-19T09:58:00Z,0.0567504,0.0567504,0.0567313,0.0567313,83424.427
Kraken:XDGUSD,2022-06-19T10:00:00Z,0.056641,0.056641,0.056641,0.056641,676.06462006
Kraken:XDGUSD,2022-06-19T10:03:00Z,0.0565719,0.0565719,0.0565719,0.0565719,1384.50543873
Kraken:XDGUSD,2022-06-19T10:04:00Z,0.0567039,0.0567451,0.0567039,0.0567451,4475.15799908
Kraken:XDGUSD,2022-06-19T10:05:00Z,0.0568032,0.0568282,0.0568032,0.0568282,6656.91374729
Kraken:XDGUSD,2022-06-19T10:06:00Z,0.0568394,0.0568394,0.0568394,0.0568394,379.8450331
Kraken:XDGUSD,2022-06-19T10:07:00Z,0.056826,0.0569444,0.056826,0.0569444,13867.73218663
Kraken:XDGUSD,2022-06-19T10:08:00Z,0.0570671,0.0571078,0.0570671,0.057106,18437.78222571
Kraken:XDGUSD,2022-06-19T10:09:00Z,0.057138,0.057138,0.057138,0.057138,1E+3
Kraken:XDGUSD,2022-06-19T10:10:00Z,0.0570398,0.0570398,0.0570398,0.0570398,458.04200654
Kraken:XDGUSD,2022-06-19T10:11:00Z,0.0569535,0.0570305,0.0569535,0.0570305,15439.30132833
Kraken:XDGUSD,2022-06-19T10:12:00Z,0.0570976,0.0573655,0.0570976,0.0572891,25240.21634085
Kraken:XDGUSD,2022-06-19T10:13:00Z,0.0573113,0.0573954,0.0573113,0.0573954,6181.03788471
Kraken:XDGUSD,2022-06-19T10:14:00Z,0.0574351,0.0576718,0.0574351,0.0576141,27080.14620261
Kraken:XDGUSD,2022-06-19T10:15:00Z,0.0575532,0.0577132,0.0575487,0.0577132,4960.23982013
Kraken:XDGUSD,2022-06-19T10:16:00Z,0.0577636,0.0583685,0.0577636,0.0580167,139833.99703324
Kraken:XDGUSD,2022-06-19T10:17:00Z,0.0578866,0.0581283,0.0578866,0.0581283,103869.11347803
Kraken:XDGUSD,2022-06-19T10:18:00Z,0.058213,0.058213,0.0580509,0.0581234,28817.88603679
Kraken:XDGUSD,2022-06-19T10:19:00Z,0.0581949,0.0583612,0.0580661,0.058227,53813.78477749
Kraken:XDGUSD,2022-06-19T10:20:00Z,0.05822,0.0591516,0.05822,0.058738,560682.2392631901
Kraken:XDGUSD,2022-06-19T10:21:00Z,0.0587443,0.0587794,0.0586562,0.0587794,8894.63044178
Kraken:XDGUSD,2022-06-19T10:22:00Z,0.0586465,0.0587985,0.0584642,0.0584642,243832.03879322
Kraken:XDGUSD,2022-06-19T10:23:00Z,0.0588479,0.0594548,0.0588479,0.0594548,345433.53525903
Kraken:XDGUSD,2022-06-19T10:24:00Z,0.0591711,0.0592891,0.0589272,0.059,286967.26669761
Kraken:XDGUSD,2022-06-19T10:25:00Z,0.0590473,0.0590473,0.0583878,0.0583878,83207.07883241
Kraken:XDGUSD,2022-06-19T10:26:00Z,0.0583671,0.0583671,0.0582578,0.0583264,73007.21828632
Kraken:XDGUSD,2022-06-19T10:27:00Z,0.0585234,0.0586089,0.0585234,0.0586089,2010.57484897
Kraken:XDGUSD,2022-06-19T10:28:00Z,0.0583867,0.0583867,0.0583867,0.0583867,16901.874
Kraken:XDGUSD,2022-06-19T10:29:00Z,0.0581783,0.0581783,0.0581747,0.0581747,2473.03407498
Kraken:XDGUSD,2022-06-19T10:30:00Z,0.0582734,0.0583483,0.0582734,0.0583483,29151.9888
Kraken:XDGUSD,2022-06-19T10:31:00Z,0.0582666,0.0587629,0.0582471,0.0585548,68533.2599285
Kraken:XDGUSD,2022-06-19T10:32:00Z,0.0588501,0.0588501,0.0585577,0.0585577,1164377.6909369698
Kraken:XDGUSD,2022-06-19T10:35:00Z,0.0585667,0.0585667,0.058515,0.058515,12362.535
Kraken:XDGUSD,2022-06-19T10:36:00Z,0.0586158,0.0587239,0.0586158,0.058718,6173.41569751
Kraken:XDGUSD,2022-06-19T10:37:00Z,0.0585904,0.0585961,0.0584057,0.0584057,53689.007
Kraken:XDGUSD,2022-06-19T10:38:00Z,0.0582411,0.0582411,0.0582187,0.0582187,68928.70773605
Kraken:XDGUSD,2022-06-19T10:39:00Z,0.0581747,0.0581747,0.0580552,0.0580552,1313.64404001
Kraken:XDGUSD,2022-06-19T10:40:00Z,0.0580646,0.0583355,0.0580646,0.0583355,89499.70939011
Kraken:XDGUSD,2022-06-19T10:41:00Z,0.0583277,0.0585203,0.0583277,0.0584703,11418.58708509
Kraken:XDGUSD,2022-06-19T10:43:00Z,0.0583094,0.058373,0.0583094,0.058373,8640.29479536
Kraken:XDGUSD,2022-06-19T10:45:00Z,0.0583066,0.0583066,0.0582883,0.0582883,91142.725
Kraken:XDGUSD,2022-06-19T10:46:00Z,0.0580692,0.0580692,0.0578866,0.0578866,963.06768389
Kraken:XDGUSD,2022-06-19T10:47:00Z,0.0578942,0.0579147,0.0578675,0.0578675,46785.122
Kraken:XDGUSD,2022-06-19T10:48:00Z,0.0578876,0.0580832,0.0576634,0.0580832,660758.4716515702
Kraken:XDGUSD,2022-06-19T10:50:00Z,0.0578399,0.0578399,0.0578399,0.0578399,1518.33778373
Kraken:XDGUSD,2022-06-19T10:51:00Z,0.0578477,0.0578477,0.0578477,0.0578477,2101.35
Kraken:XDGUSD,2022-06-19T10:52:00Z,0.0578731,0.0578794,0.0578731,0.0578794,1120.01999666
Kraken:XDGUSD,2022-06-19T10:53:00Z,0.0579769,0.0581341,0.0579769,0.0581257,11415.9569457
Kraken:XDGUSD,2022-06-19T10:54:00Z,0.0580543,0.0580543,0.0580543,0.0580543,7735.5712595
Kraken:XDGUSD,2022-06-19T10:55:00Z,0.0580275,0.0582512,0.0580275,0.0582512,2909.31108637
Kraken:XDGUSD,2022-06-19T10:56:00Z,0.0583126,0.0583612,0.0583126,0.0583612,1524.519
Kraken:XDGUSD,2022-06-19T10:57:00Z,0.0581949,0.0581949,0.0581928,0.0581928,28373.95
Kraken:XDGUSD,2022-06-19T10:58:00Z,0.0582036,0.0584716,0.0582036,0.0584716,1502.10873449
Kraken:XDGUSD,2022-06-19T10:59:00Z,0.058391,0.058391,0.0583005,0.0583034,16998.22530824
Kraken:XDGUSD,2022-06-19T11:00:00Z,0.0582301,0.0583803,0.0582301,0.0583803,15074.2355
Kraken:XDGUSD,2022-06-19T11:01:00Z,0.0583168,0.0583735,0.0582488,0.0582488,241126.52
Kraken:XDGUSD,2022-06-19T11:02:00Z,0.0581308,0.0581776,0.0580492,0.0581776,29590.90898373
Kraken:XDGUSD,2022-06-19T11:03:00Z,0.0583235,0.0583235,0.0581607,0.0581607,3099.034669
Kraken:XDGUSD,2022-06-19T11:04:00Z,0.0580354,0.0580354,0.0580354,0.0580354,5E+3
Kraken:XDGUSD,2022-06-19T11:05:00Z,0.0580354,0.0580354,0.0578866,0.0578866,113438.00368388
Kraken:XDGUSD,2022-06-19T11:06:00Z,0.057875,0.057875,0.057875,0.057875,898.34997296
Kraken:XDGUSD,2022-06-19T11:07:00Z,0.0578785,0.0579912,0.0578785,0.0579912,34606.01361015
Kraken:XDGUSD,2022-06-19T11:08:00Z,0.0579912,0.0579912,0.0579303,0.0579857,8601.82046032
Kraken:XDGUSD,2022-06-19T11:10:00Z,0.0578772,0.0578772,0.0578687,0.0578687,72418.119
Kraken:XDGUSD,2022-06-19T11:11:00Z,0.0578794,0.0578794,0.0578794,0.0578794,68054.16780408
Kraken:XDGUSD,2022-06-19T11:12:00Z,0.0578507,0.0578749,0.0578507,0.0578749,10804.07456377
Kraken:XDGUSD,2022-06-19T11:13:00Z,0.0578749,0.0578749,0.0578007,0.0578007,16568.564
Kraken:XDGUSD,2022-06-19T11:14:00Z,0.0577845,0.0578021,0.0577709,0.0578021,72659.63676189
Kraken:XDGUSD,2022-06-19T11:15:00Z,0.0578796,0.0580949,0.0578796,0.0580949,42474.6301788
Kraken:XDGUSD,2022-06-19T11:17:00Z,0.0578184,0.0578781,0.0578184,0.0578781,17787.02676569
Kraken:XDGUSD,2022-06-19T11:18:00Z,0.0579411,0.0579734,0.0579411,0.0579734,3726.94621188
Kraken:XDGUSD,2022-06-19T11:20:00Z,0.0578903,0.0578903,0.0577035,0.0577035,119532.26942584
Kraken:XDGUSD,2022-06-19T11:21:00Z,0.0576216,0.0576216,0.0573985,0.0574695,139978.16382332
Kraken:XDGUSD,2022-06-19T11:22:00Z,0.0574989,0.0575744,0.0574989,0.0575744,11011.91709021
Kraken:XDGUSD,2022-06-19T11:23:00Z,0.0575744,0.0576328,0.0575744,0.0576328,535.4094483
Kraken:XDGUSD,2022-06-19T11:24:00Z,0.0575202,0.0575202,0.0575202,0.0575202,37340.52
Kraken:XDGUSD,2022-06-19T11:25:00Z,0.0575202,0.0575202,0.0574666,0.0574666,2E+5
Kraken:XDGUSD,2022-06-19T11:26:00Z,0.0574955,0.0574955,0.0574955,0.0574955,480.84
Kraken:XDGUSD,2022-06-19T11:28:00Z,0.0575722,0.0576063,0.0575722,0.0576063,68078.79497378
Kraken:XDGUSD,2022-06-19T11:29:00Z,0.0576461,0.0576462,0.0576461,0.0576462,4.2E+2
Kraken:XDGUSD,2022-06-19T11:30:00Z,0.0575929,0.0576104,0.0575929,0.0576104,5.02E+3
Kraken:XDGUSD,2022-06-19T11:31:00Z,0.0575897,0.0576462,0.0575897,0.0576366,4645.25
Kraken:XDGUSD,2022-06-19T11:32:00Z,0.0576462,0.0577602,0.0576462,0.0577602,98878.06284622
Kraken:XDGUSD,2022-06-19T11:33:00Z,0.0577623,0.0577623,0.0577623,0.0577623,76.7086
Kraken:XDGUSD,2022-06-19T11:35:00Z,0.0577392,0.0577392,0.0577392,0.0577392,694.36019999
Kraken:XDGUSD,2022-06-19T11:37:00Z,0.0575004,0.0575004,0.0574975,0.0574975,5E+4
Kraken:XDGUSD,2022-06-19T11:38:00Z,0.0575086,0.0575086,0.0574717,0.0574717,60750.19999999
Kraken:XDGUSD,2022-06-19T11:39:00Z,0.0574374,0.0574374,0.0573207,0.0573207,56561.10508591
Kraken:XDGUSD,2022-06-19T11:41:00Z,0.0573769,0.0573769,0.0573493,0.0573493,7417.45170785
Kraken:XDGUSD,2022-06-19T11:42:00Z,0.0573125,0.0573125,0.0571958,0.0571958,157919.06035261
Kraken:XDGUSD,2022-06-19T11:43:00Z,0.0571615,0.0572328,0.0571587,0.0572246,81068.32470014
Kraken:XDGUSD,2022-06-19T11:45:00Z,0.0572783,0.0573159,0.0572783,0.057308,2114.7678
Kraken:XDGUSD,2022-06-19T11:46:00Z,0.0573159,0.0573613,0.0573086,0.0573613,108368.19388244
Kraken:XDGUSD,2022-06-19T11:47:00Z,0.0573476,0.0573476,0.057335,0.057335,59056.23590341
Kraken:XDGUSD,2022-06-19T11:49:00Z,0.05733,0.05733,0.05733,0.05733,1209.6006
Kraken:XDGUSD,2022-06-19T11:50:00Z,0.05733,0.05733,0.05733,0.05733,0.00009597
Kraken:XDGUSD,2022-06-19T11:51:00Z,0.0573467,0.0574627,0.0573467,0.0574627,83690.96366133
Kraken:XDGUSD,2022-06-19T11:52:00Z,0.0574455,0.0574664,0.0574455,0.0574664,2120.34928383
Kraken:XDGUSD,2022-06-19T11:57:00Z,0.0574319,0.0574319,0.0574319,0.0574319,1735.71
Kraken:XDGUSD,2022-06-19T11:58:00Z,0.0574692,0.0574692,0.0574321,0.0574321,1699.43819412
Kraken:XDGUSD,2022-06-19T12:00:00Z,0.0574281,0.0574281,0.0574281,0.0574281,2166.88321909
Kraken:XDGUSD,2022-06-19T12:01:00Z,0.0574015,0.0576563,0.057371,0.0576561,458308.76544661
Kraken:XDGUSD,2022-06-19T12:02:00Z,0.0576557,0.0577184,0.0576557,0.0577184,7888.85430625
Kraken:XDGUSD,2022-06-19T12:03:00Z,0.0577327,0.0577788,0.0577327,0.0577788,13244.23066647
Kraken:XDGUSD,2022-06-19T12:04:00Z,0.0577325,0.0577325,0.0574505,0.0574505,272884.546
Kraken:XDGUSD,2022-06-19T12:05:00Z,0.0573983,0.0575331,0.0572809,0.0575331,50667.68742127
Kraken:XDGUSD,2022-06-19T12:07:00Z,0.0574823,0.0574904,0.0574823,0.0574904,59465.4501547
Kraken:XDGUSD,2022-06-19T12:08:00Z,0.0575168,0.0576108,0.0575168,0.0576108,3338.33229965
Kraken:XDGUSD,2022-06-19T12:09:00Z,0.0576791,0.0576791,0.0576791,0.0576791,663.67996084
Kraken:XDGUSD,2022-06-19T12:11:00Z,0.0577143,0.0577144,0.0576885,0.0576885,16136.02023194
Kraken:XDGUSD,2022-06-19T12:12:00Z,0.0576753,0.0576813,0.0576724,0.0576812,65786.761
Kraken:XDGUSD,2022-06-19T12:13:00Z,0.0576813,0.0577119,0.0576813,0.0577119,3620.61928647
Kraken:XDGUSD,2022-06-19T12:14:00Z,0.0577176,0.0577176,0.0577176,0.0577176,840.11273182
Kraken:XDGUSD,2022-06-19T12:15:00Z,0.0578035,0.0578876,0.0578035,0.0578876,74486.58385737
Kraken:XDGUSD,2022-06-19T12:16:00Z,0.0578148,0.0579547,0.0578148,0.0579547,6876.57756349
Kraken:XDGUSD,2022-06-19T12:17:00Z,0.057998,0.0580019,0.0579848,0.0579848,2.6E+4
Kraken:XDGUSD,2022-06-19T12:18:00Z,0.0579848,0.0580929,0.0579784,0.0580929,62338.57923394
Kraken:XDGUSD,2022-06-19T12:19:00Z,0.0580991,0.0580991,0.0580119,0.0580688,287237.58806457
Kraken:XDGUSD,2022-06-19T12:20:00Z,0.0578953,0.0578981,0.0578953,0.0578981,14643.62399439
Kraken:XDGUSD,2022-06-19T12:21:00Z,0.0576007,0.0576007,0.0575941,0.0575941,5E+4
Kraken:XDGUSD,2022-06-19T12:22:00Z,0.0575979,0.0575979,0.0575979,0.0575979,34036.458
Kraken:XDGUSD,2022-06-19T12:24:00Z,0.0575067,0.0575067,0.0575067,0.0575067,61.05
Kraken:XDGUSD,2022-06-19T12:25:00Z,0.0574349,0.0574349,0.0572698,0.0572698,86797.22415782
Kraken:XDGUSD,2022-06-19T12:26:00Z,0.057193,0.057193,0.0571773,0.0571773,49572.04172695
Kraken:XDGUSD,2022-06-19T12:27:00Z,0.057233,0.057233,0.0570902,0.0570902,5101.90399999
Kraken:XDGUSD,2022-06-19T12:28:00Z,0.0568883,0.0569499,0.0568171,0.0569499,200412.29337204
Kraken:XDGUSD,2022-06-19T12:29:00Z,0.056641,0.056641,0.0566248,0.0566248,3812.42847609
Kraken:XDGUSD,2022-06-19T12:30:00Z,0.0566163,0.0566163,0.0566163,0.0566163,267.18
Kraken:XDGUSD,2022-06-19T12:31:00Z,0.0567355,0.0567355,0.0567355,0.0567355,1407.66
Kraken:XDGUSD,2022-06-19T12:32:00Z,0.056835,0.0568825,0.056835,0.0568744,30419
Kraken:XDGUSD,2022-06-19T12:33:00Z,0.0569479,0.0569916,0.0569479,0.0569916,3459.04507843
Kraken:XDGUSD,2022-06-19T12:34:00Z,0.0570532,0.0570532,0.0570532,0.0570532,1741.60164074
Kraken:XDGUSD,2022-06-19T12:35:00Z,0.057112,0.0571169,0.057112,0.0571169,1933.35987743
Kraken:XDGUSD,2022-06-19T12:37:00Z,0.0571162,0.0571162,0.0571162,0.0571162,49.99
Kraken:XDGUSD,2022-06-19T12:38:00Z,0.0571564,0.0571677,0.0571564,0.0571677,18776.22377622
Kraken:XDGUSD,2022-06-19T12:39:00Z,0.0571563,0.0571563,0.0571563,0.0571563,137398.959
Kraken:XDGUSD,2022-06-19T12:40:00Z,0.0571403,0.0571403,0.0571227,0.0571227,7544.66799999
Kraken:XDGUSD,2022-06-19T12:41:00Z,0.0569439,0.0569439,0.0569439,0.0569439,864.23
Kraken:XDGUSD,2022-06-19T12:42:00Z,0.0570329,0.0570357,0.0570329,0.0570357,1027.222293
Kraken:XDGUSD,2022-06-19T12:43:00Z,0.0569607,0.0569607,0.0569569,0.0569569,42821.714
Kraken:XDGUSD,2022-06-19T12:44:00Z,0.0569569,0.0569569,0.0568856,0.0568856,3422.67527677
Kraken:XDGUSD,2022-06-19T12:47:00Z,0.0568619,0.0569631,0.0568619,0.0569631,13239.748
Kraken:XDGUSD,2022-06-19T12:48:00Z,0.0569925,0.0569925,0.0569925,0.0569925,670.50971998
Kraken:XDGUSD,2022-06-19T12:49:00Z,0.0569728,0.0569728,0.0569728,0.0569728,66.37
Kraken:XDGUSD,2022-06-19T12:50:00Z,0.0569112,0.0569112,0.0569112,0.0569112,513.34536246
Kraken:XDGUSD,2022-06-19T12:51:00Z,0.0568848,0.0568848,0.0568847,0.0568847,1212.79
Kraken:XDGUSD,2022-06-19T12:53:00Z,0.0568482,0.0568482,0.0568286,0.0568286,65743.924
Kraken:XDGUSD,2022-06-19T12:55:00Z,0.0566335,0.0566511,0.056571,0.056571,8702.06
Kraken:XDGUSD,2022-06-19T12:57:00Z,0.0567961,0.056885,0.0567961,0.0568417,51353.9837909
Kraken:XDGUSD,2022-06-19T12:58:00Z,0.0568441,0.0568441,0.0568441,0.0568441,1625.12579334
Kraken:XDGUSD,2022-06-19T12:59:00Z,0.0569118,0.056939,0.0569118,0.056939,2367.0663845
Kraken:XDGUSD,2022-06-19T13:00:00Z,0.0568029,0.0568308,0.0568029,0.0568308,2387.44806894
Kraken:XDGUSD,2022-06-19T13:01:00Z,0.0568741,0.0568948,0.0568741,0.0568948,2599.2540978
Kraken:XDGUSD,2022-06-19T13:02:00Z,0.056969,0.0570344,0.056969,0.0570344,1.5E+3
Kraken:XDGUSD,2022-06-19T13:03:00Z,0.0570705,0.0570769,0.0570705,0.0570769,2700.91081134
Kraken:XDGUSD,2022-06-19T13:06:00Z,0.0570639,0.0570933,0.0570639,0.0570891,4128.87470179
Kraken:XDGUSD,2022-06-19T13:07:00Z,0.0570994,0.0571033,0.0570994,0.0571033,4787.61899793
Kraken:XDGUSD,2022-06-19T13:08:00Z,0.0571603,0.0571646,0.0571603,0.0571646,2023.54444205
Kraken:XDGUSD,2022-06-19T13:10:00Z,0.0571985,0.0573834,0.0571985,0.0573834,70162.14880641
Kraken:XDGUSD,2022-06-19T13:11:00Z,0.0573462,0.0573462,0.0573462,0.0573462,4E+1
Kraken:XDGUSD,2022-06-19T13:12:00Z,0.0570696,0.0571339,0.0570696,0.0571339,7684.27612882
Kraken:XDGUSD,2022-06-19T13:13:00Z,0.057134,0.057134,0.0570927,0.0570927,12233.47255697
Kraken:XDGUSD,2022-06-19T13:14:00Z,0.0570927,0.0570927,0.0570496,0.0570496,40.009
Kraken:XDGUSD,2022-06-19T13:15:00Z,0.0571307,0.0571307,0.0571307,0.0571307,340.14
Kraken:XDGUSD,2022-06-19T13:16:00Z,0.0572741,0.0572741,0.0572741,0.0572741,1019.91082653
Kraken:XDGUSD,2022-06-19T13:17:00Z,0.0575223,0.0575223,0.0575223,0.0575223,43772.39308749
Kraken:XDGUSD,2022-06-19T13:18:00Z,0.0575119,0.0576236,0.0575119,0.0575234,12257.10317383
Kraken:XDGUSD,2022-06-19T13:20:00Z,0.0574571,0.0574571,0.0574571,0.0574571,8519.97
Kraken:XDGUSD,2022-06-19T13:21:00Z,0.0573551,0.0573551,0.0573551,0.0573551,577.53
Kraken:XDGUSD,2022-06-19T13:22:00Z,0.0574147,0.0574147,0.0574147,0.0574147,9597.262
Kraken:XDGUSD,2022-06-19T13:26:00Z,0.0574569,0.0574569,0.0574569,0.0574569,1698.15
Kraken:XDGUSD,2022-06-19T13:27:00Z,0.0574846,0.0574846,0.0574846,0.0574846,5587.997
Kraken:XDGUSD,2022-06-19T13:28:00Z,0.0574627,0.0574627,0.0574627,0.0574627,3673.031
Kraken:XDGUSD,2022-06-19T13:29:00Z,0.05745,0.05745,0.05745,0.05745,19007
Kraken:XDGUSD,2022-06-19T13:30:00Z,0.0575099,0.0575576,0.0575099,0.0575576,5963.35
Kraken:XDGUSD,2022-06-19T13:31:00Z,0.0573359,0.0573359,0.0573359,0.0573359,302.304419
Kraken:XDGUSD,2022-06-19T13:32:00Z,0.0572811,0.0573199,0.0572811,0.0572973,155021.77154068
Kraken:XDGUSD,2022-06-19T13:34:00Z,0.0573925,0.0573925,0.0573925,0.0573925,12196.71559872
Kraken:XDGUSD,2022-06-19T13:36:00Z,0.0574162,0.0574162,0.0573705,0.0573705,51748.64
Kraken:XDGUSD,2022-06-19T13:37:00Z,0.0574835,0.0574835,0.0574835,0.0574835,5335.5957241
Kraken:XDGUSD,2022-06-19T13:38:00Z,0.0576074,0.0576074,0.0576074,0.0576074,419.83
Kraken:XDGUSD,2022-06-19T13:39:00Z,0.057504,0.0575068,0.057504,0.0575068,13271.75
Kraken:XDGUSD,2022-06-19T13:40:00Z,0.0574641,0.0574641,0.0574641,0.0574641,1.15E+3
Kraken:XDGUSD,2022-06-19T13:44:00Z,0.0574405,0.0574405,0.0571646,0.0571646,558653.004031
Kraken:XDGUSD,2022-06-19T13:46:00Z,0.0571194,0.0571194,0.0571193,0.0571193,106534.84754863
Kraken:XDGUSD,2022-06-19T13:47:00Z,0.0572692,0.0572692,0.0572692,0.0572692,12712.61223356
Kraken:XDGUSD,2022-06-19T13:48:00Z,0.0572716,0.0572716,0.0572716,0.0572716,2931.32
Kraken:XDGUSD,2022-06-19T13:49:00Z,0.0573365,0.0573365,0.0573289,0.0573291,501377.52981851
Kraken:XDGUSD,2022-06-19T13:50:00Z,0.0573145,0.0573145,0.0572687,0.0572687,2318.91299999
Kraken:XDGUSD,2022-06-19T13:51:00Z,0.0571661,0.0571661,0.0571661,0.0571661,2340.293
Kraken:XDGUSD,2022-06-19T13:52:00Z,0.0571694,0.0571902,0.0571694,0.0571902,43292.039
Kraken:XDGUSD,2022-06-19T13:53:00Z,0.0572016,0.0572016,0.057174,0.057174,15227.794
Kraken:XDGUSD,2022-06-19T13:54:00Z,0.0571542,0.0571542,0.0570195,0.0570195,29146.128
Kraken:XDGUSD,2022-06-19T13:55:00Z,0.0570735,0.0570735,0.0570735,0.0570735,16147.82
Kraken:XDGUSD,2022-06-19T13:56:00Z,0.0571295,0.0571295,0.0571295,0.0571295,4.6E+2
Kraken:XDGUSD,2022-06-19T13:57:00Z,0.0570194,0.0570194,0.0570194,0.0570194,1760.529
Kraken:XDGUSD,2022-06-19T13:58:00Z,0.0569105,0.0569105,0.0567242,0.0567308,17369.3541
Kraken:XDGUSD,2022-06-19T13:59:00Z,0.0565498,0.0565498,0.0564216,0.0564216,11730.17
Kraken:XDGUSD,2022-06-19T14:03:00Z,0.0568352,0.0569634,0.0568352,0.0569634,3366.92013916
Kraken:XDGUSD,2022-06-19T14:04:00Z,0.0569593,0.0569593,0.0569593,0.0569593,1125.584
Kraken:XDGUSD,2022-06-19T14:07:00Z,0.0570376,0.0570573,0.0570376,0.0570573,3365.82921417
Kraken:XDGUSD,2022-06-19T14:09:00Z,0.0570616,0.0570616,0.057025,0.057025,92277.8983255
Kraken:XDGUSD,2022-06-19T14:10:00Z,0.0570362,0.0570362,0.0570362,0.0570362,9357.13343396
Kraken:XDGUSD,2022-06-19T14:14:00Z,0.0568146,0.0568146,0.05676,0.05676,17288.72442122
Kraken:XDGUSD,2022-06-19T14:15:00Z,0.056684,0.056684,0.056684,0.056684,1661.66840001
Kraken:XDGUSD,2022-06-19T14:18:00Z,0.0568443,0.0568443,0.0568443,0.0568443,4129.42868624
Kraken:XDGUSD,2022-06-19T14:20:00Z,0.0569257,0.0570202,0.0569257,0.0570202,18179.54466253
Kraken:XDGUSD,2022-06-19T14:23:00Z,0.0571011,0.0571011,0.057082,0.057082,99832.215
Kraken:XDGUSD,2022-06-19T14:25:00Z,0.0570604,0.0570604,0.0570604,0.0570604,689.45130921
Kraken:XDGUSD,2022-06-19T14:26:00Z,0.0571171,0.0571171,0.0571116,0.057113,6071.82755921
Kraken:XDGUSD,2022-06-19T14:27:00Z,0.0571254,0.0571254,0.0571254,0.0571254,3.6E+3
Kraken:XDGUSD,2022-06-19T14:28:00Z,0.0573344,0.0573506,0.0573344,0.0573477,17791.02359739
Kraken:XDGUSD,2022-06-19T14:30:00Z,0.0572928,0.0572928,0.0572733,0.0572733,9152.63
Kraken:XDGUSD,2022-06-19T14:32:00Z,0.0572021,0.0572021,0.0572021,0.0572021,687
Kraken:XDGUSD,2022-06-19T14:33:00Z,0.0572989,0.0572989,0.0572989,0.0572989,17423.153
Kraken:XDGUSD,2022-06-19T14:34:00Z,0.0573608,0.0573608,0.0573608,0.0573608,671.94
Kraken:XDGUSD,2022-06-19T14:36:00Z,0.0573644,0.057375,0.0573644,0.057375,35460.22
Kraken:XDGUSD,2022-06-19T14:39:00Z,0.0574031,0.0574031,0.0574031,0.0574031,4086.54
Kraken:XDGUSD,2022-06-19T14:40:00Z,0.057347,0.057355,0.057347,0.057355,10490.293966
Kraken:XDGUSD,2022-06-19T14:44:00Z,0.0573339,0.0573339,0.0572992,0.0572992,19089.31499999
Kraken:XDGUSD,2022-06-19T14:45:00Z,0.0572925,0.0572925,0.0572615,0.0572732,95867.84041037
Kraken:XDGUSD,2022-06-19T14:47:00Z,0.0574191,0.0574206,0.0573321,0.057344,33043.84559332
Kraken:XDGUSD,2022-06-19T14:48:00Z,0.0573435,0.0573721,0.0573435,0.0573587,11555.54292293
Kraken:XDGUSD,2022-06-19T14:49:00Z,0.0573932,0.0573932,0.0573932,0.0573932,2570.41534016
Kraken:XDGUSD,2022-06-19T14:52:00Z,0.0573786,0.0573786,0.0572454,0.0572454,17149.213
Kraken:XDGUSD,2022-06-19T14:53:00Z,0.0571498,0.0571883,0.0571498,0.0571883,1005.18
Kraken:XDGUSD,2022-06-19T14:55:00Z,0.05721,0.0572214,0.05721,0.0572214,5875.28
Kraken:XDGUSD,2022-06-19T14:56:00Z,0.0572036,0.0572036,0.0572036,0.0572036,1071.93
Kraken:XDGUSD,2022-06-19T14:58:00Z,0.0573006,0.0573007,0.0573006,0.0573006,5797.849
Kraken:XDGUSD,2022-06-19T14:59:00Z,0.057302,0.057302,0.057302,0.057302,1052.85
Kraken:XDGUSD,2022-06-19T15:00:00Z,0.0573254,0.0574437,0.0573034,0.0574437,2362.48
Kraken:XDGUSD,2022-06-19T15:04:00Z,0.0574897,0.0574897,0.0574639,0.0574639,8776.37
Kraken:XDGUSD,2022-06-19T15:05:00Z,0.057424,0.057424,0.0574183,0.0574183,1438.37
Kraken:XDGUSD,2022-06-19T15:06:00Z,0.0574205,0.0574207,0.0573938,0.0573938,40857.91
Kraken:XDGUSD,2022-06-19T15:07:00Z,0.057382,0.057382,0.057382,0.057382,24692.698
Kraken:XDGUSD,2022-06-19T15:09:00Z,0.0573874,0.0573874,0.0573819,0.0573819,21265.559
Kraken:XDGUSD,2022-06-19T15:10:00Z,0.0573374,0.0573395,0.0573374,0.0573395,2E+4
Kraken:XDGUSD,2022-06-19T15:12:00Z,0.0573005,0.0573005,0.0572529,0.0572529,4128.017
Kraken:XDGUSD,2022-06-19T15:13:00Z,0.0572274,0.0572274,0.0572274,0.0572274,53.51
Kraken:XDGUSD,2022-06-19T15:15:00Z,0.0571579,0.0571579,0.0571579,0.0571579,3048.77162681
Kraken:XDGUSD,2022-06-19T15:16:00Z,0.0571089,0.0571089,0.0571089,0.0571089,160.59
Kraken:XDGUSD,2022-06-19T15:17:00Z,0.0569836,0.0569855,0.0569836,0.0569855,1189.143399
Kraken:XDGUSD,2022-06-19T15:18:00Z,0.056983,0.056983,0.056983,0.056983,4086.07299684
Kraken:XDGUSD,2022-06-19T15:20:00Z,0.0570315,0.0570334,0.0570315,0.0570334,42135.28425789
Kraken:XDGUSD,2022-06-19T15:24:00Z,0.0570442,0.0570442,0.0570442,0.0570442,1296.06
Kraken:XDGUSD,2022-06-19T15:26:00Z,0.0570434,0.0570445,0.0570434,0.0570445,7336.23352634
Kraken:XDGUSD,2022-06-19T15:27:00Z,0.0571527,0.0571618,0.0571527,0.0571618,17755.18248215
Kraken:XDGUSD,2022-06-19T15:28:00Z,0.0571423,0.0571799,0.0571252,0.0571799,63604.15165325
Kraken:XDGUSD,2022-06-19T15:29:00Z,0.0571834,0.0571834,0.0571834,0.0571834,33.59
Kraken:XDGUSD,2022-06-19T15:33:00Z,0.0575918,0.0580259,0.0575918,0.0580259,91186.89515551
Kraken:XDGUSD,2022-06-19T15:38:00Z,0.0579151,0.0579151,0.0579151,0.0579151,2625.225
Kraken:XDGUSD,2022-06-19T15:39:00Z,0.0580382,0.0580382,0.0580382,0.0580382,1336.27
Kraken:XDGUSD,2022-06-19T15:40:00Z,0.0579497,0.0579497,0.0578269,0.0578269,17023.71183563
Kraken:XDGUSD,2022-06-19T15:41:00Z,0.0577691,0.0577691,0.0577635,0.0577635,3E+3
Kraken:XDGUSD,2022-06-19T15:42:00Z,0.0577549,0.0577549,0.0577549,0.0577549,1315.8828795
Kraken:XDGUSD,2022-06-19T15:43:00Z,0.0576921,0.0576921,0.057692,0.057692,2050.083
Kraken:XDGUSD,2022-06-19T15:44:00Z,0.0576764,0.0577175,0.0576764,0.0577175,2E+4
Kraken:XDGUSD,2022-06-19T15:47:00Z,0.0578637,0.0579268,0.0578637,0.0579268,332.216866
Kraken:XDGUSD,2022-06-19T15:48:00Z,0.0579187,0.0579187,0.0579187,0.0579187,833.71499999
Kraken:XDGUSD,2022-06-19T15:49:00Z,0.0580106,0.0580106,0.0580106,0.0580106,1E+2
Kraken:XDGUSD,2022-06-19T15:51:00Z,0.0582578,0.0589863,0.0582578,0.0589863,318589.93406458
Kraken:XDGUSD,2022-06-19T15:52:00Z,0.0586878,0.0586878,0.0584642,0.0585577,42015.37906464
Kraken:XDGUSD,2022-06-19T15:53:00Z,0.0585729,0.0585729,0.0585729,0.0585729,1167.92070618
Kraken:XDGUSD,2022-06-19T15:54:00Z,0.0585424,0.0587752,0.0584879,0.0584879,7095.49598348
Kraken:XDGUSD,2022-06-19T15:55:00Z,0.0585789,0.0585789,0.0584235,0.0584235,7E+3
Kraken:XDGUSD,2022-06-19T15:56:00Z,0.0582706,0.0582706,0.0582706,0.0582706,514.47739386
Kraken:XDGUSD,2022-06-19T15:57:00Z,0.0584042,0.0584042,0.0584042,0.0584042,128.12
Kraken:XDGUSD,2022-06-19T15:58:00Z,0.0584137,0.05848,0.0584137,0.05848,792364.49
Kraken:XDGUSD,2022-06-19T16:01:00Z,0.0583649,0.0586092,0.0583023,0.0586092,205978.3891118
Kraken:XDGUSD,2022-06-19T16:02:00Z,0.0585938,0.0585938,0.0584622,0.0584622,14200.959
Kraken:XDGUSD,2022-06-19T16:03:00Z,0.0583919,0.0583919,0.0583919,0.0583919,408.24
Kraken:XDGUSD,2022-06-19T16:04:00Z,0.0584362,0.0584748,0.0584362,0.0584748,3E+4
Kraken:XDGUSD,2022-06-19T16:06:00Z,0.058323,0.058323,0.0582907,0.0582907,445.41
Kraken:XDGUSD,2022-06-19T16:07:00Z,0.0581922,0.0581961,0.0581747,0.0581747,9706.435985
Kraken:XDGUSD,2022-06-19T16:08:00Z,0.0581747,0.0581747,0.0581236,0.0581236,6909.33421998
Kraken:XDGUSD,2022-06-19T16:10:00Z,0.0583033,0.0583033,0.0580689,0.0580689,31454.5846421
Kraken:XDGUSD,2022-06-19T16:12:00Z,0.0581541,0.0581541,0.0580378,0.0581356,53333.62155895
Kraken:XDGUSD,2022-06-19T16:13:00Z,0.058148,0.058148,0.058148,0.058148,8E+2
Kraken:XDGUSD,2022-06-19T16:15:00Z,0.0581749,0.0581749,0.0581632,0.0581632,10460.64919901
Kraken:XDGUSD,2022-06-19T16:19:00Z,0.0579148,0.0579215,0.0579148,0.0579215,156.59802009
Kraken:XDGUSD,2022-06-19T16:20:00Z,0.0579288,0.0579409,0.0579257,0.0579409,21893.94532934
Kraken:XDGUSD,2022-06-19T16:22:00Z,0.0579043,0.0579043,0.057828,0.057828,38403.43163007
Kraken:XDGUSD,2022-06-19T16:25:00Z,0.0578932,0.0579501,0.0578903,0.0578903,42374.29153544
Kraken:XDGUSD,2022-06-19T16:26:00Z,0.0579458,0.0579458,0.0578946,0.0578946,5733
Kraken:XDGUSD,2022-06-19T16:28:00Z,0.0578542,0.0578542,0.0578542,0.0578542,674
Kraken:XDGUSD,2022-06-19T16:30:00Z,0.0579285,0.0579285,0.0579285,0.0579285,2E+3
Kraken:XDGUSD,2022-06-19T16:31:00Z,0.057865,0.057865,0.0578523,0.0578523,1938.05
Kraken:XDGUSD,2022-06-19T16:34:00Z,0.0577337,0.0577338,0.0577337,0.0577338,6792.10581531
Kraken:XDGUSD,2022-06-19T16:35:00Z,0.0576855,0.0576909,0.0575856,0.0575856,25288.41018494
Kraken:XDGUSD,2022-06-19T16:36:00Z,0.057643,0.057643,0.057643,0.057643,2309.71252081
Kraken:XDGUSD,2022-06-19T16:37:00Z,0.0576823,0.0576823,0.0576823,0.0576823,156.45
Kraken:XDGUSD,2022-06-19T16:38:00Z,0.057681,0.057681,0.057681,0.057681,1659.8281679
Kraken:XDGUSD,2022-06-19T16:40:00Z,0.0577119,0.0577119,0.0577119,0.0577119,192.13
Kraken:XDGUSD,2022-06-19T16:43:00Z,0.0577482,0.0578134,0.0577482,0.0578134,10355.31
Kraken:XDGUSD,2022-06-19T16:44:00Z,0.0578514,0.0578514,0.0578514,0.0578514,208.08045778
Kraken:XDGUSD,2022-06-19T16:46:00Z,0.0579198,0.0579198,0.0579198,0.0579198,1226.006192
Kraken:XDGUSD,2022-06-19T16:48:00Z,0.0574858,0.0574858,0.0574858,0.0574858,621.16382332
Kraken:XDGUSD,2022-06-19T16:50:00Z,0.057429,0.057429,0.057429,0.057429,5089.21450507
Kraken:XDGUSD,2022-06-19T16:51:00Z,0.0575267,0.0575267,0.0575267,0.0575267,1706.62
Kraken:XDGUSD,2022-06-19T16:52:00Z,0.0575598,0.0575598,0.0575598,0.0575598,171.7
Kraken:XDGUSD,2022-06-19T16:53:00Z,0.0575261,0.0575469,0.0575261,0.0575469,2190.62712327
Kraken:XDGUSD,2022-06-19T16:57:00Z,0.0574664,0.0574677,0.0574262,0.0574262,21389.98269073
Kraken:XDGUSD,2022-06-19T16:58:00Z,0.0574432,0.0575059,0.0574432,0.0575059,59631.154
Kraken:XDGUSD,2022-06-19T16:59:00Z,0.0575161,0.0575161,0.0575161,0.0575161,2003.08
Kraken:XDGUSD,2022-06-19T17:00:00Z,0.0576321,0.057651,0.0575903,0.0575903,39704.98826153
Kraken:XDGUSD,2022-06-19T17:01:00Z,0.0575647,0.0575904,0.0575066,0.0575904,210190.48313608
Kraken:XDGUSD,2022-06-19T17:03:00Z,0.0576444,0.0576519,0.0576444,0.0576519,866.65885717
Kraken:XDGUSD,2022-06-19T17:04:00Z,0.0576519,0.0576808,0.0576519,0.0576808,52632.78
Kraken:XDGUSD,2022-06-19T17:05:00Z,0.0575955,0.0575955,0.0575825,0.0575825,38976.18335866
Kraken:XDGUSD,2022-06-19T17:07:00Z,0.0574882,0.0574882,0.0574882,0.0574882,325.2
Kraken:XDGUSD,2022-06-19T17:08:00Z,0.0574359,0.0574359,0.0574359,0.0574359,72.75
Kraken:XDGUSD,2022-06-19T17:10:00Z,0.0574095,0.0574095,0.0574095,0.0574095,142.86286596
Kraken:XDGUSD,2022-06-19T17:11:00Z,0.0573125,0.0573125,0.0573002,0.0573002,4.03E+3
Kraken:XDGUSD,2022-06-19T17:14:00Z,0.0572465,0.0572465,0.0572465,0.0572465,22.03
Kraken:XDGUSD,2022-06-19T17:15:00Z,0.0572465,0.057254,0.0572465,0.057254,21764.391004
Kraken:XDGUSD,2022-06-19T17:18:00Z,0.0570251,0.0570251,0.0570251,0.0570251,21901.542
Kraken:XDGUSD,2022-06-19T17:19:00Z,0.0570844,0.0570844,0.0570844,0.0570844,334.84
Kraken:XDGUSD,2022-06-19T17:20:00Z,0.0571,0.0571732,0.0571,0.0571732,220889.2431423
Kraken:XDGUSD,2022-06-19T17:21:00Z,0.0571732,0.0572379,0.0571732,0.0572379,71638.61392975
Kraken:XDGUSD,2022-06-19T17:22:00Z,0.0570782,0.0570782,0.0570782,0.0570782,1E+4
Kraken:XDGUSD,2022-06-19T17:23:00Z,0.0570713,0.057197,0.0570713,0.057197,48144.227
Kraken:XDGUSD,2022-06-19T17:26:00Z,0.0571978,0.0571978,0.0571978,0.0571978,8741.88534492
Kraken:XDGUSD,2022-06-19T17:27:00Z,0.0571898,0.0571898,0.0571898,0.0571898,1802.2
Kraken:XDGUSD,2022-06-19T17:28:00Z,0.0571939,0.0572216,0.057161,0.057161,50837.88
Kraken:XDGUSD,2022-06-19T17:29:00Z,0.0572219,0.0572501,0.0572219,0.0572501,830.03
Kraken:XDGUSD,2022-06-19T17:30:00Z,0.0572,0.0572,0.0572,0.0572,5E+4
Kraken:XDGUSD,2022-06-19T17:34:00Z,0.0570635,0.0570635,0.0570402,0.0570402,8953.01
Kraken:XDGUSD,2022-06-19T17:35:00Z,0.0570022,0.0570022,0.0570022,0.0570022,168.40655853
Kraken:XDGUSD,2022-06-19T17:36:00Z,0.057,0.057,0.057,0.057,2E+3
Kraken:XDGUSD,2022-06-19T17:38:00Z,0.0570823,0.0570824,0.0570823,0.0570824,73644.686
Kraken:XDGUSD,2022-06-19T17:42:00Z,0.0570635,0.0570635,0.0570635,0.0570635,2167.16912697
Kraken:XDGUSD,2022-06-19T17:43:00Z,0.057142,0.0571962,0.057142,0.0571962,1832.014
Kraken:XDGUSD,2022-06-19T17:46:00Z,0.05711,0.05711,0.05711,0.05711,1.2E+4
Kraken:XDGUSD,2022-06-19T17:48:00Z,0.0573535,0.0573535,0.0573535,0.0573535,18818.959
Kraken:XDGUSD,2022-06-19T17:51:00Z,0.0572076,0.0572076,0.0571839,0.0571839,3142.15669572
Kraken:XDGUSD,2022-06-19T17:53:00Z,0.0571,0.0571121,0.0571,0.057112,352551.3330000001
Kraken:XDGUSD,2022-06-19T17:54:00Z,0.0571121,0.0571121,0.0571121,0.0571121,0.00984415
Kraken:XDGUSD,2022-06-19T17:56:00Z,0.05722,0.05722,0.0571188,0.0571498,30125.29282418
Kraken:XDGUSD,2022-06-19T17:58:00Z,0.057195,0.0571951,0.057195,0.0571951,18377.136
Kraken:XDGUSD,2022-06-19T18:00:00Z,0.0571951,0.0571951,0.0571951,0.0571951,0.003
Kraken:XDGUSD,2022-06-19T18:01:00Z,0.0573758,0.0573758,0.0573758,0.0573758,420.62
Kraken:XDGUSD,2022-06-19T18:02:00Z,0.0573158,0.0573158,0.0573158,0.0573158,420.96
Kraken:XDGUSD,2022-06-19T18:03:00Z,0.0573272,0.0573272,0.0573272,0.0573272,1.2E+4
Kraken:XDGUSD,2022-06-19T18:05:00Z,0.0573252,0.0573542,0.0573252,0.0573542,21694.98
Kraken:XDGUSD,2022-06-19T18:08:00Z,0.0574276,0.0574276,0.0574276,0.0574276,32824.069
Kraken:XDGUSD,2022-06-19T18:09:00Z,0.0574636,0.0574636,0.0574636,0.0574636,386.156
Kraken:XDGUSD,2022-06-19T18:10:00Z,0.0574913,0.0574913,0.0574838,0.0574838,70750.31892975
Kraken:XDGUSD,2022-06-19T18:12:00Z,0.0576045,0.0576045,0.0576045,0.0576045,597.18899999
Kraken:XDGUSD,2022-06-19T18:13:00Z,0.0576208,0.0576949,0.0576208,0.0576949,42516.23479155
Kraken:XDGUSD,2022-06-19T18:14:00Z,0.0576768,0.0577391,0.0576217,0.0576217,2.403E+5
Kraken:XDGUSD,2022-06-19T18:15:00Z,0.0577493,0.0580135,0.0577493,0.0580135,38977.37846942
Kraken:XDGUSD,2022-06-19T18:18:00Z,0.0577497,0.0577823,0.0577497,0.0577823,34199.03722142
Kraken:XDGUSD,2022-06-19T18:19:00Z,0.0577747,0.0577747,0.0577747,0.0577747,3.8E+3
Kraken:XDGUSD,2022-06-19T18:22:00Z,0.0577631,0.0577631,0.0577631,0.0577631,333.1138
Kraken:XDGUSD,2022-06-19T18:23:00Z,0.0577683,0.0577997,0.0577683,0.0577997,127208.6410155
Kraken:XDGUSD,2022-06-19T18:24:00Z,0.0577997,0.0577997,0.0577997,0.0577997,0.003
Kraken:XDGUSD,2022-06-19T18:25:00Z,0.057854,0.057854,0.057854,0.057854,108.21
Kraken:XDGUSD,2022-06-19T18:26:00Z,0.0578042,0.05782,0.0577608,0.0577608,92479.24262712
Kraken:XDGUSD,2022-06-19T18:27:00Z,0.0577672,0.0578251,0.0577672,0.0578251,2944.80985507
Kraken:XDGUSD,2022-06-19T18:28:00Z,0.0578721,0.0578722,0.0578639,0.0578653,54059.19102338
Kraken:XDGUSD,2022-06-19T18:29:00Z,0.0578764,0.0578764,0.0578764,0.0578764,27078.5
Kraken:XDGUSD,2022-06-19T18:30:00Z,0.0578764,0.0578764,0.0578764,0.0578764,0.007
Kraken:XDGUSD,2022-06-19T18:32:00Z,0.0579124,0.0579124,0.0579124,0.0579124,1733.97808026
Kraken:XDGUSD,2022-06-19T18:33:00Z,0.0579228,0.0579414,0.0579228,0.0579414,57231.5748447
Kraken:XDGUSD,2022-06-19T18:34:00Z,0.0579406,0.0579762,0.0579406,0.0579762,28435.643
Kraken:XDGUSD,2022-06-19T18:35:00Z,0.0580826,0.058106,0.0580826,0.058106,68124.42188752
Kraken:XDGUSD,2022-06-19T18:36:00Z,0.0581071,0.0581071,0.0581071,0.0581071,20760.45
Kraken:XDGUSD,2022-06-19T18:37:00Z,0.057876,0.0580068,0.057876,0.0580068,6926.5
Kraken:XDGUSD,2022-06-19T18:38:00Z,0.0579269,0.0579269,0.0579269,0.0579269,168.40655853
Kraken:XDGUSD,2022-06-19T18:39:00Z,0.0578593,0.0578593,0.0578593,0.0578593,39932.2944
Kraken:XDGUSD,2022-06-19T18:40:00Z,0.0578592,0.0578593,0.0578592,0.0578593,2705.06158794
Kraken:XDGUSD,2022-06-19T18:41:00Z,0.057805,0.057805,0.0577442,0.0577442,92976.61388075
Kraken:XDGUSD,2022-06-19T18:42:00Z,0.0578272,0.0578272,0.0578272,0.0578272,174.73716394
Kraken:XDGUSD,2022-06-19T18:45:00Z,0.0578484,0.0578501,0.0578484,0.0578501,67154.149
Kraken:XDGUSD,2022-06-19T18:49:00Z,0.0578743,0.0578743,0.0578743,0.0578743,338.77
Kraken:XDGUSD,2022-06-19T18:50:00Z,0.0578743,0.0578744,0.0578743,0.0578744,53165.127
Kraken:XDGUSD,2022-06-19T18:52:00Z,0.0581473,0.0581473,0.0581473,0.0581473,1550.654
Kraken:XDGUSD,2022-06-19T18:53:00Z,0.0580902,0.0581074,0.0580902,0.0581074,17100.694
Kraken:XDGUSD,2022-06-19T18:54:00Z,0.0581676,0.0581676,0.0581676,0.0581676,46497.441
Kraken:XDGUSD,2022-06-19T18:55:00Z,0.0581967,0.0586545,0.0581967,0.058419,107906.7525058
Kraken:XDGUSD,2022-06-19T18:57:00Z,0.0583325,0.0584601,0.0583325,0.0584601,30623.21514765
Kraken:XDGUSD,2022-06-19T18:58:00Z,0.0584607,0.06,0.05843,0.0597851,1452801.5843935797
Kraken:XDGUSD,2022-06-19T18:59:00Z,0.06,0.0613317,0.0597915,0.0613317,2450538.93972766
Kraken:XDGUSD,2022-06-19T19:00:00Z,0.0613901,0.0618777,0.0608329,0.0608329,834380.46570048
Kraken:XDGUSD,2022-06-19T19:01:00Z,0.0608329,0.0608329,0.0603291,0.0603291,41208.3135812
Kraken:XDGUSD,2022-06-19T19:02:00Z,0.0603707,0.0603707,0.0601484,0.0601484,101236.12518793
Kraken:XDGUSD,2022-06-19T19:03:00Z,0.0605,0.0605,0.0602536,0.0602536,147948.64814955
Kraken:XDGUSD,2022-06-19T19:04:00Z,0.0602536,0.0602536,0.0602536,0.0602536,0.00070599
Kraken:XDGUSD,2022-06-19T19:05:00Z,0.0601074,0.0601074,0.060056,0.060056,27876.09679893
Kraken:XDGUSD,2022-06-19T19:06:00Z,0.0599388,0.0599388,0.0597087,0.0597636,188693.60846155
Kraken:XDGUSD,2022-06-19T19:07:00Z,0.0596368,0.0596368,0.0596087,0.0596087,4911.55764678
Kraken:XDGUSD,2022-06-19T19:08:00Z,0.0595477,0.0595921,0.0594494,0.0594494,872437.2385841801
Kraken:XDGUSD,2022-06-19T19:09:00Z,0.0595329,0.0597851,0.0595329,0.0597851,82610.10932301
Kraken:XDGUSD,2022-06-19T19:10:00Z,0.0597089,0.0597099,0.0596929,0.0597,522563.03135859
Kraken:XDGUSD,2022-06-19T19:11:00Z,0.0600543,0.0601258,0.0600543,0.0601258,2192.84085704
Kraken:XDGUSD,2022-06-19T19:13:00Z,0.0600803,0.0600803,0.0598742,0.059875,147119.87289088
Kraken:XDGUSD,2022-06-19T19:15:00Z,0.0598658,0.0599687,0.0598658,0.0599687,96.98827645
Kraken:XDGUSD,2022-06-19T19:16:00Z,0.0599496,0.0599496,0.0599496,0.0599496,3318.91799938
Kraken:XDGUSD,2022-06-19T19:17:00Z,0.0599205,0.0599205,0.0597627,0.0597627,75894.5842831
Kraken:XDGUSD,2022-06-19T19:18:00Z,0.0596695,0.0596933,0.0596695,0.0596933,28950.014
Kraken:XDGUSD,2022-06-19T19:19:00Z,0.0596368,0.0596368,0.0595943,0.0595943,1504
Kraken:XDGUSD,2022-06-19T19:21:00Z,0.0596729,0.0597669,0.0596729,0.0597669,587626.2262744299
Kraken:XDGUSD,2022-06-19T19:22:00Z,0.0599582,0.0599611,0.0599498,0.0599611,3436.73920408
Kraken:XDGUSD,2022-06-19T19:23:00Z,0.0599501,0.06,0.0599501,0.06,313907.55173583
Kraken:XDGUSD,2022-06-19T19:24:00Z,0.0601258,0.0601258,0.0601258,0.0601258,502.46564678
Kraken:XDGUSD,2022-06-19T19:25:00Z,0.0602031,0.0602225,0.0600357,0.0600357,7658.61756531
Kraken:XDGUSD,2022-06-19T19:26:00Z,0.0602887,0.060294,0.0601548,0.0601548,127038.2974805
Kraken:XDGUSD,2022-06-19T19:27:00Z,0.060274,0.060425,0.060274,0.0603941,95499.97736302
Kraken:XDGUSD,2022-06-19T19:28:00Z,0.0603228,0.0603228,0.0602149,0.060218,31108.05793557
Kraken:XDGUSD,2022-06-19T19:29:00Z,0.0602915,0.06043,0.0602915,0.06043,1022.96335499
Kraken:XDGUSD,2022-06-19T19:30:00Z,0.06043,0.0605148,0.060353,0.0605148,124244.7974805
Kraken:XDGUSD,2022-06-19T19:31:00Z,0.0603915,0.0603915,0.0602,0.0603363,255525.38
Kraken:XDGUSD,2022-06-19T19:32:00Z,0.0603491,0.0604995,0.0603491,0.0604995,1039.63369781
Kraken:XDGUSD,2022-06-19T19:33:00Z,0.0604553,0.0607849,0.0604553,0.0606048,99376.73500867
Kraken:XDGUSD,2022-06-19T19:34:00Z,0.0603521,0.0605666,0.0603493,0.060529,72088.79120832
Kraken:XDGUSD,2022-06-19T19:35:00Z,0.0605809,0.0606005,0.0605305,0.0606005,126781.9374805
Kraken:XDGUSD,2022-06-19T19:36:00Z,0.0607056,0.0609441,0.0606566,0.0606566,72314.34484405
Kraken:XDGUSD,2022-06-19T19:37:00Z,0.0606379,0.060676,0.060313,0.060313,681819.62082128
Kraken:XDGUSD,2022-06-19T19:38:00Z,0.0604334,0.0605608,0.0604334,0.0605203,64611.986
Kraken:XDGUSD,2022-06-19T19:39:00Z,0.0605856,0.0605856,0.0604115,0.0604115,62179.84
Kraken:XDGUSD,2022-06-19T19:40:00Z,0.0603863,0.0606198,0.0603863,0.0605896,325373.08912656
Kraken:XDGUSD,2022-06-19T19:41:00Z,0.0606,0.0606555,0.0606,0.0606555,269442.84964378
Kraken:XDGUSD,2022-06-19T19:43:00Z,0.0607564,0.0607567,0.0607564,0.0607567,132946.95794029
Kraken:XDGUSD,2022-06-19T19:44:00Z,0.0607748,0.0607748,0.0606596,0.0606596,687243.9003765399
Kraken:XDGUSD,2022-06-19T19:45:00Z,0.0605934,0.0606017,0.0605837,0.0606017,1.4E+5
Kraken:XDGUSD,2022-06-19T19:46:00Z,0.0607524,0.0607524,0.0607362,0.0607362,4E+4
Kraken:XDGUSD,2022-06-19T19:47:00Z,0.0607625,0.0608137,0.0606929,0.0606929,33376.00828587
Kraken:XDGUSD,2022-06-19T19:48:00Z,0.0606564,0.0606564,0.0604386,0.0604444,27141.98347664
Kraken:XDGUSD,2022-06-19T19:49:00Z,0.0605686,0.0605686,0.060568,0.060568,6625.82
Kraken:XDGUSD,2022-06-19T19:50:00Z,0.0606042,0.0606865,0.0606042,0.0606769,92572.77199999
Kraken:XDGUSD,2022-06-19T19:52:00Z,0.0607172,0.0607172,0.0607172,0.0607172,151.91
Kraken:XDGUSD,2022-06-19T19:53:00Z,0.0606028,0.0606028,0.0606028,0.0606028,2934.838
Kraken:XDGUSD,2022-06-19T19:54:00Z,0.0604704,0.0604704,0.0604704,0.0604704,99.81
Kraken:XDGUSD,2022-06-19T19:57:00Z,0.0605403,0.0605403,0.0605393,0.0605393,4991
Kraken:XDGUSD,2022-06-19T19:58:00Z,0.0604581,0.0604757,0.0603355,0.0603423,8746.95525929
Kraken:XDGUSD,2022-06-19T19:59:00Z,0.0603674,0.0603985,0.0603674,0.0603985,23206.817
Kraken:XDGUSD,2022-06-19T20:00:00Z,0.0605079,0.060518,0.0605079,0.060518,33451.658
Kraken:XDGUSD,2022-06-19T20:01:00Z,0.0605377,0.0605377,0.0604911,0.0605231,28389.69413174
Kraken:XDGUSD,2022-06-19T20:03:00Z,0.0604378,0.0604968,0.0604214,0.0604968,46108.178
Kraken:XDGUSD,2022-06-19T20:04:00Z,0.0605009,0.0605569,0.0605009,0.0605569,27771.4070529
Kraken:XDGUSD,2022-06-19T20:06:00Z,0.0605918,0.0606201,0.0605918,0.0606201,18880.30994395
Kraken:XDGUSD,2022-06-19T20:07:00Z,0.0607362,0.0607362,0.0607362,0.0607362,20.81460479
Kraken:XDGUSD,2022-06-19T20:08:00Z,0.0607609,0.060817,0.0607452,0.060817,116012.81506996
Kraken:XDGUSD,2022-06-19T20:09:00Z,0.060817,0.061028,0.060817,0.061028,84030.24162158
Kraken:XDGUSD,2022-06-19T20:10:00Z,0.0610937,0.0610937,0.0609464,0.061048,5167.83466845
Kraken:XDGUSD,2022-06-19T20:11:00Z,0.0611905,0.0615192,0.0611905,0.061238,77704.17251924
Kraken:XDGUSD,2022-06-19T20:12:00Z,0.0613,0.0613,0.0612286,0.0612286,12499.99999999
Kraken:XDGUSD,2022-06-19T20:13:00Z,0.0612201,0.061368,0.0612002,0.0612465,173933.22409879
Kraken:XDGUSD,2022-06-19T20:14:00Z,0.0613593,0.0613593,0.0613571,0.0613571,1600.82
Kraken:XDGUSD,2022-06-19T20:15:00Z,0.0612525,0.0612525,0.0612512,0.0612512,2E+4
Kraken:XDGUSD,2022-06-19T20:16:00Z,0.0611741,0.0612137,0.0611741,0.0612137,5463.44
Kraken:XDGUSD,2022-06-19T20:17:00Z,0.0611753,0.0611753,0.0611753,0.0611753,11999.99999999
Kraken:XDGUSD,2022-06-19T20:18:00Z,0.0612148,0.061303,0.0611608,0.0612582,185096.17
Kraken:XDGUSD,2022-06-19T20:19:00Z,0.0609939,0.0609939,0.0609928,0.0609928,1940.5
Kraken:XDGUSD,2022-06-19T20:21:00Z,0.061001,0.061001,0.061001,0.061001,59.56
Kraken:XDGUSD,2022-06-19T20:23:00Z,0.0612636,0.0612636,0.0612636,0.0612636,1335.66799999
Kraken:XDGUSD,2022-06-19T20:25:00Z,0.0612176,0.0612176,0.0612176,0.0612176,253.82
Kraken:XDGUSD,2022-06-19T20:26:00Z,0.0611498,0.0612669,0.0611092,0.0611092,7394.2
Kraken:XDGUSD,2022-06-19T20:27:00Z,0.06118,0.061183,0.0611279,0.06114,20544.04534347
Kraken:XDGUSD,2022-06-19T20:28:00Z,0.0611416,0.0612513,0.0611416,0.0611674,31773.6954578
Kraken:XDGUSD,2022-06-19T20:29:00Z,0.0611674,0.0615846,0.0611674,0.0615846,141110.1674576
Kraken:XDGUSD,2022-06-19T20:30:00Z,0.0615746,0.062,0.0615746,0.0619072,157466.28481573
Kraken:XDGUSD,2022-06-19T20:31:00Z,0.062,0.0621033,0.0619101,0.0619103,84766.78874827
Kraken:XDGUSD,2022-06-19T20:32:00Z,0.0618521,0.06208,0.0618521,0.06208,968005.10692958
Kraken:XDGUSD,2022-06-19T20:33:00Z,0.0620208,0.06262,0.0620208,0.06262,392325.6634194
Kraken:XDGUSD,2022-06-19T20:34:00Z,0.0625203,0.0626285,0.0622818,0.0622818,69063.44644785
Kraken:XDGUSD,2022-06-19T20:35:00Z,0.0624507,0.0624507,0.0623446,0.0623446,6440.05654092
Kraken:XDGUSD,2022-06-19T20:36:00Z,0.0622946,0.0623009,0.0622946,0.0623009,11042.96372797
Kraken:XDGUSD,2022-06-19T20:37:00Z,0.0624187,0.0624187,0.06213,0.06213,722255.6081817601
Kraken:XDGUSD,2022-06-19T20:38:00Z,0.062187,0.062187,0.062053,0.062053,105482.90079906
Kraken:XDGUSD,2022-06-19T20:39:00Z,0.0619418,0.0619532,0.0619418,0.0619532,4E+4
Kraken:XDGUSD,2022-06-19T20:41:00Z,0.0618695,0.0618903,0.0618134,0.0618903,20037.03
Kraken:XDGUSD,2022-06-19T20:42:00Z,0.0620413,0.0620413,0.0620315,0.0620315,23178.223
Kraken:XDGUSD,2022-06-19T20:43:00Z,0.0620967,0.0620967,0.0620967,0.0620967,58900.687
Kraken:XDGUSD,2022-06-19T20:44:00Z,0.0621526,0.0621526,0.0621029,0.0621423,53496.228
Kraken:XDGUSD,2022-06-19T20:45:00Z,0.06218,0.0622443,0.0621664,0.0622443,15727.1148337
Kraken:XDGUSD,2022-06-19T20:46:00Z,0.0625029,0.0625618,0.0625029,0.0625618,96849.83196109
Kraken:XDGUSD,2022-06-19T20:47:00Z,0.0627992,0.0627992,0.0625831,0.0625831,9765.92860023
Kraken:XDGUSD,2022-06-19T20:48:00Z,0.0625087,0.0625087,0.0623748,0.0623748,509614.93430984
Kraken:XDGUSD,2022-06-19T20:49:00Z,0.0623881,0.0623945,0.0623881,0.0623945,3E+4
Kraken:XDGUSD,2022-06-19T20:50:00Z,0.062496,0.0625062,0.062496,0.0625062,117630.17
Kraken:XDGUSD,2022-06-19T20:51:00Z,0.062433,0.0627019,0.062433,0.0627019,68106.897
Kraken:XDGUSD,2022-06-19T20:52:00Z,0.0625442,0.0625442,0.0625216,0.0625246,50443.77467885
Kraken:XDGUSD,2022-06-19T20:53:00Z,0.062136,0.062136,0.062135,0.062135,15257.372
Kraken:XDGUSD,2022-06-19T20:54:00Z,0.062053,0.062053,0.061991,0.0619939,126262.27488249
Kraken:XDGUSD,2022-06-19T20:55:00Z,0.0619399,0.062046,0.0619399,0.062046,13595.09
Kraken:XDGUSD,2022-06-19T20:57:00Z,0.0620431,0.0620431,0.0620431,0.0620431,3463.44
Kraken:XDGUSD,2022-06-19T20:58:00Z,0.0620581,0.0621175,0.0620581,0.0621174,39999.98137436
Kraken:XDGUSD,2022-06-19T20:59:00Z,0.0621042,0.0621175,0.0621042,0.0621175,112250.28991867
Kraken:XDGUSD,2022-06-19T21:00:00Z,0.062192,0.062192,0.062192,0.062192,3E+3
Kraken:XDGUSD,2022-06-19T21:02:00Z,0.0622404,0.0622817,0.0622404,0.0622817,11267.75
Kraken:XDGUSD,2022-06-19T21:03:00Z,0.0623126,0.0623624,0.0623126,0.0623452,72354.29341404
Kraken:XDGUSD,2022-06-19T21:04:00Z,0.0622295,0.0623073,0.0622295,0.0622974,24050.01177937
Kraken:XDGUSD,2022-06-19T21:05:00Z,0.0624141,0.0624141,0.0624141,0.0624141,6482
Kraken:XDGUSD,2022-06-19T21:06:00Z,0.0624141,0.0624946,0.0623446,0.0623446,22131.212
Kraken:XDGUSD,2022-06-19T21:07:00Z,0.0621102,0.0621102,0.0620706,0.0620706,1.6E+5
Kraken:XDGUSD,2022-06-19T21:08:00Z,0.0620724,0.0620724,0.0619265,0.0619265,2895.26
Kraken:XDGUSD,2022-06-19T21:09:00Z,0.0619,0.0619,0.06185,0.0618944,266876.84208433
Kraken:XDGUSD,2022-06-19T21:10:00Z,0.0619024,0.0619024,0.0618578,0.0618578,72951.54
Kraken:XDGUSD,2022-06-19T21:11:00Z,0.0619033,0.0619033,0.06185,0.06185,2090.75
Kraken:XDGUSD,2022-06-19T21:12:00Z,0.0619181,0.0619932,0.0619181,0.0619932,63569.42
Kraken:XDGUSD,2022-06-19T21:13:00Z,0.06185,0.06185,0.06185,0.06185,86.72
Kraken:XDGUSD,2022-06-19T21:14:00Z,0.0618507,0.0618734,0.0618507,0.0618734,109593.58
Kraken:XDGUSD,2022-06-19T21:15:00Z,0.06185,0.0619376,0.06185,0.0619376,247045.2592
Kraken:XDGUSD,2022-06-19T21:16:00Z,0.0619376,0.062,0.0619376,0.062,62359.62592903
Kraken:XDGUSD,2022-06-19T21:17:00Z,0.0621214,0.0621214,0.0621214,0.0621214,781.3
Kraken:XDGUSD,2022-06-19T21:18:00Z,0.0621651,0.0621651,0.0621576,0.0621576,81537.2
Kraken:XDGUSD,2022-06-19T21:19:00Z,0.0621262,0.0621262,0.0621262,0.0621262,373.5
Kraken:XDGUSD,2022-06-19T21:20:00Z,0.06185,0.06185,0.0617484,0.0617484,0.00889654
Kraken:XDGUSD,2022-06-19T21:21:00Z,0.061771,0.061771,0.0617457,0.0617457,1476.30413103
Kraken:XDGUSD,2022-06-19T21:23:00Z,0.0616384,0.0616384,0.0616041,0.0616041,1E+4
Kraken:XDGUSD,2022-06-19T21:24:00Z,0.0616454,0.0616677,0.0616454,0.0616677,4018
Kraken:XDGUSD,2022-06-19T21:25:00Z,0.0615284,0.0615459,0.0615284,0.0615459,16254.48014108
Kraken:XDGUSD,2022-06-19T21:28:00Z,0.0615931,0.0615931,0.0615931,0.0615931,2705.66360159
Kraken:XDGUSD,2022-06-19T21:29:00Z,0.0614731,0.0614953,0.0613822,0.0613822,857932.2427948301
Kraken:XDGUSD,2022-06-19T21:30:00Z,0.0613507,0.0613507,0.0613497,0.0613497,4993.47854373
Kraken:XDGUSD,2022-06-19T21:31:00Z,0.0613674,0.0613674,0.0613664,0.0613664,46564.72149352
Kraken:XDGUSD,2022-06-19T21:32:00Z,0.06136,0.06136,0.06136,0.06136,197746.88982299
Kraken:XDGUSD,2022-06-19T21:33:00Z,0.0614744,0.0614744,0.0614744,0.0614744,368.56
Kraken:XDGUSD,2022-06-19T21:34:00Z,0.0615,0.0615,0.0615,0.0615,916.02276422
Kraken:XDGUSD,2022-06-19T21:35:00Z,0.0614999,0.0614999,0.0614999,0.0614999,5210.7137694
Kraken:XDGUSD,2022-06-19T21:36:00Z,0.0615,0.061714,0.0615,0.061714,168807.21795101
Kraken:XDGUSD,2022-06-19T21:37:00Z,0.0616249,0.0616297,0.0616237,0.0616237,84492.86358024
Kraken:XDGUSD,2022-06-19T21:38:00Z,0.0616001,0.0616001,0.0616001,0.0616001,3588.36
Kraken:XDGUSD,2022-06-19T21:39:00Z,0.0616001,0.0616336,0.0616001,0.0616336,30805.0609
Kraken:XDGUSD,2022-06-19T21:41:00Z,0.0616046,0.0616046,0.0616046,0.0616046,51.84671926
Kraken:XDGUSD,2022-06-19T21:42:00Z,0.0616004,0.0616135,0.0616,0.0616135,134576.63
Kraken:XDGUSD,2022-06-19T21:44:00Z,0.0616338,0.0616338,0.0616,0.0616,23959.09935064
Kraken:XDGUSD,2022-06-19T21:45:00Z,0.0614341,0.0614341,0.0614341,0.0614341,137.83466845
Kraken:XDGUSD,2022-06-19T21:46:00Z,0.0614842,0.0614842,0.0614612,0.0614612,884.2
Kraken:XDGUSD,2022-06-19T21:48:00Z,0.0615147,0.0615147,0.0615011,0.0615014,29442.25903181
Kraken:XDGUSD,2022-06-19T21:49:00Z,0.0616397,0.0616397,0.0616397,0.0616397,418.86870068
Kraken:XDGUSD,2022-06-19T21:50:00Z,0.0614998,0.0614998,0.0614998,0.0614998,1752.02925594
Kraken:XDGUSD,2022-06-19T21:52:00Z,0.0614289,0.0614342,0.0614289,0.0614342,23699.99999999
Kraken:XDGUSD,2022-06-19T21:53:00Z,0.061333,0.061333,0.061333,0.061333,7732.40860903
Kraken:XDGUSD,2022-06-19T21:54:00Z,0.0611357,0.0611357,0.0611357,0.0611357,490.14640028
Kraken:XDGUSD,2022-06-19T21:55:00Z,0.0611493,0.0611493,0.0611493,0.0611493,32.62
Kraken:XDGUSD,2022-06-19T21:58:00Z,0.061287,0.0613278,0.061287,0.0612944,35168.86678687
Kraken:XDGUSD,2022-06-19T21:59:00Z,0.0612595,0.0612595,0.0612595,0.0612595,41.51
Kraken:XDGUSD,2022-06-19T22:03:00Z,0.0611814,0.0611814,0.0611242,0.0611242,2051.49042
Kraken:XDGUSD,2022-06-19T22:04:00Z,0.061099,0.061099,0.061099,0.061099,3520.47011386
Kraken:XDGUSD,2022-06-19T22:05:00Z,0.0610937,0.0610937,0.0609933,0.0609933,615.44298003
Kraken:XDGUSD,2022-06-19T22:06:00Z,0.0609431,0.0609431,0.0608421,0.0608421,40414.91009013
Kraken:XDGUSD,2022-06-19T22:07:00Z,0.0608329,0.0608329,0.0608231,0.0608231,509.28613815
Kraken:XDGUSD,2022-06-19T22:08:00Z,0.0607744,0.0607805,0.0606971,0.0607785,117577.22093093
Kraken:XDGUSD,2022-06-19T22:10:00Z,0.0607344,0.0607361,0.0606419,0.0606419,22563.37992949
Kraken:XDGUSD,2022-06-19T22:11:00Z,0.0607135,0.0607229,0.0607135,0.0607229,712.94
Kraken:XDGUSD,2022-06-19T22:12:00Z,0.0607424,0.0607424,0.0607424,0.0607424,95.24
Kraken:XDGUSD,2022-06-19T22:13:00Z,0.060924,0.060924,0.0608971,0.0608971,137.69
Kraken:XDGUSD,2022-06-19T22:15:00Z,0.0608971,0.0609552,0.0608971,0.0609118,2E+4
Kraken:XDGUSD,2022-06-19T22:16:00Z,0.0610872,0.0611817,0.0610872,0.0611817,2.2E+4
Kraken:XDGUSD,2022-06-19T22:17:00Z,0.061233,0.061238,0.0611379,0.0611379,2.8E+4
Kraken:XDGUSD,2022-06-19T22:18:00Z,0.0610972,0.0610972,0.061015,0.061097,76771.23639342
Kraken:XDGUSD,2022-06-19T22:19:00Z,0.0610971,0.0610971,0.0610971,0.0610971,118.6
Kraken:XDGUSD,2022-06-19T22:20:00Z,0.061097,0.0611461,0.061097,0.0611461,68083.78777186
Kraken:XDGUSD,2022-06-19T22:21:00Z,0.0611262,0.0611262,0.0611198,0.0611198,2.5E+4
Kraken:XDGUSD,2022-06-19T22:22:00Z,0.0613317,0.0613317,0.0613317,0.0613317,492.58613816
Kraken:XDGUSD,2022-06-19T22:23:00Z,0.0613614,0.0613614,0.0613614,0.0613614,1518.90671043
Kraken:XDGUSD,2022-06-19T22:24:00Z,0.0614497,0.0614497,0.0614427,0.0614427,36746.13
Kraken:XDGUSD,2022-06-19T22:25:00Z,0.0615262,0.0615262,0.0614901,0.0614901,185556.81230757
Kraken:XDGUSD,2022-06-19T22:27:00Z,0.0614323,0.0614323,0.0614323,0.0614323,672538.41577193
Kraken:XDGUSD,2022-06-19T22:29:00Z,0.0612587,0.0612587,0.0612587,0.0612587,1450.483
Kraken:XDGUSD,2022-06-19T22:31:00Z,0.0612586,0.0612586,0.0612427,0.0612427,37013.305
Kraken:XDGUSD,2022-06-19T22:32:00Z,0.061003,0.0610084,0.061003,0.0610084,80733.22
Kraken:XDGUSD,2022-06-19T22:34:00Z,0.0610315,0.0610315,0.0610305,0.0610305,59789.452
Kraken:XDGUSD,2022-06-19T22:35:00Z,0.061,0.061,0.061,0.061,16393.44262295
Kraken:XDGUSD,2022-06-19T22:38:00Z,0.0608662,0.0608662,0.060785,0.0608374,238244.51158889
Kraken:XDGUSD,2022-06-19T22:40:00Z,0.060816,0.060816,0.060816,0.060816,6136.74123272
Kraken:XDGUSD,2022-06-19T22:45:00Z,0.0607538,0.0607538,0.0607406,0.0607406,45169.432
Kraken:XDGUSD,2022-06-19T22:47:00Z,0.0607101,0.0607101,0.0607101,0.0607101,35559.07351069
Kraken:XDGUSD,2022-06-19T22:48:00Z,0.0607101,0.0607101,0.0605317,0.0605317,60635.48148927
Kraken:XDGUSD,2022-06-19T22:50:00Z,0.0604135,0.0604339,0.0602788,0.0602788,196437.69096337
Kraken:XDGUSD,2022-06-19T22:51:00Z,0.0603357,0.0603357,0.060313,0.060313,3522.42656924
Kraken:XDGUSD,2022-06-19T22:52:00Z,0.0602319,0.0602319,0.0601716,0.0601716,123417.66509563
Kraken:XDGUSD,2022-06-19T22:55:00Z,0.0602466,0.0602579,0.0602466,0.0602579,117700.55510604
Kraken:XDGUSD,2022-06-19T22:56:00Z,0.0602846,0.0603216,0.0602747,0.0603216,119043.32605445
Kraken:XDGUSD,2022-06-19T22:58:00Z,0.0602144,0.0602144,0.0602144,0.0602144,3432.372
Kraken:XDGUSD,2022-06-19T22:59:00Z,0.06022,0.06022,0.0601951,0.0601951,6677.17385462
Kraken:XDGUSD,2022-06-19T23:04:00Z,0.0602488,0.0602488,0.0602475,0.0602475,1319.8799
Kraken:XDGUSD,2022-06-19T23:05:00Z,0.0602377,0.0602377,0.0602377,0.0602377,74248.87325944
Kraken:XDGUSD,2022-06-19T23:06:00Z,0.0602238,0.0602238,0.0600246,0.0600246,124496.68070725
Kraken:XDGUSD,2022-06-19T23:07:00Z,0.0599937,0.0599937,0.0598874,0.0598874,56912.94744779
Kraken:XDGUSD,2022-06-19T23:08:00Z,0.05984,0.05984,0.0597915,0.0597915,84124.79960128
Kraken:XDGUSD,2022-06-19T23:09:00Z,0.0598594,0.0598594,0.059837,0.059837,14189.39149335
Kraken:XDGUSD,2022-06-19T23:10:00Z,0.0598117,0.0598117,0.0597471,0.0597471,45850.88299999
Kraken:XDGUSD,2022-06-19T23:13:00Z,0.0597066,0.0597181,0.0597066,0.0597181,56875.755
Kraken:XDGUSD,2022-06-19T23:14:00Z,0.059704,0.059704,0.0595881,0.0595881,23650.29
Kraken:XDGUSD,2022-06-19T23:15:00Z,0.0596544,0.0596776,0.0596544,0.0596776,56336.25267032
Kraken:XDGUSD,2022-06-19T23:17:00Z,0.0595976,0.0595976,0.0595976,0.0595976,100.814664
Kraken:XDGUSD,2022-06-19T23:18:00Z,0.0595804,0.0595804,0.05947,0.05947,672658.0057719299
Kraken:XDGUSD,2022-06-19T23:19:00Z,0.059593,0.059593,0.059592,0.059592,19574.89124405
Kraken:XDGUSD,2022-06-19T23:20:00Z,0.059707,0.059707,0.059707,0.059707,82.78
Kraken:XDGUSD,2022-06-19T23:22:00Z,0.0596323,0.0596323,0.0596323,0.0596323,21.73
Kraken:XDGUSD,2022-06-19T23:23:00Z,0.059709,0.059709,0.059709,0.059709,1157.284
Kraken:XDGUSD,2022-06-19T23:25:00Z,0.059843,0.059843,0.059842,0.059842,4088.67
Kraken:XDGUSD,2022-06-19T23:32:00Z,0.0599453,0.0599453,0.0599248,0.0599248,166835.17018855
Kraken:XDGUSD,2022-06-19T23:34:00Z,0.0599946,0.0599946,0.0599802,0.0599802,1.35E+4
Kraken:XDGUSD,2022-06-19T23:35:00Z,0.0601218,0.0601218,0.0601218,0.0601218,311.35
Kraken:XDGUSD,2022-06-19T23:37:00Z,0.0601129,0.0601129,0.0599817,0.0599817,2133.491369
Kraken:XDGUSD,2022-06-19T23:39:00Z,0.0601258,0.0601278,0.0601258,0.0601278,1088.69
Kraken:XDGUSD,2022-06-19T23:40:00Z,0.0601174,0.0601216,0.0601174,0.0601216,89358.98946308
Kraken:XDGUSD,2022-06-19T23:41:00Z,0.0601216,0.0601216,0.0600936,0.0600936,469145.84344886
Kraken:XDGUSD,2022-06-19T23:44:00Z,0.0600073,0.0600073,0.0600073,0.0600073,12523.71
Kraken:XDGUSD,2022-06-19T23:45:00Z,0.0600073,0.0600073,0.0599689,0.0599689,27286.26659595
Kraken:XDGUSD,2022-06-19T23:47:00Z,0.0602299,0.0602299,0.0601761,0.0601761,3751.66691002
Kraken:XDGUSD,2022-06-19T23:49:00Z,0.0602473,0.0602747,0.0601997,0.0602747,20373.40644993
Kraken:XDGUSD,2022-06-19T23:50:00Z,0.0602555,0.0602555,0.0602555,0.0602555,1374.44375309
Kraken:XDGUSD,2022-06-19T23:52:00Z,0.060292,0.060327,0.060292,0.060327,10491.31
Kraken:XDGUSD,2022-06-19T23:54:00Z,0.0603155,0.0603155,0.0603155,0.0603155,41.78457531
