Kraken:LTCEUR,2019-09-06T00:07:00Z,59.24,59.24,59.24,59.24,0.5851168
Kraken:LTCEUR,2019-09-06T00:12:00Z,59.32,59.32,59.32,59.32,0.47224937
Kraken:LTCEUR,2019-09-06T00:14:00Z,59.24,59.24,59.24,59.24,1
Kraken:LTCEUR,2019-09-06T00:16:00Z,59.25,59.25,59.25,59.25,0.15158401
Kraken:LTCEUR,2019-09-06T00:17:00Z,59.33,59.33,59.33,59.33,18.68058456
Kraken:LTCEUR,2019-09-06T00:19:00Z,59.33,59.33,59.33,59.33,31.31941544
Kraken:LTCEUR,2019-09-06T00:29:00Z,59.16,59.16,59.16,59.16,4.53396258
Kraken:LTCEUR,2019-09-06T01:09:00Z,59.07,59.07,59.07,59.07,1.99999997
Kraken:LTCEUR,2019-09-06T01:19:00Z,59.21,59.21,59.21,59.21,3.5
Kraken:LTCEUR,2019-09-06T01:21:00Z,59.2,59.2,59.2,59.2,1.51402729
Kraken:LTCEUR,2019-09-06T01:23:00Z,59.25,59.25,59.25,59.25,5.08
Kraken:LTCEUR,2019-09-06T01:30:00Z,59.28,59.29,59.28,59.29,47.7
Kraken:LTCEUR,2019-09-06T01:40:00Z,59.35,59.35,59.35,59.35,2.71
Kraken:LTCEUR,2019-09-06T01:44:00Z,59.38,59.38,59.38,59.38,0.59666819
Kraken:LTCEUR,2019-09-06T01:53:00Z,59.32,59.32,59.32,59.32,2.20310349
Kraken:LTCEUR,2019-09-06T01:55:00Z,59.32,59.32,59.31,59.31,1.52605176
Kraken:LTCEUR,2019-09-06T01:57:00Z,59.24,59.24,59.24,59.24,16.38292014
Kraken:LTCEUR,2019-09-06T01:58:00Z,59.24,59.24,59.24,59.24,0.58553004
Kraken:LTCEUR,2019-09-06T01:59:00Z,59.24,59.24,59.24,59.24,12.14351738
Kraken:LTCEUR,2019-09-06T02:07:00Z,59.3,59.3,59.3,59.3,11.69404014
Kraken:LTCEUR,2019-09-06T02:24:00Z,59.33,59.33,59.33,59.33,0.987525
Kraken:LTCEUR,2019-09-06T02:29:00Z,59.48,59.64,59.48,59.64,360.52
Kraken:LTCEUR,2019-09-06T02:30:00Z,59.64,60.33,59.64,59.93,1845.19566593
Kraken:LTCEUR,2019-09-06T02:31:00Z,59.9,59.92,59.9,59.92,23.21162947
Kraken:LTCEUR,2019-09-06T02:32:00Z,59.95,60.11,59.92,60.1,165.39829114
Kraken:LTCEUR,2019-09-06T02:33:00Z,60.05,60.05,60.05,60.05,10.01
Kraken:LTCEUR,2019-09-06T02:34:00Z,59.96,59.96,59.96,59.96,8.04
Kraken:LTCEUR,2019-09-06T02:35:00Z,59.97,60.05,59.97,60.05,14.79139398
Kraken:LTCEUR,2019-09-06T02:38:00Z,59.91,59.91,59.91,59.91,17.111
Kraken:LTCEUR,2019-09-06T02:39:00Z,59.92,59.92,59.87,59.87,10.9244466
Kraken:LTCEUR,2019-09-06T02:40:00Z,59.87,59.87,59.87,59.87,14.63094932
Kraken:LTCEUR,2019-09-06T02:41:00Z,59.86,59.86,59.86,59.86,1.274
Kraken:LTCEUR,2019-09-06T02:42:00Z,59.89,59.89,59.89,59.89,10.12591408
Kraken:LTCEUR,2019-09-06T02:43:00Z,59.95,59.95,59.95,59.95,2.54533226
Kraken:LTCEUR,2019-09-06T02:45:00Z,60.1,60.1,60.1,60.1,1.0044993
Kraken:LTCEUR,2019-09-06T02:47:00Z,60.21,60.21,60.21,60.21,1
Kraken:LTCEUR,2019-09-06T02:52:00Z,60.24,60.24,60.2,60.2,31.911
Kraken:LTCEUR,2019-09-06T02:53:00Z,60.26,60.26,60.26,60.26,6.87858522
Kraken:LTCEUR,2019-09-06T02:58:00Z,60.19,60.19,60.19,60.19,5
Kraken:LTCEUR,2019-09-06T02:59:00Z,60.15,60.15,60.15,60.15,3.057
Kraken:LTCEUR,2019-09-06T03:01:00Z,60.12,60.15,60.12,60.15,2.96
Kraken:LTCEUR,2019-09-06T03:03:00Z,60.09,60.09,60.09,60.09,1.284
Kraken:LTCEUR,2019-09-06T03:07:00Z,60.15,60.15,60.15,60.15,0.17
Kraken:LTCEUR,2019-09-06T03:09:00Z,60.12,60.12,60.12,60.12,0.99993
Kraken:LTCEUR,2019-09-06T03:17:00Z,60.19,60.19,60.19,60.19,1.72114802
Kraken:LTCEUR,2019-09-06T03:18:00Z,60.19,60.19,60.13,60.13,16.65760046
Kraken:LTCEUR,2019-09-06T03:19:00Z,60.13,60.13,60.13,60.13,0.66409969
Kraken:LTCEUR,2019-09-06T03:29:00Z,60.21,60.21,60.21,60.21,1.314622
Kraken:LTCEUR,2019-09-06T03:36:00Z,60.3,60.3,60.3,60.3,9.3274124
Kraken:LTCEUR,2019-09-06T03:44:00Z,60.27,60.27,60.27,60.27,18.055
Kraken:LTCEUR,2019-09-06T03:50:00Z,60.13,60.13,60.13,60.13,0.5
Kraken:LTCEUR,2019-09-06T03:52:00Z,60.09,60.09,60.02,60.02,94.7541
Kraken:LTCEUR,2019-09-06T03:57:00Z,60.05,60.05,60.05,60.05,3.79598168
Kraken:LTCEUR,2019-09-06T04:01:00Z,60.08,60.08,60.08,60.08,15
Kraken:LTCEUR,2019-09-06T04:28:00Z,60.19,60.19,60.19,60.19,0.17400796
Kraken:LTCEUR,2019-09-06T04:29:00Z,60.22,60.22,60.19,60.19,8.6812684
Kraken:LTCEUR,2019-09-06T04:41:00Z,60.11,60.31,60.11,60.24,187.96
Kraken:LTCEUR,2019-09-06T04:42:00Z,60.17,60.17,60.17,60.17,4.091
Kraken:LTCEUR,2019-09-06T04:50:00Z,60.34,60.34,60.34,60.34,3
Kraken:LTCEUR,2019-09-06T04:55:00Z,60.37,60.37,60.37,60.37,0.64923307
Kraken:LTCEUR,2019-09-06T04:56:00Z,60.39,60.39,60.39,60.39,8.36906059
Kraken:LTCEUR,2019-09-06T04:57:00Z,60.4,60.54,60.4,60.54,156.21111263
Kraken:LTCEUR,2019-09-06T04:58:00Z,60.59,60.65,60.53,60.53,78.71822162
Kraken:LTCEUR,2019-09-06T04:59:00Z,60.45,60.45,60.45,60.45,15.92067057
Kraken:LTCEUR,2019-09-06T05:01:00Z,60.48,60.48,60.48,60.48,0.99995
Kraken:LTCEUR,2019-09-06T05:04:00Z,60.49,60.49,60.49,60.49,0.19329183
Kraken:LTCEUR,2019-09-06T05:06:00Z,60.55,60.55,60.55,60.55,0.10440195
Kraken:LTCEUR,2019-09-06T05:11:00Z,60.64,60.64,60.63,60.63,4.70669746
Kraken:LTCEUR,2019-09-06T05:14:00Z,60.63,60.63,60.61,60.61,39.286
Kraken:LTCEUR,2019-09-06T05:17:00Z,60.53,60.53,60.53,60.53,11.3412
Kraken:LTCEUR,2019-09-06T05:25:00Z,60.43,60.43,60.43,60.43,2.6047171
Kraken:LTCEUR,2019-09-06T05:26:00Z,60.43,60.43,60.4,60.4,2.44004
Kraken:LTCEUR,2019-09-06T05:29:00Z,60.47,60.47,60.47,60.47,8.02811386
Kraken:LTCEUR,2019-09-06T05:32:00Z,60.54,60.54,60.54,60.54,0.33095804
Kraken:LTCEUR,2019-09-06T05:36:00Z,60.52,60.52,60.52,60.52,10.1075
Kraken:LTCEUR,2019-09-06T05:42:00Z,60.61,60.61,60.61,60.61,1.000129
Kraken:LTCEUR,2019-09-06T05:43:00Z,60.7,60.7,60.7,60.7,0.82
Kraken:LTCEUR,2019-09-06T05:45:00Z,60.63,60.63,60.63,60.63,0.64997
Kraken:LTCEUR,2019-09-06T05:46:00Z,60.63,60.63,60.59,60.59,67.81415143
Kraken:LTCEUR,2019-09-06T05:48:00Z,60.6,60.6,60.54,60.54,16.47564502
Kraken:LTCEUR,2019-09-06T05:49:00Z,60.48,60.48,60.48,60.48,0.15223745
Kraken:LTCEUR,2019-09-06T05:52:00Z,60.43,60.43,60.43,60.43,0.49376397
Kraken:LTCEUR,2019-09-06T05:59:00Z,60.61,60.65,60.61,60.65,1.578136
Kraken:LTCEUR,2019-09-06T06:01:00Z,60.64,60.64,60.64,60.64,16.44799967
Kraken:LTCEUR,2019-09-06T06:17:00Z,60.49,60.49,60.49,60.49,4.97953
Kraken:LTCEUR,2019-09-06T06:21:00Z,60.52,60.52,60.52,60.52,5.62679663
Kraken:LTCEUR,2019-09-06T06:22:00Z,60.52,60.55,60.52,60.55,16.87725975
Kraken:LTCEUR,2019-09-06T06:23:00Z,60.55,60.55,60.55,60.55,11.24987614
Kraken:LTCEUR,2019-09-06T06:24:00Z,60.49,60.49,60.49,60.49,3.01786305
Kraken:LTCEUR,2019-09-06T06:25:00Z,60.5,60.5,60.45,60.45,0.47285128
Kraken:LTCEUR,2019-09-06T06:33:00Z,60.55,60.55,60.53,60.53,78.05953427
Kraken:LTCEUR,2019-09-06T06:41:00Z,60.46,60.46,60.46,60.46,8.954005
Kraken:LTCEUR,2019-09-06T06:45:00Z,60.55,60.55,60.52,60.55,11.85251858
Kraken:LTCEUR,2019-09-06T06:46:00Z,60.55,60.55,60.55,60.55,3.01337737
Kraken:LTCEUR,2019-09-06T06:52:00Z,60.56,60.56,60.56,60.56,14
Kraken:LTCEUR,2019-09-06T07:01:00Z,60.58,60.58,60.58,60.58,8
Kraken:LTCEUR,2019-09-06T07:03:00Z,60.55,60.55,60.55,60.55,3.76172078
Kraken:LTCEUR,2019-09-06T07:09:00Z,60.52,60.52,60.52,60.52,1.66869952
Kraken:LTCEUR,2019-09-06T07:10:00Z,60.54,60.54,60.52,60.52,10.5093698
Kraken:LTCEUR,2019-09-06T07:11:00Z,60.52,60.52,60.52,60.52,1.55
Kraken:LTCEUR,2019-09-06T07:14:00Z,60.49,60.53,60.49,60.53,1.22340912
Kraken:LTCEUR,2019-09-06T07:19:00Z,60.58,60.58,60.58,60.58,1.15250083
Kraken:LTCEUR,2019-09-06T07:20:00Z,60.59,60.59,60.59,60.59,1.81263401
Kraken:LTCEUR,2019-09-06T07:23:00Z,60.65,60.65,60.65,60.65,0.5
Kraken:LTCEUR,2019-09-06T07:25:00Z,60.6,60.6,60.6,60.6,1.998
Kraken:LTCEUR,2019-09-06T07:29:00Z,60.65,60.65,60.64,60.64,10.01723234
Kraken:LTCEUR,2019-09-06T07:30:00Z,60.6,60.6,60.59,60.59,26.53571792
Kraken:LTCEUR,2019-09-06T07:33:00Z,60.59,60.59,60.59,60.59,0.13602739
Kraken:LTCEUR,2019-09-06T07:34:00Z,60.59,60.59,60.59,60.59,0.69897261
Kraken:LTCEUR,2019-09-06T07:35:00Z,60.61,60.61,60.61,60.61,10.77781839
Kraken:LTCEUR,2019-09-06T07:38:00Z,60.6,60.6,60.6,60.6,0.1
Kraken:LTCEUR,2019-09-06T07:40:00Z,60.57,60.57,60.57,60.57,0.23923546
Kraken:LTCEUR,2019-09-06T07:41:00Z,60.58,60.58,60.58,60.58,0.1733922
Kraken:LTCEUR,2019-09-06T07:46:00Z,60.65,60.65,60.58,60.58,7.02418396
Kraken:LTCEUR,2019-09-06T07:47:00Z,60.65,60.67,60.65,60.67,18
Kraken:LTCEUR,2019-09-06T07:51:00Z,60.6,60.6,60.6,60.6,0.1368
Kraken:LTCEUR,2019-09-06T07:56:00Z,60.72,60.74,60.72,60.73,36.128
Kraken:LTCEUR,2019-09-06T08:00:00Z,60.7,60.75,60.7,60.75,85.44953408
Kraken:LTCEUR,2019-09-06T08:01:00Z,60.76,60.81,60.76,60.81,123.1252
Kraken:LTCEUR,2019-09-06T08:02:00Z,60.81,60.84,60.81,60.84,6.634375
Kraken:LTCEUR,2019-09-06T08:06:00Z,60.86,60.86,60.86,60.86,0.10599453
Kraken:LTCEUR,2019-09-06T08:08:00Z,60.99,60.99,60.99,60.99,10.93416826
Kraken:LTCEUR,2019-09-06T08:09:00Z,60.99,60.99,60.99,60.99,0.2
Kraken:LTCEUR,2019-09-06T08:11:00Z,61.0,61.14,61.0,61.14,56.7997904
Kraken:LTCEUR,2019-09-06T08:12:00Z,61.02,61.13,61.02,61.13,4.2
Kraken:LTCEUR,2019-09-06T08:13:00Z,61.09,61.18,61.08,61.18,0.61
Kraken:LTCEUR,2019-09-06T08:14:00Z,61.06,61.06,61.06,61.06,2.6311
Kraken:LTCEUR,2019-09-06T08:17:00Z,61.05,61.05,61.05,61.05,6.4
Kraken:LTCEUR,2019-09-06T08:18:00Z,61.02,61.02,61.02,61.02,5.235
Kraken:LTCEUR,2019-09-06T08:22:00Z,60.92,60.93,60.92,60.93,21.97916894
Kraken:LTCEUR,2019-09-06T08:23:00Z,60.86,60.95,60.86,60.95,24.23333156
Kraken:LTCEUR,2019-09-06T08:24:00Z,60.95,60.95,60.95,60.95,14.22134215
Kraken:LTCEUR,2019-09-06T08:25:00Z,60.94,60.94,60.94,60.94,14.22198261
Kraken:LTCEUR,2019-09-06T08:26:00Z,60.95,60.95,60.95,60.95,14.21767523
Kraken:LTCEUR,2019-09-06T08:27:00Z,60.94,60.95,60.94,60.95,17.00003243
Kraken:LTCEUR,2019-09-06T08:28:00Z,60.96,60.96,60.96,60.96,14.21176151
Kraken:LTCEUR,2019-09-06T08:29:00Z,60.89,60.89,60.89,60.89,14.2233691
Kraken:LTCEUR,2019-09-06T08:30:00Z,60.91,60.91,60.91,60.91,14.21160888
Kraken:LTCEUR,2019-09-06T08:31:00Z,60.89,60.89,60.81,60.81,22.41794712
Kraken:LTCEUR,2019-09-06T08:32:00Z,60.83,60.83,60.83,60.83,2.99271278
Kraken:LTCEUR,2019-09-06T08:33:00Z,60.85,60.85,60.85,60.85,13.99998255
Kraken:LTCEUR,2019-09-06T08:36:00Z,60.88,60.88,60.88,60.88,1
Kraken:LTCEUR,2019-09-06T08:39:00Z,60.8,60.8,60.8,60.8,0.729
Kraken:LTCEUR,2019-09-06T08:41:00Z,60.86,60.86,60.8,60.8,5.61146185
Kraken:LTCEUR,2019-09-06T08:43:00Z,60.81,60.81,60.81,60.81,0.6040125
Kraken:LTCEUR,2019-09-06T08:45:00Z,60.75,60.75,60.75,60.75,5.74563331
Kraken:LTCEUR,2019-09-06T08:47:00Z,60.71,60.71,60.71,60.71,0.5667
Kraken:LTCEUR,2019-09-06T08:48:00Z,60.62,60.62,60.62,60.62,2E+1
Kraken:LTCEUR,2019-09-06T08:51:00Z,60.73,60.73,60.73,60.73,0.13
Kraken:LTCEUR,2019-09-06T08:53:00Z,60.72,60.72,60.72,60.72,2
Kraken:LTCEUR,2019-09-06T08:56:00Z,60.64,60.64,60.63,60.63,4.72997
Kraken:LTCEUR,2019-09-06T09:07:00Z,60.8,60.8,60.8,60.8,6.11626
Kraken:LTCEUR,2019-09-06T09:13:00Z,60.9,60.9,60.9,60.9,1
Kraken:LTCEUR,2019-09-06T09:14:00Z,60.9,60.92,60.9,60.92,19.80452889
Kraken:LTCEUR,2019-09-06T09:15:00Z,60.9,60.9,60.9,60.9,2.95111045
Kraken:LTCEUR,2019-09-06T09:18:00Z,60.9,60.9,60.9,60.9,0.501
Kraken:LTCEUR,2019-09-06T09:19:00Z,60.9,60.92,60.9,60.92,1.488039
Kraken:LTCEUR,2019-09-06T09:21:00Z,60.84,60.84,60.84,60.84,1.99999997
Kraken:LTCEUR,2019-09-06T09:34:00Z,60.83,60.83,60.83,60.83,1
Kraken:LTCEUR,2019-09-06T09:36:00Z,60.88,60.89,60.88,60.89,3.5813
Kraken:LTCEUR,2019-09-06T09:38:00Z,60.92,60.93,60.92,60.93,6.5712
Kraken:LTCEUR,2019-09-06T09:39:00Z,60.92,60.92,60.92,60.92,0.751237
Kraken:LTCEUR,2019-09-06T09:51:00Z,60.94,61.03,60.94,61.03,5.77324
Kraken:LTCEUR,2019-09-06T09:52:00Z,61.05,61.05,61.05,61.05,0.5
Kraken:LTCEUR,2019-09-06T09:55:00Z,61.1,61.1,61.05,61.05,3.67139339
Kraken:LTCEUR,2019-09-06T09:58:00Z,61.17,61.17,61.17,61.17,0.25175553
Kraken:LTCEUR,2019-09-06T09:59:00Z,61.17,61.17,61.17,61.17,1.11539153
Kraken:LTCEUR,2019-09-06T10:00:00Z,61.19,61.19,61.19,61.19,8.3904
Kraken:LTCEUR,2019-09-06T10:02:00Z,61.18,61.18,61.18,61.18,1
Kraken:LTCEUR,2019-09-06T10:05:00Z,61.18,61.18,61.18,61.18,1.00015
Kraken:LTCEUR,2019-09-06T10:07:00Z,61.2,61.2,61.2,61.2,0.99948645
Kraken:LTCEUR,2019-09-06T10:08:00Z,61.2,61.2,61.2,61.2,30.75114502
Kraken:LTCEUR,2019-09-06T10:09:00Z,61.2,61.3,61.2,61.3,94.00609853
Kraken:LTCEUR,2019-09-06T10:10:00Z,61.33,61.33,61.31,61.32,5.83446675
Kraken:LTCEUR,2019-09-06T10:15:00Z,61.4,61.4,61.4,61.4,1.69405387
Kraken:LTCEUR,2019-09-06T10:16:00Z,61.5,61.51,61.5,61.51,8.823612
Kraken:LTCEUR,2019-09-06T10:17:00Z,61.46,61.53,61.46,61.53,6.01199729
Kraken:LTCEUR,2019-09-06T10:18:00Z,61.53,61.53,61.53,61.53,4.60638245
Kraken:LTCEUR,2019-09-06T10:20:00Z,61.72,61.82,61.72,61.82,50.41381303
Kraken:LTCEUR,2019-09-06T10:21:00Z,61.73,61.73,61.73,61.73,0.2
Kraken:LTCEUR,2019-09-06T10:22:00Z,61.69,61.69,61.69,61.69,1.4
Kraken:LTCEUR,2019-09-06T10:23:00Z,61.76,61.76,61.7,61.75,100.20553
Kraken:LTCEUR,2019-09-06T10:25:00Z,61.69,61.69,61.68,61.68,11.529
Kraken:LTCEUR,2019-09-06T10:29:00Z,61.61,61.61,61.61,61.61,3.74542931
Kraken:LTCEUR,2019-09-06T10:30:00Z,61.7,61.7,61.7,61.7,1.4235346
Kraken:LTCEUR,2019-09-06T10:31:00Z,61.64,61.64,61.64,61.64,27.4
Kraken:LTCEUR,2019-09-06T10:32:00Z,61.61,61.61,61.61,61.61,6
Kraken:LTCEUR,2019-09-06T10:33:00Z,61.62,61.62,61.62,61.62,41.40124
Kraken:LTCEUR,2019-09-06T10:34:00Z,61.59,61.59,61.41,61.41,17.04955226
Kraken:LTCEUR,2019-09-06T10:37:00Z,61.48,61.48,61.31,61.31,8.81419964
Kraken:LTCEUR,2019-09-06T10:43:00Z,61.28,61.28,61.28,61.28,2E+1
Kraken:LTCEUR,2019-09-06T10:45:00Z,61.31,61.31,61.31,61.31,8
Kraken:LTCEUR,2019-09-06T10:46:00Z,61.31,61.31,61.31,61.31,2.01978325
Kraken:LTCEUR,2019-09-06T10:51:00Z,61.31,61.31,61.31,61.31,2.1149421
Kraken:LTCEUR,2019-09-06T10:52:00Z,61.31,61.31,61.31,61.31,2.1996924
Kraken:LTCEUR,2019-09-06T10:53:00Z,61.31,61.4,61.31,61.4,3E+1
Kraken:LTCEUR,2019-09-06T10:54:00Z,61.36,61.36,61.36,61.36,0.60290043
Kraken:LTCEUR,2019-09-06T10:55:00Z,61.33,61.33,61.33,61.33,1.59767302
Kraken:LTCEUR,2019-09-06T10:56:00Z,61.35,61.35,61.35,61.35,1.52529858
Kraken:LTCEUR,2019-09-06T10:58:00Z,61.32,61.32,61.32,61.32,1E+1
Kraken:LTCEUR,2019-09-06T10:59:00Z,61.25,61.25,61.17,61.17,29.03715065
Kraken:LTCEUR,2019-09-06T11:00:00Z,61.16,61.16,61.16,61.16,2
Kraken:LTCEUR,2019-09-06T11:01:00Z,61.17,61.17,61.13,61.13,182
Kraken:LTCEUR,2019-09-06T11:11:00Z,61.4,61.6,61.4,61.57,187.76042551
Kraken:LTCEUR,2019-09-06T11:12:00Z,61.56,61.61,61.51,61.51,23.76634497
Kraken:LTCEUR,2019-09-06T11:13:00Z,61.45,61.45,61.45,61.45,8.08063303
Kraken:LTCEUR,2019-09-06T11:14:00Z,61.38,61.38,61.34,61.34,49.62003805
Kraken:LTCEUR,2019-09-06T11:16:00Z,61.44,61.44,61.44,61.44,6.96319
Kraken:LTCEUR,2019-09-06T11:17:00Z,61.46,61.48,61.46,61.48,43.48235324
Kraken:LTCEUR,2019-09-06T11:18:00Z,61.45,61.45,61.45,61.45,0.1
Kraken:LTCEUR,2019-09-06T11:19:00Z,61.34,61.34,61.34,61.34,0.13169
Kraken:LTCEUR,2019-09-06T11:20:00Z,61.35,61.42,61.35,61.42,7.74328
Kraken:LTCEUR,2019-09-06T11:21:00Z,61.43,61.43,61.43,61.43,3.47575806
Kraken:LTCEUR,2019-09-06T11:22:00Z,61.51,61.56,61.51,61.56,15.67284
Kraken:LTCEUR,2019-09-06T11:24:00Z,61.51,61.51,61.42,61.42,61.94301185
Kraken:LTCEUR,2019-09-06T11:25:00Z,61.52,61.52,61.52,61.52,0.600843
Kraken:LTCEUR,2019-09-06T11:26:00Z,61.53,61.56,61.53,61.56,25.78065305
Kraken:LTCEUR,2019-09-06T11:27:00Z,61.6,61.6,61.6,61.6,1.25295131
Kraken:LTCEUR,2019-09-06T11:29:00Z,61.61,61.67,61.61,61.67,19.387829
Kraken:LTCEUR,2019-09-06T11:32:00Z,61.47,61.47,61.45,61.45,15.20000003
Kraken:LTCEUR,2019-09-06T11:34:00Z,61.52,61.52,61.51,61.51,10.1494476
Kraken:LTCEUR,2019-09-06T11:39:00Z,61.52,61.52,61.51,61.51,40.30698059
Kraken:LTCEUR,2019-09-06T11:42:00Z,61.46,61.46,61.46,61.46,4.18937647
Kraken:LTCEUR,2019-09-06T11:46:00Z,61.36,61.36,61.36,61.36,5
Kraken:LTCEUR,2019-09-06T11:47:00Z,61.34,61.34,61.34,61.34,0.27
Kraken:LTCEUR,2019-09-06T11:49:00Z,61.34,61.34,61.31,61.31,3.7454293
Kraken:LTCEUR,2019-09-06T11:51:00Z,61.34,61.4,61.34,61.4,46.75589863
Kraken:LTCEUR,2019-09-06T11:54:00Z,61.4,61.4,61.38,61.38,0.5240781
Kraken:LTCEUR,2019-09-06T11:56:00Z,61.36,61.36,61.36,61.36,30.59068267
Kraken:LTCEUR,2019-09-06T12:00:00Z,61.35,61.37,61.35,61.37,27.79355933
Kraken:LTCEUR,2019-09-06T12:02:00Z,61.46,61.46,61.46,61.46,0.75
Kraken:LTCEUR,2019-09-06T12:03:00Z,61.45,61.46,61.45,61.46,2.24999
Kraken:LTCEUR,2019-09-06T12:05:00Z,61.42,61.42,61.4,61.4,1.99998
Kraken:LTCEUR,2019-09-06T12:07:00Z,61.41,61.52,61.41,61.52,69.28891209
Kraken:LTCEUR,2019-09-06T12:11:00Z,61.48,61.48,61.47,61.47,11.04
Kraken:LTCEUR,2019-09-06T12:13:00Z,61.42,61.42,61.42,61.42,0.60061869
Kraken:LTCEUR,2019-09-06T12:15:00Z,61.5,61.5,61.5,61.5,2
Kraken:LTCEUR,2019-09-06T12:17:00Z,61.5,61.5,61.5,61.5,0.18618618
Kraken:LTCEUR,2019-09-06T12:18:00Z,61.4,61.4,61.4,61.4,9.15
Kraken:LTCEUR,2019-09-06T12:19:00Z,61.47,61.47,61.43,61.43,5.30823
Kraken:LTCEUR,2019-09-06T12:25:00Z,61.38,61.38,61.38,61.38,0.1
Kraken:LTCEUR,2019-09-06T12:26:00Z,61.43,61.43,61.43,61.43,0.47649
Kraken:LTCEUR,2019-09-06T12:27:00Z,61.39,61.39,61.39,61.39,4
Kraken:LTCEUR,2019-09-06T12:30:00Z,61.37,61.37,61.37,61.37,1.60548259
Kraken:LTCEUR,2019-09-06T12:33:00Z,61.39,61.39,61.39,61.39,2.55041
Kraken:LTCEUR,2019-09-06T12:34:00Z,61.38,61.39,61.38,61.39,20.8214792
Kraken:LTCEUR,2019-09-06T12:36:00Z,61.38,61.38,61.38,61.38,18.26512588
Kraken:LTCEUR,2019-09-06T12:37:00Z,61.35,61.35,61.35,61.35,0.60130399
Kraken:LTCEUR,2019-09-06T12:38:00Z,61.26,61.26,61.22,61.22,41.222
Kraken:LTCEUR,2019-09-06T12:40:00Z,61.21,61.21,61.18,61.18,0.69999512
Kraken:LTCEUR,2019-09-06T12:41:00Z,61.2,61.2,61.15,61.15,9.19419
Kraken:LTCEUR,2019-09-06T12:42:00Z,61.13,61.17,61.13,61.13,48.963
Kraken:LTCEUR,2019-09-06T12:43:00Z,61.13,61.13,61.13,61.13,5.5618
Kraken:LTCEUR,2019-09-06T12:45:00Z,61.11,61.11,61.11,61.11,1E+1
Kraken:LTCEUR,2019-09-06T12:46:00Z,61.11,61.11,61.11,61.11,28.364
Kraken:LTCEUR,2019-09-06T12:49:00Z,61.11,61.11,61.11,61.11,16.57742316
Kraken:LTCEUR,2019-09-06T12:50:00Z,61.12,61.12,61.12,61.12,1.50340842
Kraken:LTCEUR,2019-09-06T12:53:00Z,61.11,61.11,61.04,61.04,38.35975127
Kraken:LTCEUR,2019-09-06T12:54:00Z,60.98,60.98,60.98,60.98,59.2
Kraken:LTCEUR,2019-09-06T12:57:00Z,60.97,60.97,60.97,60.97,0.94059755
Kraken:LTCEUR,2019-09-06T13:01:00Z,60.98,61.07,60.98,61.07,13.95131711
Kraken:LTCEUR,2019-09-06T13:06:00Z,61.08,61.12,61.08,61.11,41.2049154
Kraken:LTCEUR,2019-09-06T13:08:00Z,61.1,61.1,61.1,61.1,0.410394
Kraken:LTCEUR,2019-09-06T13:10:00Z,61.19,61.19,61.19,61.19,0.16342539
Kraken:LTCEUR,2019-09-06T13:12:00Z,61.19,61.19,61.19,61.19,3.39760902
Kraken:LTCEUR,2019-09-06T13:13:00Z,61.14,61.14,61.03,61.03,45.92
Kraken:LTCEUR,2019-09-06T13:19:00Z,60.99,61.0,60.87,60.87,41.12640656
Kraken:LTCEUR,2019-09-06T13:24:00Z,60.86,60.86,60.86,60.86,0.1
Kraken:LTCEUR,2019-09-06T13:28:00Z,60.81,61.4,60.81,60.81,2061.94335
Kraken:LTCEUR,2019-09-06T13:29:00Z,60.74,60.74,60.69,60.69,18.71
Kraken:LTCEUR,2019-09-06T13:30:00Z,60.79,60.79,60.79,60.79,0.52427388
Kraken:LTCEUR,2019-09-06T13:31:00Z,60.81,60.81,60.8,60.8,49.95220461
Kraken:LTCEUR,2019-09-06T13:32:00Z,60.84,60.84,60.84,60.84,15.05258457
Kraken:LTCEUR,2019-09-06T13:34:00Z,60.84,60.84,60.84,60.84,1.5
Kraken:LTCEUR,2019-09-06T13:35:00Z,60.82,60.88,60.82,60.83,17.87220193
Kraken:LTCEUR,2019-09-06T13:37:00Z,60.99,60.99,60.99,60.99,1.77251749
Kraken:LTCEUR,2019-09-06T13:39:00Z,60.99,60.99,60.99,60.99,5.001
Kraken:LTCEUR,2019-09-06T13:46:00Z,60.81,60.81,60.79,60.79,38.18005
Kraken:LTCEUR,2019-09-06T13:47:00Z,60.79,60.79,60.78,60.78,50.365
Kraken:LTCEUR,2019-09-06T13:48:00Z,60.87,60.87,60.85,60.85,27.033
Kraken:LTCEUR,2019-09-06T13:57:00Z,60.98,60.98,60.98,60.98,0.99605798
Kraken:LTCEUR,2019-09-06T14:04:00Z,61.01,61.04,61.0,61.04,56.08822159
Kraken:LTCEUR,2019-09-06T14:06:00Z,61.03,61.03,61.03,61.03,1.707226
Kraken:LTCEUR,2019-09-06T14:07:00Z,61.06,61.06,61.06,61.06,2.339
Kraken:LTCEUR,2019-09-06T14:08:00Z,61.1,61.11,61.1,61.11,7
Kraken:LTCEUR,2019-09-06T14:09:00Z,61.11,61.12,61.11,61.12,10.0135114
Kraken:LTCEUR,2019-09-06T14:10:00Z,61.03,61.03,61.03,61.03,0.39833109
Kraken:LTCEUR,2019-09-06T14:17:00Z,61.03,61.03,61.03,61.03,8
Kraken:LTCEUR,2019-09-06T14:18:00Z,61.03,61.04,61.03,61.04,23.241
Kraken:LTCEUR,2019-09-06T14:21:00Z,61.12,61.12,61.12,61.12,3.31428
Kraken:LTCEUR,2019-09-06T14:22:00Z,61.13,61.13,61.13,61.13,10.8527753
Kraken:LTCEUR,2019-09-06T14:25:00Z,61.13,61.13,61.13,61.13,1.74979
Kraken:LTCEUR,2019-09-06T14:26:00Z,61.12,61.13,61.12,61.13,94.9
Kraken:LTCEUR,2019-09-06T14:28:00Z,61.13,61.13,61.09,61.09,10.48861915
Kraken:LTCEUR,2019-09-06T14:29:00Z,61.05,61.05,61.05,61.05,18.788
Kraken:LTCEUR,2019-09-06T14:31:00Z,61.0,61.0,61.0,61.0,0.16456
Kraken:LTCEUR,2019-09-06T14:32:00Z,61.11,61.11,61.11,61.11,1.1174
Kraken:LTCEUR,2019-09-06T14:35:00Z,60.99,60.99,60.99,60.99,24.59
Kraken:LTCEUR,2019-09-06T14:40:00Z,60.99,60.99,60.97,60.97,1.45131785
Kraken:LTCEUR,2019-09-06T14:44:00Z,60.92,60.93,60.92,60.93,2.72740855
Kraken:LTCEUR,2019-09-06T14:50:00Z,60.79,60.79,60.79,60.79,4.99999994
Kraken:LTCEUR,2019-09-06T14:54:00Z,60.8,60.8,60.8,60.8,0.27
Kraken:LTCEUR,2019-09-06T14:56:00Z,60.79,60.79,60.73,60.73,0.77
Kraken:LTCEUR,2019-09-06T14:57:00Z,60.72,60.72,60.7,60.72,0.595
Kraken:LTCEUR,2019-09-06T14:59:00Z,60.72,60.72,60.72,60.72,1.5054
Kraken:LTCEUR,2019-09-06T15:01:00Z,60.72,60.72,60.72,60.72,7.6676
Kraken:LTCEUR,2019-09-06T15:03:00Z,60.81,60.81,60.81,60.81,16.18933447
Kraken:LTCEUR,2019-09-06T15:06:00Z,60.84,60.88,60.84,60.88,3E+1
Kraken:LTCEUR,2019-09-06T15:07:00Z,60.88,60.88,60.88,60.88,1.31439389
Kraken:LTCEUR,2019-09-06T15:14:00Z,60.76,60.76,60.76,60.76,0.15533811
Kraken:LTCEUR,2019-09-06T15:19:00Z,60.81,60.81,60.81,60.81,2
Kraken:LTCEUR,2019-09-06T15:20:00Z,60.81,60.81,60.81,60.81,1
Kraken:LTCEUR,2019-09-06T15:24:00Z,60.8,60.8,60.8,60.8,2
Kraken:LTCEUR,2019-09-06T15:25:00Z,60.81,60.81,60.81,60.81,2
Kraken:LTCEUR,2019-09-06T15:27:00Z,60.76,60.76,60.76,60.76,4.01
Kraken:LTCEUR,2019-09-06T15:28:00Z,60.71,60.71,60.71,60.71,23.3
Kraken:LTCEUR,2019-09-06T15:34:00Z,60.73,60.73,60.73,60.73,10.54847
Kraken:LTCEUR,2019-09-06T15:39:00Z,60.86,60.86,60.86,60.86,1
Kraken:LTCEUR,2019-09-06T15:40:00Z,60.89,60.89,60.89,60.89,1.02
Kraken:LTCEUR,2019-09-06T15:48:00Z,60.81,60.81,60.81,60.81,0.56
Kraken:LTCEUR,2019-09-06T15:50:00Z,60.75,60.8,60.75,60.8,1.58190816
Kraken:LTCEUR,2019-09-06T15:51:00Z,60.75,60.75,60.75,60.75,0.3062288
Kraken:LTCEUR,2019-09-06T15:52:00Z,60.75,60.75,60.74,60.74,13.012268
Kraken:LTCEUR,2019-09-06T15:53:00Z,60.72,60.72,60.72,60.72,5
Kraken:LTCEUR,2019-09-06T16:01:00Z,60.72,60.72,60.72,60.72,6.58761528
Kraken:LTCEUR,2019-09-06T16:03:00Z,60.7,60.7,60.7,60.7,0.63097449
Kraken:LTCEUR,2019-09-06T16:04:00Z,60.64,60.72,60.64,60.72,11.14696526
Kraken:LTCEUR,2019-09-06T16:05:00Z,60.65,60.65,60.65,60.65,3.73146025
Kraken:LTCEUR,2019-09-06T16:09:00Z,60.7,60.7,60.7,60.7,3
Kraken:LTCEUR,2019-09-06T16:10:00Z,60.63,60.63,60.58,60.58,38.39930475
Kraken:LTCEUR,2019-09-06T16:13:00Z,60.67,60.75,60.67,60.75,3.13620231
Kraken:LTCEUR,2019-09-06T16:15:00Z,60.69,60.69,60.69,60.69,3
Kraken:LTCEUR,2019-09-06T16:16:00Z,60.76,60.76,60.76,60.76,2.03103284
Kraken:LTCEUR,2019-09-06T16:21:00Z,60.82,60.96,60.82,60.96,43.47696511
Kraken:LTCEUR,2019-09-06T16:22:00Z,60.96,61.03,60.96,61.03,4.83024181
Kraken:LTCEUR,2019-09-06T16:23:00Z,61.07,61.1,61.07,61.1,7.23254613
Kraken:LTCEUR,2019-09-06T16:24:00Z,61.1,61.1,61.09,61.09,3.92131097
Kraken:LTCEUR,2019-09-06T16:25:00Z,61.1,61.1,61.1,61.1,0.374
Kraken:LTCEUR,2019-09-06T16:27:00Z,61.1,61.18,61.1,61.18,10.0077822
Kraken:LTCEUR,2019-09-06T16:30:00Z,61.3,61.3,61.3,61.3,0.99306802
Kraken:LTCEUR,2019-09-06T16:35:00Z,61.25,61.25,61.21,61.21,12.012
Kraken:LTCEUR,2019-09-06T16:36:00Z,61.22,61.22,61.19,61.19,41.4906565
Kraken:LTCEUR,2019-09-06T16:38:00Z,61.18,61.18,61.08,61.08,9.26150109
Kraken:LTCEUR,2019-09-06T16:40:00Z,61.08,61.08,60.98,60.98,44.12110435
Kraken:LTCEUR,2019-09-06T16:44:00Z,61.01,61.01,61.01,61.01,3.9919019
Kraken:LTCEUR,2019-09-06T16:45:00Z,60.99,60.99,60.99,60.99,34.31479915
Kraken:LTCEUR,2019-09-06T16:46:00Z,61.01,61.01,61.01,61.01,5
Kraken:LTCEUR,2019-09-06T16:48:00Z,60.98,60.98,60.98,60.98,170.64487407
Kraken:LTCEUR,2019-09-06T16:51:00Z,60.97,60.97,60.97,60.97,0.119
Kraken:LTCEUR,2019-09-06T16:54:00Z,61.06,61.06,61.06,61.06,1.4984789
Kraken:LTCEUR,2019-09-06T17:07:00Z,60.88,60.88,60.82,60.82,5.20122536
Kraken:LTCEUR,2019-09-06T17:08:00Z,60.75,60.75,60.74,60.74,5.27146058
Kraken:LTCEUR,2019-09-06T17:13:00Z,60.76,60.76,60.76,60.76,4.46348893
Kraken:LTCEUR,2019-09-06T17:15:00Z,60.76,60.76,60.76,60.76,5.238
Kraken:LTCEUR,2019-09-06T17:18:00Z,60.82,60.82,60.73,60.73,1.2
Kraken:LTCEUR,2019-09-06T17:20:00Z,60.82,60.82,60.82,60.82,0.79
Kraken:LTCEUR,2019-09-06T17:23:00Z,60.82,60.82,60.82,60.82,1.3837
Kraken:LTCEUR,2019-09-06T17:25:00Z,60.82,60.82,60.82,60.82,0.56
Kraken:LTCEUR,2019-09-06T17:26:00Z,60.82,60.82,60.82,60.82,1.81634331
Kraken:LTCEUR,2019-09-06T17:31:00Z,60.8,60.8,60.8,60.8,1.12
Kraken:LTCEUR,2019-09-06T17:34:00Z,60.75,60.76,60.75,60.76,4.9
Kraken:LTCEUR,2019-09-06T17:37:00Z,60.6,60.6,60.58,60.58,25.481491
Kraken:LTCEUR,2019-09-06T17:39:00Z,60.58,60.58,60.52,60.52,32.74298119
Kraken:LTCEUR,2019-09-06T17:40:00Z,60.38,60.38,59.82,59.82,513.99567018
Kraken:LTCEUR,2019-09-06T17:41:00Z,59.94,60.1,59.94,59.94,270.97768701
Kraken:LTCEUR,2019-09-06T17:42:00Z,60.08,60.1,59.89,59.95,363.90263308
Kraken:LTCEUR,2019-09-06T17:43:00Z,59.87,59.88,59.87,59.88,0.68173014
Kraken:LTCEUR,2019-09-06T17:44:00Z,59.89,59.89,59.83,59.89,29.43521967
Kraken:LTCEUR,2019-09-06T17:45:00Z,59.97,59.97,59.91,59.91,4.50158483
Kraken:LTCEUR,2019-09-06T17:46:00Z,59.85,59.85,59.73,59.78,508.75
Kraken:LTCEUR,2019-09-06T17:47:00Z,59.72,59.72,58.47,58.8,1043.1232652
Kraken:LTCEUR,2019-09-06T17:48:00Z,58.85,59.39,58.85,59.1,718.0112415
Kraken:LTCEUR,2019-09-06T17:49:00Z,59.18,59.47,59.04,59.47,541.21144104
Kraken:LTCEUR,2019-09-06T17:50:00Z,59.52,59.53,59.41,59.47,210.51760144
Kraken:LTCEUR,2019-09-06T17:51:00Z,59.46,59.59,59.42,59.42,10.75808678
Kraken:LTCEUR,2019-09-06T17:52:00Z,59.45,59.53,59.45,59.46,118.27775759
Kraken:LTCEUR,2019-09-06T17:53:00Z,59.37,59.37,59.37,59.37,53.72332
Kraken:LTCEUR,2019-09-06T17:55:00Z,59.44,59.44,59.41,59.41,60.10229575
Kraken:LTCEUR,2019-09-06T17:58:00Z,59.43,59.43,59.43,59.43,8
Kraken:LTCEUR,2019-09-06T17:59:00Z,59.45,59.45,59.36,59.45,1.73760144
Kraken:LTCEUR,2019-09-06T18:00:00Z,59.36,59.36,59.36,59.36,14.6
Kraken:LTCEUR,2019-09-06T18:01:00Z,59.28,59.36,59.28,59.36,7.67536976
Kraken:LTCEUR,2019-09-06T18:02:00Z,59.55,59.55,59.55,59.55,1E+1
Kraken:LTCEUR,2019-09-06T18:06:00Z,59.32,59.32,59.26,59.26,3.18688455
Kraken:LTCEUR,2019-09-06T18:07:00Z,59.2,59.2,59.2,59.2,5.03999
Kraken:LTCEUR,2019-09-06T18:08:00Z,59.22,59.22,59.22,59.22,0.1
Kraken:LTCEUR,2019-09-06T18:09:00Z,59.29,59.29,59.29,59.29,2.136
Kraken:LTCEUR,2019-09-06T18:10:00Z,59.33,59.33,59.19,59.19,2.15985717
Kraken:LTCEUR,2019-09-06T18:14:00Z,59.31,59.32,59.31,59.32,20.6
Kraken:LTCEUR,2019-09-06T18:17:00Z,59.39,59.81,59.32,59.4,2581.611
Kraken:LTCEUR,2019-09-06T18:18:00Z,59.37,59.37,59.36,59.36,48.611
Kraken:LTCEUR,2019-09-06T18:20:00Z,59.31,60.06,59.3,60.06,2714.99806874
Kraken:LTCEUR,2019-09-06T18:21:00Z,59.33,59.33,59.33,59.33,1
Kraken:LTCEUR,2019-09-06T18:22:00Z,59.34,59.37,59.34,59.37,49.49058982
Kraken:LTCEUR,2019-09-06T18:23:00Z,59.42,59.42,59.41,59.41,17.88430551
Kraken:LTCEUR,2019-09-06T18:24:00Z,59.46,59.46,59.46,59.46,18.22374892
Kraken:LTCEUR,2019-09-06T18:25:00Z,59.49,59.53,59.43,59.43,407.33148835
Kraken:LTCEUR,2019-09-06T18:26:00Z,59.43,59.44,59.43,59.44,20.6519999
Kraken:LTCEUR,2019-09-06T18:27:00Z,59.47,59.47,59.47,59.47,29.95252326
Kraken:LTCEUR,2019-09-06T18:30:00Z,59.46,59.46,59.46,59.46,1.51
Kraken:LTCEUR,2019-09-06T18:32:00Z,59.5,59.52,59.49,59.49,59.47612256
Kraken:LTCEUR,2019-09-06T18:35:00Z,59.45,59.45,59.42,59.42,21.86259111
Kraken:LTCEUR,2019-09-06T18:36:00Z,59.45,59.45,59.45,59.45,13.35544659
Kraken:LTCEUR,2019-09-06T18:41:00Z,59.41,59.41,59.41,59.41,6
Kraken:LTCEUR,2019-09-06T18:42:00Z,59.39,59.39,59.39,59.39,0.7286
Kraken:LTCEUR,2019-09-06T18:43:00Z,59.41,59.41,59.41,59.41,7.2714
Kraken:LTCEUR,2019-09-06T18:45:00Z,59.47,59.47,59.38,59.38,59.83625006
Kraken:LTCEUR,2019-09-06T18:46:00Z,59.38,59.87,59.38,59.43,965.6
Kraken:LTCEUR,2019-09-06T18:47:00Z,59.49,59.49,59.46,59.46,16.66334523
Kraken:LTCEUR,2019-09-06T18:48:00Z,59.42,59.42,59.39,59.39,13.76055661
Kraken:LTCEUR,2019-09-06T18:49:00Z,59.43,59.43,59.43,59.43,9.36255709
Kraken:LTCEUR,2019-09-06T18:50:00Z,59.36,59.36,59.32,59.32,30.46150401
Kraken:LTCEUR,2019-09-06T18:51:00Z,59.33,59.42,59.32,59.42,68.2970269
Kraken:LTCEUR,2019-09-06T18:52:00Z,59.36,59.36,59.35,59.35,7.437
Kraken:LTCEUR,2019-09-06T18:53:00Z,59.41,59.46,59.41,59.46,26.97693802
Kraken:LTCEUR,2019-09-06T18:54:00Z,59.5,59.5,59.5,59.5,1
Kraken:LTCEUR,2019-09-06T18:55:00Z,59.4,59.4,59.4,59.4,13.42906044
Kraken:LTCEUR,2019-09-06T18:56:00Z,59.34,59.41,59.3,59.3,212.02708825
Kraken:LTCEUR,2019-09-06T18:57:00Z,59.41,59.41,59.41,59.41,12.95793573
Kraken:LTCEUR,2019-09-06T19:01:00Z,59.35,59.35,59.35,59.35,1.5
Kraken:LTCEUR,2019-09-06T19:06:00Z,59.41,59.41,59.41,59.41,15.16447233
Kraken:LTCEUR,2019-09-06T19:12:00Z,59.44,59.44,59.44,59.44,10.8627
Kraken:LTCEUR,2019-09-06T19:13:00Z,59.45,59.45,59.45,59.45,77.82819458
Kraken:LTCEUR,2019-09-06T19:15:00Z,59.42,59.42,59.42,59.42,1.36280487
Kraken:LTCEUR,2019-09-06T19:19:00Z,59.3,59.3,59.3,59.3,12
Kraken:LTCEUR,2019-09-06T19:22:00Z,59.25,59.25,59.13,59.16,242.83650929
Kraken:LTCEUR,2019-09-06T19:23:00Z,59.14,59.14,59.14,59.14,12.4297596
Kraken:LTCEUR,2019-09-06T19:24:00Z,59.11,59.11,59.1,59.1,17.42683997
Kraken:LTCEUR,2019-09-06T19:26:00Z,59.06,59.06,59.06,59.06,9
Kraken:LTCEUR,2019-09-06T19:27:00Z,59.0,59.05,59.0,59.05,24.283
Kraken:LTCEUR,2019-09-06T19:28:00Z,59.05,59.05,58.99,58.99,50.089
Kraken:LTCEUR,2019-09-06T19:29:00Z,58.92,58.92,58.9,58.9,14.5
Kraken:LTCEUR,2019-09-06T19:30:00Z,58.81,58.88,58.81,58.86,25.39879367
Kraken:LTCEUR,2019-09-06T19:31:00Z,58.71,58.71,58.71,58.71,2.5
Kraken:LTCEUR,2019-09-06T19:33:00Z,58.89,58.89,58.89,58.89,1.517481
Kraken:LTCEUR,2019-09-06T19:36:00Z,59.0,59.02,59.0,59.02,27.41285734
Kraken:LTCEUR,2019-09-06T19:38:00Z,59.07,59.07,59.07,59.07,5.86066166
Kraken:LTCEUR,2019-09-06T19:40:00Z,59.07,59.07,59.04,59.04,1.1E+2
Kraken:LTCEUR,2019-09-06T19:42:00Z,59.0,59.0,59.0,59.0,0.2
Kraken:LTCEUR,2019-09-06T19:44:00Z,59.14,59.14,59.14,59.14,6
Kraken:LTCEUR,2019-09-06T19:45:00Z,59.23,59.23,59.22,59.22,12.96628771
Kraken:LTCEUR,2019-09-06T19:49:00Z,59.3,59.3,59.3,59.3,0.25
Kraken:LTCEUR,2019-09-06T19:52:00Z,59.32,59.32,59.32,59.32,5.44276332
Kraken:LTCEUR,2019-09-06T19:53:00Z,59.26,59.26,59.26,59.26,172.73052647
Kraken:LTCEUR,2019-09-06T19:54:00Z,59.28,59.33,59.28,59.33,4.342938
Kraken:LTCEUR,2019-09-06T19:55:00Z,59.34,59.34,59.34,59.34,0.25758
Kraken:LTCEUR,2019-09-06T19:57:00Z,59.33,59.35,59.33,59.35,0.460452
Kraken:LTCEUR,2019-09-06T19:59:00Z,59.31,59.33,59.31,59.33,21.2794
Kraken:LTCEUR,2019-09-06T20:00:00Z,59.32,59.32,59.32,59.32,25.084
Kraken:LTCEUR,2019-09-06T20:01:00Z,59.22,59.22,59.05,59.05,98.66037656
Kraken:LTCEUR,2019-09-06T20:02:00Z,59.15,59.24,59.15,59.24,154.64066737
Kraken:LTCEUR,2019-09-06T20:03:00Z,59.31,59.33,59.28,59.28,13.88
Kraken:LTCEUR,2019-09-06T20:04:00Z,59.18,59.18,59.17,59.17,23.18066737
Kraken:LTCEUR,2019-09-06T20:05:00Z,59.14,59.14,59.14,59.14,2.344
Kraken:LTCEUR,2019-09-06T20:08:00Z,59.15,59.15,59.15,59.15,16.18066737
Kraken:LTCEUR,2019-09-06T20:12:00Z,59.02,59.02,59.0,59.0,29.1
Kraken:LTCEUR,2019-09-06T20:13:00Z,58.72,58.81,58.42,58.75,1290.38064061
Kraken:LTCEUR,2019-09-06T20:14:00Z,58.79,58.91,58.66,58.77,383.87711702
Kraken:LTCEUR,2019-09-06T20:15:00Z,58.73,58.84,58.73,58.79,53.03432673
Kraken:LTCEUR,2019-09-06T20:16:00Z,58.79,58.89,58.67,58.77,416.70221619
Kraken:LTCEUR,2019-09-06T20:17:00Z,58.68,58.68,58.67,58.67,145.28081903
Kraken:LTCEUR,2019-09-06T20:18:00Z,58.78,58.83,58.78,58.83,60.8475842
Kraken:LTCEUR,2019-09-06T20:19:00Z,58.85,58.85,58.79,58.79,11.57754213
Kraken:LTCEUR,2019-09-06T20:20:00Z,58.78,58.78,58.78,58.78,10.10623854
Kraken:LTCEUR,2019-09-06T20:21:00Z,58.78,58.82,58.78,58.82,50.59390695
Kraken:LTCEUR,2019-09-06T20:22:00Z,58.78,58.83,58.78,58.83,16.06696895
Kraken:LTCEUR,2019-09-06T20:24:00Z,58.78,58.82,58.78,58.82,29.17239877
Kraken:LTCEUR,2019-09-06T20:25:00Z,58.82,58.82,58.78,58.8,23.24737653
Kraken:LTCEUR,2019-09-06T20:28:00Z,58.83,58.83,58.83,58.83,4.987
Kraken:LTCEUR,2019-09-06T20:31:00Z,58.88,58.88,58.88,58.88,0.71062384
Kraken:LTCEUR,2019-09-06T20:34:00Z,58.82,58.82,58.78,58.78,3.2178
Kraken:LTCEUR,2019-09-06T20:38:00Z,58.85,58.85,58.85,58.85,1
Kraken:LTCEUR,2019-09-06T20:40:00Z,58.88,58.88,58.83,58.83,2.40930168
Kraken:LTCEUR,2019-09-06T20:45:00Z,58.9,58.9,58.9,58.9,2.369
Kraken:LTCEUR,2019-09-06T20:47:00Z,58.97,58.97,58.97,58.97,1.98922082
Kraken:LTCEUR,2019-09-06T20:54:00Z,59.06,59.06,59.06,59.06,4
Kraken:LTCEUR,2019-09-06T21:01:00Z,59.04,59.04,59.04,59.04,8.96
Kraken:LTCEUR,2019-09-06T21:02:00Z,58.99,58.99,58.99,58.99,13
Kraken:LTCEUR,2019-09-06T21:03:00Z,59.09,59.09,59.02,59.02,10.5
Kraken:LTCEUR,2019-09-06T21:05:00Z,59.15,59.15,59.15,59.15,1
Kraken:LTCEUR,2019-09-06T21:06:00Z,59.19,59.19,59.19,59.19,8.44737286
Kraken:LTCEUR,2019-09-06T21:10:00Z,59.1,59.1,59.1,59.1,2.68737831
Kraken:LTCEUR,2019-09-06T21:11:00Z,59.1,59.1,59.1,59.1,6.31262169
Kraken:LTCEUR,2019-09-06T21:14:00Z,59.01,59.01,58.91,58.95,101.00073263
Kraken:LTCEUR,2019-09-06T21:15:00Z,58.91,58.91,58.91,58.91,7.18066737
Kraken:LTCEUR,2019-09-06T21:16:00Z,58.85,58.85,58.85,58.85,1.31329
Kraken:LTCEUR,2019-09-06T21:23:00Z,58.98,58.98,58.94,58.94,3.10652688
Kraken:LTCEUR,2019-09-06T21:24:00Z,58.94,58.94,58.94,58.94,8.69587037
Kraken:LTCEUR,2019-09-06T21:27:00Z,59.1,59.1,59.1,59.1,4.0586159
Kraken:LTCEUR,2019-09-06T21:29:00Z,59.11,59.22,59.11,59.22,6.42052705
Kraken:LTCEUR,2019-09-06T21:42:00Z,59.14,59.14,59.14,59.14,8.58783963
Kraken:LTCEUR,2019-09-06T21:45:00Z,59.18,59.18,59.18,59.18,0.594081
Kraken:LTCEUR,2019-09-06T21:49:00Z,59.36,59.36,59.36,59.36,0.38
Kraken:LTCEUR,2019-09-06T21:51:00Z,59.38,59.38,59.38,59.38,5
Kraken:LTCEUR,2019-09-06T21:54:00Z,59.32,59.32,59.32,59.32,0.1
Kraken:LTCEUR,2019-09-06T22:01:00Z,59.3,59.3,59.3,59.3,2.07
Kraken:LTCEUR,2019-09-06T22:02:00Z,59.3,59.3,59.22,59.22,22.8044
Kraken:LTCEUR,2019-09-06T22:04:00Z,59.23,59.23,59.22,59.22,1.73799565
Kraken:LTCEUR,2019-09-06T22:05:00Z,59.22,59.22,59.22,59.22,0.51
Kraken:LTCEUR,2019-09-06T22:07:00Z,59.21,59.21,59.21,59.21,0.5005005
Kraken:LTCEUR,2019-09-06T22:09:00Z,59.13,59.13,59.13,59.13,0.2927
Kraken:LTCEUR,2019-09-06T22:16:00Z,59.09,59.09,59.09,59.09,1
Kraken:LTCEUR,2019-09-06T22:19:00Z,59.09,59.09,59.09,59.09,1.26550565
Kraken:LTCEUR,2019-09-06T22:27:00Z,59.17,59.23,59.17,59.23,6.40428258
Kraken:LTCEUR,2019-09-06T22:33:00Z,59.16,59.16,59.16,59.16,1.005976
Kraken:LTCEUR,2019-09-06T22:38:00Z,59.14,59.14,59.14,59.14,1.27
Kraken:LTCEUR,2019-09-06T22:39:00Z,59.13,59.13,59.13,59.13,0.588
Kraken:LTCEUR,2019-09-06T22:41:00Z,59.14,59.14,59.14,59.14,0.59058336
Kraken:LTCEUR,2019-09-06T22:43:00Z,59.13,59.13,59.13,59.13,0.012
Kraken:LTCEUR,2019-09-06T22:52:00Z,59.08,59.08,59.06,59.06,0.6
Kraken:LTCEUR,2019-09-06T22:54:00Z,59.0,59.0,59.0,59.0,0.99906456
Kraken:LTCEUR,2019-09-06T23:00:00Z,58.95,58.95,58.95,58.95,0.1
Kraken:LTCEUR,2019-09-06T23:01:00Z,58.89,59.02,58.88,59.02,299.87
Kraken:LTCEUR,2019-09-06T23:05:00Z,59.03,59.03,59.03,59.03,1.47582235
Kraken:LTCEUR,2019-09-06T23:06:00Z,58.97,58.97,58.95,58.95,20.5
Kraken:LTCEUR,2019-09-06T23:08:00Z,59.02,59.02,59.01,59.01,6E+1
Kraken:LTCEUR,2019-09-06T23:16:00Z,58.98,58.98,58.98,58.98,21.53750838
Kraken:LTCEUR,2019-09-06T23:23:00Z,58.93,58.93,58.83,58.83,83.89212774
Kraken:LTCEUR,2019-09-06T23:24:00Z,58.83,58.83,58.83,58.83,2.07
Kraken:LTCEUR,2019-09-06T23:25:00Z,58.81,58.81,58.81,58.81,6E+1
Kraken:LTCEUR,2019-09-06T23:29:00Z,58.78,58.78,58.78,58.78,39.07
Kraken:LTCEUR,2019-09-06T23:30:00Z,58.82,58.93,58.78,58.93,74.60484497
Kraken:LTCEUR,2019-09-06T23:41:00Z,59.11,59.12,59.11,59.12,27.51559379
Kraken:LTCEUR,2019-09-06T23:42:00Z,59.09,59.09,59.09,59.09,0.59486864
